customer_id,name,email,phone,address,city,country,segment
1,Reginald Harmon,zkirby@example.net,269.338.0514x5386,120 Peterson Avenue Apt. 069,West Michaelstad,Vanuatu,online
2,Delacruz Ltd,michelledelacruz@example.com,356-552-3221x48944,176 Jason Center Apt. 815,Silvashire,United States Minor Outlying Islands,retail
3,Mr. Matthew Gallagher,jeanette06@example.org,(811)528-7408x11730,45287 Taylor Ports,North Kimberly,Colombia,retail
4,Brown-Thomas,brandon60@example.net,719.812.6048,9818 Nelson Bridge Apt. 865,Stephenburgh,United Kingdom,retail
5,"Richard, Williams and Benton",william48@example.com,8562623005,6150 Dillon Tunnel Apt. 506,Fullerfurt,Jersey,online
6,Sandra Johnson,christina85@example.net,(376)657-8937x939,3729 Janet Islands Apt. 196,New Davidberg,Korea,online
7,Denise Jones,jacob32@example.org,919-902-6623,813 Adrian Plain,North Wendy,Heard Island and McDonald Islands,online
8,Joseph Tate,clarkpaul@example.org,001-228-774-2565x686,05895 Amy Islands,Collierton,United States Minor Outlying Islands,retail
9,Debra Cohen,shawn18@example.net,3777949148,4661 King Motorway,North Adamchester,Uruguay,retail
10,Charles Foster,xherrera@example.com,253-463-7766x59959,4238 Mary Falls,South Roy,Ethiopia,retail
11,Austin-Rodriguez,ydavis@example.org,+1-583-563-5805,513 Erica Flat,Ryanville,Yemen,retail
12,Carla Hunter,tlopez@example.com,001-837-322-3917,225 Wade Pike Suite 313,Heatherfort,Gabon,enterprise
13,Elizabeth Hill,elee@example.org,001-261-875-6577,344 Mark Corners,New Lesliemouth,Germany,retail
14,Tiffany Martinez,wooddavid@example.com,248.840.1617,144 Lewis Gardens Suite 520,Port Michaelville,Falkland Islands (Malvinas),online
15,Ashley Cohen,victoria57@example.org,676.384.0913,109 Tony Ports Suite 714,Cristianshire,Guinea-Bissau,online
16,Scott Pearson,amanda38@example.com,368.207.2966,88168 Moreno Walks Suite 230,South Sarahport,Saint Kitts and Nevis,online
17,Gerald Young,grayaaron@example.com,001-219-490-8187x330,632 White Ford Suite 369,Brianborough,Cameroon,online
18,Zamora-Rivera,greenjesus@example.org,622-765-4930x53973,59964 Robert Roads,Hollowaytown,New Zealand,online
19,"Mann, Moore and Scott",hayneschristopher@example.net,001-731-864-1199x136,025 Mcclure Extensions Suite 006,New Karen,Morocco,online
20,Jackson PLC,james79@example.net,489.459.4589,74752 Dean Mount Suite 655,East Zacharyhaven,Peru,retail
21,"Cook, Graham and Herrera",bhenry@example.com,001-770-531-0122x133,14483 Roberts Trail Suite 749,New Roger,Mali,retail
22,Bethany Hernandez,jason93@example.com,001-235-821-5173x466,471 Alvarez Islands,Snowtown,Mayotte,retail
23,Angela Owen,martinpamela@example.net,(539)455-1216,85414 Selena Lodge,Lake Dean,Samoa,retail
24,Wilson LLC,james71@example.com,+1-204-351-9678x7788,591 Gregory Plain,Jacobburgh,Romania,retail
25,Lee-Kelly,robert03@example.org,001-469-531-0571x973,4552 Rasmussen Points,Kimburgh,Norfolk Island,retail
26,Christopher Lewis,rmitchell@example.net,309.799.8689,8679 Hudson Rest,Lake Alicia,Botswana,retail
27,"Martinez, Kline and Carroll",hnelson@example.org,719.300.2415,8637 Mathew Flats Apt. 702,Ortizchester,Macao,retail
28,Taylor Wood,jason16@example.org,506-851-4947,431 Matthew Mill Suite 103,Lake Kendramouth,Greenland,enterprise
29,Williams-Knapp,amy97@example.net,658.643.4231,12586 Roger Row Apt. 981,Lake Josephshire,Tunisia,enterprise
30,"Chandler, Montgomery and Wilson",yateskevin@example.org,805-508-5013x4742,1226 Chavez Island Suite 392,Matthewfurt,American Samoa,enterprise
31,Alexander Best,ocampbell@example.com,(853)496-8527,188 Gabriel Inlet,Priceview,Turks and Caicos Islands,retail
32,Kimberly Jacobs,asmith@example.net,001-779-509-6351x591,70253 Victor Mountains,New Paulport,Ukraine,online
33,Mcdonald Group,andrea25@example.org,517.420.1533x300,9647 Hendricks Cliff Apt. 311,Christopherchester,Macao,enterprise
34,Victoria Christensen,eric66@example.org,654-330-9903,56536 Crawford Fords,Torresborough,Greenland,wholesale
35,Elizabeth Jackson,jasonkeith@example.net,548.652.9799,7758 Yolanda Forges Suite 219,Smithfurt,French Polynesia,online
36,Donna Thomas,morrisblake@example.com,978-230-7501x632,491 Garcia Brook,Davidfurt,Cook Islands,online
37,Carol Cantu,lopezmorgan@example.com,+1-954-436-7687x9674,863 Patricia Corners Apt. 332,Gilbertside,Saint Pierre and Miquelon,retail
38,"Avery, Cain and Gallegos",jacksonstephanie@example.net,319.696.1494x9185,6160 Amy Prairie Suite 260,Robertsonburgh,Tajikistan,online
39,Judy Edwards,xjones@example.org,001-209-766-1592x932,9030 Justin Summit,Doyleland,Belgium,online
40,John Johnson,rebeccamarks@example.net,(295)512-9207x223,8233 Jones Square,East Courtneyshire,Luxembourg,retail
41,"Harrison, Pope and Weaver",cguzman@example.net,867.882.3608x422,44486 Stevens Flat Apt. 620,Roseport,Philippines,retail
42,"Fields, Pacheco and Mendez",matthewsjacqueline@example.org,6295811300,141 Kari Club,Garzabury,Uganda,retail
43,George Smith,rmullins@example.net,604-643-2719x29802,1693 Lamb Groves,New Joycemouth,Tonga,online
44,Mary Patterson,johngarcia@example.com,4574410376,594 Jennifer Crossroad Suite 838,Christopherchester,Djibouti,wholesale
45,Benjamin Lindsey MD,jennifer68@example.com,713.329.0102x9158,581 Margaret Center,West Patrickberg,Comoros,online
46,"Wood, Wu and Schultz",ghicks@example.net,8145081235,7660 Shawn Locks,South Allison,North Macedonia,retail
47,"Hill, Mcdonald and Wise",imullen@example.org,+1-938-534-7705x104,802 Shelly Forge,Lake Christianport,Taiwan,retail
48,Collins Inc,joann04@example.com,269-278-9425x9634,768 John Lake,North Jonathanstad,Benin,wholesale
49,Gonzalez Inc,anthonyparsons@example.com,870-661-6684,098 Martinez Inlet,New Danielfurt,Montserrat,enterprise
50,Courtney Campbell,brian57@example.org,377-821-3963x6209,494 Thomas Squares,Port James,Uganda,retail
51,Brown Inc,hhenderson@example.com,772.618.5893,7057 Margaret Unions,Port Robert,Iceland,retail
52,Terry Ramirez,ystewart@example.com,215.771.1120x701,9679 Linda Lodge,West Jennifer,Guadeloupe,online
53,Jason Bailey,jacobwiggins@example.net,+1-684-580-8618x6830,29978 Robinson Views Apt. 013,New Amy,Sweden,retail
54,Adam Smith,tracyli@example.com,(484)790-1405x650,709 Cheryl Ridge Apt. 279,West Peterfurt,Netherlands,retail
55,Pamela Lozano,kaylafisher@example.com,383.962.6961x63677,2969 Mahoney Turnpike Apt. 691,Melissaside,Norfolk Island,retail
56,Buckley-Stephens,powersjoseph@example.net,(945)727-7050,56244 Amy Union Suite 789,Michelleville,Czech Republic,online
57,Mora and Sons,rbrown@example.net,642-501-3498,140 Myers Inlet,Patelborough,South Africa,retail
58,Tammy Lopez,ealvarado@example.org,608.890.3454,21095 Mullen Loaf Suite 177,North Kimberly,Latvia,enterprise
59,Berry Inc,randy61@example.com,8994511035,6210 Douglas Burg Suite 795,Andrewton,Serbia,online
60,Benjamin Simmons,cfrazier@example.com,001-472-575-6220x217,3701 Dawn Station,Parktown,Western Sahara,retail
61,Lopez-Powers,elijahdennis@example.net,+1-832-837-7567x794,24148 Moore Run Apt. 775,Oneillport,Jordan,online
62,Megan Gonzales,preston45@example.org,001-792-342-7934x682,2287 Mark Corners Suite 786,West Victoria,Bangladesh,retail
63,Steven Ortega,aturner@example.org,001-471-903-1887,606 Kim Station Suite 205,Lake Lorimouth,Latvia,wholesale
64,Powell-Thomas,sullivanjose@example.com,418-965-1531x21413,686 French Route,Samuelchester,Sri Lanka,retail
65,Ashley Smith,ashley96@example.com,4156522641,5295 Hoffman Underpass Apt. 516,East Adam,Suriname,retail
66,Stephen Moran,lewischristopher@example.org,6219498008,5773 Parks Forge Apt. 823,East Davidland,Mexico,retail
67,Perry PLC,cindy35@example.net,608.746.9873x29758,71370 Jordan Hills Suite 984,Annetown,Netherlands,wholesale
68,Timothy Johnson,tanner30@example.com,(964)465-8899,4631 Jessica Spur Suite 209,South Kevin,Ecuador,retail
69,"Wilcox, Chapman and Davis",thomasbenjamin@example.org,812-785-1368x40541,70087 Alvarez Club,Port Brandonburgh,Cayman Islands,online
70,Johnson-Allen,shicks@example.org,(367)248-4643,33854 Sean Mews,Youngstad,Mexico,online
71,Angela Henderson,kathleen99@example.com,+1-722-743-1212,923 Thomas Crest,Danielmouth,Lao People's Democratic Republic,retail
72,Joanna Brown,tdecker@example.net,001-324-745-4759x711,731 David Estate Suite 459,Mercadoshire,Yemen,retail
73,Kelsey Watson,jeanneaguirre@example.net,5354858726,0271 Paul Ferry Apt. 023,Olsenhaven,Zimbabwe,retail
74,Burns Group,xpeck@example.net,+1-849-670-6959x9019,356 Jacob Isle,East Charlesland,Tokelau,wholesale
75,Victoria Ruiz,yubilly@example.org,(520)753-2208,89804 Reyes Vista Suite 101,Theodoreside,Cocos (Keeling) Islands,retail
76,Samantha Prince,mackrebecca@example.org,001-706-965-0688,27316 John Keys Apt. 245,South Lynnborough,Brunei Darussalam,retail
77,Mueller-Bean,eric41@example.net,(394)656-4686x67646,840 Adam Village,Port Heidiborough,Senegal,retail
78,Jermaine Nelson,smiththomas@example.net,(832)425-8337,34501 Hill Mountains,Sullivanmouth,Mauritania,wholesale
79,Mrs. Amanda Pearson MD,carmen18@example.com,(347)693-9334,69631 Cordova Key,Ericaton,Pakistan,online
80,Jacqueline Barton,smurphy@example.org,683-682-3708,8501 Crystal Corners Apt. 854,New Shelleyburgh,Nicaragua,online
81,Jamie Ramirez,shawn17@example.com,837.201.0653,9712 Lane Common Apt. 826,Lake Deborah,Lao People's Democratic Republic,online
82,Raymond Acosta,hamiltonandrew@example.org,469.360.9566x11828,5864 Michael Valleys,North Brenda,Gibraltar,online
83,Melissa Gonzalez DVM,waltervargas@example.net,586-617-5686,496 Contreras Extension Apt. 069,West Kim,Marshall Islands,online
84,Brown and Sons,amanda87@example.com,(534)349-1088x5348,2778 Keith Parks,East Shelby,Macao,retail
85,Ann Bates,roachtravis@example.net,510-834-0207,4574 Thomas Ridges,New Josephhaven,Albania,wholesale
86,Alyssa Smith,perezbrian@example.net,+1-421-348-9040x1139,819 Steven Overpass Apt. 443,Pageport,Gibraltar,enterprise
87,Nicholas Harmon,ronald91@example.com,001-383-636-5974x709,192 Michelle Turnpike Apt. 382,Baileyville,Montenegro,online
88,"Reid, Maxwell and Gray",taylorrichard@example.net,+1-891-769-9277x086,8659 Ramos Island Suite 767,Lake Elizabeth,Sri Lanka,online
89,"Smith, Barrera and Flores",mwarren@example.net,001-937-833-9347x412,0738 Green Lodge Apt. 521,Cooleyborough,Burkina Faso,retail
90,Aaron Cook,lbecker@example.org,+1-288-502-2955x7693,079 Marissa Spring Apt. 623,West Joycebury,Sierra Leone,retail
91,Blake Serrano,patricia70@example.net,+1-648-767-1172,43650 Garcia Divide Suite 724,New Catherineburgh,Monaco,online
92,Brown-Zamora,douglasgarcia@example.com,(470)219-1871x71045,89802 Christian Cove Suite 050,West Paul,Trinidad and Tobago,retail
93,Wells LLC,maystimothy@example.net,714-765-5451x233,4915 Sullivan Burg,South James,Malaysia,retail
94,Katrina Cook,griffinkelly@example.org,825-801-9165x36470,778 Lynn Fords Suite 145,West Stacy,Falkland Islands (Malvinas),enterprise
95,Hill-Silva,jason09@example.org,+1-843-751-8406x3929,27100 Montgomery Prairie,Port Geraldview,Sao Tome and Principe,retail
96,Deborah Kennedy,quinnann@example.net,(405)509-1633,59328 Ward Summit Apt. 192,Tiffanyville,Burundi,wholesale
97,"Kent, Lewis and Stephenson",pthompson@example.net,983-392-4516,6196 Travis Valleys Apt. 172,East Jeremy,Romania,retail
98,Danielle Clark,christopherbrooks@example.com,(928)972-4504x09414,8289 Chris Run,West Justin,Mexico,retail
99,Anne Lee,carlasmith@example.net,(547)832-2322x42637,54145 Sarah Tunnel,Pughside,Fiji,retail
100,Carr-Ramirez,fcampbell@example.com,(443)744-1057x94065,93244 Bates Throughway,West Jessica,British Indian Ocean Territory (Chagos Archipelago),retail
101,"Wood, Ellison and Molina",zwebb@example.com,828.415.7066x2501,43771 Salazar Heights,Martinhaven,El Salvador,online
102,Jordan LLC,sarasavage@example.net,+1-230-456-8208x0820,92521 Deborah Unions,Katrinaborough,North Macedonia,wholesale
103,Katherine Miller,blairtracy@example.net,(499)402-5100,825 Armstrong Turnpike Apt. 594,East Ryan,Antigua and Barbuda,retail
104,Christopher Williams,foleytaylor@example.net,2038781715,46088 Underwood Estates Apt. 851,Christopherburgh,Burundi,online
105,"Butler, Reyes and Williams",slevy@example.net,911-571-5903x648,59012 Guzman Meadow Suite 834,Lake Derek,Mongolia,online
106,"Alexander, Morse and Simmons",tjones@example.net,(695)999-5719,07191 Jesse Field Apt. 635,North Colleen,Latvia,online
107,Adam Morgan,watsonamanda@example.net,+1-266-831-4387,54211 Carr Ranch,New Earlfurt,Greece,online
108,"Rogers, Alvarez and Hall",jhenderson@example.org,331-337-4001x980,3822 Monroe Freeway,South Michael,Estonia,online
109,"Edwards, Wade and Franklin",maytony@example.net,+1-555-617-9154x3698,489 Anthony Haven Suite 080,North Stephaniechester,Namibia,online
110,Joshua Morrison,jacobmata@example.org,567-292-6640,0599 Diana Meadows Suite 081,South Sethton,Morocco,retail
111,James Garcia,catherine08@example.com,737-849-4558x39318,549 Jonathan Mountain Apt. 268,North Taylorside,Tunisia,retail
112,Michele Powers MD,georgebill@example.org,7787176232,91277 Garcia Lake,New Anthonyhaven,Tokelau,online
113,Dennis Mcdonald,brownmolly@example.org,(697)965-7125x445,96149 Tara Cliff Suite 090,Kevinport,Georgia,enterprise
114,Jackson-Paul,duane16@example.com,889.873.9076,2442 Tammy Garden Apt. 579,Smithstad,Slovenia,retail
115,Garcia and Sons,miguel07@example.com,+1-236-335-0968,71662 Melissa Rest,West Henry,Italy,online
116,Zachary Rubio,michelecooper@example.net,932-261-3542,823 Debbie Vista,Lake Courtney,Azerbaijan,retail
117,Scott Sutton,hillwhitney@example.net,(874)607-1853x3115,6287 Lee Coves,Amybury,Dominica,retail
118,Chris Cooper,hking@example.com,001-216-963-9303x221,82155 Baker Valleys,East Stacystad,Bolivia,enterprise
119,Joshua Estes,kellybond@example.org,491.794.4557x6696,7117 Kara Cape,West Theresa,Portugal,retail
120,"Adams, Chen and Donaldson",oscar92@example.org,3028242237,3335 Lisa Road Suite 211,West Dennisburgh,Kenya,retail
121,Roberson PLC,jessicafisher@example.com,(242)601-1731x01091,05204 Clayton Mall Suite 510,New Meagan,Guinea-Bissau,online
122,Mark Taylor,margaretbullock@example.net,+1-902-853-2448x880,7765 Lewis Knoll Apt. 891,Rodneyland,Chad,online
123,Peterson-Young,tgreen@example.net,416-408-4781,44944 Mccormick Shores,Amandahaven,Guinea,wholesale
124,Osborne-Moody,kevin51@example.net,221-957-2991x426,39143 Scott Turnpike,Elizabethville,Western Sahara,retail
125,Lewis PLC,marcus52@example.com,001-991-237-2067x730,934 Hansen Estates,Lake Timothyborough,Mongolia,wholesale
126,Anita Hopkins,anamoore@example.net,001-618-735-0739,50681 Davis Corners Suite 627,Randallchester,Central African Republic,wholesale
127,Todd Molina,emilyhutchinson@example.org,938-714-4565x1499,014 Cruz Forest,New Jose,Greece,enterprise
128,Aaron Martinez,donaldsolomon@example.net,584.281.3120x59308,220 Jennifer Inlet,Port Vincentchester,United States Virgin Islands,retail
129,Williams-Lindsey,mharrell@example.net,+1-228-226-6740,3549 Lopez Shores Suite 901,North Jeff,Grenada,retail
130,Christopher Walker,ryangreen@example.com,001-637-206-7564,148 Isaiah Cliffs,Reneemouth,Zambia,retail
131,"Snyder, Smith and Callahan",luke32@example.org,(585)855-0269x4505,2288 Harrington Ports,New Edward,Saint Lucia,wholesale
132,"Faulkner, Simon and Joseph",hwagner@example.org,506-252-8544,36141 Calderon Fort Suite 072,Barrberg,Ukraine,retail
133,William Tanner,brian94@example.org,799.339.7788x104,054 Nicole Hill Suite 840,Danielport,Luxembourg,enterprise
134,Michael Villarreal,kfreeman@example.com,556-999-2291,168 Craig Inlet,Bradfordbury,Denmark,wholesale
135,Melissa Arias,thomas91@example.com,959-928-4276,65374 Moss Track Suite 856,Lake Scott,Honduras,online
136,Barry Lucero,davisrichard@example.net,(995)424-1716x874,3432 Miller Crossing Apt. 028,Lake David,Ethiopia,online
137,"Mejia, Nelson and Brown",figueroabrandon@example.org,+1-674-474-8157x9619,021 Jonathan Unions,West Melissa,Lesotho,enterprise
138,Hicks Inc,lwilliams@example.com,457.843.6425x42470,546 Graham Road,Port Aaron,Singapore,retail
139,Armstrong and Sons,kristenayala@example.net,687-708-6334,750 Ashley Shoal,Lake Jameshaven,Saint Helena,retail
140,Scott Mason,angelaramirez@example.org,983.262.6849x414,7515 Paula Roads Apt. 606,New Kaylaberg,Egypt,retail
141,"Thomas, Rubio and Smith",brookeherrera@example.com,+1-478-424-6553x0922,88169 Jamie Island,Port Tasha,China,retail
142,Perez Group,jeremiahgreen@example.com,660-483-8814,32284 Webster Locks,New Brandymouth,Belgium,retail
143,Anna Hicks,dwaynemoon@example.org,637.652.1455,27004 Pham Trail Suite 225,Gonzalezborough,Liechtenstein,retail
144,Renee Holland,kristakim@example.com,920.906.0830,6758 Perkins Mills,Friedmanmouth,Lao People's Democratic Republic,retail
145,Gary Walker,victorcordova@example.org,(638)994-0569,92781 Julia Cape Suite 962,Ambershire,South Georgia and the South Sandwich Islands,retail
146,Moore-Baker,karenmurphy@example.org,737.720.1701x175,7473 Rodriguez Manor Suite 444,Port Jennaville,Reunion,retail
147,John Kemp DDS,younglisa@example.com,001-792-730-0833x418,93038 James Land,Jamiebury,Kazakhstan,enterprise
148,Rodriguez Ltd,laura04@example.net,481.998.7599x73229,928 Nicole Squares,Clarkshire,Bhutan,retail
149,Barnes Inc,stephanie78@example.com,603.881.6919,76986 Nelson Harbor Apt. 185,North Danielview,Paraguay,retail
150,Wesley Morris,vperez@example.org,408.972.5842x30227,15272 Cesar Crest Suite 341,Reyesbury,Mauritius,wholesale
151,Jeffrey Diaz,canderson@example.com,898-746-0534,0968 Jordan Rue Suite 987,South Heatherfurt,Solomon Islands,online
152,Krystal Hines,ywalton@example.org,339-408-1100x07783,74198 Shelton Causeway Apt. 225,Lake Zacharyborough,Djibouti,retail
153,"Hernandez, Wells and Sawyer",morgan45@example.net,347-927-8792x4477,66867 Martinez Avenue Suite 137,Lynchside,Trinidad and Tobago,online
154,James Short,loganle@example.org,4873879091,26358 Michael Neck,North Geraldfurt,Chile,wholesale
155,Nicole Fitzgerald,jamesbarnes@example.net,443-272-8284x0125,3209 Amber Parkway,East Kellyfurt,Palestinian Territory,wholesale
156,Robert Owens,anthonymata@example.com,(394)509-9375,8481 Doyle Cove Suite 799,New Kellymouth,Bangladesh,online
157,Smith Ltd,victoria65@example.org,251.394.0568x45934,5287 Martin Way,Thomasmouth,Australia,online
158,Gabrielle Wright,batesolivia@example.org,725.444.9550x3079,6772 Christine Mills Suite 839,South Luisland,Ireland,online
159,Jennifer White,thowell@example.org,+1-690-273-7229x176,1454 Johnson Stravenue,New Christopher,Western Sahara,wholesale
160,Reyes-Smith,julie48@example.com,249-422-8356,351 Elizabeth Trail,Nataliehaven,North Macedonia,retail
161,Marc Frost,belljon@example.org,804.335.1759x3172,456 Sandra Club,Seanshire,Indonesia,retail
162,Jennifer Williams,vward@example.net,837-799-7881x66809,98887 Schneider Squares,Leeburgh,Belize,online
163,"Chavez, Hicks and Morris",steven77@example.org,(508)455-8834x8564,541 Jessica Islands Suite 527,Williamsland,Venezuela,retail
164,Velasquez-Galloway,peterbarron@example.net,001-481-280-5279,546 Lisa Manors,Sarahchester,Armenia,retail
165,Jennifer Parker,michelleallen@example.com,683-788-3331x49325,206 Graham Fords,Vincentmouth,United States Virgin Islands,enterprise
166,Johnson Inc,hernandezamanda@example.org,9002326661,4991 Dudley Divide Suite 765,East Michelleport,Vietnam,enterprise
167,Gomez Inc,deanmcdowell@example.org,(835)837-5927x197,2429 Jason Burg,Port Elizabethfort,Turkmenistan,retail
168,Wilson Group,kyle08@example.org,486-549-1750x7831,53497 Thompson Villages,Mitchelltown,Taiwan,online
169,"Walker, Bailey and Evans",uramirez@example.net,(268)498-2397x32786,963 Richardson Knolls Apt. 121,West Sandrashire,Saint Barthelemy,retail
170,Anderson-Lee,barbara30@example.org,001-396-654-9705x944,10203 Smith Mission Apt. 360,Sherriland,Cambodia,enterprise
171,Abigail Mitchell,wfranklin@example.org,400-784-8654,686 Ian River Apt. 544,South Christopherstad,Tokelau,retail
172,Mr. Charles Robinson PhD,cwebster@example.com,5647872358,5204 Webb Canyon,Adrianatown,Poland,retail
173,Joel Wright,michaellewis@example.org,543.683.2622x506,3230 Jordan Loop,Rogerstad,Vanuatu,online
174,Wright Inc,jodi18@example.com,001-520-539-7101x044,0980 Lori Canyon,Terryton,Saint Lucia,online
175,Wiley-Powell,elizabeth65@example.com,842.625.2776x85755,92775 Christopher Fords Apt. 526,Collinsview,Burundi,retail
176,Carrie Coleman,austinpatricia@example.org,481.249.8714,577 Dean Crest,West Brent,Namibia,retail
177,Michelle Lewis,karenvang@example.com,753-437-3477x63065,5469 Michael Route Suite 303,Mullinsmouth,Marshall Islands,retail
178,Maureen Rhodes,dana29@example.net,001-736-887-6190x750,55510 Galvan Valley,New Adrianafurt,Turks and Caicos Islands,retail
179,Justin Franklin,freemanjessica@example.com,(397)701-2683,42060 Fowler Cliff Apt. 697,Bishopmouth,Ethiopia,online
180,Christian Sullivan,jessicarowe@example.net,471-790-2327x1073,9212 Lisa Valley Apt. 489,West Robertview,Zimbabwe,online
181,Sheri Ramos PhD,mclaughlindebbie@example.com,(531)718-6701x9878,544 Harvey Coves,East Teresaberg,Guinea-Bissau,retail
182,April Galvan,glee@example.org,(405)640-7647x186,8131 Rich Fort,Angelatown,Slovakia (Slovak Republic),enterprise
183,Priscilla Cardenas,qduran@example.net,(884)258-4022x277,80667 Matthew Mission,Port Jessica,Svalbard & Jan Mayen Islands,retail
184,Devin Oneal,josephbrianna@example.com,674.521.0830x634,08425 Hutchinson Key Suite 237,West Jason,Eritrea,wholesale
185,Martinez-Collins,gmeyer@example.net,+1-832-225-3502x2774,84713 Eaton Junction,Hobbsfort,Saint Lucia,online
186,Clarence Miller,tiffanysolomon@example.org,001-640-723-4203x387,0021 Alvarado Loop,New James,Honduras,retail
187,Margaret Lopez,william94@example.net,699-778-5134,29677 Travis Island Suite 283,New Deborahhaven,Palestinian Territory,retail
188,Travis Ross,lisalopez@example.net,4916154168,0549 Chad Spring Suite 065,Vanessafurt,Guinea,retail
189,Tanya Coleman,theresa07@example.com,451.538.3456,9565 Matthew Place,East Janet,Turks and Caicos Islands,retail
190,Linda Huerta,vmorales@example.net,(376)656-1249x83344,9693 Nathan Expressway Apt. 493,Sosamouth,Northern Mariana Islands,online
191,"Moore, Williams and Michael",hodgeschristopher@example.com,001-486-274-4786x873,81169 King Crescent Apt. 697,New Jennifermouth,Poland,online
192,Grace Cortez,badams@example.com,001-941-691-9994x985,1422 Collins Hill,Christopherburgh,Syrian Arab Republic,online
193,Erin Kirby,debrajohnson@example.org,3352743189,9246 Mary Crest,New Courtney,Eritrea,online
194,"Hudson, Barber and Sosa",zsantana@example.org,950-281-0866,295 George Forest Suite 406,Edwardhaven,Cayman Islands,retail
195,Laura Mason,nross@example.net,486-548-4121,605 Katherine Canyon Suite 272,West Donald,Faroe Islands,retail
196,James Inc,meghandowns@example.net,905.271.6298x4754,646 Joseph Ports,Wyatthaven,Trinidad and Tobago,retail
197,Sullivan-Williams,gdrake@example.com,+1-667-978-9532,93036 Nancy Ports Apt. 260,Port Amber,Vanuatu,enterprise
198,"Sanders, Rodriguez and Watson",ykoch@example.com,(936)383-7803,86588 Stephen Lodge Apt. 204,Morganmouth,Honduras,enterprise
199,Daniel Cruz,peterhester@example.net,+1-913-492-2230x4210,8793 Sharp Throughway,East Jessemouth,Sierra Leone,online
200,Laura Huynh,jodysoto@example.net,001-259-301-2929x929,70457 Reeves Shore,Brandonfort,Romania,online
201,Angela Schmitt,cassandraryan@example.org,(296)249-3826x83138,83367 Sheryl Lodge,West Jenniferton,Finland,online
202,"Gutierrez, Obrien and Mcclure",qmiller@example.net,481-581-1069x94292,978 Reeves Pike,Lake Debra,Armenia,retail
203,Amanda Frazier,sellerstimothy@example.org,(627)647-8301,88344 Hernandez Gateway,Carterview,Netherlands Antilles,enterprise
204,Davis-Crawford,ana77@example.org,(339)728-3109,91043 Hammond Squares Apt. 341,Lake Julieberg,Thailand,online
205,Angel Lawson,dharris@example.com,001-326-984-4187x768,872 Martinez Ways Apt. 429,Richardsonside,Niue,enterprise
206,Brandon Church,bryan08@example.net,(359)923-0651,251 Clay Underpass Apt. 049,Davidstad,Falkland Islands (Malvinas),retail
207,Jacqueline Williams,dawn95@example.net,270-942-0473,2632 Monica Pike Suite 413,Lake James,Micronesia,online
208,Hensley Ltd,browntimothy@example.com,7022335823,74157 Patricia Walks Apt. 286,West Codyville,Georgia,retail
209,Douglas Stokes,brenda18@example.net,(545)557-4643,0305 Vincent Lake,Joeltown,Timor-Leste,retail
210,Christian Tapia,grosscandace@example.net,591-894-3733x312,6850 Patricia Branch Apt. 538,Karlashire,Turkey,enterprise
211,Cole LLC,lewisjack@example.net,465-218-3591x461,407 Joshua Avenue,Underwoodland,Spain,retail
212,"Fisher, Brown and Fitzgerald",kimberlydickerson@example.com,749.596.3215,753 Troy Islands,Port Tracey,Sweden,retail
213,Garcia-Lopez,jonathanjohnson@example.net,+1-200-225-9375x8183,87408 Watson Rue,Mcgrathhaven,Saint Helena,online
214,Suzanne Reed,zimmermanernest@example.com,621-949-2884x1634,927 Salazar Villages Apt. 920,Miguelland,Syrian Arab Republic,online
215,Julie Tyler,michelle33@example.org,934-694-8159x8826,37314 Douglas Brooks Apt. 008,Port Gloriatown,Cyprus,retail
216,Jones Ltd,alexander55@example.net,286.721.6348x443,4755 Laura Drive,New Dustin,North Macedonia,wholesale
217,"Davis, Long and Hall",ldelgado@example.com,+1-688-407-3271x4635,8638 Thompson Fords Apt. 383,Port David,Bahamas,retail
218,Cynthia Keith,srasmussen@example.org,(765)258-5924,31081 Holland Stravenue,Port Markland,El Salvador,online
219,Kelly Thompson,tonyschroeder@example.com,001-309-594-4718,0621 Montes Court,East Michael,Kazakhstan,wholesale
220,Danielle Brown,marc63@example.com,+1-481-441-5771x8074,665 Amanda Lakes,Lake Jonathonshire,Afghanistan,retail
221,Saunders Group,logan74@example.com,(659)592-5076x33736,71214 Sanchez Parks Apt. 095,Port Andrew,Chile,online
222,"Leblanc, Long and Hernandez",williamsrichard@example.net,374-874-4936x67352,340 Rhonda Parkways,Ballardtown,Niger,online
223,Melissa Harris,zramirez@example.net,653.495.6215,67188 Sarah Street Suite 013,Jonesland,Isle of Man,online
224,Cody Thomas,cbanks@example.com,001-641-744-7720,76979 Heather Dam,Rossview,Ecuador,online
225,Barrett-Williams,cwalker@example.com,001-982-533-8917,3921 William Motorway Apt. 626,Kimmouth,Saint Vincent and the Grenadines,retail
226,Mcfarland LLC,tlewis@example.com,850.309.4794x79293,2908 Berry Curve Suite 863,Oconnorfort,Korea,online
227,James Hall,david36@example.org,3755504084,901 Stephen Drive,North Lisa,Uganda,wholesale
228,Harper-Galloway,lphelps@example.net,286.418.2561x66402,22446 Miller Square,Nguyenfort,Qatar,online
229,Jennifer Haney,fkelly@example.org,338-483-3923x8409,176 Johnston Lakes Suite 742,Clarkmouth,Montenegro,retail
230,Bean-Shelton,ujohnson@example.com,920.692.6465x296,89166 Tracy Station Apt. 001,Carrollfort,Iran,retail
231,Amber White,johnsonsamantha@example.net,001-464-223-8223x552,24562 Dylan Brooks Apt. 540,Danielborough,Montenegro,online
232,Gregory Murphy,connor65@example.com,001-498-936-4950x926,720 Jennifer Courts Suite 306,West Joelburgh,Malawi,retail
233,Pugh-Ray,shawn99@example.org,(299)981-8923x71044,136 Coleman Ridges,South Jenniferhaven,Lao People's Democratic Republic,wholesale
234,Ryan-Johnson,thomasleah@example.com,+1-605-438-7518x953,039 Dennis Turnpike Suite 338,Port Anthonyland,Equatorial Guinea,online
235,Martin Ltd,pdaniel@example.net,841-404-2320x0865,48781 Kenneth Expressway,North Rachelmouth,Oman,online
236,Ethan Hurst,garystewart@example.net,+1-341-956-1731x2432,7617 Williams Islands,Lake Benjamin,Seychelles,enterprise
237,Kelly Nelson,nmoore@example.com,8695754132,150 David Parkways,North Brittany,Cameroon,online
238,Christine Marshall,elizabeth03@example.net,660.772.9430x62873,95197 Amanda Isle,Amyfort,Nigeria,online
239,Wilson Inc,thomascoleman@example.net,001-748-776-5612x806,10953 Raymond Creek,Patrickfurt,Latvia,enterprise
240,"Cohen, Austin and Webster",josephwilson@example.org,+1-628-981-0423x852,5450 Morris Plains Suite 980,Berryport,Dominican Republic,retail
241,"Alvarez, Rice and Choi",christy84@example.com,6602269095,219 Jacob Alley Suite 773,New Stephaniehaven,Turkmenistan,retail
242,Alejandro Booker,jamieashley@example.com,305.429.7925x384,132 Robinson Gateway Apt. 588,Kayleetown,Gabon,online
243,Henderson Group,gregory12@example.net,415-644-4850,101 Collier Course Apt. 713,Washingtonshire,Tanzania,online
244,Hall-Shepard,shelby46@example.org,637.220.4032x404,17856 Rachel Throughway,Jamesland,Falkland Islands (Malvinas),online
245,Andrew Moore,kingchristopher@example.org,868.566.7756x46983,09481 Romero Knoll,North Nicole,United Arab Emirates,retail
246,"Carlson, Watts and Kennedy",joneskevin@example.org,670.827.3924x67831,50882 Donald Greens Apt. 969,Yorkport,Saint Barthelemy,retail
247,Byrd-Henry,johnmoore@example.net,001-829-621-3324x061,56927 Livingston Burg Suite 695,South Christopher,Togo,online
248,Anna Hill,courtneyboyd@example.org,(958)602-5621,0440 Thomas Coves Suite 265,Mooreland,Trinidad and Tobago,retail
249,Jared Sanchez,gonzaleskevin@example.com,(805)831-3978x3747,7724 Patricia Extension,Hicksland,Christmas Island,online
250,"Vasquez, Gutierrez and Calhoun",andersonjill@example.org,(312)649-9877x99948,8127 Morales Course,West Robinside,Jamaica,online
251,Thomas PLC,rgordon@example.net,806-524-7165,1205 Rodriguez Turnpike Apt. 807,Gilmoreport,Kyrgyz Republic,enterprise
252,Smith-Fisher,bduarte@example.net,(533)362-7065,8956 Sharon Islands,Michellestad,Pakistan,retail
253,William Collins,jrobinson@example.com,+1-852-840-5004x510,58809 Carroll Row Suite 398,West Virginiahaven,Egypt,online
254,James Burns,danieljenkins@example.net,(860)728-9281x4989,917 Stephanie Lakes Suite 836,Lake Kimberlymouth,Dominican Republic,enterprise
255,Walker Group,xgill@example.com,693-747-4303x4267,1155 Hart Club Suite 096,Emilystad,Kazakhstan,retail
256,Atkinson-Butler,ruizamy@example.net,+1-961-947-3074x802,3019 Weber Ways,Randallstad,South Africa,retail
257,Edgar Watson,ledwards@example.net,+1-584-238-6844,414 Owens Ports Suite 573,West Cynthiamouth,Morocco,online
258,Day-Moreno,sarah13@example.net,8236276391,97687 Richardson Lodge Suite 718,Lake Sarahstad,Denmark,enterprise
259,Jeffrey Duke,wbarton@example.org,275-463-4406,91626 Oliver Manor,Martinmouth,Solomon Islands,online
260,"Flowers, Whitney and Lewis",nicolasclark@example.com,319.468.2436,67897 Robert Crest,Tammyshire,Benin,enterprise
261,Ramsey-Harrison,joneschristine@example.net,294.954.1646,0066 Mcintyre Plaza,Rebeccaton,Antigua and Barbuda,enterprise
262,John Valdez,zferguson@example.com,+1-622-322-0065x977,2018 Jason Heights Apt. 068,Charlesburgh,Bangladesh,wholesale
263,Ramirez Ltd,ebutler@example.net,8819796211,30465 Tina Locks,Cassandraside,Afghanistan,retail
264,"Craig, Bowen and Russell",rhoward@example.org,366.222.2086,30509 Greer Rapids,Toddborough,Uganda,wholesale
265,Andrea Adams,toddtracey@example.net,(647)640-7943,75666 Mariah Rapid Suite 213,East Brandy,Cocos (Keeling) Islands,retail
266,Smith-Stark,fpatrick@example.org,001-732-316-5808x726,388 Sarah Circle,West Matthewhaven,Benin,online
267,Julie Lopez,burkejohn@example.com,(901)585-9052,87656 Livingston Ferry,Danielhaven,Iceland,enterprise
268,Melissa Yu,david19@example.com,001-692-622-4924,661 Berry Fall,East Brian,Nauru,retail
269,Haynes-Ramirez,mjones@example.net,+1-325-359-1432,45605 William Centers Apt. 861,Casetown,Malta,enterprise
270,Gonzalez and Sons,scott32@example.com,(705)470-3659,0727 Carolyn Squares Suite 699,Port Chadmouth,Cambodia,retail
271,Crystal Williams,yramsey@example.com,367-227-0224,2108 Alexander Ford,North Kathryn,Uruguay,online
272,Torres and Sons,hoodjohn@example.com,253-911-8923,39729 Velasquez Pines,Spearsland,Cote d'Ivoire,retail
273,Turner and Sons,glambert@example.org,001-990-707-7964x277,3991 Rose Islands,Stacybury,British Virgin Islands,retail
274,Burton-Green,lindsey19@example.com,742-733-4402x588,88921 Davis Alley,Hillmouth,Ecuador,retail
275,Russell Hartman,zmitchell@example.net,7875254777,768 Miguel Curve,Thomasland,Sri Lanka,retail
276,Smith Ltd,mcguireedward@example.net,897.644.6931x68151,907 Cynthia Harbors,Darrenfurt,France,online
277,Allen Inc,bneal@example.org,+1-901-374-8425x246,64739 Kaylee Neck,Jamesside,Palau,online
278,"Harris, Swanson and Stuart",elizabeth51@example.org,531.469.5432,9355 Robert Parks Apt. 777,Port Brian,Denmark,retail
279,Chase-Shaw,donald16@example.net,+1-265-564-5539x284,6964 Benson Ville Suite 066,Edwardborough,Central African Republic,online
280,Sanders and Sons,oneillstacy@example.org,518-272-1398,05657 Elizabeth Plain,Estradachester,Saint Martin,retail
281,Roberto Jones,hensonjohn@example.net,001-664-906-9580x518,50318 Matthews Village Suite 163,East Tonya,Germany,retail
282,Thomas Walker,robertpetersen@example.net,3233521792,913 Lisa Islands,North Ericland,New Zealand,online
283,Martin Miller,omurillo@example.net,(705)662-3309x47976,6458 Cheryl Green,Francofort,Cote d'Ivoire,wholesale
284,Adam Walker,nelsoncory@example.net,(623)242-5301x2819,12952 Tony Stravenue,New Troyport,Bolivia,enterprise
285,Jason Butler,shannonsnyder@example.net,737-637-5143x535,222 Ellis Lodge Suite 009,Parkershire,Afghanistan,retail
286,Lucas Group,obriennathaniel@example.org,(814)718-5940x048,84695 Santiago Ranch Suite 697,Wardchester,United States Minor Outlying Islands,wholesale
287,Martin LLC,williamschristopher@example.net,622-490-4015x07629,21722 Brittany Forges,Granttown,Maldives,retail
288,Sean Miller,steven87@example.org,813-372-3073x5713,4978 Clark Way Suite 258,Mirandamouth,Gibraltar,wholesale
289,"Montgomery, Peterson and Edwards",montesjohn@example.org,238-872-4308x8486,144 Michael Valley Apt. 969,East Kimberly,Greenland,wholesale
290,Berry-Williams,stephanie08@example.net,7632958454,296 Allen Cape Suite 768,New Angelafurt,Mexico,online
291,Amy Davis,joshuaduarte@example.org,555.547.0142x950,368 Kevin Drives Apt. 104,Kennethshire,Mali,retail
292,Sandra Maxwell,paul65@example.org,893-209-6663x4916,577 Melissa Ports Apt. 455,Jamesburgh,Sri Lanka,retail
293,Kyle Sims,charlesmoore@example.org,001-208-211-0387x738,789 Michele Spurs Suite 870,Atkinschester,Malawi,retail
294,"Evans, Gonzalez and Gonzalez",hamiltonantonio@example.net,238.312.7249,54393 Bennett Road Suite 738,Johnmouth,Suriname,retail
295,Cassandra Richardson,davisrobin@example.org,+1-258-349-6200x3230,8601 Perez Knoll,Hannahstad,Guinea,retail
296,Mark Davis,ycharles@example.org,326-362-4436x7704,002 English River,East Sarashire,Lesotho,online
297,Yolanda Watkins,xadams@example.org,753.817.7910x5372,3373 Lee Inlet Apt. 900,North Garyburgh,Angola,retail
298,Joann Bennett,priceraymond@example.org,(695)678-7441x128,72742 Tina Road,Brianport,Tokelau,retail
299,"Cummings, Sweeney and Powers",ryanrodriguez@example.org,+1-468-949-8991x2638,45509 Allen Track Apt. 309,Williamshaven,Central African Republic,wholesale
300,Randall-Lozano,kara70@example.com,+1-673-844-4634x647,131 Alexis Tunnel Suite 221,West Nicoleshire,Guinea,online
301,"Jones, Gonzalez and Salinas",gcruz@example.net,+1-723-423-5113,4945 Smith Common,Moralesville,Azerbaijan,online
302,Martha Rivas MD,atkinsonjacob@example.net,641-742-3757,1733 Carlos Junction Suite 876,Shaneland,Syrian Arab Republic,online
303,Angel Myers,matthew17@example.org,+1-964-321-3601,2229 Rivera Courts Suite 516,Lauraville,Mexico,wholesale
304,Casey LLC,johnsonmark@example.org,909.842.0796x19909,913 Daniel Parks Apt. 878,West Sethview,Puerto Rico,retail
305,"Martinez, Abbott and Jones",ryan09@example.net,(467)788-5168x20385,401 Gould Heights Apt. 506,Christopherside,Micronesia,retail
306,Miller Ltd,ijoyce@example.com,848.808.5149,7169 Roberts Dam Apt. 134,Lake Paul,Congo,wholesale
307,"Maxwell, Reyes and Montgomery",odavis@example.net,+1-495-670-0168x4512,38789 Bradley Plain,West Jessicafurt,Yemen,retail
308,Kenneth Baxter,joanhenderson@example.net,(325)295-3762,27272 Ryan Mountain Suite 490,Sharonfort,Croatia,wholesale
309,Franklin Allen,nicholas08@example.net,830.968.2948x17049,427 Renee Cliff,Velezborough,Korea,online
310,"Mills, Ayers and Johnson",kthomas@example.net,001-988-282-3979x708,2424 Wright Cape,New Ashley,Sudan,retail
311,Steven Barajas,qdelgado@example.org,5923542709,034 Anthony Motorway,West Mackenzieside,Norway,online
312,Tara Francis,michael82@example.com,+1-659-886-8581x9748,8223 Krystal Locks Suite 250,Rickmouth,Bermuda,online
313,"Graves, Washington and Taylor",lisa88@example.com,3668124501,24181 Hannah Center,Sandersville,Angola,online
314,Bishop-Durham,rileywhite@example.com,+1-347-620-2063,92443 Brenda Summit,Adamstad,South Georgia and the South Sandwich Islands,wholesale
315,Michaela Mitchell,tmcgee@example.com,(947)227-3188,44620 Scott Heights Suite 719,Lake Samuelfort,Cook Islands,online
316,Sarah Jones,stephaniegarcia@example.org,281.536.6492x907,427 Melissa Forges,Douglasfort,Azerbaijan,online
317,Elizabeth Contreras,davidanderson@example.net,316.640.0489x524,456 Russell Locks,New Timothy,Suriname,retail
318,Pittman and Sons,cruzjohn@example.com,(899)679-4975x675,676 Walls Unions Suite 913,Jacquelineville,India,retail
319,"Moses, Blankenship and Lewis",kimberly21@example.com,001-245-232-4421x461,835 Mary Isle Apt. 983,Diazport,Iran,enterprise
320,Morris Ltd,herrerajeremy@example.com,(339)279-0057x834,5095 Diane Forest,Josephstad,Bouvet Island (Bouvetoya),online
321,Vanessa Johnson,gregory20@example.net,+1-785-495-0312x1559,97166 Morris Unions Apt. 601,North Debbietown,Costa Rica,online
322,Meagan Hernandez,james36@example.org,349-317-9216x5148,6872 Wilson Park,South Alexis,British Virgin Islands,online
323,Ronnie Dyer,bob35@example.com,+1-499-667-3131x2131,6662 Susan Square,Dudleyland,Grenada,online
324,Tiffany Scott,ssmith@example.com,001-512-505-8498x447,07481 Melissa Field Suite 333,Kerrview,Bahrain,online
325,Jonathan Nunez,yalvarado@example.com,+1-825-354-8386,58790 Smith Valleys,North Jacqueline,Nepal,enterprise
326,Mr. David Vega,paul36@example.com,(973)713-9628x6338,0112 Justin Vista Suite 939,New Jordan,United Arab Emirates,online
327,Ms. Nichole Hernandez,macknicole@example.com,001-296-804-0287x447,133 Porter Estate Apt. 442,West Kim,Iraq,retail
328,"Collins, Todd and Wright",elizabethvelasquez@example.net,(606)926-3823x9192,5456 Michelle Shore Apt. 868,Wardburgh,Lebanon,online
329,"Wiley, Howe and Wilson",catherinegutierrez@example.com,682-377-1959x1199,4477 Beth Crest,Michelleton,Saint Martin,wholesale
330,Salinas Group,hawkinstammy@example.org,+1-996-317-2588x2844,5591 Sara Way,Darrellville,North Macedonia,enterprise
331,Orr-Walton,lisa56@example.net,001-536-951-8370x470,250 Hartman Ferry,Lake Stephanietown,Vanuatu,online
332,Victoria Robertson,teresaho@example.net,+1-779-951-9624x5240,59199 Rowe Knolls,Port Gavin,Cape Verde,retail
333,Olson-Johnson,crystal84@example.com,+1-955-442-2054,98967 John Lakes,South Anthony,Norfolk Island,retail
334,Brianna Williams,alexandercharlene@example.net,(357)763-2951x662,748 Harris Haven Suite 030,South Phillip,Zimbabwe,online
335,Contreras-Brown,dsims@example.org,+1-775-484-0531x8865,876 Sean Mountain,Oliviaton,Algeria,wholesale
336,Ann Farmer,lindahayes@example.org,(217)919-9497x450,4407 Danielle Springs,Jeremyport,Italy,retail
337,Ryan Murphy,ian40@example.org,582.701.5811x308,16951 Lara Drive,West Mark,Sierra Leone,wholesale
338,Krista Henderson,vglover@example.org,866.670.8060x6050,1183 Andrea Harbor,Port Heidiville,Palestinian Territory,online
339,Amanda Oliver,james89@example.org,331-373-2461x55224,1481 Robert Plaza,Port Lynn,Heard Island and McDonald Islands,enterprise
340,"Robinson, Shah and Thompson",amandaatkinson@example.net,+1-696-988-5606x9456,319 Vasquez Shores,Riveraville,Cocos (Keeling) Islands,retail
341,Wheeler LLC,lori94@example.net,607.284.5784,07714 Holloway Spur,Lake Yolandaberg,Moldova,online
342,Benjamin Jones,seanconley@example.org,2813898137,47084 Wolfe Glen,Lesliebury,Singapore,online
343,Bailey Group,christopherwilcox@example.net,495-811-0945,216 Kelly Hills Suite 200,New Zoeside,San Marino,retail
344,"Dickson, Ruiz and Fisher",parkerstephen@example.com,(322)685-5693,4881 Jennifer Park,East Steven,Tokelau,retail
345,Garza PLC,youngsusan@example.com,511.502.5375,515 Connie Ports Suite 007,Sandrachester,Trinidad and Tobago,retail
346,Perez Group,garciatanya@example.org,907-260-5955,53776 Mendoza Gateway Apt. 549,Reyesfort,Slovenia,wholesale
347,Mark Lewis,ncombs@example.net,8578121662,3428 Desiree Greens,South Amber,Saint Vincent and the Grenadines,retail
348,Roberts-Colon,hosborn@example.net,489-393-2191x33044,534 Butler Ways Suite 044,Jacksontown,Togo,retail
349,Cohen-Todd,wendy16@example.org,566-541-7000,047 Yates Crescent Apt. 066,West Monicahaven,Anguilla,enterprise
350,"Saunders, Barnes and Buckley",jenniferestrada@example.org,+1-770-588-8072x4207,772 Nicholas Rapid,Hamptonfurt,Venezuela,retail
351,Manuel Wu,fbeltran@example.net,800-985-8549x14651,27195 Richard Orchard,New Robertton,Papua New Guinea,retail
352,Wagner-Hodge,btaylor@example.org,001-864-585-4713x325,130 Kevin Garden Suite 256,Lake Masonbury,Albania,online
353,Tiffany Walls,kschwartz@example.com,3467610106,1893 Audrey Plains,Nguyenchester,Hungary,online
354,Evans Inc,trananna@example.net,(403)874-3612x514,912 Brown Via,North Eric,South Africa,online
355,"Weber, Tyler and Lewis",cclark@example.net,(703)828-9795x7377,108 Wood Bypass Suite 259,Julieborough,Lithuania,wholesale
356,Edwin Miller,shelleymichael@example.net,755-322-5549x422,36325 Rice Meadows Apt. 333,North Michael,Bolivia,online
357,Rodriguez Inc,travismcmahon@example.net,(379)208-2135x22111,087 Nicole Ford,New Deniseland,Comoros,online
358,"Jacobs, Mccoy and Lawson",bshort@example.org,3826896818,58628 Nicole Land,West Tiffanyhaven,Singapore,retail
359,Dr. Kevin Mason,frussell@example.net,7248464423,409 Gina Mountains Apt. 290,Solomonview,Cameroon,online
360,Margaret Spencer,davissteven@example.net,001-883-763-9159,8140 Mary Plain Suite 545,South Shawn,Svalbard & Jan Mayen Islands,retail
361,Carrie Butler,jorgefleming@example.org,611.275.9661x44665,1070 Wilson Glens Apt. 223,Patriciashire,Israel,online
362,Gregory Cook,glenn95@example.org,+1-344-336-0488x486,5757 Mills Curve Suite 369,Lake Barryhaven,Mozambique,retail
363,Hahn-Crane,walkermichael@example.net,001-907-274-6743x340,5013 James Trail Suite 317,Lake Tommy,France,retail
364,Dominguez-Davis,jimmy40@example.org,(210)915-8526x3231,7884 Thomas Bypass Suite 420,North Aprilfurt,Tunisia,wholesale
365,Harrison Group,juliawilliams@example.net,+1-314-497-7418,51319 Fox Streets Apt. 763,Jasonview,Jersey,wholesale
366,Nicholas Patel,wwalsh@example.org,947-537-4571x47274,980 Jones Gateway,South Scott,Bosnia and Herzegovina,online
367,Ramsey LLC,joseph23@example.com,799.877.0414,64323 Elliott Bypass,Allenhaven,Kuwait,online
368,Gerald Green,benjamin04@example.org,909-897-9885,96667 Lynn Port,South Sandra,Peru,wholesale
369,Miguel Parrish,mperkins@example.org,001-397-289-2079x833,62408 Christopher Isle,Lake Tammy,Honduras,retail
370,Karen Golden,robert32@example.org,+1-750-754-6788x4880,4200 Amanda Port Apt. 343,Glennville,French Polynesia,retail
371,Diane Lowe,mccormickjohn@example.net,824.792.8840x969,85375 Gregory Drive Apt. 721,Lauraside,North Macedonia,retail
372,Aaron Rocha,josephpearson@example.org,(613)237-8006,2938 Nguyen Canyon Suite 932,North Haleyhaven,Burkina Faso,retail
373,Solis LLC,erin91@example.org,6613085570,4064 Nicholas Coves,New Derekburgh,France,retail
374,Michael Martin,bryan02@example.org,(732)313-9928,73502 Cory Grove Apt. 610,New Mackenzieshire,Guadeloupe,online
375,Tracey Smith,tshaw@example.net,(381)943-5194,6301 Daniel Harbor,Lake Daniel,Jordan,retail
376,Key-Miller,daniel04@example.net,+1-282-206-4562,273 Wang Drive,New Stanley,Holy See (Vatican City State),retail
377,"Warner, Williams and Lutz",nicholas67@example.net,001-516-271-2794x401,725 John Summit Apt. 497,South Elizabethtown,Indonesia,retail
378,Delacruz-Hicks,kcarey@example.org,4228854040,6845 Craig Underpass,Goodmanberg,Chad,retail
379,Deborah Wilson,russellkelly@example.net,001-998-327-8147x056,91269 Lee Gardens Apt. 453,New Kenneth,Cote d'Ivoire,retail
380,Brenda Guzman,jasonwilliams@example.net,(708)252-0564,4058 Kim Street,Christianfort,San Marino,online
381,Paula Townsend,kingnancy@example.net,+1-549-320-9545x5491,9494 Blankenship Ferry,East Claire,Montserrat,online
382,Stefanie Fritz,eric96@example.net,904.895.5094,63882 Alexander Stravenue Suite 925,East Danielhaven,Nauru,retail
383,James-Sanchez,nixonryan@example.com,(256)336-3004x335,4075 Higgins Port Suite 146,Brightmouth,Niger,wholesale
384,Christie Shelton,xburnett@example.com,641.261.6566x576,36558 Wilson Crescent Apt. 069,Stevensfurt,Netherlands Antilles,retail
385,Tracy Campbell,ohickman@example.com,936-692-8515x6283,4173 Holly Mall Apt. 107,Woodston,Heard Island and McDonald Islands,wholesale
386,Zachary Johnson,sarah16@example.net,001-954-898-0618x464,576 Patterson Villages,East Melissaborough,Panama,enterprise
387,Bianca Deleon,fwhite@example.org,+1-221-873-6656x673,2772 Robert Station,Jenkinsview,Kuwait,retail
388,Jenkins-Schwartz,afuller@example.com,6227612349,44917 Nelson Stravenue Apt. 614,North Bethmouth,Uruguay,retail
389,Hunt-Jones,jameslittle@example.org,203.731.5667x0533,838 Brown Port,Norrisport,Niger,retail
390,"Diaz, Figueroa and Miller",kirbyalexander@example.net,001-275-686-3804,61661 Lauren Locks Apt. 548,Jameschester,Benin,wholesale
391,Roberts PLC,robertsonsamantha@example.com,+1-574-998-7584x0249,89927 Matthew Haven,Ginamouth,Solomon Islands,online
392,"Koch, Williamson and Peterson",mmeadows@example.net,7199952614,5663 Lewis Knolls,East Zacharyland,Isle of Man,enterprise
393,Lisa Graham,mcphersonjohn@example.org,+1-256-283-6957,0343 Wanda Meadow,New Gregory,Saint Lucia,retail
394,Caleb Allen,johnbenjamin@example.org,001-420-957-4921x386,870 Tonya Land,Collinsmouth,Turkmenistan,retail
395,Macdonald Ltd,ruizdanielle@example.net,8709096089,3593 Cox Shoal Suite 161,Natashachester,Costa Rica,retail
396,Jason Rosario,christensenemily@example.org,+1-923-512-3036x7268,169 James Burgs,Lake Julie,Brunei Darussalam,wholesale
397,Jordan Bishop,hillkelly@example.net,911-768-8392x11436,34667 Randolph Locks Apt. 930,Lake Tracyfort,American Samoa,online
398,Tina Norton,melanie43@example.net,+1-450-588-2570x4455,887 Jackson Causeway Suite 380,Kimberlymouth,Tajikistan,retail
399,"Luna, Mcgee and Lawrence",adamwilson@example.com,7808753939,0042 Williams Passage Apt. 965,Jillhaven,Turkey,wholesale
400,"Zamora, Evans and Gonzalez",kimberlypalmer@example.org,001-953-263-4716x780,445 Brenda Land Apt. 491,Amyside,Kiribati,wholesale
401,Christopher Curtis,connorjoseph@example.com,976.386.9461x84165,78741 Mark Loop Apt. 262,Rodneyton,Cocos (Keeling) Islands,wholesale
402,Solomon-Navarro,adaniels@example.com,857.286.6673,11245 Miller Harbor,Carrhaven,Togo,retail
403,Melissa Garcia,carl96@example.net,427.562.8908,05960 James Spurs Apt. 473,South Kristin,Cocos (Keeling) Islands,wholesale
404,Michael Campos,susan11@example.com,(359)369-7185,777 Patrick Crescent Suite 938,New Lauraberg,Pakistan,online
405,Dixon-Foster,davisjulie@example.org,001-228-534-4026,889 Campbell Route Apt. 540,Kimberlyside,French Guiana,retail
406,Elizabeth Juarez,sandra28@example.com,(675)767-5386x6881,241 Julia Flats,Harrisburgh,Indonesia,retail
407,Franco-Meyer,kyle89@example.org,001-320-784-2735x991,864 Dawson Views Apt. 961,North Kristine,Germany,wholesale
408,Kayla Johnson,andrewsnicholas@example.com,(452)412-2562x44376,6545 Keith Route,Pattonton,Uzbekistan,retail
409,Anthony Williams,knightrobin@example.com,001-557-953-8825x784,71856 Hailey Stravenue,Wilkinsonside,Belgium,online
410,"Freeman, Murphy and Robles",wardbrittany@example.org,762.939.3784x08719,6210 Maria Green,Mannland,Solomon Islands,online
411,Williams-Rios,zblack@example.net,8035708614,27423 Flynn Parkways,South Tricia,Jamaica,online
412,Ashley Dillon,thomas12@example.com,+1-205-362-9266x9236,2148 Kim Burgs,Lake Brittany,India,enterprise
413,Ashley Pierce MD,iwatts@example.com,559.913.5826,8882 Rivera River Apt. 987,Lake Jayshire,British Indian Ocean Territory (Chagos Archipelago),wholesale
414,Gonzalez and Sons,dawnwalker@example.org,001-675-241-3870x554,475 Lee Hill Apt. 369,Port Thomasburgh,Saint Kitts and Nevis,retail
415,Silva-Rush,emily07@example.org,787.689.6753x6004,9427 Hall Forest Suite 326,Jamesberg,Equatorial Guinea,retail
416,Travis Cummings,martinerik@example.net,714-536-9200x91258,029 Pruitt Pass Suite 389,Johnsonchester,Panama,retail
417,Daniel Hensley,angela67@example.net,(363)276-9246,993 Amy Brooks Suite 479,Valeriemouth,Argentina,wholesale
418,"Murphy, Garcia and Richards",ortizbruce@example.com,(727)506-1050x09171,81774 Angela Point Suite 797,Dianeland,Slovenia,retail
419,"Wilson, Mclaughlin and Roberts",fisherjason@example.org,001-998-628-8367x009,868 Kayla Spur,Crossfort,Vanuatu,online
420,Yvonne Payne,cynthiajennings@example.org,+1-275-257-8616x5841,20646 Andrew Run,Freemanhaven,Dominican Republic,online
421,Leslie Torres,cummingsanthony@example.net,001-229-563-8026x492,1226 Day Pine,Lake Kristenmouth,China,retail
422,"Brewer, Cooper and Schmidt",ayoung@example.net,823-205-3252,18123 Timothy Pine,Port Charlesberg,Chad,online
423,Mario Francis,ibell@example.org,2102745205,97158 William Landing,North Teresaland,Taiwan,retail
424,Michael Rodriguez,jessicacooper@example.org,928-275-0826,097 Angela Mill,West Cassiebury,Lithuania,online
425,Amanda Wood,david68@example.net,575-661-0958,9127 Liu Mall,West Sandra,Lebanon,retail
426,"Paul, Gomez and Hubbard",shellyguerrero@example.com,250.791.7835x6364,811 Bell Mountains Apt. 707,Wardchester,Ukraine,wholesale
427,Victoria Murray,rosalesjenna@example.org,5428030735,159 Herrera Branch,Galvanside,Hungary,retail
428,Jessica Smith,john75@example.com,6746814443,926 Thompson Trail Apt. 951,Lake Madisonside,Turkmenistan,wholesale
429,Thomas Marks,stacy55@example.org,001-792-877-7713,0013 Darren View,Masonland,Spain,retail
430,Barrett-Floyd,ashleyallen@example.net,2778258400,509 Ortiz Lights,Smithtown,Israel,retail
431,"Johnson, Brock and White",joyce28@example.net,001-497-637-8407x041,1772 Sierra Port,Juarezton,Montenegro,retail
432,Danny Pittman,wilsonbrittany@example.com,786-247-0485,13744 Martinez Key,Howardborough,Swaziland,enterprise
433,Morris Ltd,smithjonathan@example.net,282.468.2012,2620 Hopkins Springs,Jenningsshire,Haiti,online
434,Edwards-Ford,ydyer@example.com,(750)906-9736,231 Rodriguez Branch Apt. 783,East Markmouth,Barbados,retail
435,Garza and Sons,hcoleman@example.com,(358)481-8837x60617,0758 Berry Ridge Apt. 782,Adamston,Slovenia,retail
436,Nelson Ltd,kurt40@example.org,885.859.9108x77175,7903 Amber Trace,East Bruce,Lao People's Democratic Republic,enterprise
437,Spencer Ltd,hsmith@example.org,(399)528-9722x4976,776 Colin Cove Apt. 986,West Michael,Belgium,enterprise
438,Nicole Rodriguez,kelseyrogers@example.org,610.268.4666x565,91037 Aguilar Mission Apt. 645,Simpsonland,Cayman Islands,online
439,Elizabeth Tran,treynolds@example.org,257-421-3191x39683,767 Guy Brook,Patrickland,Sierra Leone,online
440,Lewis LLC,lijennifer@example.org,(968)694-9492x78367,3245 Wilson Ports Suite 549,Fernandezfort,Cayman Islands,wholesale
441,Amanda Jones,racheldavis@example.com,471-569-9444,24700 Jackson Springs Suite 547,East Brandonmouth,Djibouti,wholesale
442,Andrew Williams,josephsanchez@example.net,+1-577-367-5329x998,599 Michael Pines Suite 194,West Robert,French Polynesia,wholesale
443,Jones PLC,randalljessica@example.com,300.261.6938x473,70721 Johnson Crossroad Apt. 616,West Brandon,Finland,online
444,Jordan Murphy,camposthomas@example.org,300-617-5504x9357,77015 James Wells,Harperberg,Panama,retail
445,Pittman and Sons,odonnellmadison@example.net,+1-611-587-4007x4326,76035 Wells Dam,Joshuaberg,France,online
446,Hodge and Sons,emitchell@example.org,733.834.3260x32227,5834 Powers Cliffs,Robinsonhaven,Spain,enterprise
447,Simon PLC,higginsautumn@example.org,424-512-9635x9752,93974 Lisa View,New Jerry,Kenya,retail
448,Sandra Hill,matthew94@example.com,542-597-3726x832,337 Watson Spurs Suite 378,Christopherborough,United Arab Emirates,enterprise
449,Terry Price,danielheath@example.com,956-396-7570x571,183 Kristina Fork Apt. 562,Matthewville,Costa Rica,wholesale
450,Elizabeth Hodges,mannjohn@example.com,213-373-2022,82260 Ryan Roads Suite 630,Smithchester,Sri Lanka,retail
451,Kimberly Lang,bedwards@example.net,292-499-5911,383 Smith Port Apt. 275,East Christine,Iceland,retail
452,Charles-Garner,moniqueguerrero@example.org,001-313-306-5332x396,4115 Virginia Lights Suite 465,East Christy,Singapore,online
453,Linda Hoffman,drichards@example.net,2042703226,391 Heather Grove Suite 310,Jasonhaven,Marshall Islands,retail
454,"Burke, Garcia and Martin",collinsnatalie@example.com,(282)936-1601,893 Casey Vista,North Connorstad,Saudi Arabia,retail
455,Jason Williams,tmorton@example.net,204.620.9776x6310,19422 Patrick Summit Apt. 271,Pamelafort,Singapore,retail
456,Schneider LLC,olsonnicholas@example.org,632.575.0944,4936 Lauren Cliffs,Millerhaven,Lebanon,wholesale
457,"Reyes, Fitzgerald and House",stevenhernandez@example.net,575-384-8363x91701,95788 Glen Spring,East Erica,Timor-Leste,wholesale
458,Brandy Hill,dianeperez@example.com,001-822-864-1014x423,7606 Cynthia Drive Suite 174,West Gerald,Antarctica (the territory South of 60 deg S),enterprise
459,Young-Williamson,helenbradley@example.org,001-916-696-4668x026,17661 Juan Unions Suite 859,Grayport,Slovenia,retail
460,Tamara Richardson,whitestephanie@example.com,546.694.8254x576,8200 James Shore Suite 835,Lake Joyce,Mali,retail
461,Carl Baker,fryrobert@example.com,852.917.0572,830 Dustin Summit Apt. 304,East Brandon,Somalia,wholesale
462,Cunningham-Smith,walshdavid@example.org,(732)238-8409x955,71810 Gonzalez Ranch Suite 448,South Paulfurt,Faroe Islands,online
463,Taylor-Salazar,ortegatheresa@example.net,(651)465-1265x47370,1523 Gonzales Unions,Salinastown,Albania,retail
464,"Peterson, Gaines and Brown",lindagarrett@example.com,538.812.3543,2037 Brown Route,Lake Tylermouth,Egypt,enterprise
465,Mccullough Group,allenryan@example.net,+1-776-507-9046x6005,949 Tiffany Grove,Lake Debraland,Haiti,online
466,Lopez PLC,jlynch@example.org,(222)855-5741x94508,36340 Jenna Light Apt. 693,East Sarahborough,Egypt,retail
467,Frank Hogan,adamsjeffrey@example.org,001-364-744-5816x494,868 Mark Ridge,West Robertport,Pakistan,online
468,Mccoy Ltd,ashley79@example.net,8602812570,982 Joseph Plaza,Jonesfort,Austria,enterprise
469,Lee Cabrera Jr.,rowedonna@example.org,697-897-6470,65612 Graham Dale,Robertshire,Guatemala,online
470,Jacob Henderson,warrensoto@example.org,(714)322-8474x6978,8194 Danielle Grove,Hallmouth,Poland,retail
471,Cardenas Ltd,sarahcole@example.org,+1-717-614-1121x290,362 Mccoy Trafficway,North Kim,Portugal,wholesale
472,Jessica Owens,ballernest@example.com,(519)338-5222,2311 Brennan Inlet,Rothshire,Puerto Rico,retail
473,Shelby Smith,christianatkins@example.org,4606539543,129 Amanda Square Suite 310,Carterland,Estonia,enterprise
474,Perry-Campbell,arobinson@example.net,(501)488-7069,0116 Megan Brooks,Port Robertton,Vietnam,wholesale
475,Christopher Stone,oware@example.net,+1-207-772-1889x0665,5340 Lauren Mews Suite 161,Taylormouth,Kenya,online
476,Leslie Knight,jonathon31@example.net,+1-761-418-6981x4218,04492 Rebecca Grove,Salinasside,Nigeria,online
477,Brian Short,wilsonnathan@example.org,001-701-709-2073x786,95572 James Cliff Apt. 865,South Paulfort,Philippines,enterprise
478,"Pineda, Valdez and Hall",fhernandez@example.org,(390)263-5931x215,991 Colleen Radial,Lake Lisa,Mali,online
479,Michael Davis,nicoleodonnell@example.org,971.709.1204x593,84535 Hensley Plains Apt. 966,Port James,Suriname,retail
480,"Williams, Lee and Wallace",xgonzalez@example.net,(570)581-5180x778,261 Schwartz Station Suite 645,Shanebury,Bangladesh,retail
481,Taylor Esparza,mfriedman@example.net,742.775.7148x912,165 Kimberly Viaduct,Bradleyview,Korea,online
482,Michael Le,andrea66@example.net,292-472-5452x8324,89122 Lee Mill,Lake Victoriaton,Botswana,retail
483,Stephen Wright,darren29@example.org,3944017749,49511 Brittany Meadow,Johnsonburgh,Tuvalu,online
484,Angel Gutierrez,lauragriffith@example.net,+1-977-562-9746,721 Bridges Extensions,Lake Brendaberg,Liberia,retail
485,Klein Inc,pyang@example.com,(942)587-3457x6358,13549 Lawrence Light,Hillchester,South Africa,wholesale
486,Danny Harris,marksnathaniel@example.com,236-682-3329,84674 Theodore Heights Apt. 187,Garciafort,Vanuatu,wholesale
487,Fernandez LLC,floresholly@example.org,571.415.2750x7361,0632 James Extensions,Lake Meganshire,Sri Lanka,wholesale
488,Taylor Miller,mccormickjason@example.com,966.819.6719,162 James Court Suite 168,South Elizabeth,Haiti,retail
489,Williams-Wallace,veronicabartlett@example.org,912.515.1970x962,7349 Angela Green,South Tracy,Israel,online
490,Summers PLC,albert48@example.com,+1-312-606-1268x7370,877 Rebecca Spurs Suite 892,Petersville,Saint Lucia,online
491,Linda Hall,garzapaige@example.net,001-336-386-4215,610 Jennifer Pines,South Tony,Honduras,retail
492,Lee-Knight,tiffanypatterson@example.net,+1-373-626-4266x7730,52794 Justin Mount,Lake Judyfurt,Cambodia,retail
493,"Washington, Graham and Castillo",aimee05@example.com,413-610-6660x297,35609 Charles Green Apt. 681,South Courtneyshire,Syrian Arab Republic,retail
494,Parks-Woodward,rmonroe@example.org,(923)675-0543x22602,240 Santana Path Apt. 759,Jenniferhaven,Liberia,retail
495,Salinas and Sons,ruizlaura@example.org,001-956-740-0674x158,0874 Leslie Walk,Vanessatown,Korea,wholesale
496,Jason Torres MD,michellearmstrong@example.org,681-796-4240x4365,160 Danielle Station,East Ronald,Greenland,wholesale
497,Vasquez-Carlson,roberttaylor@example.org,817-381-4808x965,9211 Loretta Light Suite 574,East Rebeccahaven,Lebanon,online
498,Mr. Derek Mcintosh,ryanannette@example.net,839-404-0808,5714 Steven Radial,North Caitlin,Saint Lucia,online
499,Amy Rogers,jermaine53@example.net,(841)726-6620,0902 Pope Cliff Apt. 112,North Michaelberg,Slovenia,online
500,Shannon Rogers,jennifer77@example.net,941-804-5288,688 Linda Wall Apt. 495,South Anthony,Romania,wholesale
501,Natalie Benjamin,jessica64@example.org,372.681.1223,863 Henderson Bypass Apt. 955,Samanthamouth,Saudi Arabia,online
502,"Khan, Mooney and Chen",zmurphy@example.org,(257)300-5628x44329,0962 Annette Islands,Davisfurt,Bermuda,retail
503,Alejandra Mack,tylerburton@example.net,+1-721-920-9698x6007,5562 Barbara Haven,Perrychester,Tanzania,online
504,"Brown, Campbell and Rogers",christine09@example.com,798-809-5990,26625 Brian Court,Melissatown,Malawi,retail
505,Cynthia Smith,joshuawebb@example.com,(396)288-7064x10809,299 Simpson Fall Suite 855,West Meganmouth,Argentina,retail
506,William Mcguire,gonzalesnicole@example.net,5036570583,74750 Clark Point Suite 399,New Raymond,Costa Rica,enterprise
507,Marissa Sexton,johnathancraig@example.org,(525)264-1650x643,0696 Garcia Pass Apt. 682,Thomaschester,Serbia,wholesale
508,Danielle Brown,patriciamoore@example.org,577-315-5367,2115 Curtis Square Apt. 693,Smithshire,Lithuania,retail
509,Sean Harvey,craig10@example.org,+1-598-268-8635x9412,6745 Steven Stravenue Suite 096,Wendyberg,Haiti,wholesale
510,Reginald Jones,mckaydaniel@example.org,001-491-944-2381x454,54642 Michael Port Apt. 271,Lake Albert,Gabon,online
511,Brian Craig,qmartin@example.net,883.828.4538x1291,0098 Jessica Plains,Williamsfort,Cameroon,online
512,Melissa Patel,debbie74@example.com,4008543122,232 Martin Roads Suite 503,West Timothy,Palau,retail
513,Lauren White,edwardflores@example.net,774.322.6716x4843,4626 Marcus Forks Suite 558,Tracishire,Bolivia,retail
514,"Moreno, Chang and Brown",thomas44@example.net,+1-595-485-3911x130,16176 Michael Course,Clarkville,Northern Mariana Islands,online
515,Mark Burke,jefferydavis@example.com,228-710-0749x88871,404 Monique Valleys Apt. 086,Jenkinshaven,Zimbabwe,online
516,Edwards and Sons,stephaniegray@example.org,639.636.4695,9205 Mills Pine Suite 073,West Steven,Benin,retail
517,Mason Fleming,klam@example.com,+1-925-423-2099x662,70120 Melissa Haven Apt. 758,East Dustin,Brunei Darussalam,enterprise
518,Hunt-Watkins,nicolesimpson@example.com,978.273.4053x86767,3796 Short Point,East Rileyville,Russian Federation,online
519,"Ray, Cohen and Figueroa",davisjames@example.com,282.823.9497x0834,2953 Edwards Cliffs,Amberfort,South Africa,enterprise
520,Randolph-Carter,david83@example.com,608.698.8093x20796,5525 Caroline Circles,Port Tamara,Guernsey,retail
521,Frank Santana,brentjohnston@example.com,576.502.7870,58363 James Way,New Madison,Malta,online
522,Marshall-Nelson,gjohnson@example.net,+1-888-233-6281x750,718 Emily Loaf Suite 131,Port Joshuashire,Ireland,retail
523,Paula Griffin MD,isingh@example.com,361-907-8127x7949,5898 Jeffrey Rapid Apt. 627,West Colleenport,Zimbabwe,retail
524,Boyd LLC,pbradford@example.org,283.516.7290,47094 Jessica Knolls Apt. 307,Markberg,Wallis and Futuna,online
525,Walters and Sons,christina20@example.com,508.939.2263x0307,642 Maxwell Lodge,East Crystalstad,Oman,retail
526,"Humphrey, Alvarado and Martinez",jacobharrington@example.org,+1-660-230-8992x5631,153 Victoria Valley,Port Justinburgh,Kuwait,enterprise
527,Steven Gardner,jacksonhannah@example.net,001-433-523-4542,778 Sara Fall,Lake Joshuaburgh,Lebanon,online
528,Jeffrey Kim,woodsedward@example.net,816-335-0214x210,1064 Rogers Parkway,North Angel,Montserrat,retail
529,Melissa Buchanan,michael61@example.net,565-437-0923x8798,36770 Harris Hills,West Heather,Bahrain,retail
530,Martinez Ltd,vincent12@example.org,(355)524-8993x087,61880 Carrillo Throughway,North Jacquelineburgh,Tuvalu,online
531,Janice Williams,colemandavid@example.net,(296)574-6977,316 Jennifer Forge Suite 835,Scottshire,Antarctica (the territory South of 60 deg S),retail
532,Gonzales-Downs,cmiller@example.org,856-548-9643x22469,158 Smith Ridges,Lake Terri,Norfolk Island,enterprise
533,David Williams,ryansmith@example.com,924.501.5217x38101,247 Matthew Estates,Angelashire,Nicaragua,online
534,"Thornton, Saunders and Hobbs",christinalee@example.com,001-672-281-8858,43190 Burton Squares Apt. 469,Zimmermanmouth,Poland,retail
535,"Wells, Davis and Rivera",sandra27@example.org,+1-255-877-2005x368,53820 Amber Overpass Suite 712,Sandraview,Saint Lucia,retail
536,Jacqueline Welch,hernandeztristan@example.org,936.262.0627x244,4507 Ryan Fort Apt. 526,Emilystad,Grenada,retail
537,"Wallace, Morgan and Wallace",rodriguezmary@example.org,2569555304,93872 Hodge Mountains Suite 933,Christineburgh,France,wholesale
538,Elijah Spencer,johnhernandez@example.net,3173106378,938 Breanna Squares Suite 434,Shellyfort,Puerto Rico,retail
539,Anderson PLC,brian38@example.com,001-905-588-7049x193,35195 Christina Dam,Port John,Faroe Islands,enterprise
540,Tracy Goodman,sherrytran@example.net,+1-533-733-7873,8299 Carroll Parkway,West Stephanieside,American Samoa,retail
541,Felicia Bell,zfreeman@example.com,(627)930-0636,8704 Alyssa Road,West Saraside,Ukraine,wholesale
542,Munoz PLC,rebecca47@example.com,637.979.9380,30376 Sabrina Ramp,New Paulafort,Nepal,online
543,Smith-Rivera,brobinson@example.net,7279136225,90322 Charles Forges Suite 918,Hamiltontown,Turkmenistan,online
544,Gilbert LLC,vazquezbonnie@example.com,(541)868-5845,053 Smith Forges,Tylerport,Montenegro,retail
545,Margaret Aguirre,bobfernandez@example.org,499.834.5651x3907,5339 Anderson Stream Apt. 780,South Corey,Colombia,wholesale
546,John Trevino,jessicabartlett@example.org,001-386-917-1681x383,52450 Lee Row,West Lance,Barbados,retail
547,Donovan and Sons,thomas61@example.com,540-305-7997x984,27911 Erika Inlet Suite 550,Woodbury,Algeria,retail
548,Sharon Johnson,pgibbs@example.org,620.942.0422,2848 Williams Club,South Timothy,French Polynesia,retail
549,Luis Taylor,mathisallison@example.net,001-687-852-1932x694,10291 Anthony Overpass Suite 583,Trevorfort,Tuvalu,enterprise
550,Taylor-Meyer,stephenray@example.net,948.632.9480,8901 Bell Court,Woodsview,Korea,retail
551,Matthew Ferrell,howardjames@example.com,309-968-0120x0390,476 Hayden Isle,Morganport,Ukraine,retail
552,Kristie Rogers,gonzaleztracy@example.org,001-430-841-8084,462 Lisa Plaza,Hallside,Gambia,online
553,Brett Duran,kristinaphillips@example.org,+1-976-682-5238x154,299 Rubio Valley,Gomezbury,Solomon Islands,wholesale
554,Cox Group,heather41@example.org,001-407-244-3297,21237 Diane Drives,New Walter,Martinique,enterprise
555,"Wells, Brown and White",ojohnson@example.com,(806)910-8410,753 John Lock Apt. 773,Simonberg,Brazil,wholesale
556,Michelle Marks,kmartin@example.net,001-804-336-9174x238,098 Regina Hills,Markberg,Rwanda,enterprise
557,Margaret Simpson,smalljohn@example.org,3233362864,277 John Plaza Apt. 136,Bonniebury,Jersey,online
558,Hayes-Henderson,phernandez@example.org,690-210-1855,4487 Nicole Point Apt. 717,Timothytown,South Africa,wholesale
559,Salazar-Sanchez,james73@example.com,(430)857-6207,318 Marsh Trail Suite 218,Thomasbury,Netherlands Antilles,enterprise
560,Cindy Baker,icampbell@example.com,449.809.3426,4483 John Brook,Wendymouth,Palau,online
561,"Price, Jones and Perez",khenry@example.net,(275)966-8073x4571,8065 Mathis Extensions,Turnerberg,Burkina Faso,online
562,Stephen Becker,brandonsmith@example.com,(657)696-6758x1343,6236 Russell Gateway Suite 861,North Mary,Guinea,online
563,Crawford-Ortiz,brian95@example.org,(492)951-9115x5652,362 Maldonado Branch,Ryanfort,Uruguay,wholesale
564,Santana PLC,brandyfrench@example.org,(378)562-6314,039 Warren Vista Suite 141,North Megan,Bangladesh,retail
565,Allison Snyder,ahall@example.net,923-574-7611x55849,08110 Abbott Course Apt. 407,Cummingsfort,Mali,online
566,Ashley Schmidt,mroberts@example.org,237.933.1074x76031,3533 Baker Groves Suite 127,Timothyshire,Mauritania,retail
567,Thompson and Sons,mendezmelanie@example.org,225-212-0987x55467,5870 Virginia Turnpike Apt. 870,West Cory,Turkmenistan,retail
568,Joshua Jones,smithjames@example.org,(835)527-8005x608,96284 Lisa Green Suite 746,Lake Michaelshire,Chad,online
569,Nicholas Townsend,ashleycastillo@example.net,+1-453-689-3356,517 Young Plains,South April,Niger,retail
570,"Brewer, Gutierrez and Harrison",dtanner@example.net,779.895.6880,2163 Fox Plaza Suite 480,North Markville,Pakistan,retail
571,Rebecca Taylor,hleblanc@example.net,7229058359,835 Nicholas Extensions,Sanchezside,Cocos (Keeling) Islands,wholesale
572,Ronald Graham,jjohnson@example.com,2917792611,069 Jenny Gardens Apt. 367,South Heather,Poland,wholesale
573,Tracey Miller,elewis@example.org,001-520-427-2216x317,34095 Sanchez Highway Suite 923,South Kimberly,Tunisia,retail
574,Christian Luna,ylevine@example.org,001-307-442-6633,002 Dawn Centers,Smithborough,Barbados,retail
575,Michael Vaughn,perrymoore@example.net,938.718.9454,523 Hoffman Mill,West Andrew,Somalia,retail
576,Bryant-Jones,deanfleming@example.org,209.303.1346x443,339 Castro Villages Apt. 265,Port Christinaville,China,online
577,Wagner Ltd,danaevans@example.net,5306067991,060 Reed Circles Apt. 174,Taylorchester,Libyan Arab Jamahiriya,wholesale
578,Samuel Jarvis,ecrawford@example.com,+1-338-266-8970x7342,69823 Ray Trail,Johnport,Burkina Faso,wholesale
579,"Dorsey, Rivera and Sullivan",riversjeffrey@example.com,(267)756-5298,036 Albert Brook,Courtneytown,Sweden,retail
580,Rodriguez-Shepard,nolanjennifer@example.com,4099872646,7520 Berry Track,Maryland,Heard Island and McDonald Islands,retail
581,"Moore, Riley and Green",laura42@example.net,689-819-9597x46519,3160 Jack Points Suite 897,Danielfort,Brunei Darussalam,retail
582,Melissa Kelly,nancyshaw@example.net,+1-282-631-4302x5200,698 Amy Plains,West Joel,Honduras,online
583,"Smith, Willis and Wallace",debra61@example.com,331-821-7888,6698 Adams Dam,East Natalie,Togo,retail
584,Kerri Patrick,kevin46@example.org,379-954-9571,9441 Randolph Lights,West Matthewland,Poland,retail
585,"Hurst, Booth and Ibarra",charlesclayton@example.org,781-867-0491,07260 Case Passage,Chadport,Samoa,retail
586,Jessica Johnson,rogerskathy@example.net,001-444-351-2827x294,6497 Emily Pine,Port Eric,South Africa,online
587,Simpson-Lyons,christy33@example.com,(399)933-4582x388,9467 Reynolds Tunnel,Port Cassandra,Svalbard & Jan Mayen Islands,retail
588,Robert Russell,kennedymark@example.net,001-575-813-1546,621 Gina Viaduct Apt. 629,Lorishire,Falkland Islands (Malvinas),enterprise
589,Trevor French,larrymorris@example.com,(599)598-7511x9489,3996 Tonya Inlet,Travisstad,Zimbabwe,retail
590,"Lane, Parks and Simpson",johnstonsara@example.com,695-396-1409x77418,4053 Taylor Rapid,Port Grant,Kyrgyz Republic,online
591,Karla Dominguez,nguyenspencer@example.org,564.653.2616x91749,227 Zachary Branch Suite 547,North Jasminechester,Vanuatu,retail
592,"Rice, Hayden and Lang",garrettlisa@example.com,+1-420-456-3364x0976,28826 David Street Suite 872,Stephanieport,Aruba,online
593,Nicholas Ryan PhD,woodwardpatricia@example.com,920.643.2812x77317,789 Lopez Plains,Mooreberg,Kyrgyz Republic,retail
594,Angela Johnson,dmurphy@example.net,980-795-3164x70594,407 Hector Roads,Michaelside,Malawi,wholesale
595,"Young, Taylor and Holder",walshtimothy@example.org,+1-522-681-9403,5933 Ramos Plains Apt. 588,Matthewshire,Antigua and Barbuda,retail
596,"Ortiz, Schultz and Warren",wesleylang@example.org,001-731-819-6764x758,88282 Sean Locks Suite 777,North Amanda,Georgia,retail
597,Kathy Velez,crivas@example.net,(836)581-0463,015 Bennett Curve,West Jessicaland,Saint Martin,retail
598,Kimberly Delgado,mrhodes@example.org,+1-294-419-4926x5118,31521 Ashley Loop,East Lanceberg,Bahamas,retail
599,Robin Evans,markcortez@example.com,909.580.6572,65845 Lee Springs,Maryport,Samoa,wholesale
600,Courtney Smith,robert15@example.com,+1-409-485-2177x2962,467 Amber Groves,Jonesmouth,Comoros,retail
601,David Hopkins,obarber@example.net,001-767-540-0184x766,607 Dustin Vista Apt. 847,Howardberg,Turkey,retail
602,Hannah Thompson,kathleen18@example.org,688.714.3710,0960 Jessica Island,South Heathershire,Korea,enterprise
603,Tiffany Martin,bryantalan@example.com,674.481.8930x1636,36189 Theresa Island Suite 965,Martinberg,Mexico,retail
604,"Rodriguez, Hardy and Clarke",emily47@example.com,(638)802-6709,677 Natasha Lodge,Charlesville,Estonia,online
605,Stephen Nunez,hernandezdonna@example.org,(632)928-0297x98013,096 Odonnell Plain,Hughesstad,Bangladesh,retail
606,Brooks-Wallace,bmooney@example.org,+1-927-749-9143x839,3083 Margaret Trace,North Kellyfort,Uruguay,wholesale
607,Bradley Fields,nataliewilliams@example.org,001-724-789-1360x437,663 Smith Corner Apt. 758,Jennaburgh,Liechtenstein,retail
608,Eric Gallegos,melissamarshall@example.org,992-846-7595,71193 Wilson Mountain,New Stephenville,Israel,enterprise
609,Robert Rodriguez,harriserin@example.com,(513)652-4281x6945,4272 Nelson Way Suite 539,Mccoyshire,Portugal,wholesale
610,Guerrero Inc,pamela82@example.net,(837)792-5996,6011 Reed Pine,Gomezland,Guatemala,retail
611,Jackson Tran,nunezgina@example.org,(660)556-7721x36008,63993 Moreno Tunnel,South Brenda,Zambia,enterprise
612,Michael Swanson,cbates@example.org,791-363-0916,004 White Islands Apt. 570,New Jaredhaven,Korea,retail
613,Mr. Cody Williams,sheena50@example.net,687-489-0052,55433 Lynch Spur,East Deanna,Belize,online
614,Christina Smith,zachary33@example.net,2366132276,447 Alexander Roads Apt. 107,Port Jessicaside,Libyan Arab Jamahiriya,retail
615,Karen Torres,vanessagonzalez@example.net,+1-233-557-8437x0118,613 Lewis Squares,Andrewtown,Germany,wholesale
616,Tyler Noble,villanuevakristin@example.org,(537)684-5736x2530,0273 Sandy Locks,South Dennis,Maldives,wholesale
617,Cody Turner,smithjennifer@example.com,810-729-3940,8956 Merritt Knoll Apt. 713,East Eugeneshire,Cameroon,retail
618,Evans-Cortez,lewiskelly@example.org,421.733.0004,30293 Bonnie Ways Suite 202,Port Shawnberg,Australia,online
619,Carrie Howard,christopherarcher@example.org,(723)514-3874x43730,627 Young Bypass Suite 632,Derrickbury,New Caledonia,enterprise
620,Karla Townsend,hallbelinda@example.com,(603)575-6941,0139 Hale Inlet,New Micheal,Russian Federation,retail
621,Le Group,robertsonbrenda@example.org,+1-240-488-8563,12004 Richard Plaza Suite 155,Greenfort,Sweden,retail
622,Russell Velazquez,nsmith@example.com,001-408-388-8423x594,806 Jeremy Road Suite 362,West Gina,Jersey,online
623,Huber LLC,robert57@example.net,923.455.1727x484,59944 Garcia Fork Suite 360,Mccarthyport,Western Sahara,retail
624,Mr. Jay Horton MD,suttonpaul@example.org,+1-487-500-7110x6480,8699 Bryan Plains,West Aliciaside,North Macedonia,wholesale
625,Hughes-Mcmillan,jose12@example.com,001-322-996-0691x382,952 Angela Meadows,Holmesberg,Croatia,retail
626,"Russell, Morris and Ball",lerickson@example.com,+1-986-437-8785x5971,818 Smith Meadows Apt. 378,Greenmouth,Cape Verde,retail
627,Saunders-Ramos,frankcruz@example.net,236-915-9364,02820 Parker Radial Suite 962,Christopherbury,Uruguay,online
628,Ramirez PLC,swansonjohn@example.org,514-621-5825x4514,250 Alison Stream,Arroyoshire,Brunei Darussalam,enterprise
629,Anthony King,wardkevin@example.net,001-828-234-9428x352,1497 Carter Fort Suite 917,East Kimberlyberg,Georgia,wholesale
630,Douglas Mayo,tmatthews@example.org,001-211-370-0524x596,1720 Meadows Estate,Roweshire,Faroe Islands,retail
631,Heather Wilson PhD,hmartinez@example.com,001-825-761-5636x886,5696 Katie Mall,New Michael,Hungary,retail
632,"Keller, Freeman and Parker",angelicalara@example.net,311.436.3543x1331,064 Collins Pines Apt. 990,Melindafort,New Caledonia,retail
633,Smith Inc,jeremiahwells@example.net,861-985-0297,4409 Katherine Squares,Timothychester,Tajikistan,retail
634,"Miller, Rivers and Reyes",philipwilliams@example.com,(786)335-7408,4441 Tracey Pine Apt. 582,Port Donna,Guam,online
635,Joe Sanchez,mooneypatrick@example.org,879.598.9043x8100,59507 Martinez Avenue,Xavierhaven,Lao People's Democratic Republic,retail
636,Jessica Brown,virginiaperez@example.org,609-420-0911,685 Audrey Pass,Stevenborough,Nicaragua,retail
637,"Robinson, Cruz and Bonilla",oguzman@example.com,+1-410-496-0338x2238,3755 Holden Mountain,West Cherylmouth,Antarctica (the territory South of 60 deg S),online
638,Avery Ltd,ahernandez@example.net,(657)576-7788x7130,00663 Christina Meadow Suite 574,South Steven,Suriname,retail
639,Reynolds Inc,ahardin@example.org,281.340.4388,15005 Nathan Field Suite 858,Kristimouth,Greenland,wholesale
640,Thomas Gaines,tpotts@example.org,860.718.3257x981,524 Hodges Ramp,Port Grace,Austria,retail
641,Catherine Armstrong,scottleah@example.net,001-601-593-9589x818,4574 Larry Falls,Brittanyland,Cayman Islands,retail
642,Olivia Cook,nancybarber@example.net,921.506.2868x52100,013 Jessica Route Suite 704,Laurenland,South Africa,retail
643,Brittany Campos,whitematthew@example.com,288.755.7393x97426,26259 Joseph Springs Apt. 539,Staceymouth,Ireland,retail
644,Marshall and Sons,ruizjohn@example.net,498.989.3736x3015,74811 Hill Park Apt. 529,New Melindaport,Australia,retail
645,Brown and Sons,linda87@example.net,(257)531-3022,54053 Gina Glen Apt. 164,Danielsstad,Papua New Guinea,wholesale
646,Jennifer Johnson,jamesjones@example.net,(358)551-0214x6548,06152 Heath Common,South Timothyhaven,Rwanda,retail
647,Alisha Maynard,cbowman@example.org,(222)450-1775x9174,360 Davidson Oval,South Teresatown,Italy,wholesale
648,Ian Jensen,david39@example.net,311.925.9822,62444 Jones Rest,Millerfort,American Samoa,online
649,Roger Caldwell,omeyer@example.org,602-774-3939x19165,062 Belinda Island Apt. 795,Brownburgh,Guinea,online
650,Stephanie Lee,kristinasmith@example.org,(682)920-5384x52813,5232 Bennett Bypass Apt. 821,New Roberttown,Serbia,enterprise
651,Amanda Anderson,cameron09@example.net,001-996-929-4264,0345 Thompson Knolls,Markfort,Ukraine,enterprise
652,Samuel Ross,silvamichael@example.com,(794)619-0454x906,292 Brown Ridges Suite 661,Port Allisonmouth,Tunisia,retail
653,Jessica Salazar,smithchristopher@example.org,(703)415-5677,3592 Navarro Hollow,Rebeccatown,Korea,retail
654,Mrs. Kelsey Woodard,salinaslaura@example.net,498.797.7514,4221 Aaron Fields,Paulchester,American Samoa,enterprise
655,Frank Frederick,johngill@example.org,001-542-204-1793x953,84660 John Isle Apt. 490,East Sandra,Bhutan,enterprise
656,Stacey Stevenson,heidi20@example.net,731.415.6762x386,01618 Jacob Turnpike Apt. 879,Ericborough,Peru,online
657,Hector Avila,nathan56@example.net,332.929.9181x28091,019 Mary Mountain Apt. 795,Crawfordmouth,Zimbabwe,retail
658,"Kim, Sanders and Martinez",dawsontracy@example.net,001-444-641-5657x437,28180 Susan Ridges,Michaelview,Papua New Guinea,retail
659,Timothy Nguyen,zbaker@example.com,749-413-1046,0456 Morris Underpass Apt. 129,East Allisonburgh,Jamaica,retail
660,Peter Scott,ashleyanderson@example.org,370.409.5113,76158 Maxwell Key,North Reneeside,Sao Tome and Principe,retail
661,"Phillips, White and Allen",william13@example.org,+1-375-670-3409x718,3627 Meyer Stream Apt. 873,South Jennymouth,Burkina Faso,online
662,Reynolds-Martin,diana68@example.com,492-961-7586,90039 Philip Canyon Apt. 811,North Tracyport,Angola,online
663,Kathleen Rios,thall@example.net,5529170207,163 Rodney Prairie,Wyattland,Uruguay,enterprise
664,Jocelyn Rodriguez,fdouglas@example.com,641.666.0648x5888,245 Rachel Street Suite 453,Hansenport,Germany,retail
665,Gary Thompson,cfisher@example.org,555-425-4178,26818 Holmes Burg,Lewismouth,Malta,retail
666,Butler-Watts,esellers@example.org,756-488-2634x2423,05251 Phillip Mountains Apt. 586,New Ivanland,Niue,wholesale
667,Joshua Sanford,agreen@example.org,(547)412-1627x573,61193 Spencer Key,New Heather,South Georgia and the South Sandwich Islands,online
668,Pollard-Maxwell,jacksonjennifer@example.org,+1-652-835-8459x6383,4916 Logan Islands,Garciachester,Sao Tome and Principe,enterprise
669,Bauer LLC,wlucas@example.org,+1-504-524-2584x6589,7176 Lee View,Brittanyview,Angola,enterprise
670,"Atkins, Figueroa and Marshall",taylormcmillan@example.org,909.327.7140x04640,61885 Adkins Drive Suite 521,Carterburgh,Pakistan,online
671,Tracy Rodriguez,foxkim@example.net,+1-654-885-2112x159,38179 Hernandez Manor,North Steventown,Tuvalu,enterprise
672,Amber Lindsey,rebeccamcdonald@example.net,793-363-9986,364 White Light Apt. 545,North Brianna,Slovenia,online
673,Foster Inc,tamaraherrera@example.com,5477608307,0079 Thornton Circle Suite 685,Nelsonberg,Germany,retail
674,Crystal King,tbradley@example.com,+1-600-822-0976,17595 Anderson Skyway Suite 423,West Shelly,British Virgin Islands,retail
675,Cynthia Underwood,danaruiz@example.org,352.869.6857x539,94689 Joe Orchard,Sandersland,Honduras,enterprise
676,Diana Garcia,elliskendra@example.org,812-557-4815x32460,808 Bell Extensions,Port Peterbury,New Zealand,online
677,Brown-Thornton,barbara35@example.org,(517)672-3820x7511,7968 Alexander Ferry Apt. 224,North Tommyburgh,Monaco,retail
678,Michael Fuller,katherine43@example.org,(246)674-0094,8141 Brandy Pines,Robbinsbury,Italy,retail
679,Jennifer Huffman,josephwatson@example.org,500.457.2395,182 Jeffrey Crossing Suite 716,New Natasha,Israel,online
680,"Pierce, Hopkins and Schroeder",angela14@example.com,(433)552-1560,7468 Waller Curve,Millerstad,Guinea,enterprise
681,Hall Inc,jacquelinepage@example.net,001-679-378-0878,679 Christina Forge Suite 939,Joannashire,Panama,wholesale
682,Cathy Anderson,patriciamartin@example.org,381-514-6813x8933,49235 Julie Rest Apt. 710,Coryfurt,Colombia,enterprise
683,Monroe-Macdonald,sawyerjohn@example.org,864-404-0397,88069 Joshua Ville,North Kevinhaven,Cameroon,retail
684,Laura Rodriguez,bennettlisa@example.com,718-950-1664x1509,8113 Walker Junction Apt. 293,West Brendaberg,Ukraine,online
685,"Lucas, Maxwell and Clark",tallen@example.com,(362)847-1939,77308 Miles Spring Suite 036,Aliciaton,American Samoa,retail
686,Beck LLC,albert46@example.net,365.417.2775x329,655 Carter Coves,Brendatown,Antarctica (the territory South of 60 deg S),online
687,Isabel Smith,jonathansmith@example.org,001-622-783-4364,3090 Simmons Island Apt. 494,South Sydneyport,Georgia,retail
688,Andrea Ford,jalvarado@example.net,400.628.8349,5074 Lisa Springs Apt. 803,Faulknerview,Ethiopia,online
689,Alexandra Smith DVM,kmoreno@example.com,890.836.4964x4221,869 Silva Motorway,Port Kelly,Trinidad and Tobago,retail
690,Tracy Lopez,thomas23@example.net,352-760-5794,8100 Julie Inlet Suite 751,West Traci,Liechtenstein,retail
691,Kelly Weaver,padilladwayne@example.org,+1-432-487-0789x6178,091 Cortez Lake Suite 322,East John,Burkina Faso,enterprise
692,Ann Winters,douglas98@example.net,001-232-809-9124x234,845 Dominguez Orchard,South William,Lesotho,wholesale
693,Michael Baldwin,angela77@example.org,267-333-9092x137,74031 Garza Route,Yatesbury,Eritrea,retail
694,Ashley Juarez,miranda76@example.net,001-351-650-2186x459,1763 Davis Shoal,New Michaeltown,Norfolk Island,retail
695,Chloe Davila,mitchellrivera@example.net,001-453-297-2056x006,59739 Ford Causeway,Prattland,Armenia,retail
696,Alison Garcia,warnercrystal@example.org,522.932.3543,3656 Krystal Loaf Suite 412,Port Randallhaven,Chad,retail
697,Terry Gillespie,stephanieperez@example.net,+1-272-948-4396x0996,105 Michael Burgs,Joneston,Vietnam,online
698,Gutierrez LLC,hayleypeterson@example.net,+1-685-415-3209x2835,950 Luis Extension Apt. 064,Martinezmouth,Kiribati,online
699,Bauer-Perkins,josephfletcher@example.net,(249)328-9638x9996,669 Marie Bypass,Larryfurt,Fiji,enterprise
700,Lisa Parker,marydavis@example.net,325.951.2669,2972 John Ridges,New Philliptown,Chile,retail
701,Crystal Jenkins,wilsonhenry@example.org,903-941-7609x7137,640 Owens Burgs,Madisonberg,Aruba,enterprise
702,"Landry, Coleman and Powell",tristan86@example.org,(794)530-1226x941,3187 Debbie Rue Suite 098,East Cameron,Ireland,retail
703,Susan Cline,michellehill@example.net,001-584-407-4938x341,287 Parker Burg Apt. 913,East Edwin,Jamaica,wholesale
704,Laurie White,hartvalerie@example.com,880-864-3855x12998,80583 Christina Lock,Port Donnafurt,Cook Islands,retail
705,John Mullen,kelleyamanda@example.net,277.753.3594,24335 Phillip Terrace,Michellebury,Cuba,enterprise
706,"Harvey, Martin and Winters",qadkins@example.org,480.866.4485x6786,512 Wang Center Apt. 183,Brownbury,South Georgia and the South Sandwich Islands,retail
707,Smith-Hale,matthew56@example.net,615-341-4238x61450,822 Barton Circles,Jenniferland,North Macedonia,online
708,Megan Ray,austin44@example.net,(381)264-5808,355 Beth Tunnel Apt. 634,Michaelchester,Holy See (Vatican City State),retail
709,Roberts Group,hannahbridges@example.net,259-272-2050x116,8496 Ellis Park,Figueroashire,Christmas Island,retail
710,Robert Morales,wgriffin@example.com,+1-479-743-1936x6711,2293 Jackson Ports,New Thomasshire,Cook Islands,retail
711,"May, Carson and Morgan",valeriegibson@example.org,651.931.5862x0713,854 Scott Green Suite 393,Christopherburgh,Zambia,retail
712,Elizabeth Russell,deborahdaniels@example.org,(296)572-0647x4055,0160 Diaz Summit Apt. 478,Barnettberg,Djibouti,retail
713,"Garner, Peters and Zimmerman",tracy85@example.com,629-965-3999x095,7416 Freeman Spurs,Aliciafurt,British Indian Ocean Territory (Chagos Archipelago),enterprise
714,Mathis-Sandoval,jsmith@example.org,243-958-3510x067,34530 Diana Square Suite 341,Ericview,Saudi Arabia,retail
715,Yang and Sons,sanchezsusan@example.net,338-401-8087x5374,02674 Sutton Passage Suite 189,Davidtown,Hungary,online
716,Elizabeth Nichols,paigeho@example.org,001-682-253-6552x205,25157 Peter Wells,New Matthewport,Ireland,online
717,Kyle Juarez,susan18@example.com,+1-607-911-3835x1463,8488 Tanner Trail Suite 620,Cordovabury,Romania,retail
718,Chan-Wiley,blewis@example.net,(419)876-1743,172 Michael Crest Suite 588,Andrewside,Cocos (Keeling) Islands,wholesale
719,"Hudson, Smith and Davis",brownnicholas@example.net,+1-600-219-9073x9488,060 Douglas Village,New Sharonmouth,Christmas Island,enterprise
720,Williams-Green,loweamy@example.net,420.724.4694x39742,9830 Gates Curve Apt. 453,Port James,Chile,enterprise
721,Stephen Jones,anacruz@example.net,822.367.2356x11943,5629 Grant Drive Apt. 553,New Sarahview,French Guiana,wholesale
722,Jeanette Williams,matthewgonzalez@example.com,816.788.0177x1086,65002 Mitchell Stream Suite 140,Chavezview,Togo,wholesale
723,William Stewart,marksparks@example.org,471.483.4979,80778 Wu Parkways,Chelsealand,Philippines,online
724,Robertson Ltd,davidheath@example.com,001-860-438-3478,6161 Pearson Center Apt. 860,Alexandermouth,Antigua and Barbuda,retail
725,"Smith, Rios and Ferguson",gjones@example.net,407-867-0347x008,4646 Derek Key,Lake Sethmouth,Jordan,online
726,Joshua Andrews,sherridaniels@example.org,001-359-430-1684x970,5117 Johnny Walks Apt. 342,Floresfurt,Kenya,retail
727,Ashley Rodriguez,martinezpatrick@example.org,(279)712-6154,103 Kenneth Crossing Apt. 033,Danielleborough,Seychelles,online
728,Rodriguez Group,jennifer21@example.com,(798)511-5791x367,280 Oneal River Suite 824,South Lisaburgh,New Zealand,online
729,Robinson Inc,julia25@example.org,+1-443-442-1121,5470 Morse Haven,East Gregory,Cape Verde,online
730,Heather Shepherd,james44@example.net,792.220.7810,081 Burton Mountain Apt. 336,West Cory,Western Sahara,wholesale
731,Jose Brown,keithlewis@example.com,794.715.4094x6174,78018 Cordova Stravenue Suite 130,South Jacobton,Nauru,retail
732,Anne Koch,nicholashernandez@example.org,001-961-781-5797x764,9047 Bailey Flat,Port Johnborough,Puerto Rico,retail
733,Chen-Smith,jeremycarroll@example.org,412-449-3415,15110 Jaclyn Plains,Sarafurt,Ireland,wholesale
734,Michele Perez,twall@example.com,2088145286,74470 King Skyway,Gilbertport,New Caledonia,online
735,Guerrero-Holland,oross@example.net,860-707-6941,15295 Katherine Mall Apt. 541,Wallacemouth,Cyprus,online
736,Erik Marshall,deanna81@example.net,+1-463-924-3350x8511,162 Mcgee Road Suite 205,Wadetown,Grenada,retail
737,"Elliott, Dennis and Lee",johnstonkatrina@example.com,(863)382-5690x287,681 William Way Apt. 020,Baldwinton,China,wholesale
738,"Perkins, Monroe and Cook",williamselizabeth@example.org,790-685-7882,08652 Shawn Highway,Williamsstad,Sao Tome and Principe,wholesale
739,Karen Romero,davishannah@example.net,(990)997-2732x8557,408 Martin View Apt. 861,South Dylan,Slovenia,online
740,John Hicks,hruiz@example.org,419-778-6804x2887,2419 Roberts Crossing Suite 717,Jacksonshire,Hong Kong,online
741,Renee Haney,michaelpatterson@example.com,751-546-5998x31430,89315 Brandon Shores,Mirandastad,Estonia,online
742,Hess Ltd,colemandaniel@example.org,342.951.8697x5667,240 Lyons Path Suite 139,West Sara,Eritrea,online
743,"Carpenter, Weiss and Williams",phillipsmichelle@example.net,(800)560-3079x843,615 Flores Pass Suite 934,Lake Jonathanfurt,Netherlands,online
744,Daniels LLC,gonzalezwanda@example.org,487.803.3014x118,0682 Thomas Mill,Nelsonfurt,Luxembourg,wholesale
745,Grace Jimenez,rachel05@example.org,+1-208-300-0182x6062,906 Andrade Summit,New Brianport,Central African Republic,retail
746,Jason Little,rwalker@example.com,(445)204-0794x2592,39520 Hoover Greens,West Ashley,Canada,retail
747,Bryan Newman,haleyharrison@example.org,677-644-1662x14598,169 Robert Stream Apt. 756,Lake Megan,Iran,retail
748,Koch LLC,pughmark@example.org,945-570-0401,5911 Alison Manor,East Davidhaven,Maldives,retail
749,Erin Johnson,bjohnson@example.org,+1-299-659-4253x5253,65999 Curtis Harbors,Adamtown,Saint Martin,online
750,"Stewart, Obrien and Pena",lisanewman@example.com,001-463-708-3977,833 Sanchez Viaduct,North Gregoryfurt,Czech Republic,retail
751,"Rojas, Roberts and Robinson",jonathan97@example.org,255.345.3882x234,89574 Vanessa Divide Suite 782,South Michael,Maldives,retail
752,Shawn Owens,williamsmichael@example.net,514.869.2993,5872 Patrick Gateway,Hernandezmouth,San Marino,enterprise
753,"Roberts, Lucas and Matthews",rodriguezdanielle@example.com,658.773.8688x0507,52471 Adkins Valleys,Lake Benjaminborough,Afghanistan,retail
754,Matthew Mathews,alyssawalker@example.com,+1-648-778-3600x298,828 Kenneth Lodge Apt. 727,North Angelaville,Cote d'Ivoire,retail
755,"Simpson, Duarte and Wilson",ginasanchez@example.org,(396)968-8448x79493,22062 Whitney Plaza,South Tiffanymouth,Finland,online
756,Jordan Cox,melissadeleon@example.net,743.242.0502x4090,450 Melissa Mission,West Alexander,Christmas Island,retail
757,Bartlett-Carroll,heidi26@example.org,251.454.1882x2870,61399 Jared Forge,Guerraview,Philippines,wholesale
758,Murphy-Spears,dwaynefisher@example.net,+1-207-986-6076x4420,35992 Rebekah Corners Apt. 899,Darylhaven,Saint Vincent and the Grenadines,enterprise
759,Valerie Smith,david11@example.net,(862)857-4894,6550 Hayes Shoals Apt. 943,Davidview,Macao,retail
760,Mary Potts,judy11@example.com,694-475-0465x3425,803 Robert Extension,Hollandport,Singapore,retail
761,Olsen Group,oholt@example.net,333.352.0188x976,976 Victoria Estates,Colemanstad,Ecuador,online
762,Mary Jones DVM,lori79@example.org,+1-372-714-8688x2385,93466 Young Parkways,West Amytown,Marshall Islands,retail
763,John Rivers,bhorton@example.org,3112156631,557 Michelle Spur Apt. 812,Andrewport,Liechtenstein,enterprise
764,William Hill,ryan59@example.org,5142529717,11387 Smith Port Apt. 106,South Jeremiahstad,Papua New Guinea,retail
765,"Burns, Ibarra and Woods",michellepatterson@example.com,7166259534,728 Warren Ranch Apt. 725,Tinachester,Botswana,wholesale
766,Linda Wilcox,melissasantiago@example.org,848-610-2703,7610 Rowland Via Suite 237,Lanceborough,United Kingdom,online
767,John Blanchard,wilsongeorge@example.net,5749869935,9166 Duncan Common Suite 445,Port Kristinburgh,Russian Federation,online
768,Dennis Hicks,farmermadeline@example.com,425-989-1596x545,2041 Romero Radial,New Heather,Chad,retail
769,Shane Fitzpatrick,alicia00@example.com,2674087624,00927 Jesse Islands,New Patricia,Tajikistan,online
770,Kathleen Petersen,kbyrd@example.org,+1-325-971-5773,63978 Rios Canyon Apt. 618,Johnchester,Mauritania,enterprise
771,Kevin Pena,robertjones@example.com,617.383.0030x564,968 Singleton Pike Apt. 875,Lake Felicia,Saudi Arabia,wholesale
772,Dr. Mary Lambert MD,rebeccamiller@example.net,632.908.3616x2287,10982 Molly Pike,South Codyborough,Egypt,online
773,Kristin Parks PhD,timothy01@example.com,+1-896-571-9652,66980 Dillon Spring,Cortezborough,Mongolia,enterprise
774,"Mcintosh, Blake and Hamilton",barbararay@example.org,541.728.3917x567,822 Megan Harbor,Barrettbury,Angola,retail
775,Deborah Chambers,gramirez@example.net,(441)283-3567,190 Joseph Orchard Apt. 427,East Brandon,Montserrat,retail
776,Alexandra Johnson,wardrebekah@example.com,889-686-2206x8673,894 Kayla Estates,West Brianna,Seychelles,retail
777,Dr. Amy Taylor,jonesphillip@example.com,(815)817-4772x343,7984 Stout Union Apt. 335,West Patrickton,Reunion,retail
778,Chad Pope,nbailey@example.com,5308758569,29919 Travis Roads,Heatherfurt,Dominica,wholesale
779,Robinson-Wright,pjones@example.com,806.319.3770,018 Lang Circles Suite 699,West Debra,Azerbaijan,retail
780,Gina Freeman,josephmaddox@example.com,(307)584-2717,6486 Francis Creek Suite 364,Port Nicholas,Kyrgyz Republic,online
781,Linda Smith,anorris@example.org,(251)488-2816,34411 George Bypass Apt. 392,South Angelshire,Venezuela,retail
782,Joseph Benton,stephenfigueroa@example.net,001-497-526-3329x330,521 Joseph Canyon,Francoberg,Faroe Islands,wholesale
783,Mr. Joseph Williams,ladams@example.net,282.647.6902x90276,82026 Stephen Expressway Suite 253,Lake Rachel,French Guiana,retail
784,Derek Jones,patrickadams@example.net,7855643206,48382 Franklin Loaf,Teresaport,Guadeloupe,enterprise
785,Michael Harmon,david23@example.com,(516)625-2308x1973,2045 Joshua Shoal Apt. 526,Harrishaven,New Zealand,online
786,Patricia Ramsey,davidsteele@example.com,001-863-995-4002x202,512 Rojas Ways Apt. 570,South James,Angola,wholesale
787,"Mayo, Stone and White",brownellen@example.org,001-401-410-8009,38878 Matthew Highway,South Williamburgh,Jamaica,retail
788,Anthony Miller,sthompson@example.org,+1-755-653-8709x791,05832 Terrance Square,Savannahfort,Greenland,online
789,Leonard Lewis,megan46@example.com,4472294842,14310 Ryan Circle,Acostachester,Kuwait,retail
790,Scott and Sons,martindaniel@example.net,550.780.5423,1518 Karen View Suite 288,West Christopherview,Kenya,retail
791,Bradley PLC,nguyensteven@example.net,001-699-315-5728x768,2826 Lindsey Flat,Thomasbury,North Macedonia,retail
792,Laura Ford,jacquelineberry@example.net,629.854.4055,218 Scott Branch,Parsonsberg,Japan,retail
793,Davis-Williams,kenneth76@example.org,+1-677-598-9896x2867,98985 Luke Underpass,West Ashleyfurt,Puerto Rico,enterprise
794,Henry Ramsey,marksjane@example.com,495.331.3135,857 Jones Grove Apt. 192,Andersonshire,Wallis and Futuna,enterprise
795,Stephanie Garcia,shannon65@example.com,(858)366-0194,0810 Evans Junction,West Kevin,Tajikistan,retail
796,Wilson-Faulkner,bob85@example.com,710-680-3061,05787 John Mountain Apt. 311,Daniellemouth,Belarus,online
797,Jason Cruz,alowery@example.com,628.779.8815,069 Benton Run Apt. 524,South Heather,Papua New Guinea,enterprise
798,Ashley Ballard,rogerspatricia@example.net,(644)731-6230x0300,82350 Hunt Summit,North Christopher,Nauru,retail
799,Jordan Simpson,rhonda44@example.org,+1-621-491-7062x2178,032 Adrian Stravenue Apt. 902,West Kylestad,New Caledonia,retail
800,Katie Hampton,rodriguezdarin@example.com,001-870-212-4423,6732 Candace Mission,East Johnburgh,Austria,retail
801,"Chung, Carey and Wilkerson",oliverjoshua@example.com,001-888-769-1480x306,930 Jennifer Rest Apt. 387,Daniellechester,Sri Lanka,online
802,Bobby Adams,jerrydonaldson@example.com,204.771.4272,395 Flynn Highway,Port Ronaldville,Norway,retail
803,Miller PLC,dylan61@example.net,(423)926-8625x1377,905 Howard Branch Suite 831,East Melissaport,Ireland,retail
804,Lewis-Herman,sharon82@example.org,+1-376-481-2788x890,9951 Megan Manor,New Katherine,Gabon,retail
805,Christopher Johnson,benjaminfitzgerald@example.com,228-275-3348,60494 Green Tunnel,North Joshua,Guadeloupe,online
806,Sabrina Herrera,ygarcia@example.net,+1-804-457-6922,470 Jennings Crescent Suite 699,Claudiastad,Czech Republic,online
807,Robert Hammond,daychelsea@example.com,2639959070,73397 Mark Crescent Apt. 909,Lake Jason,Benin,retail
808,Schwartz-Kirby,barbara46@example.net,266.263.9189,073 Katrina Path,Davidland,Nicaragua,online
809,"Harris, Roach and Fox",hayesnicole@example.com,001-975-945-0756x868,013 Johnston Spring,Randolphshire,Turks and Caicos Islands,online
810,Cody Wilson,ubrown@example.net,466-896-1479x7938,133 Best Radial Suite 400,Juliemouth,Djibouti,wholesale
811,Stephen Mitchell,loribarker@example.com,001-265-418-9994x036,8783 Jacob Estate,North Andrewside,Guadeloupe,retail
812,"Adams, Anderson and Wilson",nathan52@example.org,001-983-462-3081,76124 Vanessa Inlet Suite 156,Port Jessica,Swaziland,online
813,Brittany Shelton,ashley94@example.net,4185989266,4086 Ortiz Street Apt. 022,Karlafort,Anguilla,retail
814,Steven Lee,jason17@example.com,5798876799,520 Bennett Gardens,Travismouth,Equatorial Guinea,online
815,Elijah Pope,connierobinson@example.net,619-401-2802x9143,4801 Ward Mount,North Michael,Germany,retail
816,Stanley Jacobs,bsoto@example.com,(200)896-7083x388,38287 Gina Mills Apt. 352,West Patriciaville,Comoros,retail
817,Lisa Wagner,proctorangel@example.org,697.770.4313,63888 Gregory Ridge Suite 105,Morrisside,Sudan,online
818,Peter Smith,ortizlori@example.org,001-689-589-1128x147,11540 James Junctions Suite 900,Williamsmouth,Costa Rica,wholesale
819,Sheri Cross,jhatfield@example.com,001-886-483-0177,94927 Wood Mountains Suite 696,South Lindsey,Portugal,retail
820,Lindsey Castro,parkershannon@example.net,(888)830-3350x037,28550 Angela Harbors,Stricklandland,Albania,online
821,Samantha Oliver,elee@example.com,667.723.1010,1301 Alejandro Parks Apt. 081,Gonzalezport,Macao,wholesale
822,Phillip Smith,zhubbard@example.com,+1-477-926-1958x4361,8582 Lee Pine,East Alicia,Swaziland,enterprise
823,Katrina West,dorothyclark@example.org,691.761.3502,56870 Philip Village Apt. 572,North Laura,Gambia,retail
824,Timothy Doyle,victoriathompson@example.org,(771)264-3169,8411 Johnson Expressway,Port Melissaland,Chile,retail
825,Nicole Kelly,kristi72@example.org,774.284.8936x98022,57813 Horton Falls,West Kristinmouth,Sao Tome and Principe,retail
826,Bradley LLC,michellebrown@example.com,(605)998-9926x1104,149 Gonzalez Bridge Suite 013,Frederickville,Switzerland,retail
827,Chase-Saunders,shawn54@example.net,001-752-235-5897x295,2411 April Row Apt. 540,East Christina,Poland,retail
828,Roberts Group,candicemoore@example.net,683-754-5995x7263,002 Gabriella Burgs Suite 296,Roweburgh,Mauritius,enterprise
829,Kenneth Taylor,claire40@example.com,(509)243-4102,301 John Loaf,East Carla,Micronesia,retail
830,Leslie Simmons,rolson@example.net,215.739.1221x90436,043 Mccormick Squares Suite 446,Kevinland,Saint Barthelemy,enterprise
831,Jeremy Gilbert,beanjason@example.org,226.615.1871,446 Wolf Unions,Perezshire,Monaco,online
832,Thomas LLC,sheastephanie@example.net,697-390-5735x805,18927 Johnson Alley Suite 921,Jaketown,Pitcairn Islands,online
833,Tamara Zimmerman,smarquez@example.net,+1-917-798-9033x0393,01217 Cheryl Squares,Justinmouth,Turkey,online
834,Austin Scott,lopezcaitlin@example.com,269-818-5361,76967 Jacob Station Apt. 271,Olsonburgh,Indonesia,online
835,"Murphy, Farley and Schneider",brownmaxwell@example.org,894.916.8631x85525,787 Manuel Streets Suite 116,Carlsonland,Benin,retail
836,Alex Little,duane42@example.com,+1-296-296-9768x699,281 Underwood Bridge Suite 137,Nelsonton,French Guiana,online
837,Williams-Arnold,cody31@example.org,255-977-0183,082 Gay Lane Apt. 943,North David,Congo,online
838,Rodney Riddle,ashleyfowler@example.net,(940)435-7133x844,121 Kent Station Suite 735,West Dianeport,Montenegro,online
839,James Brown,fortiz@example.org,(743)646-8348,1579 Angel Ville Apt. 269,Fieldsfurt,Austria,wholesale
840,Crystal Figueroa,jonesmary@example.net,721.809.5927x83328,5116 Heather Views,Reedmouth,Palau,enterprise
841,Chris Hubbard,robertmendez@example.org,(658)483-4996x0520,67913 Davis Parkway Suite 940,Marthamouth,Turks and Caicos Islands,retail
842,Rebecca Larson,reidamanda@example.com,(261)354-5806x1870,5122 Bryan Flats,Seanville,Dominican Republic,enterprise
843,Jeremy Phelps,brittany56@example.net,321-622-8985x354,19426 Mcintyre Locks,East Mark,Spain,online
844,Brandon Everett,deborah08@example.org,653-910-0259x0475,171 Michael Islands Apt. 846,South Edwardport,Lebanon,retail
845,Brian Rosario,tracymccormick@example.org,+1-987-883-3330x655,55220 Rhonda Ville,Oliverville,Palestinian Territory,wholesale
846,Tapia-Johnson,liamanda@example.net,(551)372-9488x983,896 Michael Bypass,Devonmouth,Norway,online
847,Alisha Keith,chenrandy@example.org,(390)708-8950,275 Kathy Meadows Apt. 622,Port Katrina,Greenland,retail
848,Jordan Flores,clarencegonzalez@example.net,884-420-9418x444,2457 Lopez Fields,Port Johnburgh,Sweden,wholesale
849,Rodriguez PLC,hicksmichelle@example.net,001-229-538-0743x857,65155 Bowman Motorway,Lake Jake,Honduras,retail
850,William Moody,jhopkins@example.net,001-976-259-7324x605,21192 Smith Tunnel Suite 836,West Kaylee,Kuwait,retail
851,Little LLC,diana52@example.com,546.993.4432x228,30273 David Burgs,Kevinport,Algeria,retail
852,Smith LLC,kevinhill@example.org,(479)628-1727,47720 Boyer Place,Justinfort,Hungary,retail
853,Sabrina Rogers,ashley48@example.com,+1-927-859-6559,30087 Brian Drive Apt. 591,Elliottville,Madagascar,retail
854,Deborah Farrell,mary64@example.net,366-556-6020x76245,612 Oconnor Highway,Makaylaport,Nigeria,retail
855,Justin Barker,ryanlowe@example.net,+1-953-670-5754x9415,150 Donald Street Suite 185,Pacehaven,Belize,online
856,Ethan Smith,collinsbryan@example.net,869.291.5748x004,267 Eugene Ports,Lake Laurabury,Georgia,online
857,Kathryn Berger,sspence@example.com,522-981-5515x62499,952 Joseph Bypass,South Brianberg,Syrian Arab Republic,online
858,Nicole Snyder,lvazquez@example.net,746.985.8576x05057,392 Amanda Trail Apt. 940,Juanview,Isle of Man,wholesale
859,Calhoun-Carpenter,parkamanda@example.org,(780)658-3076x820,0244 Janice Course,Robbinshaven,Finland,online
860,Moore-Hayes,jennifervazquez@example.net,001-748-750-7013x422,4057 Susan Views,Andersonhaven,Turks and Caicos Islands,retail
861,Hernandez Inc,snowjonathan@example.org,(288)460-4960x225,19885 Martin Corner,Taylorberg,Liechtenstein,retail
862,James Wilson,anne79@example.com,(604)702-7183x0100,4003 Barnett Creek,West Julie,Lithuania,retail
863,Diane Evans,yoliver@example.net,001-891-516-1646x663,829 Gordon Row,Reyesberg,French Guiana,online
864,Elizabeth Anthony,longpamela@example.com,657.254.8452,1683 David Greens Apt. 147,Lake John,Maldives,wholesale
865,Brooke Williams,martin40@example.org,941.224.3205x8920,266 Erika Gardens Suite 763,Colleenhaven,Guyana,online
866,Erika Blanchard,miranda03@example.net,+1-812-701-3279x6855,17780 Gary Creek,West Teresaborough,Netherlands,wholesale
867,Amy Collins,bennettelizabeth@example.org,(514)692-9078,07725 David Valleys,New Amymouth,Myanmar,retail
868,Jeffrey Smith,james29@example.org,453.994.1187,93317 Reynolds Cliff Apt. 631,West Brittanyfurt,Oman,retail
869,Sims-Mccullough,navarrostephen@example.org,+1-885-457-6341,16402 Shannon Ports Apt. 045,Ponceview,Bhutan,online
870,Gilbert PLC,qsmith@example.net,577.390.5425,027 Stein Extensions Apt. 788,Barberside,Slovakia (Slovak Republic),retail
871,Brittany Hughes,williamsconnie@example.org,001-823-954-8366x253,323 Gonzalez Drive,West Matthewstad,Colombia,enterprise
872,William Watkins,sharonmorgan@example.net,+1-310-251-8507x9722,870 Williams Causeway,New Amy,Norfolk Island,retail
873,Garcia and Sons,patriciahall@example.org,001-360-433-7496,072 Sara Rapids Apt. 446,Lawsonshire,Bouvet Island (Bouvetoya),online
874,Bobby Hines,operkins@example.net,001-480-544-6007x919,202 Pitts Shores Apt. 499,Morenoton,Greenland,online
875,Ashley Mclean,jeffrey11@example.org,+1-567-705-1210x7535,236 Caldwell Trafficway Suite 558,Catherineberg,North Macedonia,retail
876,Reyes LLC,kevinmiller@example.net,596-218-9465x85473,1279 Kenneth Lane,New Melissa,Bahrain,wholesale
877,Alicia Martinez,susanthomas@example.org,711.746.7530x1570,014 Madeline Way Apt. 276,Valdezshire,British Virgin Islands,wholesale
878,"Martinez, Tate and Hill",tammie28@example.org,(242)600-9541,796 Myers Dam,Wrightbury,Rwanda,retail
879,Christina Kelly,christopherthompson@example.com,414-305-5162x977,69349 Miller Wells Suite 648,Garretthaven,Colombia,retail
880,Matthew Chase,tiffanyjimenez@example.com,5462483715,6317 Lamb Cove,Ellisbury,Bosnia and Herzegovina,enterprise
881,Joshua Stevens,anne67@example.org,875-231-7841x6475,7541 Gibson Meadow,Lake Joseberg,Monaco,retail
882,Chad Payne,oliveralison@example.com,(523)453-4221,797 Frank Port Suite 099,Port Kimberly,Finland,online
883,Payne-Harvey,kevinallen@example.net,301.994.0945x17790,4894 Brown Gateway,Martinezbury,Jersey,retail
884,Alexander Group,michelleperez@example.com,001-706-985-9646x521,8956 Nguyen Harbors,Campbellhaven,United States of America,retail
885,"Harrison, George and Smith",abuckley@example.com,(566)205-2261x2471,06409 Christine Common Suite 066,West Kenneth,Malawi,online
886,Bush Inc,kristinmiller@example.org,509-515-5816x738,49835 Jefferson Freeway Apt. 770,South Chad,Sri Lanka,enterprise
887,Hernandez PLC,ipeterson@example.com,968.775.2643x797,4217 Kathy Rapids,South Aliciamouth,Montenegro,retail
888,Bond Group,samanthaosborne@example.net,001-645-290-5375,511 Rodriguez Branch Apt. 089,Olsenburgh,Honduras,online
889,"Smith, Macdonald and Floyd",fdavis@example.org,001-326-566-9598,039 Simpson Forges Apt. 254,Williamsstad,Bhutan,retail
890,Rebecca Barnes,brian28@example.com,941.460.7319x8504,6612 Katherine Hills Apt. 828,Dennisberg,Kenya,enterprise
891,Ware-Johnson,victor08@example.net,904.749.1607x302,432 Michael Burgs Apt. 943,Rogerschester,Samoa,retail
892,Katherine Ramirez,joseph22@example.org,460.869.4347,15299 Berry Locks,Lake Laurenton,Western Sahara,wholesale
893,"Howard, Adams and Moss",castrodillon@example.com,+1-509-541-2547x246,45840 Lee Parkways,Johnchester,Tonga,retail
894,Edward Valencia,cookgina@example.org,001-996-213-0695,30802 Schmidt Estate Suite 244,Port Robertmouth,Congo,retail
895,Angel Miller,clineangela@example.org,(513)417-2361,01959 Frost Pike,Kingstad,Antarctica (the territory South of 60 deg S),enterprise
896,Jason Johnson,mbarron@example.com,+1-641-640-2269x5620,80288 Lauren Port Suite 377,North Charles,Costa Rica,retail
897,"Jones, Stanton and Cooper",warnerlawrence@example.org,3974204868,1292 Williams Mall,East Caleb,Turkmenistan,online
898,Melissa Diaz,ocastaneda@example.net,+1-363-814-6870x4115,553 Kayla Plain Apt. 124,Kinghaven,Zambia,wholesale
899,"Williams, Barajas and Kane",porterlaura@example.com,409.383.9222,15234 Walter Mount,New Joelburgh,Greenland,retail
900,Jessica Greene DDS,rossdaniel@example.com,001-973-220-3607x149,8445 Fields Lodge,Rosariochester,Philippines,retail
901,Douglas Warner,marquezsherri@example.net,+1-732-223-9478x000,1566 Patrick Square Suite 688,Port Bryanshire,Norfolk Island,retail
902,"Vasquez, Harris and Ferguson",christinelevine@example.com,7578326630,597 David Ford,Johnsonville,Zambia,retail
903,Matthew Herrera,terri83@example.org,+1-460-849-6091x3307,287 Brown Hill,Jesseberg,Ukraine,online
904,"Taylor, Clayton and Orr",lindsey80@example.org,001-957-469-9858x939,08966 Miller Extension Suite 518,Denisebury,Netherlands Antilles,enterprise
905,Donald Jackson,gary46@example.org,410-455-9794,1324 Robert Expressway,South Lonnie,Nicaragua,wholesale
906,Mitchell Howard,onovak@example.com,(761)997-3996x4176,7949 George Causeway,East Micheal,Malaysia,retail
907,Bennett-Webb,christopherhammond@example.net,570.591.2667x17382,713 Kirsten Union Apt. 715,East Nancyborough,Cameroon,wholesale
908,Anna Burns,kimberlysanchez@example.com,(474)320-8600,41644 Montgomery Lodge,West Amy,Dominican Republic,retail
909,Brad Cherry,mary48@example.com,001-241-852-0314x754,4738 Jillian Tunnel,Weberfort,Bouvet Island (Bouvetoya),wholesale
910,Escobar LLC,patrick47@example.org,(553)565-5560x592,1691 Jane Via,South Amybury,Bosnia and Herzegovina,retail
911,"White, Taylor and Warren",allenlisa@example.org,890-470-6715x15258,0087 James Extensions,North Meganville,Slovakia (Slovak Republic),retail
912,"White, May and Murray",bryan82@example.com,445.299.8659,245 Odonnell Bridge Apt. 163,South Staceybury,Cote d'Ivoire,wholesale
913,Laurie Morris,charles25@example.org,469.284.8282x4104,01563 Beverly Pike Apt. 757,Schneiderport,Niger,retail
914,Brianna Ray,jacobwade@example.com,223-828-9310x4988,0637 Chris Shore Apt. 661,Catherineside,Central African Republic,retail
915,Jeffrey Boyd,lisa97@example.org,(799)317-5541x33081,300 Billy Summit,Andreashire,Saint Lucia,online
916,"Rodriguez, Foley and King",kristine42@example.com,001-841-856-1354,073 Rogers Island,Martinezshire,Barbados,enterprise
917,Victoria Phillips,phillipsbobby@example.org,524.319.7502x8873,5498 Gutierrez Mountain Suite 777,Tranborough,Chile,wholesale
918,Sheila Manning,nbarron@example.net,726.356.8372x004,5915 Taylor Springs Apt. 733,Brianville,Gambia,online
919,Chad Jensen,jeffreyhuff@example.org,(242)982-3442,23025 Elizabeth Alley,Proctorbury,Sri Lanka,online
920,Joshua Chaney,nicole40@example.com,737-648-8705,57252 Torres Forks,New Jacquelinehaven,Reunion,online
921,Christina Bonilla,pamelabailey@example.net,(882)333-2018,64560 Stephen Mill Apt. 113,Tomton,Gambia,online
922,Robert Freeman,albertatkinson@example.org,001-538-929-5536x315,88577 Diana Mall,Port Jamesborough,Suriname,retail
923,Alyssa Lee,bowerssamuel@example.org,(731)575-0810,16229 Howard Estate Apt. 198,Edwardsview,Lebanon,online
924,Darryl Miller,moorecorey@example.net,(686)906-2536x1381,7711 Monica Wall Apt. 933,North Stacey,Korea,retail
925,Chaney-Diaz,ylewis@example.net,(462)285-9169x158,03667 Avery Canyon,South Jerry,Liechtenstein,online
926,Patty Cole,chadreed@example.net,+1-936-557-4858x685,7443 Amanda Mountain,East Johnathan,Bosnia and Herzegovina,online
927,Thomas-Lewis,millerjennifer@example.net,001-986-421-1375x964,7972 Anna Drives,New Glenshire,Oman,enterprise
928,Lauren Smith,andersenanthony@example.org,901.521.9244x63302,927 Williams Flats Apt. 921,East Alison,Syrian Arab Republic,online
929,"Preston, Cannon and Ortiz",lisa05@example.org,463-293-5130x39949,30342 Amy Ports,Jacquelineville,Micronesia,online
930,"Martin, Roberts and Martinez",tmorgan@example.net,884-764-5569x9033,3157 Sanchez Mountain Suite 564,East Thomas,Congo,enterprise
931,Lisa Moyer,ramirezjohn@example.org,+1-761-212-1704x3796,37241 Parker Cape Suite 827,Lawsonville,Vietnam,retail
932,"Compton, Douglas and Mitchell",penajulia@example.com,337-251-7778x425,5887 Jones Ports,Richfort,Eritrea,online
933,Trevino-Gibson,nicolereyes@example.net,797.606.6999x551,28926 Kelly Isle,Port Richard,Isle of Man,retail
934,Tina Martin,robert45@example.com,451-317-5595x839,0956 Reyes Dam Suite 672,North William,Gibraltar,retail
935,Elizabeth Gross,tammy93@example.com,379-808-8768x8384,57628 Hawkins Locks Apt. 351,Thomasfurt,Slovenia,online
936,John Castro,andrewsjamie@example.com,566.217.7200x231,01450 Madison Meadows,West Sally,Thailand,online
937,Robert Williamson,taylorwiley@example.com,724.224.3056x960,00679 Erin Heights,Gonzalezmouth,Vanuatu,retail
938,David Jackson,randolphseth@example.com,+1-670-211-9080x479,58488 Patricia Parkways Apt. 202,Martinhaven,United Kingdom,wholesale
939,Destiny Jordan,benjamin65@example.com,413.928.5155,286 Alvarez Crescent Apt. 233,Castroside,Slovenia,retail
940,Moreno-Casey,ojohnson@example.net,872-505-2917x7508,7698 Flynn Field,North Gabrielton,New Zealand,online
941,"Ochoa, Marks and Chaney",qpatrick@example.org,+1-343-766-8995x7041,6423 Victoria Lock,Gregoryville,Nicaragua,online
942,Eric Fleming,shermanerica@example.net,459.686.0786x381,7926 Hannah Throughway,Williamfort,Solomon Islands,online
943,Anthony Mccarthy,brandon35@example.org,001-857-730-0974,8348 Rachel Corner,West Nathanfurt,Georgia,retail
944,Elijah Davies,rickey24@example.org,638-259-8646,228 Kevin Orchard Suite 323,Sawyerhaven,Norway,enterprise
945,Marcus Newman,daviskathleen@example.net,6689400067,912 Margaret Coves,Port Danielchester,Poland,enterprise
946,Poole and Sons,mossnathan@example.com,619-490-3970x970,05612 Candice Roads,Bensonburgh,Guyana,enterprise
947,Mr. Joseph Clark,joseph25@example.org,(212)908-6550,94305 Wallace Locks,West Jonathan,Ghana,retail
948,Tiffany Mcbride,jenniferparker@example.org,260.312.7827,0240 Haley Freeway Suite 688,Garzastad,Guam,online
949,Anna Brown,mtaylor@example.org,(296)570-8323x87825,01704 Morales Canyon Apt. 381,Williamstown,Congo,wholesale
950,Scott King,jeffreycole@example.com,001-956-588-9682,0724 White Isle Suite 989,Rosechester,Bulgaria,online
951,Matthew Johnson,itaylor@example.org,(808)435-2339x1998,702 Scott Plaza Apt. 823,Port Jamesshire,United States of America,wholesale
952,Lisa Leon,johngraham@example.com,001-653-835-1749x646,94714 Donna Ridge Suite 161,Jacksontown,Germany,retail
953,Joyce Thomas,maryperez@example.net,001-336-714-3456x486,573 Tammy Fords,Paulaland,Hong Kong,online
954,Raymond Jackson,mccoyarthur@example.com,5147275526,57013 Wright Green Apt. 845,Millershire,Jamaica,online
955,Norris-Guzman,brenda25@example.org,961-361-7132x714,563 Robert Causeway,Craigchester,Norway,online
956,Christopher Lara,aduffy@example.net,(483)851-6123x4611,93090 Strong Key,East Anna,Togo,online
957,Robert Hughes,rita18@example.com,001-355-696-1689,889 Bryan Ville,East Juliatown,Micronesia,online
958,Jennings and Sons,mmontoya@example.net,(756)475-6965x4209,5044 Hanna Underpass,Coleville,Qatar,online
959,Meagan Bruce,pamela49@example.net,365-884-9144,52573 Jacobs Street Suite 030,New Cindy,Eritrea,retail
960,Lauren Odom,smithmarie@example.com,001-942-621-8432x307,40107 Hudson Village Apt. 257,Lake Donna,Mozambique,retail
961,Kimberly Brown,sortiz@example.com,493-925-1649x9874,89723 Holmes Port,South Ryanstad,Ghana,retail
962,Justin Ward,antoniocampbell@example.net,(973)504-0009x53656,92687 Jones Stravenue Apt. 884,Danielberg,Heard Island and McDonald Islands,online
963,Jennifer Bartlett,tmorrison@example.net,677.457.8735x94463,57462 Tammy Lodge Suite 273,Jenniferfurt,Gibraltar,online
964,Karl Williams,downspatricia@example.net,(496)766-7156x3075,776 Singleton Causeway Apt. 027,Port Karen,Bhutan,online
965,Preston Molina,rowlandtanya@example.com,+1-657-299-2523,119 Richard Fords,Webermouth,Kuwait,retail
966,"Mitchell, Cameron and Keller",mmitchell@example.org,+1-305-803-1827x3692,710 Foster Ports Suite 793,East Angelashire,Burundi,retail
967,Kimberly Marquez,emily78@example.com,001-903-300-4512,716 John Camp Apt. 811,Lake Seanstad,Guernsey,online
968,Kayla Richardson,thomasjessica@example.org,9539883498,56797 William Plaza Suite 762,Heathershire,Montserrat,retail
969,Paul Wright,theresa17@example.net,001-917-871-0203,18947 Ruiz Mount Apt. 886,Amandaside,Isle of Man,retail
970,Hawkins LLC,ccarlson@example.org,+1-768-455-1312x7731,9043 Bowman Streets,New Maria,Bosnia and Herzegovina,retail
971,Neal-Gregory,cassandrahurst@example.com,912-385-8913x08981,598 Thomas Greens,West Jimmy,Yemen,retail
972,Lori Ruiz,cameron71@example.org,998.889.1399,997 Kristin Flat Suite 243,Harmonmouth,Brunei Darussalam,retail
973,Holly Mcbride,wendygarcia@example.net,+1-489-673-3561x3085,95353 Theresa Trafficway Suite 721,Rodriguezborough,French Guiana,online
974,Sara Glover,william99@example.net,001-974-513-5312x346,12471 Mary Villages Apt. 038,Lake Maria,Cyprus,online
975,Kevin Cole,qbrewer@example.com,(476)596-6242,6378 Christopher Camp Suite 671,Lake James,Libyan Arab Jamahiriya,retail
976,Spencer-King,jameslee@example.net,(845)348-2739x54816,871 Zachary Trace Apt. 968,New David,Pakistan,retail
977,Laurie Harrison,prestonmelissa@example.net,(463)325-2588x858,402 Walter Glen,Port Elizabethview,Niger,online
978,Carlson Group,christopherharris@example.net,(556)880-9634,455 Smith Stravenue Suite 278,Jasonshire,Saint Martin,wholesale
979,"Luna, Green and Mueller",blewis@example.com,349-228-6401,290 Jackson Spring,North Seanchester,Palau,online
980,Jenna Smith,adamdavis@example.net,+1-232-482-1252x8552,52833 Amy Junction,Emilyfort,Monaco,wholesale
981,James Gonzalez,moorejerry@example.com,001-688-860-0000,2415 Stephen Knolls,Lake Sarah,South Georgia and the South Sandwich Islands,retail
982,Yang LLC,hwilliams@example.net,865-709-2980,2701 Heather Harbor,Lake Dannychester,Northern Mariana Islands,retail
983,Chaney-Butler,josephklein@example.com,376-571-9224x7822,8807 Davis Crossroad,Port Timothy,Japan,retail
984,Parsons-Sloan,gspears@example.org,001-411-523-7928x148,874 Phillips Grove Apt. 240,Johnview,Colombia,retail
985,"Mckay, Cameron and Robertson",mariafrancis@example.net,715-482-7024,234 Fisher Forks Apt. 211,New Kathleenfort,Antigua and Barbuda,online
986,Andrea Booth,peggyreyes@example.net,990-710-7623,7123 Charles Parks Suite 302,Port Davidtown,Syrian Arab Republic,retail
987,Christopher Kim,brendasosa@example.net,+1-848-832-8646x412,59683 Alice Fort,North Timothy,Lithuania,retail
988,Edward Garza,jasonwarner@example.com,(881)875-5795x8780,0968 Mcclure Burg Suite 566,New Philip,China,retail
989,Juan Jones,alvaradocharles@example.com,001-258-504-9566,2380 Matthew Islands Suite 781,Vargasfurt,Congo,online
990,Haley Howe,dbryant@example.org,+1-823-475-6190x4244,167 Johnston Harbor Suite 839,Williamsview,Turkmenistan,online
991,Lang Ltd,palmerrebecca@example.org,981-848-5061,4060 Kyle Shores,Lake Donald,Nicaragua,enterprise
992,"Marsh, Barton and Sims",griffinashley@example.net,(793)598-9085,7770 Watson Valley,Port Sandramouth,Bermuda,online
993,Hampton Ltd,sthomas@example.com,(765)390-5349x75744,59845 Bailey Isle,Taylorburgh,Switzerland,online
994,Brent Holt,garciaapril@example.com,435-971-6170x297,29455 Hamilton Summit,Jacksonland,Estonia,retail
995,Joseph Mcfarland,cory75@example.com,(630)689-6126,5173 Anderson Haven Apt. 382,New Cheryl,Grenada,online
996,David James,timothyrussell@example.net,(987)542-5943,181 Esparza Parkways Apt. 849,Travisfurt,Niue,enterprise
997,Mr. Carlos Pierce,qlee@example.net,(521)869-3375,3269 Robinson Walks,Huntberg,French Guiana,retail
998,Melinda Morrison,courtney12@example.org,001-554-370-3489,4992 Nichole Motorway,Kimberlyview,Guinea-Bissau,online
999,"Romero, Velasquez and Webb",jodyrodriguez@example.org,001-261-487-2001,1822 Betty Hollow,Parkerfort,Guatemala,retail
1000,Holly Vang,richard12@example.net,(547)814-1167,0676 Stephanie Lodge Apt. 177,Sellersshire,Honduras,retail
1001,Dean Inc,bishopkendra@example.net,+1-983-697-3952x736,04504 King Harbor,Port Monica,Estonia,enterprise
1002,Sheila Sparks,brandypratt@example.net,8713365910,5496 Ramirez Creek,South Melissaburgh,Suriname,wholesale
1003,Heather Rogers,williamsfrederick@example.net,657-902-7892x921,28989 Gwendolyn Extensions Apt. 310,Lauraville,Kenya,online
1004,Cassandra Donaldson,ashley38@example.net,+1-878-888-5882x8188,71850 Larry Gateway Suite 808,West Danashire,Belarus,wholesale
1005,Matthew Bautista,cheryldavis@example.net,(724)238-0118x0386,66655 Morgan Plaza,Janiceberg,Cook Islands,retail
1006,"Flowers, Parker and Johnson",asullivan@example.org,001-622-758-1602x237,4952 David Roads,Hannaport,Cayman Islands,retail
1007,Michael Cooper,kristiharrison@example.com,001-613-209-3732x972,268 Amber Heights,Bradybury,Zimbabwe,enterprise
1008,Alan Foster,bspears@example.net,+1-354-507-9137x0571,2356 Martin Islands,Grantburgh,Saint Pierre and Miquelon,online
1009,Morgan Rice,michael65@example.com,(501)933-2057,940 Kaitlin Wells,Rodriguezfort,Syrian Arab Republic,enterprise
1010,Benitez-Howell,garciajon@example.com,4828821927,755 Chelsea Route Apt. 767,East Yolanda,Armenia,wholesale
1011,Laura Fuentes,sharon51@example.net,816-608-8621,02781 Jacob Extensions Suite 485,North Victor,Christmas Island,online
1012,Tiffany Floyd,deanna56@example.com,+1-319-720-1248x4417,3961 Tracy Plains Apt. 152,West Anne,Switzerland,retail
1013,Marie Grimes,robertburke@example.org,001-913-620-5853,048 Katherine Mountain Suite 423,South Beth,Mongolia,online
1014,Ashley Cummings,andrewcastro@example.org,+1-812-957-3782x105,80665 Michael Streets,Smithstad,Zambia,retail
1015,Erik Cox,brian67@example.org,334-355-7404x49927,837 Alyssa Ports,West Triciahaven,Ireland,enterprise
1016,Curtis Daugherty,tcameron@example.net,780.801.2539x05321,0402 Crane Station,Port Timothyland,Nauru,online
1017,Tiffany Stewart,kaitlynmiller@example.org,489.460.1052,534 Holloway Skyway Suite 567,Jenniferport,Northern Mariana Islands,enterprise
1018,Daniel Solomon,lindathornton@example.org,(446)477-8173,7114 Zachary Fords Suite 777,Edwardmouth,Mozambique,online
1019,Shelby Collins,champton@example.org,411.814.2308x1837,346 Sharon Way,South Zacharytown,Cocos (Keeling) Islands,wholesale
1020,John Chen,bpham@example.net,001-369-917-8700,3883 Edward Course Suite 402,East Chase,Western Sahara,wholesale
1021,Daniel Sampson,millercharles@example.org,3214050253,4697 Houston Roads,Christinefurt,Qatar,online
1022,Rogers-Blackwell,patricia21@example.net,+1-308-559-5448x6348,506 Sandra Squares,North Theresashire,Macao,wholesale
1023,Sharon Thompson,mperry@example.net,001-688-402-4274x341,50481 Stephens Fort Suite 831,Brittanyview,Niger,retail
1024,Ramirez and Sons,xanderson@example.com,230.863.8556x190,425 Atkinson Mountains,Martinburgh,Guam,retail
1025,Perry-Anderson,rmason@example.net,+1-218-224-5537x242,996 Moore Avenue,Tapiafort,Saint Lucia,retail
1026,Jones-Mills,alyssa82@example.org,693.556.2559x165,670 Perez Rest Apt. 911,Port William,Bosnia and Herzegovina,online
1027,Richard Burnett,melanienunez@example.net,+1-605-220-6357x2434,890 Patricia Mission Suite 207,Michelefort,Bulgaria,retail
1028,"Horne, Wells and Rios",ashleyrodriguez@example.org,(983)275-1982,595 Alison Parks Suite 261,Escobarfort,Saint Vincent and the Grenadines,retail
1029,Kelsey Griffin,qmcdowell@example.net,618-647-6297,916 Timothy Common Apt. 276,Port Alexis,Sri Lanka,retail
1030,Richard Soto,tony04@example.com,(731)991-3437,7665 Thomas Rapids Suite 664,Susanton,Kazakhstan,online
1031,Brian Palmer Jr.,jennifer21@example.org,(509)801-6744,353 Hunt Crossroad,Alexanderhaven,Guam,wholesale
1032,"Lane, Clark and Larsen",maldonadomatthew@example.org,001-546-524-7021x770,977 Melanie Brook Apt. 208,Armstronghaven,South Africa,enterprise
1033,Camacho LLC,ruizjuan@example.org,355-392-5346x058,36137 Stewart Hills Apt. 459,East Nataliebury,Rwanda,online
1034,Kimberly Durham,lisa33@example.org,945-293-9207,540 Wright Court,Johnsonhaven,United States Virgin Islands,online
1035,Mallory King,hannah83@example.org,001-338-660-6551x281,6673 Kelly Bridge,Kelleyburgh,Gambia,wholesale
1036,Walter Martinez,bsmith@example.net,402.658.3668,3834 Oconnell Circles,South Justinstad,Denmark,online
1037,Powell-Hudson,tmccoy@example.com,231.225.4756,9376 Henry Crossing,Ritaland,Niger,retail
1038,"Garcia, Brown and Orr",andre85@example.org,433.950.2067x238,6967 Harrison Hills,New Raymond,Micronesia,wholesale
1039,Meyer-Morrow,xmccarthy@example.org,412.694.6576x02491,025 Wang Corners Suite 640,South Josephshire,Azerbaijan,retail
1040,"Williams, Page and Johnson",sharonwashington@example.net,932.206.7146,28691 Julie Crossing,Sarahmouth,Timor-Leste,retail
1041,Catherine Hunt DVM,llee@example.org,(217)605-0757,941 Kimberly Grove Apt. 887,Williamsbury,Cambodia,retail
1042,Patricia Cruz,hharper@example.com,361.381.4762x22147,66533 Philip Mill Suite 395,Jonathanmouth,Guinea,retail
1043,Breanna Murphy,eric71@example.net,001-655-716-8770x018,8035 Kim Manors Apt. 156,Nataliemouth,Mauritania,retail
1044,Collins and Sons,michaellopez@example.net,(218)817-3143x0902,369 David Path,Mcguirebury,Serbia,enterprise
1045,Hoffman Ltd,qvazquez@example.net,2026432405,38081 Jesse Mountains,Maldonadoberg,Wallis and Futuna,retail
1046,Lori Small,iscott@example.net,(554)688-5101x02113,8142 Nunez Locks,East Sandra,Germany,wholesale
1047,Zamora LLC,rflores@example.org,859-678-7996x32386,742 Juan Corners,Mcphersonborough,United States Virgin Islands,online
1048,"Harper, Salinas and Coleman",oowens@example.com,(210)927-3581,47567 Samantha Mountains,Johnsonland,Estonia,retail
1049,Campos-Jefferson,bullockdebra@example.net,+1-623-747-9931,4317 Stacey Park Apt. 676,Lake Peterchester,Mali,retail
1050,"Gibson, Jensen and Potter",kimberlyreyes@example.net,6825539005,7040 Garrison Divide,Port Frank,Australia,online
1051,Kirk-Graham,zsmith@example.com,206-246-2788x663,13758 Gordon Mountain,Hughesmouth,Papua New Guinea,retail
1052,Vanessa Harris,thomastracy@example.com,529-764-8939x88611,3405 Khan Spring Apt. 625,Jenniferton,Solomon Islands,online
1053,Benitez Group,eharper@example.net,(388)273-6051,3583 Anderson Parkway,North Anthonyshire,Jersey,online
1054,Andrew Christensen,usanchez@example.org,(265)293-7350x1038,95873 David Falls Suite 418,East Joshua,China,retail
1055,Edward Miller,jackie51@example.com,+1-828-254-8959x8711,38686 Cynthia Rue,Lake Stacyside,Djibouti,retail
1056,Sharp-Porter,dustin71@example.org,001-604-824-0827,816 Evans Ford,Harriston,Antigua and Barbuda,enterprise
1057,Ross PLC,callahanjeremy@example.org,910-540-6331x476,91646 Michelle Stravenue,West Annastad,Croatia,retail
1058,Jennifer Gamble,pking@example.org,001-394-852-3621x903,3844 Susan Curve Suite 326,East Timothy,Seychelles,retail
1059,Hinton-Adams,bhoover@example.org,(835)822-7748x076,654 Mckinney Summit,Lake Natalie,Ghana,enterprise
1060,George Ware,tkidd@example.org,293-227-3848x8761,482 Arias Track Suite 908,Delgadoborough,Benin,retail
1061,"Murray, Meadows and Hicks",hernandezlaurie@example.net,(506)846-0288,8601 Cardenas Pike Apt. 439,Port Chelsea,United Kingdom,retail
1062,"Frazier, Miller and Spence",ahouse@example.com,204-446-4307x72078,739 Beth Ridge,Jeremiahmouth,Georgia,retail
1063,Jeanette Clark,pamela51@example.org,001-758-637-8498x600,1886 Linda Keys,Andresfort,Malawi,online
1064,Perez-Armstrong,diana09@example.org,+1-814-798-3502,790 Whitney Mission,North Julia,United States Virgin Islands,enterprise
1065,Curry-Freeman,williamsjulia@example.org,505.375.4100,962 Sandra Unions Apt. 923,South Michaelview,Bulgaria,retail
1066,Lewis-Jacobs,danahernandez@example.net,001-640-364-5338x452,57188 Renee Land Apt. 323,New Michaelburgh,Bolivia,retail
1067,Adams-Shaffer,mweaver@example.com,2878467409,3563 Vanessa Burg,East Ian,Tunisia,wholesale
1068,Stanley Smith,kaylamercado@example.com,+1-686-311-4163x5557,7473 Cooper Motorway Suite 767,South Lisabury,Gabon,wholesale
1069,Mr. Jeremy Gonzalez DDS,berrynicole@example.com,(530)345-3707x471,96926 Ashley Crossroad Apt. 793,South Elizabethton,Eritrea,wholesale
1070,Nathaniel Norman,ztorres@example.org,517-345-0115x959,1975 Richard Glen Suite 858,Jessicaborough,New Zealand,wholesale
1071,Jamie Atkins,robertsonmegan@example.net,748.354.2084x8139,7718 Hale Forks,New Michaelfurt,China,retail
1072,Luis White,hardingchristopher@example.com,+1-601-374-9713x6412,81648 Holt Mountains Apt. 978,Edwardsmouth,Morocco,online
1073,Maria Reilly,michaelbecker@example.com,+1-970-946-5717x3771,306 Lisa Plain,New Gregoryborough,Madagascar,retail
1074,Christine Brooks,georgehays@example.com,378.887.0221x24464,669 Morgan Inlet,Port Jessica,Lesotho,online
1075,Kevin Houston,gloria42@example.org,397.543.4762x96117,83892 Ryan Stream Apt. 241,Watsonfort,Congo,retail
1076,"Vega, Tran and Smith",yjones@example.org,575-562-6923,24676 Meza Street,Port Samuel,Tonga,online
1077,"Hays, Smith and Smith",jenna38@example.com,+1-551-459-6981,124 Hill Spring,New Ashley,Comoros,retail
1078,Jason Collins,mckenziecaldwell@example.com,558-695-2778,6650 Heath Views,New Grant,Marshall Islands,online
1079,Jason Herrera,smyers@example.org,(227)517-7674x662,6094 Koch Ridge Suite 895,Brandonview,Vietnam,online
1080,"Gutierrez, Hernandez and Anderson",nrice@example.com,(316)282-9689x81928,76821 Foster Ville Suite 886,East Georgechester,Denmark,retail
1081,Brian Cherry,griffithdonna@example.com,517.776.2601,417 Jessica Plain Suite 014,Alanchester,Trinidad and Tobago,retail
1082,Abigail Foster,maria75@example.com,326-266-6415x57099,845 Steven Skyway Apt. 881,West Jasminetown,Nauru,wholesale
1083,Daniel Yates,linda53@example.org,+1-721-878-4151x6617,36439 Cortez Coves,Grayton,Congo,online
1084,Thomas Ltd,scottreid@example.org,721-745-4781x6896,86207 Hamilton Turnpike,Dennisland,Kiribati,wholesale
1085,Anthony Gibbs,steven57@example.net,(821)480-8163x6020,604 Smith Trail Suite 570,Wilsonside,Holy See (Vatican City State),online
1086,Jonathan Li,brandonlewis@example.net,488.815.8141x088,57569 Scott Spring Apt. 394,Jenniferhaven,Poland,enterprise
1087,Michelle Schmidt,josephedwards@example.com,679-885-7539,3152 Madison Row,West Michelle,Malawi,online
1088,Bonnie Golden,markhampton@example.net,(881)667-2796,01283 Nelson River,North Donna,Niue,retail
1089,Tiffany Hicks,vbond@example.net,+1-805-737-7998x519,445 Morse Light,Helenfort,Turkey,retail
1090,Lee Whitney,lewisjessica@example.net,548.719.5000x15969,98932 Paige Point Apt. 659,Lesliebury,Honduras,online
1091,Micheal Meza,cheath@example.org,378-999-3703x87262,314 Hansen Mission,Taylorfurt,Netherlands Antilles,wholesale
1092,Anthony LLC,dwhite@example.com,290-492-5228x0390,352 Tracie Plaza Suite 712,Kevinfort,Liberia,retail
1093,Burton-Mcintyre,apalmer@example.com,(405)628-4304x434,5220 Cheryl Points Apt. 533,Lake Patriciaside,Holy See (Vatican City State),online
1094,Dr. Kimberly Lopez,ubowman@example.net,001-645-783-8521,957 Snyder Burg Apt. 440,North Rebeccaport,Congo,retail
1095,Emily Barajas,blackburnpatricia@example.org,778-287-8441,8286 Victoria Mountains Suite 852,Stevensstad,Grenada,wholesale
1096,Michael Allen,kylecurry@example.net,+1-508-617-2755x2589,9623 Carter Spurs,Lake Danielburgh,Zambia,wholesale
1097,Evan Hickman,moralesjames@example.com,+1-597-662-2021x5442,8437 Smith Row Suite 806,Lake Jessica,Netherlands Antilles,retail
1098,George Cox,jessica52@example.org,8455142469,09996 Marsh Expressway Suite 956,New Pamelaville,Botswana,retail
1099,Carpenter PLC,rmorrow@example.org,(294)211-1723x46603,17187 Alyssa Fort,Lambland,Czech Republic,retail
1100,Cole-Hernandez,walkerdustin@example.net,+1-371-771-8560x6714,01073 Hutchinson Passage,Port Katherine,Ukraine,online
1101,Stephen Martin,gutierrezbrittany@example.org,596-336-5088x290,609 Beverly Creek,Pricefurt,Jersey,online
1102,Margaret Wilkinson,richard24@example.com,753-781-0904x29856,79727 Hood Unions,Aliceland,Finland,retail
1103,William Lee,michael99@example.org,846.262.1678x5557,789 Shawn Forest Apt. 296,Arthurhaven,Brunei Darussalam,retail
1104,Virginia Wood,powellmary@example.com,+1-496-531-8871x879,96095 Bullock Isle Apt. 558,West Eileenshire,Oman,enterprise
1105,Moore LLC,cookmatthew@example.net,4913588490,1109 Lynch Turnpike,New James,India,online
1106,Edwin Cochran,baldwinandres@example.net,437.932.6080,88565 Barnes Hill,Bradyton,Bulgaria,online
1107,"James, Zamora and Gallagher",april00@example.net,389-316-8584x165,399 Craig Mountain Apt. 308,Hicksbury,Nigeria,retail
1108,Ramos-Williams,michaelmacias@example.net,899-752-9030,459 Torres Row Apt. 451,Robinsonstad,Botswana,wholesale
1109,Kayla Mcbride,kellysilva@example.org,(813)548-2024,328 Isaac Roads,Flemingmouth,Djibouti,enterprise
1110,"Scott, Garcia and Young",dconley@example.net,558-375-8628x5743,4789 Tapia Centers,Jacobchester,Trinidad and Tobago,online
1111,Katherine Mann,beckysilva@example.net,+1-509-307-5043,999 Smith Lodge Apt. 815,East Katie,Honduras,online
1112,"Reese, Hale and Williams",mayojessica@example.com,001-506-341-6681x357,792 Wesley Villages,Lake Richardhaven,Mauritania,online
1113,Robert Reed,btran@example.org,758.247.7267x95035,32557 Lynch Neck Suite 887,Burketon,Gambia,retail
1114,Andrew Turner,elizabeth90@example.org,001-937-702-4024x187,686 Wise Crescent,Sarahland,Turks and Caicos Islands,online
1115,Kristin Wolfe,davisdiana@example.net,+1-485-710-1184,4051 Mendez Path,North Chelsey,Norfolk Island,online
1116,Riley-Hernandez,campbellpeter@example.org,+1-975-491-7766x400,22585 Woodard Drives,New Luke,Nicaragua,wholesale
1117,Thomas LLC,xschmidt@example.org,+1-648-468-0498x7509,9217 Cantu Mission,Henryfort,Greenland,enterprise
1118,Johnson Ltd,reyescynthia@example.com,+1-594-244-5170,8733 Daniel Point,Jameston,Brazil,online
1119,Dana Andersen,lhobbs@example.org,649.293.5241x4398,48807 Adams Parkway,North Cherylmouth,Jamaica,retail
1120,Michael Shaw,pamelasherman@example.org,001-350-699-4241x452,04063 Rangel Shoal,Scottshire,Guam,online
1121,Gina Giles,kingmarissa@example.org,001-954-640-6005x325,712 Adrian Road Apt. 577,New Molly,Ukraine,online
1122,Fuller Inc,melissawallace@example.net,+1-434-857-3071x1025,3873 Stacy Cliffs Suite 205,West Jenniferfurt,Haiti,retail
1123,Jasmine Weiss,cthomas@example.org,712.540.1326,39785 John Mill Suite 233,Nathanview,Nigeria,wholesale
1124,"Lopez, Palmer and Ford",austin93@example.org,+1-544-736-5915x3276,851 Curtis Forest Suite 048,Mitchellborough,Bosnia and Herzegovina,online
1125,Johns LLC,summersampson@example.com,(211)435-8884x5775,9989 Kimberly Circle Apt. 118,New Matthewtown,Guyana,retail
1126,Tanya Galvan,jenniferwilliams@example.org,207-991-0877,6347 Sean Streets Apt. 009,Port Benjamin,Cuba,retail
1127,Susan Garcia,mooredwayne@example.com,+1-521-478-2771x0501,512 Jamie Springs Apt. 083,New Pamela,Croatia,wholesale
1128,Christopher Kane,johnnyli@example.net,974-525-9144,36707 Martin Stream,Lake Morganshire,Guatemala,wholesale
1129,Chad Fuentes,alec47@example.com,001-910-302-7578x986,4902 Hogan Plains,Lake William,Montenegro,retail
1130,Evelyn Newman,zlozano@example.org,5723872757,913 Kristina Gateway,Fischermouth,Montenegro,retail
1131,Katherine Nixon,erikmata@example.org,944-863-9639x26691,30241 Juarez River Suite 496,Norrisview,Martinique,retail
1132,Chavez-Vance,vcrawford@example.com,001-248-356-4830,0640 Jason Stravenue Suite 626,Erikaton,Martinique,wholesale
1133,Laura Benton,christopher95@example.com,(228)716-0596,7169 Ellis Street,New Tylermouth,Saint Lucia,online
1134,Martinez PLC,moorekristine@example.net,(460)250-2065x157,1905 Nicholas Meadows,New Kristin,Egypt,retail
1135,Simon-Burke,deanna62@example.com,(465)348-1901x17078,6439 Johnson Mountain,Donaldmouth,Puerto Rico,online
1136,Smith-Mccormick,thompsonsean@example.org,(488)271-3228x754,6741 Deborah Hills,North Mark,Fiji,online
1137,Kylie Ruiz,mollybauer@example.org,+1-665-378-7970,4299 Mcpherson Drive Apt. 596,Bergerside,Cameroon,retail
1138,Brady and Sons,mccoytara@example.org,001-693-270-7348x567,974 Scott Mission,South Nicole,Rwanda,online
1139,Richardson-Mclaughlin,wlong@example.org,834-448-4661x1771,24829 Jason Ways,North David,Lithuania,retail
1140,Sarah Howard,gabriel62@example.com,848-731-5229x30117,5085 Hanson Club,Port Keith,Mexico,wholesale
1141,Steven Watts,morganreginald@example.org,637-670-1438x920,58521 Rebecca Crossing Suite 992,South Timothystad,Tajikistan,retail
1142,Leach-Hayden,obrooks@example.org,+1-656-757-3294x6012,693 Vincent Greens,Crosschester,Namibia,retail
1143,Williams-Joyce,kimberlyellis@example.org,+1-973-733-8169,8388 Bond Key,Annville,Norfolk Island,online
1144,Elizabeth Mccarthy,rita28@example.net,453.739.6886x010,982 Holt Summit Suite 146,Garrisonborough,Bulgaria,enterprise
1145,Victor Pace,miguel08@example.net,748.740.3628,4792 Smith Expressway Suite 898,East Ebonyville,Rwanda,online
1146,Castro-Ferguson,lisaguzman@example.net,(795)478-6509,3080 Rebecca Camp Apt. 810,Nelsonville,China,online
1147,Amber Meyers,browncharles@example.net,8724994474,9640 Cruz Plains,Walkerland,Malawi,enterprise
1148,Dawn Higgins,kayla70@example.com,4789054071,17621 Frye Passage,Hallview,Gibraltar,wholesale
1149,Keller and Sons,danieltaylor@example.com,(953)622-0812,190 Joan Trail,North Davidview,Sao Tome and Principe,online
1150,Robin Simpson,jorgewarner@example.com,001-377-795-2689x082,38291 Franklin Pass Apt. 491,South Virginiatown,Pakistan,retail
1151,Timothy Jacobs,xwest@example.com,643-747-8217x3891,56420 Joshua Manor Suite 285,Douglasmouth,Chad,retail
1152,"Lopez, Mack and Proctor",floydsandra@example.org,225-984-3299x1378,24414 Barry Field Apt. 788,Manuelbury,Anguilla,online
1153,Logan Chapman,tbrooks@example.com,(957)824-9259,06964 Austin Crescent Suite 442,Port Jennifer,Algeria,wholesale
1154,Maria Jones,cameron05@example.org,875.878.6123x587,9091 Nancy Meadows,Port Frank,Iceland,online
1155,Brooks Group,clewis@example.org,231-568-8978,231 Torres Junction,Scottshire,Belarus,online
1156,Morris Inc,nicolebrown@example.org,001-646-301-0995x872,139 Higgins Branch,Port Rachel,Sri Lanka,online
1157,Brent Ray,chanjill@example.com,001-691-507-6432x631,244 Audrey Isle,West Johnport,Bhutan,retail
1158,Cassandra Johnson,uedwards@example.com,2668543113,7401 Thompson Estates,Davidton,Georgia,online
1159,Adam Smith,jessebender@example.org,878-727-7345x734,674 Robin Junction,New Carolinemouth,Kenya,retail
1160,Jeffrey Smith,miguelharris@example.com,224.857.4415x3966,8994 Dana Points,Christopherport,Slovakia (Slovak Republic),wholesale
1161,Escobar-Stevens,vdaniels@example.net,+1-345-861-8913x493,5031 Cheryl Pines Apt. 956,South Christina,Lebanon,retail
1162,Jennifer Pollard,cantubrenda@example.com,(723)514-2112,44440 Mercado Throughway Apt. 112,Brendafurt,Uruguay,retail
1163,Paula Gomez,martinezcheryl@example.net,(930)719-3633x959,8977 Garcia Mill Suite 514,West Jessica,Suriname,retail
1164,Robert Ortiz,smithjoseph@example.net,336-262-0666,11745 Emily Summit,West Sean,Cyprus,retail
1165,Bob Johnson,smithadam@example.net,797-337-0612x45551,222 Reynolds Vista,Bradside,Anguilla,retail
1166,Ronald Bowen,robert49@example.net,001-304-457-8847x143,45158 Julia Inlet,Port Philip,Jordan,retail
1167,"Wood, Kelley and Duarte",qhoover@example.com,001-730-327-8911x745,54048 Kimberly Keys,Colemanside,Bulgaria,retail
1168,Danny Macias,charlesfleming@example.org,678.918.4393x9578,0547 Simpson Unions Suite 531,Port Vincent,Israel,wholesale
1169,"Martinez, Simmons and Nielsen",pzhang@example.net,923-574-0517x175,83613 Kyle Brook,East Amybury,Poland,wholesale
1170,Teresa Ortiz,yburton@example.org,001-852-924-2932,520 Rodney Valleys Apt. 759,South Kathleenborough,Belarus,retail
1171,Kim Inc,keithsanford@example.org,001-736-603-6082x781,5281 Diane Station Apt. 199,New Barbara,Czech Republic,enterprise
1172,David Perez,zachary62@example.com,350.838.5044x86010,90004 Damon Radial,New Paul,Samoa,online
1173,Connor White MD,qjones@example.org,5626140249,71152 James Falls,Christopherstad,North Macedonia,online
1174,William Kelly,lisa25@example.org,001-424-825-4759x576,752 Zachary Mills,East Reneeberg,Ethiopia,wholesale
1175,Bethany Benitez,christopherrusso@example.org,2838888461,65919 Smith Summit,Barryview,Burkina Faso,wholesale
1176,Sarah Cook,bethsanford@example.com,001-333-784-1962,5388 Duran Ports,Baileybury,Mali,retail
1177,Daniel Mccann,troyjordan@example.org,731-276-1586,870 Duke Pike Suite 010,Mcdonaldfurt,Falkland Islands (Malvinas),retail
1178,"Bell, Hill and Howard",fitzpatrickfrank@example.org,001-218-773-2856x580,053 Barnes Burgs,East Kelly,Anguilla,retail
1179,Willie Park,spencerleah@example.com,+1-742-834-8983x7638,973 Peterson Overpass,Kington,Belgium,retail
1180,Davidson PLC,nancy99@example.org,863-258-7514,53009 Skinner Roads,Bernardview,Gambia,online
1181,"Ramsey, Swanson and Diaz",aaron77@example.com,+1-750-335-4492x530,5126 Smith Points,New Diane,Kiribati,online
1182,William Kelley,dzuniga@example.com,+1-966-943-0673x8750,2184 Shane Walks,Marvinhaven,French Guiana,online
1183,"Liu, Chapman and Miller",pgarcia@example.net,774-222-1991x431,71020 Dawn Forge Suite 925,New Tammyfurt,Belize,wholesale
1184,Greer and Sons,lthompson@example.net,289-299-3284,269 Tammy Springs Apt. 241,North Danaburgh,Brunei Darussalam,wholesale
1185,Anne Walker,matthew42@example.net,505-358-9119,05270 Johnny Stream,New Danaport,Seychelles,wholesale
1186,Christine Padilla,wmosley@example.com,605-855-8644x526,72313 Rodriguez Courts Suite 288,Joshuabury,Holy See (Vatican City State),wholesale
1187,Robinson-Jones,angela08@example.org,8263233329,02079 Paul Hill,Clarkmouth,Rwanda,retail
1188,Johnson PLC,figueroarachel@example.com,811-870-7230x8946,819 Dixon Field,Williamview,Congo,retail
1189,Tracy Hamilton,bryan60@example.org,+1-319-230-5127x198,6524 Ronald Dale Apt. 430,Bradbury,Brunei Darussalam,retail
1190,Brianna Wood,smithmiguel@example.com,001-215-344-7995x818,83892 Stacey Loop,West Troy,Turkmenistan,online
1191,Patricia Cervantes,david38@example.com,(993)563-1761,41110 Powers Ranch,Lake Markfort,Netherlands,online
1192,"Mckay, Gordon and Jenkins",jimenezpeter@example.net,804-521-1633x4016,39337 Richard Park,Joseside,Mozambique,online
1193,"Cain, Watson and Conway",debra85@example.org,624-917-5916,6400 Kayla Harbor,East Johnton,Montenegro,online
1194,Owens-Zamora,tonyataylor@example.com,615.577.6157,1364 Courtney Courts Suite 945,New Jessica,Niue,retail
1195,Christopher Walters,diana01@example.com,+1-227-891-0269x742,046 Marilyn Mews Suite 304,Jessicamouth,Serbia,online
1196,Cantu-Hanson,glucas@example.com,460.667.0012x800,81009 Jessica Lakes,East Larry,Iran,online
1197,Sharon Navarro,owhite@example.com,695-667-9971x46857,88250 Michelle Road Suite 780,East Meredith,Turkmenistan,retail
1198,Joshua Perkins,nthomas@example.net,+1-887-525-6937x468,055 Tom Parkway Suite 839,Lake Charles,Croatia,online
1199,Danielle Hendrix,qwilliams@example.org,+1-277-215-0613x8064,807 James Forks,West Brandonfort,New Caledonia,retail
1200,Anita Henderson,moorerick@example.org,+1-993-693-3575,8257 Jackson Park Suite 204,New Jeff,Greenland,retail
1201,Lucas Wood,peter87@example.net,813.895.0385x433,193 Julia Alley Suite 672,South Georgechester,Zambia,online
1202,Griffin-Nichols,kennethmurphy@example.com,4808861057,84615 Flores Forks Apt. 051,South Michaelhaven,Mauritius,retail
1203,Susan Gonzales,garycook@example.net,001-599-293-3129x931,1665 Lisa Hill,North Ashley,Honduras,wholesale
1204,Jordan Lester,barneskelly@example.net,362-343-1435x6034,2595 Garcia Turnpike Apt. 949,North Matthew,Sao Tome and Principe,enterprise
1205,William Santos,robert48@example.org,711-945-7533x951,0678 Melissa Field Apt. 246,Jamestown,Libyan Arab Jamahiriya,retail
1206,Figueroa and Sons,matthew21@example.com,823.614.8897x555,89288 Rogers Ramp,New Joanmouth,Sierra Leone,enterprise
1207,Morrison-Golden,brenthernandez@example.net,001-735-628-7675x667,1479 Moyer Islands,New Nicoletown,Lao People's Democratic Republic,online
1208,Barbara David,anthonywaters@example.com,6836686067,1135 Natasha Shoals Suite 006,North Carol,New Caledonia,retail
1209,William Stewart,sjames@example.net,(644)599-8159x5177,21970 Andrew Forges Suite 832,West Michelle,Malaysia,retail
1210,Timothy Diaz,craiggrant@example.com,541.671.4485x9071,8458 Davis Via Apt. 484,Port Kimberly,Micronesia,retail
1211,"Barton, Chandler and Benson",justin81@example.net,895.281.2386x73979,607 Kelly Prairie,East Jaredfurt,Congo,online
1212,Steve Hodges,maxwellkathleen@example.com,(798)636-7139x08850,0128 Timothy Corners,Kellyland,Tajikistan,retail
1213,Joseph Williams,patricia02@example.net,745-620-9814x818,500 Davis Meadows,Alexisberg,Sierra Leone,online
1214,Cook LLC,johnsonpatricia@example.org,620.688.2257x465,3446 Frank Highway,South Andrewchester,Vanuatu,retail
1215,Brandt-Mckay,gwilliams@example.net,001-403-681-4590x970,9441 David Terrace,Annettechester,El Salvador,retail
1216,"Oneill, Valdez and Lane",cclements@example.net,(549)765-4590x00807,53484 Brandi Springs,West Annafort,Malta,retail
1217,Allison Smith,fordshannon@example.org,+1-302-380-1332x780,8837 Davenport Ford,Meghanchester,United States Virgin Islands,wholesale
1218,Jones-Koch,sarah68@example.org,506-990-8840,59662 Erin Inlet Suite 795,Port Amber,Kazakhstan,online
1219,"Anderson, Bradley and Wells",toddseth@example.org,260.428.8552x980,1412 Maria Points Apt. 484,Joanneville,Afghanistan,online
1220,James Tucker,jacquelinemendoza@example.com,485-367-8863,39265 Osborne Trace Suite 443,South Seanport,Eritrea,retail
1221,Kyle Ochoa,goodemily@example.net,776-544-1507x958,6252 Love Meadow,Jonathanview,Chad,wholesale
1222,"Scott, Hawkins and Andrews",vcowan@example.com,246.511.3845x13029,72095 Salas Key,Port Michaelstad,North Macedonia,enterprise
1223,Keith Gay,sharonbrown@example.com,+1-664-467-6376x0760,222 Glover Pine,Tamarabury,Moldova,online
1224,Michael Elliott,pjohnston@example.com,240.518.0768x1301,1494 James Locks Apt. 167,Glovermouth,Uzbekistan,retail
1225,Daniel Lewis,garcialaura@example.org,(572)493-5597,717 Edwards Centers Apt. 483,East Benjaminfurt,Paraguay,online
1226,Gina Obrien,sarahfox@example.com,001-475-922-3565x515,410 Washington Passage Suite 883,Omarmouth,Puerto Rico,retail
1227,Carter PLC,joneskathy@example.net,+1-602-481-2595,43442 Caldwell Brooks Suite 714,New Bradleyshire,Gabon,wholesale
1228,Matthews-Harris,meganbrown@example.com,(260)745-2369x23822,58028 Patterson Trace,North Laura,Grenada,wholesale
1229,William Harvey,chapmanmary@example.com,(581)798-6486x46659,85712 Deborah Estates,Gilmoreville,Zimbabwe,online
1230,Maria Perez,sean73@example.net,325.801.9227,031 Mark Flats Suite 180,North Nancy,Yemen,wholesale
1231,Teresa Beasley,erogers@example.org,647.694.3315x21664,074 Monica Neck Suite 830,West Reginastad,Chile,retail
1232,Timothy Hunt MD,catherine28@example.net,+1-366-481-0630x072,535 Amy Crescent Apt. 088,Blakeport,Burkina Faso,wholesale
1233,Wade-Hall,hollowaysteven@example.net,754.994.1097,698 Berry Valleys Apt. 870,West Joseph,Central African Republic,online
1234,Stephanie Guzman,marshallnicole@example.com,6773230966,03159 Mark Mountain Apt. 143,West Catherineville,Hungary,wholesale
1235,Alyssa Maldonado,martingallagher@example.org,560.440.0819x82228,65564 Joshua Trafficway,New Shawnbury,Mongolia,retail
1236,Charles Jackson,debbiethompson@example.org,(773)436-6053x8944,054 Jeffrey Ford Suite 153,Stephaniemouth,Nepal,online
1237,Michael Cross,denise59@example.org,+1-715-515-4736,336 Morgan Skyway,East Luisview,Iraq,enterprise
1238,Adam Soto,barbaragarcia@example.org,(325)656-0010,7836 Hensley Mountain Suite 826,East Dustin,Montenegro,online
1239,"Ortiz, Lyons and Davis",wagnerjessica@example.com,559.312.4704,0214 Christine Court,Lauraberg,Bermuda,wholesale
1240,Jeffrey Johnson,guzmankristina@example.com,802-524-8064x2048,200 Ryan Forge,Salastown,Kuwait,online
1241,Krystal Lee,smithshelly@example.com,815-306-4756,611 Timothy Locks,Shawnport,Antigua and Barbuda,enterprise
1242,Patterson Ltd,austin14@example.net,001-285-546-0081x184,77261 Reynolds Plains,Christinabury,Bouvet Island (Bouvetoya),retail
1243,Sloan-Sullivan,kathleen38@example.net,648.663.0188,025 Anna Forges Apt. 295,Jerrybury,Suriname,online
1244,Bentley LLC,kimraymond@example.com,423.690.0672x825,33113 Shawn Orchard Apt. 421,Hamiltonshire,Korea,online
1245,Williams-Blake,michael20@example.com,001-479-988-4554,58163 William Club,East Paula,British Indian Ocean Territory (Chagos Archipelago),retail
1246,Judy Reynolds,hwade@example.com,001-498-676-0591x279,58593 Charles Road Suite 565,Pricetown,Brazil,retail
1247,"Taylor, Wilkins and Bowman",robertobender@example.net,001-398-851-5519x657,2314 Joseph Isle,West Kevin,Maldives,retail
1248,Andrew Patterson,brianguerra@example.com,+1-320-393-5744,9507 Jennifer Cliffs Suite 804,Bellberg,Belarus,enterprise
1249,Regina Hernandez,jamie59@example.com,+1-803-256-5116x998,8403 Emily Burgs Suite 953,West Holly,Madagascar,retail
1250,Boyd-Baker,nicholashayes@example.com,001-666-882-4947,9769 John Run,Allisonview,Bahamas,retail
1251,Brenda Taylor,briansmith@example.net,443-271-0031x5391,80637 Walker Junction Suite 904,Christopherburgh,Nigeria,wholesale
1252,Brandon Meyers,grantjohn@example.net,+1-930-686-3701x2677,2824 Christopher Harbor,Patelton,Ethiopia,retail
1253,Rodney Smith,msalazar@example.net,7069595347,1396 Cody Court Apt. 210,Sotobury,Chile,online
1254,Stephen Holt,daniellevilla@example.com,(539)748-4184x9869,85014 Warren Motorway,Dillonstad,Costa Rica,retail
1255,Oneill-Fischer,bparks@example.net,+1-261-970-2775x911,8351 Mendoza Avenue,North Johnfort,Lao People's Democratic Republic,wholesale
1256,Isabella Christensen,brianna46@example.com,001-738-252-2197x664,90645 Reeves Canyon Apt. 462,Elizabethfurt,Hong Kong,online
1257,Ward Inc,stephen59@example.net,287-276-1268x5314,37673 Johnson Corner,Jonesfurt,Finland,enterprise
1258,William Francis,rogerpatrick@example.net,798.851.2461x2559,18314 Melissa Lights,East Michaelside,Cuba,retail
1259,Sanchez Inc,debra86@example.org,(215)404-8548x74390,914 Jessica Mall,Richardview,Cocos (Keeling) Islands,retail
1260,Whitney Daniels,smorris@example.net,307.714.1747,9964 Martin Forge Suite 611,Moralesview,Lithuania,retail
1261,Sarah Lynch,dawn04@example.net,761.511.7247x89146,1924 Stephanie Course Apt. 029,Michaelport,Sudan,online
1262,Robles and Sons,swoods@example.org,329-334-0472,5602 Pope Vista Apt. 406,North Jennifer,Niger,enterprise
1263,Amy Ramos,mking@example.com,843-996-6009,001 James Field,Kimberlytown,Christmas Island,enterprise
1264,Dr. Anthony Hansen,richardsdiamond@example.net,7157405626,753 Compton Mission,Burketown,Morocco,retail
1265,Joseph Braun,raymary@example.org,357.590.6224,428 Anderson Overpass,Morrisville,Saint Vincent and the Grenadines,retail
1266,Ryan Williams,navarrodiana@example.net,810.965.2677,91710 Gregory Glen Apt. 062,Terryfort,Niue,wholesale
1267,Gonzalez Group,rmiller@example.org,478-882-4481x564,96945 Michael Skyway Apt. 613,Port Kellyhaven,Sierra Leone,enterprise
1268,Neal-Hull,matthew14@example.com,(530)413-7189,6526 Wright Mills Suite 401,Jennafurt,Jamaica,enterprise
1269,Patrick-Cross,khudson@example.com,+1-566-564-5029x9718,472 Lisa Expressway,Aliciaton,Lesotho,retail
1270,Salazar Ltd,tperez@example.org,001-318-451-6862,90815 Lucas Drive Suite 831,West Brittanyview,Venezuela,retail
1271,Jenna Larson,tyler29@example.net,772.360.7187x09752,90971 Scott Route,New Amy,Netherlands,online
1272,Cheryl Stokes,john84@example.net,527.479.1345x0948,67645 Nichols Neck Suite 685,Pricehaven,Saint Barthelemy,retail
1273,Danielle Johnson,karisalazar@example.org,+1-670-946-8322x735,5534 Daniel Ports,Espinozaview,Kenya,online
1274,"Bird, Alvarado and Hanna",edawson@example.org,001-274-834-8750x029,9042 Evelyn Views Suite 163,Travisberg,Albania,retail
1275,"Ford, Harvey and Wong",robertreynolds@example.com,+1-469-639-8216x1199,781 Amanda Centers,Port Anthonystad,Dominican Republic,retail
1276,Chung LLC,frankmorales@example.org,001-736-726-4433x278,9262 Mcmillan Street Suite 302,South Brandon,Bosnia and Herzegovina,enterprise
1277,Jose Cole,michael17@example.org,001-992-605-1771,2318 Carl Centers Suite 319,Lake Hannahshire,Saint Lucia,retail
1278,Vincent Perry,gregoryfuentes@example.com,6458698763,7223 James Throughway Suite 938,Johnsonchester,Libyan Arab Jamahiriya,wholesale
1279,Brooke Smith,scott23@example.org,922-278-0810,4480 Mckee Fields,Port Kelly,Comoros,wholesale
1280,Daniel Vargas,jasmine83@example.net,001-805-905-2686,6406 Alex Wells Apt. 037,Nicoleton,Saint Pierre and Miquelon,retail
1281,Nicole Hamilton,christinaadams@example.com,+1-940-931-3383,84285 Scott Park Suite 656,Amandaview,Ireland,retail
1282,"Martinez, Miller and Murphy",lori63@example.com,705.424.5795x17064,1655 Donald Falls Suite 642,Norrismouth,Barbados,wholesale
1283,"Stout, Jordan and Davis",sheilaperry@example.org,605-470-5917x87663,23835 Martin Streets,South Clayton,Montenegro,enterprise
1284,Melanie Dalton,cordovarichard@example.com,(640)496-8230x113,5128 Spencer Fields Suite 819,Thomasport,Spain,online
1285,Young-Alvarez,gonzalezmargaret@example.net,(429)970-9650x177,83297 Mathews Trace,North Susanbury,Bhutan,retail
1286,"Wright, James and Dawson",samantha27@example.net,881.364.5376,80137 Branch Lake Suite 116,Davisberg,Chile,online
1287,Richardson-Davis,lisa75@example.com,554.620.6671x24944,2098 Beasley Valleys Suite 848,New Anne,Morocco,retail
1288,Brooke Rios,millerdiamond@example.net,(329)538-2887x77873,35743 Sarah Squares Suite 039,Ricehaven,Iraq,retail
1289,Dennis Johnson,daniel88@example.net,566.631.8367x46330,7027 Hawkins Route Suite 704,East Amandaport,Sweden,retail
1290,Carrillo Inc,bmontgomery@example.org,456-441-6720x90691,980 Donna Mews,North Alexis,Thailand,wholesale
1291,Ms. Amber Fleming,carrieburgess@example.com,+1-962-792-3191x2266,3837 Julia Islands Suite 998,Powersbury,French Southern Territories,retail
1292,Lisa Singleton,christinaarnold@example.com,001-521-247-9599x386,547 Zachary Village,Christinaview,Slovenia,retail
1293,Robert Moss,nicholas97@example.net,2483189029,140 Holland Dale,Angelaside,Turks and Caicos Islands,online
1294,Austin Johnson,zpowers@example.com,+1-873-377-3398x7140,22032 Hurley Haven Apt. 813,Cochranfort,Russian Federation,wholesale
1295,Singh-Garcia,vegabryan@example.org,(565)613-0679x13384,18476 Sandra Inlet Apt. 629,South William,Namibia,retail
1296,Elizabeth Larsen,fbarrett@example.com,001-632-808-2841,471 Samantha Lodge Suite 436,East Zacharyland,Liberia,retail
1297,Stephanie Stewart,murphyian@example.net,001-831-823-4299x264,30185 Shannon Oval Apt. 095,Elizabethfort,Kiribati,enterprise
1298,Baker Ltd,gcunningham@example.com,659-612-0464,74139 Wiley Manor Suite 993,Jenniferport,Nepal,retail
1299,Melissa Edwards,chavezgerald@example.com,+1-363-511-3433,16076 Paul Burgs,Edwardstown,Croatia,retail
1300,April Sullivan,wmartin@example.net,923.412.1072x642,60964 Freeman Corner Suite 535,Johnview,Jordan,retail
1301,"Nunez, Baldwin and Smith",gbrown@example.org,+1-878-517-7097,237 Dean Ford,Darrellport,Slovakia (Slovak Republic),retail
1302,Nicole Higgins,kenneth32@example.com,4868328316,0865 Jessica Cliff,South Brandon,Armenia,online
1303,Stanley Briggs,oconnorthomas@example.net,+1-527-644-8998x8168,62504 David Islands Suite 657,Garciatown,Micronesia,wholesale
1304,Kelly Green,jacobsnicholas@example.net,(354)756-3352x526,8105 Anderson Cape,Bennettton,Congo,retail
1305,Kent-Jackson,david63@example.com,+1-937-832-3429x0004,459 Patricia Parkway Apt. 873,Lake Ashleyshire,Niue,retail
1306,Sean Reyes,scottjoseph@example.com,852-925-5519,7616 Cummings Terrace Apt. 421,North Courtneytown,United Kingdom,retail
1307,Becky Santana,jasonwood@example.com,663.287.8931,9526 Chung Vista Suite 570,Lake Laura,Tuvalu,retail
1308,"Wilson, Collins and Huber",scottnathan@example.org,(573)734-5056,847 Jackson Lock,East Adriana,Canada,enterprise
1309,"Bennett, Brown and Martinez",margaret96@example.com,+1-994-735-6951x394,49677 Day Motorway Apt. 527,East Tracey,Pakistan,online
1310,Pratt Group,monicawoods@example.com,(971)313-5694,7365 Thomas Fords,North Erica,Turkmenistan,retail
1311,Larry Wang,smithwilliam@example.net,(262)802-1230,08858 Bryan Throughway,Phillipbury,Denmark,online
1312,Harris-James,jacqueline02@example.net,218-865-7236x403,0991 Rivera Views Suite 549,West Tracychester,Cyprus,retail
1313,Ferrell Ltd,lbailey@example.com,(463)259-0434,7766 John Fork Apt. 601,Paulfort,Congo,wholesale
1314,Krista Thomas,josephmedina@example.org,5693290554,582 Lewis Plains,North Isaiahport,Bhutan,wholesale
1315,Sullivan Ltd,clarkpatricia@example.com,(558)459-5801,4739 Castillo Road Suite 486,Jasonville,China,enterprise
1316,"Arnold, Wood and Gentry",mgreene@example.org,(962)254-8010x3174,87786 Kristina Motorway Apt. 806,Stephanieshire,Korea,retail
1317,Joseph Davis,levifaulkner@example.net,+1-773-935-1155x241,258 Robinson Views Apt. 922,Bentleyfurt,Haiti,online
1318,"Anderson, Bentley and Santos",dyerjoseph@example.net,228.795.5791,378 Wong Vista,East Gerald,Montserrat,online
1319,Claire Rogers,dnelson@example.org,(861)741-0488x689,46847 William Locks Apt. 081,Lake Frances,Belgium,wholesale
1320,Cole-Acevedo,zmartinez@example.org,+1-763-277-2730x1408,85176 Morgan Common Suite 102,Littlemouth,Mozambique,retail
1321,"Flynn, Allen and Weber",mdavis@example.net,210.978.2836x79612,709 Erik Groves Apt. 818,Jeremyfort,Portugal,retail
1322,Davis Ltd,lisa03@example.net,222.934.2154x380,923 Bailey Mills,West Ryanmouth,Jersey,retail
1323,Burke-Lopez,qhuff@example.org,872-354-0148,1390 Lee Curve,Jonesfort,Slovenia,online
1324,Teresa Harris,bradleykendra@example.net,(294)969-6292x405,5611 Rodgers Green,Lake Timothyview,New Zealand,wholesale
1325,"Jones, Phelps and Sweeney",james01@example.com,001-997-236-4350,929 Smith Knoll,Port Aprilfurt,Belgium,retail
1326,Ashley Norris,benjamin93@example.net,+1-580-850-4421x8512,5336 Henderson Gardens,Knightburgh,Afghanistan,enterprise
1327,Douglas Rosales,gabriel49@example.org,001-724-815-6880x728,73889 Smith Rue,New Pamelamouth,Belgium,wholesale
1328,Jacqueline Dominguez,duncanlisa@example.org,445-404-1158,8577 Gary Point,South Jasmineville,New Caledonia,retail
1329,"Richardson, Johnson and Mcfarland",williamward@example.net,001-262-255-8136x661,45955 Clinton Dam Apt. 155,Maldonadoville,Paraguay,online
1330,Mary Adams,qshaw@example.com,956.326.9142x292,9767 Dennis Junction,Port Cole,Azerbaijan,online
1331,Martin LLC,lorilewis@example.com,+1-251-918-6598x1760,6130 Andrew Freeway Suite 622,East Raventown,Iran,retail
1332,Casey Johnson,amanda60@example.net,721-333-0571,337 Micheal Fords Apt. 863,Baileychester,Mayotte,retail
1333,Katie Wells,andersonseth@example.org,405-833-9902x659,0937 Stephanie Cape Apt. 163,South Tracyberg,American Samoa,online
1334,Nathan Delacruz,zacharyrobinson@example.org,703-897-4729,9471 Helen Valley Suite 206,North Howardbury,Falkland Islands (Malvinas),online
1335,Fowler-Mcguire,pricejoshua@example.net,+1-431-723-0681,110 Matthew Overpass Apt. 612,South Mary,Philippines,online
1336,Donna Thompson,andrea41@example.com,282-931-3842x87333,75347 Owens Union Suite 402,North Michael,Guinea,wholesale
1337,Benson-Anderson,kylethomas@example.org,994-861-0601x40336,35791 Alejandro Field,North Ray,Korea,retail
1338,Woodard-Hodges,fosterarthur@example.org,001-386-879-5143,855 Underwood Mills Suite 448,Lake Juliaton,Paraguay,retail
1339,John Francis,ricky39@example.com,(279)854-9304,710 Thomas Alley Suite 939,Careyview,Bosnia and Herzegovina,online
1340,Matthew Roberts,austin36@example.org,(507)959-9110x00128,56202 Lisa Lodge,Lake Brian,Cyprus,online
1341,"Perkins, Reed and Brown",casey16@example.com,571.420.5012x23271,046 Watts Crest,New Richard,Ecuador,retail
1342,Tara Long,tgarcia@example.com,001-916-626-7821x456,0261 Boyd Coves Suite 134,Jonesfurt,Niue,retail
1343,Shannon Barrera,dkane@example.com,395-397-3786x265,963 Cesar Ranch Apt. 388,West Andrew,Cocos (Keeling) Islands,retail
1344,"Watson, Hughes and Ortiz",blackomar@example.org,632.610.8737x742,6480 Shaw Glens,South Davidshire,Cyprus,retail
1345,Julie Stokes,jparker@example.net,933.446.2246x442,13040 Danielle Circles,Lake Christina,Marshall Islands,online
1346,Chelsey Leon,cathy36@example.net,503-852-7032x0361,3983 Calhoun Square,West Amy,Canada,enterprise
1347,Larry Nelson,walkermonique@example.com,(228)298-1085,919 Myers Mountain,Davidstad,Argentina,online
1348,Johnny Miller,wilsonstephen@example.org,+1-678-922-3855,847 Castillo Way Apt. 634,Tannershire,Faroe Islands,wholesale
1349,Johnny Williams,tfisher@example.com,306-419-2084,03876 Clark Place,Derrickland,Malawi,wholesale
1350,Pamela Thomas,bethayers@example.org,851-840-6534x0292,316 Patel Route Suite 043,Hutchinsonview,France,enterprise
1351,Kyle Schwartz,derek97@example.org,701.987.0528x45311,9148 Heather Tunnel,New April,Central African Republic,online
1352,"Castaneda, Jones and Smith",rwilliams@example.net,359-338-5098,696 Newman Forest Apt. 715,Crossbury,Denmark,retail
1353,Robert Jones,vickieyang@example.com,+1-214-486-4022x9483,48728 Parker Fork,Jamesstad,Moldova,wholesale
1354,Brandy Allen,lozanodanielle@example.org,001-780-771-7809x886,73234 Matthew Flat Suite 175,Robertland,Kuwait,retail
1355,Meghan Schmitt,richardrodgers@example.net,+1-661-994-3485x2058,541 Justin Groves,Boydport,Croatia,retail
1356,Michael Goodwin,heather73@example.com,753.924.4492,612 Smith Forest Suite 222,Paulview,Vanuatu,wholesale
1357,Kathleen Morris,along@example.org,6316721162,69617 Williams Avenue,Brianside,Saint Kitts and Nevis,online
1358,Stephanie Lee,yshelton@example.com,001-526-708-9558x837,453 Crawford Port Suite 341,Collinsview,Luxembourg,retail
1359,Tonya Taylor,taylordavid@example.net,(888)270-4320x804,886 Reynolds Track,East Julie,Pakistan,retail
1360,Melanie Williams,srodriguez@example.com,724-476-9389x50200,4262 French Junction Suite 134,Jamesmouth,French Polynesia,retail
1361,William Mason,davisjohn@example.org,+1-924-953-8806,43390 Knight Street,Cynthiaburgh,Czech Republic,online
1362,Brady Dorsey,bryan83@example.org,507.390.0302x2427,3241 Sherry Corners Suite 784,West Devinstad,Madagascar,enterprise
1363,Hardy Inc,charlesstevenson@example.org,670.317.6931x40278,337 Kim Prairie,Evansbury,Guernsey,retail
1364,Ryan Conner,karenvargas@example.org,001-304-676-3301x120,984 Steven Park Suite 710,East Shannonborough,Montserrat,retail
1365,"Chan, Baker and Huff",jwashington@example.net,(705)218-0970x131,2729 Turner Estates,Carrillohaven,Canada,online
1366,Dustin White,gabrielbenson@example.org,001-570-512-6821,37436 Margaret Dale Apt. 982,Brownfurt,Jamaica,wholesale
1367,Chelsea Armstrong,nicholetaylor@example.com,001-434-462-9075,5888 Martinez Fort Suite 539,West Steven,Latvia,retail
1368,Joseph Phillips,adamskeith@example.com,(759)848-3679x20894,210 Archer Neck,Lake Angelaberg,Jamaica,wholesale
1369,Karen Davis,kimberlyyoung@example.com,900.446.5229,5359 Dixon Parks,Port Kimberlyfurt,Moldova,retail
1370,Darryl Gomez,yhamilton@example.org,949.983.4134x57081,343 Thomas Mountains Suite 553,New Mitchellfort,Israel,wholesale
1371,Kristen Colon,robert47@example.com,001-738-628-8259x978,5041 Kelley Oval Apt. 480,Williamsfurt,Lao People's Democratic Republic,enterprise
1372,"Ewing, White and Ramirez",cassandra39@example.org,818.620.5904,940 Macias Flat,Troyview,United Kingdom,online
1373,"Carrillo, Washington and Washington",robertdelacruz@example.org,458-931-4091x7147,93954 Manuel Forks,Taylorchester,Liechtenstein,retail
1374,Jeffrey Quinn,nrios@example.org,001-425-554-9041x845,96774 Jonathan Walk,Port Susanview,Honduras,retail
1375,Matthew Jones,kevans@example.net,635.829.0133x4369,9445 Adam Burgs Apt. 776,Hessberg,Turkmenistan,online
1376,Eric Morrison,wendy11@example.com,(699)326-4408,867 Justin Shores,North Mason,Panama,online
1377,Simmons-Gilmore,ckoch@example.com,+1-476-985-1932x9863,12982 William Track,Danielborough,Korea,retail
1378,Jessica Wagner,frankkelly@example.net,958.349.3197x4362,72228 Andrew Passage Suite 782,Jasonside,Turks and Caicos Islands,online
1379,Nicole Rowe,bonnie62@example.org,+1-640-421-6466x7193,48292 Ashley Village Suite 322,Gillland,Ghana,online
1380,Nicholas Barber,mitchellnicole@example.org,+1-402-905-4058,0418 Benson Centers,Richardbury,Macao,online
1381,Albert Cox,mariasellers@example.com,646-706-7926x88833,696 Aaron Island,Anthonystad,Gibraltar,online
1382,Jessica Mayer,tkeller@example.net,889.313.3900x7462,50683 Mason Neck,Cruzborough,Tuvalu,retail
1383,Angela Franklin,pclay@example.org,(337)467-0415x106,06057 Joseph Squares Apt. 214,Christophermouth,Swaziland,retail
1384,"Carroll, Nguyen and Williams",ecannon@example.org,471.718.8242x051,20619 Fleming Coves,Sellersbury,Lebanon,online
1385,"Garcia, Ellison and Pearson",nancyroberts@example.org,(609)821-0283,557 Mcgee Green,Lake Shawn,Trinidad and Tobago,online
1386,Michelle Kerr,espinozagabriel@example.com,001-221-211-6973x665,3865 Rick Pike,Christopherchester,Saint Helena,online
1387,Luis Meza,deansheila@example.com,+1-748-813-6956,6633 Hannah Plaza Apt. 254,South Jared,Tokelau,wholesale
1388,Leonard Murray,stevensonjennifer@example.com,001-264-360-6251x048,454 Guzman Lodge Apt. 648,Gonzaleztown,Bosnia and Herzegovina,retail
1389,Arthur Fletcher,connie66@example.org,(497)395-5360x6496,5886 Janet Creek Apt. 511,East Christine,Namibia,retail
1390,Thompson-Simpson,ewingnicole@example.com,568-840-6157,6190 Thomas Row,Port Paul,Antigua and Barbuda,wholesale
1391,Ashley Patterson,bookerjeffrey@example.com,837-659-2612,0798 Diane Burg,Leebury,Bhutan,online
1392,Jennifer Trevino,robertenglish@example.org,+1-571-921-1387x1270,534 Davis Flats,Sharonton,Portugal,retail
1393,Bradley LLC,nwelch@example.net,695-652-2576x5007,2234 Ayers Wells,West Stevenview,British Indian Ocean Territory (Chagos Archipelago),online
1394,Harvey-Clark,sandrawong@example.com,209-787-4182x6199,9814 Jones Branch,Matthewsfurt,Colombia,online
1395,Stephanie Jones,hbailey@example.net,001-326-596-3177x718,612 Gregory Parkways,West Ethan,Qatar,enterprise
1396,Small Group,cshields@example.org,(487)249-9453x110,6840 Collins River,New Renee,Kazakhstan,enterprise
1397,Danielle Ibarra DDS,emedina@example.org,232-878-5821,1262 Smith Skyway,Lake Nicolas,Swaziland,online
1398,Richard Craig,kellygilbert@example.net,+1-772-549-5806,03315 Wilson Port,New Michael,Tokelau,retail
1399,Johnny Smith,kevin91@example.com,001-875-214-0444x537,7733 Paul Lakes,Robertburgh,Bermuda,retail
1400,Cole Miller,andrew24@example.net,335.970.0071x169,87861 Arnold Street Apt. 146,North Brandonmouth,Haiti,online
1401,Lee-Yates,taraguerrero@example.org,411.406.5838x5277,8551 Jessica Estates Suite 494,Brownshire,Croatia,online
1402,Jesse Bowman,melanie46@example.net,7939636620,2787 Juarez Stream,East Rebeccahaven,Bangladesh,retail
1403,Timothy Cruz,hooverjason@example.net,9174855665,71208 Jermaine Spur,West Daniel,Canada,retail
1404,Jeffery Booker,johnparker@example.com,001-836-981-9098x776,471 Michael Valley,Lake Ashleyfort,Bahamas,enterprise
1405,Angela Russell,james77@example.com,862-984-0616x3283,7298 Blackwell Brook Suite 149,New Catherineville,Jordan,retail
1406,Steven Mclean,alicehernandez@example.net,741-804-6871,20667 Samantha Land,Raymondtown,Eritrea,retail
1407,Ramos-Diaz,benjamin60@example.com,001-472-236-4748x309,7146 James Coves Apt. 822,West Michelle,Mexico,wholesale
1408,Kimberly Wheeler,emily27@example.com,413-515-1767,1353 Stephen Ramp Apt. 351,Bradleyhaven,Bahamas,online
1409,"Higgins, Ballard and Beltran",edixon@example.net,953-288-5283x8664,67943 Anne Shoal Suite 642,East Charles,French Guiana,retail
1410,Patel Inc,zwhite@example.com,603.797.2781x96236,175 Richard Green Apt. 136,Andersonton,Slovenia,wholesale
1411,Michelle Gonzalez,powellrichard@example.org,259.745.4253x3798,81695 Rangel Roads,Hernandeztown,Kuwait,retail
1412,Matthew Lawson,brandonhorne@example.com,922-306-3870,218 Nicholas Vista Suite 752,Crystalport,Indonesia,online
1413,Ian Owens,masonpatrick@example.org,(948)695-9353x61038,64456 Mariah Wall Apt. 053,North Stephanie,Finland,retail
1414,Samantha Mcdonald,kwood@example.org,597-565-1901x7499,785 Vega Village Suite 707,Coleton,Anguilla,online
1415,Renee Powers,nfitzgerald@example.com,001-553-241-0744,208 Jessica Burgs,New Joshuaside,Iran,online
1416,Lopez-Gonzalez,brenda60@example.com,696.424.8975,712 Parsons Turnpike Suite 267,West Jason,Bermuda,enterprise
1417,Johnson-Lopez,plandry@example.net,689-229-0154,401 Taylor Stream,Teresaton,Croatia,enterprise
1418,Megan Williams,qsoto@example.com,717-831-3580x994,268 Carl Courts Apt. 414,Hollymouth,United Arab Emirates,retail
1419,Jennifer Deleon,ugonzalez@example.net,714-501-9084,38955 Miller Mountain,Joelmouth,Greece,online
1420,Chase Potts,stephenmartinez@example.org,(450)822-6652,131 Mary Glens Apt. 049,Hunterchester,Wallis and Futuna,retail
1421,Soto-Santiago,mccarthydavid@example.org,001-407-610-8425x658,9061 Brandy Drives,North Teresa,Chad,retail
1422,Donald Murray,dgreen@example.org,641-808-8783,845 John Heights,Lauraport,Denmark,online
1423,Angela Barrera,arnoldamber@example.net,700.340.8532x1757,695 James Park Suite 823,Lake Nicolestad,Kiribati,wholesale
1424,Brian Hernandez,michaelphillips@example.com,584-413-2697x179,642 Roy Run Suite 701,Pearsonport,Cyprus,retail
1425,Evan Miller,elizabethruiz@example.com,319.787.4062,738 Amber Lake,Richardmouth,Senegal,retail
1426,Nathan Carrillo,geoffrey14@example.org,(907)498-2730,070 Gonzalez Underpass,North Kristen,Cape Verde,wholesale
1427,Diane Jensen,fmontoya@example.org,+1-585-519-4121x0315,1539 April Causeway,Port Eugene,Kazakhstan,retail
1428,"Mendoza, Ortiz and Adams",cindymccoy@example.org,(509)723-7170,071 David Locks Suite 076,North Luiston,Angola,online
1429,Mary Robinson,jenna86@example.net,341-932-7043,32311 Colleen Pass,Fergusonland,Uruguay,retail
1430,Taylor Price,hailey35@example.net,729.831.2368x9297,7149 Jacobs Harbors Suite 923,Mejiafurt,Yemen,online
1431,Davis PLC,john33@example.com,+1-504-389-0729,86835 Laura Via,Lake Jonathanburgh,Heard Island and McDonald Islands,online
1432,Eric Deleon,davidcombs@example.net,001-209-807-9396,700 Long Isle,Whiteville,Fiji,enterprise
1433,Cruz Inc,frank19@example.com,+1-586-575-6836x3331,246 Johnson Rest,South Rebecca,Slovakia (Slovak Republic),enterprise
1434,Kristen Martin,guerreropamela@example.com,(406)375-2018x603,6544 Watkins Spurs Suite 522,Martinport,Egypt,retail
1435,"Dudley, Rosario and Davis",ramirezwendy@example.com,(264)645-7720x08050,954 Walter Falls Apt. 158,Lake David,French Southern Territories,retail
1436,Linda Clark,ebarnes@example.com,001-301-707-9450x985,561 Oneal Mountains Apt. 178,Taratown,Singapore,retail
1437,Melissa Alvarado,ucohen@example.com,588.653.8053,65882 Ortiz Place,Port Michaelside,Macao,enterprise
1438,Anthony Shepherd,zamorasean@example.com,+1-828-907-2735,80588 Bradley Isle Apt. 309,Lake Joeland,Saint Martin,enterprise
1439,Katherine Johnson,hernandeztammy@example.net,(437)793-5894x41437,419 Dennis Pass Apt. 850,South Sandra,Saint Martin,retail
1440,"Burnett, Williams and Padilla",longmaureen@example.net,970.839.3968,22373 Robyn Camp Apt. 075,Lake Dawnfort,Azerbaijan,retail
1441,Sarah Williams,farleychristina@example.org,481.821.6049x018,03991 James Flat Suite 347,Port Elizabethborough,Germany,retail
1442,Lee LLC,mariacooke@example.com,(781)962-0268x8371,0692 Huff Crest,East Johnville,Kyrgyz Republic,retail
1443,Gary Marsh,katherine49@example.org,663.313.1085x560,5494 Shannon Mill Suite 823,South Marvinside,Western Sahara,retail
1444,Timothy Meyers,xjohnson@example.com,+1-804-274-3694,6354 Mark Cape Suite 386,South Steven,Holy See (Vatican City State),retail
1445,Linda Cameron DDS,lambertryan@example.net,(585)512-6739x08694,0255 Lori Turnpike Suite 003,Jeffberg,Ethiopia,enterprise
1446,Jason Patel,jasondavis@example.com,9778386673,1971 Jacob Rest Apt. 326,Davenportburgh,Central African Republic,retail
1447,"Morales, Jimenez and Walker",melindacharles@example.net,7757681881,4476 Garcia Road Apt. 169,Port Charles,New Zealand,retail
1448,"Allen, Shepard and Brown",keithcrosby@example.org,5498687089,2227 Brandon Fall,Davischester,Montserrat,retail
1449,Edward White,bruce64@example.com,9014551660,8309 Sarah Manor Suite 165,Port Thomasfurt,Haiti,retail
1450,Mr. Tyrone Bell,cameron71@example.com,(522)241-4910x905,04441 Kristen Mountain Suite 935,New Kaylafort,Vanuatu,wholesale
1451,Williams Group,william89@example.org,237.992.0638,697 Carla Centers Suite 438,Ericberg,Egypt,online
1452,Hall-Martinez,pamelaweaver@example.net,001-788-670-5276x837,9142 Norton Isle Suite 255,Ericashire,Cape Verde,retail
1453,"Dougherty, Lang and Bray",jamesleonard@example.com,(757)558-2408x3415,6055 Scott Passage,Port Tina,Bosnia and Herzegovina,wholesale
1454,Alice Marshall,colemanstephen@example.com,474-729-0578x9584,9672 Willis Corners,Port Gregoryside,American Samoa,retail
1455,Richard Knapp,jeffreysmith@example.org,(285)538-6835x119,375 Young Plaza Suite 685,Lake Christopher,Saint Vincent and the Grenadines,wholesale
1456,"Hurley, Shaffer and Knapp",vpena@example.org,+1-627-578-2368x131,04249 Vanessa Rest Suite 684,Cherylton,Turkmenistan,retail
1457,Stephen Welch,dylanlopez@example.com,001-489-731-4566,251 Turner Light,Jeffreytown,Benin,online
1458,Ryan LLC,anthony47@example.net,001-475-715-2566x288,21673 Kevin Mission,Chavezfort,South Georgia and the South Sandwich Islands,retail
1459,"Sanchez, Brown and Gordon",julia03@example.net,+1-201-803-4902x255,872 Jason Roads,Desireeton,Czech Republic,online
1460,Kevin Sanchez,hugheskaren@example.org,(781)718-2493x2832,444 Fuller Prairie Apt. 583,Johnton,Russian Federation,retail
1461,Jeffrey Tran,myork@example.com,001-261-613-0144x441,906 Stephen Locks Suite 144,South Lesliebury,Korea,retail
1462,Copeland Inc,ninarobles@example.net,505-371-6994,8674 West Isle Suite 218,Riveratown,Northern Mariana Islands,enterprise
1463,Karla Page,kellypeters@example.org,371.730.5976x180,33412 Vanessa Square Apt. 503,South Mary,Libyan Arab Jamahiriya,online
1464,"Sutton, Flynn and Small",tstephenson@example.com,538.396.0003x2066,712 Tammy Tunnel Apt. 442,Meganville,Hong Kong,online
1465,Rachel Williams,tjackson@example.net,495.453.4575x68348,8934 Little Flats Apt. 362,Sheilahaven,Montserrat,retail
1466,Alicia Garcia,rayjamie@example.com,+1-761-547-3322x0633,03455 Brown Greens Suite 307,Port Brett,China,retail
1467,Leslie Brown,ealexander@example.net,+1-765-955-0446x2203,80299 Jennifer Wall Apt. 028,East Charlesburgh,Poland,retail
1468,Adam Swanson,irandolph@example.net,+1-927-893-0815x550,308 Palmer Summit,Andrewton,Brazil,online
1469,Simmons-Bowen,sarahneal@example.net,+1-707-627-8090x852,08964 Berry Ferry Suite 341,West Christine,Mongolia,wholesale
1470,"Thomas, Rogers and Carter",veronica52@example.net,+1-921-767-2234x028,63759 Robinson Groves Suite 689,Snyderland,Trinidad and Tobago,online
1471,Jim Russell,drogers@example.net,456.587.4291,3113 Natalie Course,Port Charles,Tuvalu,wholesale
1472,Andrew Wilson,devonmckenzie@example.net,(664)218-7429x48806,580 Fuentes Ranch Suite 349,Carriefort,Nepal,retail
1473,Carol Franco,madisonharrison@example.org,246-927-7208,355 Valerie Common Apt. 666,East Angelaville,Tonga,online
1474,Daniel Harrell,bradleyerin@example.com,758.379.2129,39989 Michael Expressway Apt. 525,Richport,Bouvet Island (Bouvetoya),online
1475,Hernandez PLC,edwardslaura@example.net,(719)819-8787x58273,26100 Taylor Bypass,North Hannah,Gambia,online
1476,Brady-Cooper,brownyvonne@example.net,809-300-5370,92883 David Prairie Apt. 746,East Genemouth,Austria,retail
1477,Timothy Burns,dmorris@example.com,(883)579-6756,3733 Brandt Mountain Apt. 401,West Cindyville,Algeria,retail
1478,"Rogers, Francis and Odonnell",vgillespie@example.com,(935)813-5920x766,75846 Walters Flat Suite 496,East Steve,Latvia,wholesale
1479,Patricia Hale,bellanthony@example.org,8918343429,12188 Rodriguez Drive Apt. 642,Port Alextown,Namibia,online
1480,Powers-Ryan,zmoore@example.org,+1-295-678-1010x353,6973 Martinez Lodge Suite 799,New Trevorberg,Reunion,online
1481,Sanchez LLC,martindavid@example.net,+1-930-523-9291x496,06009 Moore Lake,Katherineton,Gibraltar,wholesale
1482,Mcguire-Joseph,delgadochristina@example.com,693.886.5160,90658 Amber Creek,East Michaelville,Norfolk Island,retail
1483,Jared Hammond,usmith@example.net,382-892-9847x8350,336 Marc Cape,Whitechester,Ukraine,enterprise
1484,"Page, Estrada and Ball",jenkinsemily@example.com,(226)465-7816x5745,0210 Renee Trafficway,East Jessica,Australia,enterprise
1485,Tiffany Armstrong,dillonvanessa@example.org,(572)665-2136x524,6840 Richard Squares,Jasminfurt,Belarus,enterprise
1486,Danielle Hall,parkersherri@example.net,288-224-3675,2277 Hannah Coves Apt. 207,Johnberg,Slovenia,retail
1487,Jeffrey Bush,osbornedaniel@example.com,(344)911-2517x384,22783 David Ports Suite 235,New George,Chile,online
1488,Virginia Martin,bryan07@example.org,+1-612-718-7854x2702,4639 Kathryn Highway Apt. 316,North Stephen,Mali,enterprise
1489,Jerry Wright,myerscory@example.org,419-327-1339x7450,3115 Phillips Mountains Suite 643,East Jacobfurt,Barbados,retail
1490,Anthony Jackson,patricia08@example.org,451-829-1958x7095,2742 Marcus Island,New Robert,Ukraine,online
1491,Zachary Ray,erinwade@example.com,670-587-4765x28683,7611 Perez Forges,East Nathan,Ireland,online
1492,"Castillo, Rios and Phillips",rodney87@example.org,349.909.5529x807,532 Samuel Alley Apt. 177,Burgessport,Netherlands,retail
1493,"Foster, Cross and Rodgers",cassandra14@example.com,(585)870-4099x264,58552 Brown Loop,East Lorimouth,Turks and Caicos Islands,wholesale
1494,Jerry Padilla,samantha89@example.net,743.470.2410,9633 Brandon Tunnel,Port Scott,Estonia,retail
1495,Dr. John Bolton III,bstevens@example.net,(902)501-5812x8704,02426 Samantha Gardens,South Charles,Maldives,retail
1496,Paul Haney,qlarson@example.org,512.318.3538x4127,3815 April Avenue,Briannachester,Cuba,online
1497,Williams-Jackson,johnsongregg@example.org,4588099826,6804 Amy Bridge Apt. 885,South Thomas,South Africa,retail
1498,Fernando Mckenzie,pperez@example.com,(514)218-0471,101 Kimberly Village,South Jose,Antigua and Barbuda,online
1499,Roberts-Lambert,cynthia67@example.org,(721)954-4647x9761,86625 George Trail Suite 518,New Matthewbury,Malaysia,enterprise
1500,Deborah Hoffman,christophergarcia@example.org,3099578294,3048 Shawn Dam Apt. 550,New Dana,Reunion,retail
1501,"Johnson, Jones and Peters",fernandezrenee@example.com,7647922073,02294 Huff Court Apt. 198,Elizabethhaven,Sao Tome and Principe,retail
1502,Tara Macias,manncameron@example.com,602.915.6013,9845 Morales Cliff Apt. 520,Herreratown,Venezuela,online
1503,Lawrence-Fisher,andrearamos@example.org,+1-643-957-1102x3477,902 Kristi Plains,Lake Jayborough,Kiribati,online
1504,Linda Wilson,klong@example.org,+1-610-481-4409x3069,14846 Kelly Extensions Suite 714,West Kevin,Sierra Leone,enterprise
1505,Sarah Sanchez,simpsonthomas@example.org,825-769-6614,42660 Perez Summit Apt. 033,North Carmenside,Nicaragua,online
1506,Rebecca Mcintyre,ocollins@example.net,428-281-1846x298,72287 Kara Common,Mitchellhaven,Maldives,wholesale
1507,Pierce-Lawson,jeremytucker@example.org,6252353965,786 Becker Track,Williamsview,Barbados,online
1508,Kelly Chen,lindsaycompton@example.net,241.298.5538x93175,1488 Tiffany Club Apt. 943,Brittneyhaven,Samoa,wholesale
1509,Mccall-Hall,kerry91@example.com,+1-793-467-5359x4645,213 Kathryn Plaza Suite 960,North Kyle,Gibraltar,online
1510,Danielle Williams,terrymargaret@example.com,001-863-412-1283x310,24909 Cynthia Springs Apt. 890,Lake Anthonyland,Ecuador,enterprise
1511,Watson and Sons,phamedward@example.net,001-504-472-7003x185,053 Jeffrey Lodge Suite 855,Kaitlinburgh,Sweden,retail
1512,Jeffrey Parker,hooverjohn@example.net,608-960-0451x266,3761 Beverly Drive Suite 944,Ericmouth,Syrian Arab Republic,retail
1513,"Fowler, Rodriguez and Mills",stanleynatasha@example.org,615-979-1929x1268,7110 Shannon Points,Chaseshire,Christmas Island,online
1514,"Garcia, Brown and Phelps",oaguilar@example.com,776-493-4317,35260 Regina Harbor,Obrienchester,United States Minor Outlying Islands,retail
1515,Sue Gonzalez,kimberly62@example.org,(716)582-4197,84093 Thomas Gardens,Loriborough,Denmark,wholesale
1516,Steve Russell,fernandeznicole@example.com,(830)392-7078,087 Carrie Falls,Kirstenshire,Morocco,online
1517,"Williams, Roy and Gray",oburns@example.net,(532)551-1268,4301 Jones Wall,Port Bradleymouth,Bahrain,online
1518,"Harrison, Copeland and Peterson",gilbertcharlotte@example.com,764-592-7305,426 Cynthia Cove,Lake Haroldshire,Haiti,online
1519,Hensley-Kelly,johnsoncharles@example.com,+1-307-439-5623,784 Daniel Locks Suite 274,Oscarbury,Iceland,online
1520,Christopher Ramos,rebecca87@example.com,(919)782-1121,126 Dylan Forge,Port Joseph,Micronesia,online
1521,Kevin Lawrence,scottpamela@example.net,001-526-750-6482x379,261 Eugene Heights Apt. 116,Reyeshaven,Saint Kitts and Nevis,online
1522,Cunningham PLC,laura16@example.net,001-804-805-0922x772,5300 Snyder Forges,Lake Ashleyville,Hong Kong,online
1523,Denise Sampson,marymurphy@example.com,(646)570-8450,71256 Corey Station Suite 748,Michellebury,Seychelles,wholesale
1524,Bethany Dominguez,dbrown@example.net,+1-313-454-3218,1507 Ortiz Walks Suite 769,Port Haleyton,Bosnia and Herzegovina,online
1525,Katie Roberts,toniarmstrong@example.org,(396)519-5254x5872,27679 Seth Ports Apt. 541,East Darren,Namibia,retail
1526,Francis-Hernandez,gabriellachen@example.com,001-305-407-3144,7463 White Glens,Trujillofurt,Comoros,retail
1527,Miller Group,clarkwayne@example.net,4739651133,9750 Rebecca Pine Apt. 188,Lake Nicholeshire,Kazakhstan,retail
1528,Downs Inc,melanie73@example.net,001-357-440-0122x633,288 Benjamin Knolls,Andrewstad,Indonesia,online
1529,Mason Ltd,kathleen46@example.org,(413)322-1682x80816,00271 Justin Terrace Suite 253,Justinchester,Jersey,online
1530,Nicole King,potterrichard@example.net,2339076950,339 Garcia Plain,Lake Calvinborough,Belarus,wholesale
1531,Brittany Hoover,guzmandavid@example.com,925-982-6244x8639,6510 Nichole Crest,Port Jessicabury,Germany,enterprise
1532,Nathaniel Hernandez,isaiah09@example.org,001-983-852-7561x713,77041 Nancy Locks Apt. 487,New Catherineborough,Guinea-Bissau,retail
1533,Dyer-Lara,fkeller@example.org,8824512381,336 Chan Trail Apt. 847,Griffinbury,Palau,online
1534,Daniel Thompson,natalie28@example.net,(460)664-7532x55738,9365 Kathy Union,Teresamouth,Armenia,online
1535,Candice Gamble,nhiggins@example.org,906.579.1042x8557,62823 Kimberly Place,Lake Nicolestad,Heard Island and McDonald Islands,online
1536,"Grant, Miller and Frank",davidjackson@example.net,001-464-666-6045x894,7884 Ingram Creek,Heatherview,Bouvet Island (Bouvetoya),retail
1537,April Gomez,kimberly34@example.com,704.953.3566,2562 Floyd Plain,Ashleyfurt,Sri Lanka,enterprise
1538,Erin Hopkins,smithmarco@example.net,800.345.9889x34199,644 David Avenue Suite 658,West Natalie,France,online
1539,"Vargas, Hicks and Valenzuela",ashley85@example.com,001-685-706-7814x464,8591 Ryan Key,Port Juan,Djibouti,online
1540,Samuel Lambert,novakbrandon@example.com,001-910-684-8241,522 Reyes Expressway Suite 230,Rebeccatown,Guatemala,online
1541,Cynthia Snyder,ucarey@example.net,+1-446-762-2308x8615,1333 Greene Mountain,Davidborough,Tanzania,retail
1542,Lauren Richardson,christopherguzman@example.net,407.675.7409x360,11970 Luis Terrace,Thomasfurt,Gambia,online
1543,Rodney Palmer,rodneyellison@example.com,370-376-7031x0051,7613 Hampton Divide,Lake Angela,Saint Vincent and the Grenadines,retail
1544,Mary Tran,ipeterson@example.net,828-548-5505,306 Mills Forges Suite 110,Gonzalezport,Cameroon,enterprise
1545,Casey-Gray,karen17@example.org,493.786.3085,828 Frank Pike,South Jillside,Chad,online
1546,Harris and Sons,diane94@example.com,9079851815,41190 Smith Pike Apt. 126,East Jennifer,Morocco,retail
1547,Todd Lambert,robertmolina@example.net,286.780.8888x2390,38924 Rachel Streets,Lake Nathan,Senegal,online
1548,David Fitzpatrick,ryanjones@example.com,001-607-308-7371x161,2700 Romero Walks,East Justin,Pitcairn Islands,enterprise
1549,"Webb, Hogan and Barnes",joshuafrye@example.com,848-200-2914x67260,0722 William Ville,Johnsonmouth,Cambodia,retail
1550,Sims Ltd,curryrachel@example.com,+1-900-818-7109x126,182 Elizabeth Bridge,North Ashley,Nepal,online
1551,"Weber, Jones and Villarreal",malikolson@example.org,(531)257-7073,928 Mccoy Dam,East Theresaton,Cyprus,retail
1552,Steven Chen,jodi86@example.org,8935645885,0788 Herrera Skyway Apt. 893,New Ericborough,Belgium,retail
1553,"Hicks, Patterson and Clark",matthewblevins@example.com,+1-901-223-6166x0333,886 Lisa View Suite 653,East Jamieland,Greenland,retail
1554,Ewing-Abbott,wilkinsjonathan@example.net,+1-441-369-9307x7123,5092 Anthony Parkways,Mayborough,Yemen,retail
1555,Ponce Group,pnewman@example.org,859-900-5376x13081,208 Christine Groves Apt. 716,Hernandezchester,Morocco,retail
1556,James Elliott,cheryladams@example.org,506.379.4673,1988 Foster Mall Apt. 339,Port Robert,Mali,wholesale
1557,Baldwin PLC,jessicagates@example.net,+1-452-664-9254x525,1663 White Freeway,Kristinafort,Portugal,enterprise
1558,Barry Schmidt,youngjulie@example.com,433.844.1683x789,9527 Rodriguez Route Apt. 203,East Rebeccaville,Afghanistan,retail
1559,David Figueroa,edavis@example.org,431-769-1733x9883,11852 Mcbride Loaf Apt. 825,Port Tina,Antigua and Barbuda,online
1560,Maldonado-Rodgers,garciagary@example.com,001-984-531-1490x604,67053 Klein Coves,West Dannystad,Bermuda,wholesale
1561,Green Inc,hrobbins@example.org,(851)346-9061x533,17253 Cheryl Route,New Sandraton,Canada,wholesale
1562,Salinas and Sons,jakelindsey@example.net,860-606-0300x863,9242 Vincent Trail,Mckenzieville,Trinidad and Tobago,enterprise
1563,"Wiley, Adams and White",ocarroll@example.net,(765)329-1930x567,726 Payne Port Apt. 442,North Christine,Seychelles,online
1564,Darlene Flynn,leecameron@example.net,680-835-1645,39916 Jason Mountain Apt. 102,Dianaland,Puerto Rico,wholesale
1565,Stephanie Gonzalez,zherman@example.net,724-692-0855,504 Ann Cape Suite 543,Vaughnshire,Syrian Arab Republic,retail
1566,"Gonzalez, Simpson and Robinson",rayamber@example.org,5939738033,27903 Gary Extension,Erinborough,Norfolk Island,retail
1567,William Jones,patelcarolyn@example.org,958-423-0860x6427,472 Keith Cove Apt. 702,New Erin,Panama,online
1568,Burch-Lucas,rebeccabennett@example.com,+1-602-376-7168x580,86455 William Circles Suite 313,East Kayla,Cape Verde,enterprise
1569,Dominguez Ltd,simschad@example.com,305.955.4139,6421 Chelsea Trail,Donaldview,Guernsey,retail
1570,"Gregory, Thomas and Phelps",fitzgeraldtravis@example.com,232.972.2203,725 Rowland Summit Suite 917,East Amanda,Croatia,retail
1571,Virginia Kelly,dmartinez@example.com,001-774-809-6168x627,46820 Adkins Lake Apt. 043,Kristenchester,Martinique,enterprise
1572,Robert Wolf,hodgesdennis@example.com,+1-698-261-3370x880,0673 Gonzalez Walk Suite 203,Cruzville,Estonia,retail
1573,Johnson Ltd,vbrewer@example.com,(628)457-7738x13416,65719 Cynthia Valley Suite 438,South Amber,Paraguay,online
1574,Robertson-Jones,khill@example.com,(281)901-4982x0225,5185 Robert Viaduct Apt. 425,Jonathanshire,Philippines,online
1575,Paul Keith,henry87@example.org,001-501-346-8212x432,88022 Kristina Pass Suite 922,East Elizabeth,Wallis and Futuna,wholesale
1576,Michael Davis,smiththeresa@example.com,+1-454-721-4676x1647,384 Nicholas Heights,North Wesleyfort,Poland,wholesale
1577,Griffin and Sons,harrisonharry@example.com,(236)838-0310x6213,29063 Gill Squares Apt. 136,Port Michael,Lithuania,retail
1578,Casey-Hill,mhill@example.org,001-507-513-2975,3610 Hodges Ways Apt. 844,South Abigailport,Cote d'Ivoire,online
1579,Justin Mcdaniel,elizabethbernard@example.net,(712)499-0650x015,0956 Michael Path Apt. 499,Raymondchester,Cuba,retail
1580,Campbell PLC,sharpdiane@example.net,503.576.6507x83434,830 Scott Extension Suite 845,Jessicaland,Singapore,online
1581,Freeman LLC,sarahnorton@example.org,+1-582-481-0884x3832,19107 Lopez Orchard,Hooperhaven,Mauritius,retail
1582,Kathy Martinez,sara96@example.net,(594)721-7260x821,92310 Chase Heights,Kimmouth,Hong Kong,online
1583,Mayer Ltd,ryanfrank@example.org,538.382.7974x1397,0675 Rodriguez Ports Apt. 485,Michaelberg,Brazil,online
1584,Ronald Hill,joseph06@example.org,001-917-848-8190x960,456 Brown Loaf,New Rebecca,Venezuela,online
1585,"Reed, Ruiz and Jones",yjuarez@example.net,001-547-708-1450x823,3532 Hamilton Wells,Amyshire,Morocco,retail
1586,Megan Gonzales,sarahjohnson@example.org,591-834-6800,5426 Eric Overpass,Simsland,Guadeloupe,wholesale
1587,Amy Sanchez,ortegajoseph@example.com,446.859.1316x381,9809 Kevin Rapid,Sandraview,Guinea,online
1588,Mack-Lawrence,steven38@example.net,3259444086,555 Fischer Trace Suite 942,West Ashleytown,Myanmar,online
1589,Lisa Andrews DDS,kevin05@example.com,(355)519-7171x823,78152 Wallace Plains,Chanburgh,Brunei Darussalam,retail
1590,Sophia Pace,joshua27@example.com,(334)389-0262,0778 Church Spring,New Kristin,Norway,online
1591,Ellen Nichols,savannah49@example.net,001-667-416-0890x647,131 Rivera Village,East Jaimetown,Korea,enterprise
1592,"Gomez, Rocha and Marsh",serranoamy@example.org,(804)608-9975x33659,24901 Morrow Fords,Robinsonport,Lao People's Democratic Republic,wholesale
1593,Joseph Russell,elizabethjackson@example.net,(666)646-2129,78490 Jill River Suite 591,Blankenshipland,Senegal,retail
1594,Elizabeth Brown PhD,jessicacruz@example.com,+1-586-223-8127x7584,1413 Serrano Ports,Garzaview,Guyana,online
1595,Simmons-Ochoa,hmanning@example.net,001-716-374-7427x685,1244 Kelly Avenue Suite 821,Garrettville,Comoros,online
1596,Caitlin Craig,edgar59@example.org,843-339-7480x87700,45179 Ashley Place Suite 729,New Maryhaven,Zimbabwe,enterprise
1597,Ryan Solomon,davila@example.com,(586)640-9322,8132 Jonathan Corners,New Feliciahaven,Poland,online
1598,Gerald Thomas,zrogers@example.org,740.588.7647x49465,69858 Cochran Walks,New Darin,Bolivia,retail
1599,Ramirez-Burke,jamespatterson@example.com,001-408-715-3413x016,3931 Ryan Court,Jessicaberg,Cote d'Ivoire,online
1600,Williams-Castillo,lewisryan@example.org,(249)347-2865,53545 Michael Ford Suite 228,New Jasonstad,Western Sahara,enterprise
1601,Scott Stewart,rmartin@example.org,001-807-743-3892,31939 Julie Cliff Suite 041,Lake Christopher,Angola,enterprise
1602,Kimberly Manning,heatherreeves@example.net,+1-314-895-1294x2266,4059 Willie Lodge,Lawrenceton,Turkey,retail
1603,"Young, Flynn and Black",timothywilson@example.com,(470)372-7297x4401,06065 Herrera Springs Suite 069,Ericburgh,Belarus,retail
1604,Walker Inc,nguyencarly@example.org,881.723.6245x27610,872 Natalie Alley,New Martha,Nigeria,retail
1605,Michelle Guerrero,hannah29@example.net,001-592-833-5364,32256 Holmes Squares,South Alyssa,Cuba,wholesale
1606,Norris LLC,longcharles@example.net,451-705-5177x575,6561 Eric Spring,North Toddborough,Japan,online
1607,Sharp and Sons,taylorkaitlyn@example.org,362-971-8110x0717,9536 Gallagher Brooks,Lake Alicia,Martinique,retail
1608,Marshall-Munoz,xharrison@example.org,001-256-575-3952x745,53243 Flores Crescent Apt. 637,Lake Marybury,Morocco,retail
1609,Samuel Gonzalez,rhondacollins@example.org,467.990.8211,394 Nancy Light,South Richard,Chad,enterprise
1610,Fleming and Sons,wallerjo@example.org,317.878.1703x14518,9671 David Squares Suite 629,Lake Alicia,Solomon Islands,retail
1611,John Pearson,longjeffrey@example.net,001-549-425-8391x807,980 Miller Glen,Juliechester,Jamaica,retail
1612,Robert Martin,rogerswayne@example.com,7946742306,96097 Moore Rue Suite 521,Miamouth,Malawi,retail
1613,Christopher Lynch,dennissarah@example.org,+1-772-584-1736x280,3800 Sullivan Branch,Reedfort,Bolivia,enterprise
1614,Fletcher-Butler,ablevins@example.net,704.339.1324x676,948 Green Roads Suite 879,Lake Mark,Timor-Leste,online
1615,Michael Brown,latoyawest@example.net,349.658.6723x781,115 Xavier Harbor,South Sarahborough,Greece,retail
1616,"Johnson, Wagner and Hawkins",cquinn@example.net,001-568-595-3555x705,93676 Sean Walks,South Terri,Sao Tome and Principe,enterprise
1617,Elizabeth Leblanc,zsutton@example.net,+1-334-469-1627x3083,671 Gomez Mills,East Elizabeth,Timor-Leste,retail
1618,Destiny Miller,johngonzalez@example.net,001-834-752-7062x433,39029 Odonnell Spring,West Ryanville,Czech Republic,online
1619,Hughes and Sons,ballardkathleen@example.net,(485)856-3903x348,2400 Esparza Ville Apt. 573,Carrollberg,Kyrgyz Republic,retail
1620,Lisa Brown MD,kwilliams@example.net,(638)807-7358,5760 April Lodge Suite 826,Charlestown,United Kingdom,retail
1621,Schaefer-Wheeler,michaelriley@example.net,897.611.4776,2772 Christopher Groves Suite 387,Travisland,Wallis and Futuna,retail
1622,Cassandra Torres,hannadustin@example.net,728.499.9814,7196 Jennifer Crossing,Fisherport,Botswana,enterprise
1623,Andrew Johnson,ywilliamson@example.net,(368)255-0844,672 Linda Tunnel,North Sarah,Jersey,retail
1624,John Sullivan,connie58@example.org,+1-459-466-8492x7056,7075 Marcus Curve Suite 789,South Robertburgh,Grenada,online
1625,"Rivera, Thomas and Pearson",jamie86@example.com,001-934-417-4279,98627 Sawyer Radial Apt. 581,Troyport,Ghana,wholesale
1626,David Moore,nbell@example.org,001-301-501-0071x631,7771 Jennifer Forks Apt. 204,New Scott,Denmark,retail
1627,Mercado-Decker,jesusross@example.org,7523562296,97280 Valdez Knoll Apt. 686,Wilsonberg,Martinique,retail
1628,Rachel Luna,annettejohnson@example.org,001-689-882-4042x514,9753 Sanchez Haven,Nicholeberg,Holy See (Vatican City State),wholesale
1629,Marissa Peterson,huntkelly@example.net,+1-707-311-7633x6618,472 Clay Falls Suite 855,North Andrew,Montenegro,online
1630,Morales Group,cvelasquez@example.com,594.455.1609x11794,87159 Gomez Orchard,South Matthewport,Palestinian Territory,online
1631,Kenneth Burns,davisbeth@example.net,+1-904-433-7061x978,174 Olson Vista,Lake Jeffrey,Kenya,online
1632,Michael Willis,twilson@example.net,466.271.5718x718,8837 Kelley Islands,Leonardfurt,Belize,wholesale
1633,"Williams, Jackson and Galvan",kennethcoleman@example.com,585.918.8513x63621,311 Mendoza Flat Suite 556,South Ashley,Equatorial Guinea,wholesale
1634,"Spence, Craig and Baker",parkjamie@example.com,402.561.3761x035,90729 Smith Bypass,Port Elizabeth,Zimbabwe,wholesale
1635,"Torres, Johnson and Alvarez",fjones@example.net,3197622608,86766 Irwin Ports Suite 134,Lauraside,Timor-Leste,wholesale
1636,Scott Walker,stephenfisher@example.net,+1-632-868-8621,106 Smith Vista,West Jenna,Chile,retail
1637,Bishop-Murray,amitchell@example.com,+1-989-796-0335x6348,36997 Sergio Haven,Adambury,Cyprus,wholesale
1638,Bradley Cisneros Jr.,nmckee@example.org,(246)522-0561x5998,2303 Tammy Throughway Apt. 102,Mortonview,Congo,retail
1639,Mr. Walter Patel,jenniferbailey@example.org,(229)491-1840,07434 Nelson View Apt. 868,Davidstad,Indonesia,retail
1640,Kevin Chapman,ambersmith@example.com,(885)709-6568,902 Alexander Extension,Port Frederick,Cyprus,retail
1641,"Clayton, Cuevas and Henderson",bridgethowell@example.org,(782)513-2551x7091,4937 Alyssa Burg,Burketon,Suriname,retail
1642,Moreno PLC,julie57@example.org,(419)369-3810,51858 Kristin Summit,South Carrie,Micronesia,enterprise
1643,Tonya Stevens,hector72@example.org,+1-379-782-5075x3208,734 David Vista,Lake Jesse,Guinea-Bissau,retail
1644,Jason Clark,xconway@example.org,001-605-939-0504x580,288 Brandon Prairie,Wardshire,Guinea-Bissau,retail
1645,"Jones, Jones and Jackson",lcarson@example.net,(302)754-2003,8015 Miller Stravenue,Dianeville,Costa Rica,online
1646,Denise Barnett,gonzalezwilliam@example.org,001-442-777-8108x468,8310 Tapia Key,Sheltonburgh,Congo,enterprise
1647,Timothy Wood,samantha41@example.net,+1-313-554-5422x726,489 Samantha Knoll,Danielland,Korea,retail
1648,Martinez Group,zthomas@example.com,001-779-237-2187x735,936 Reynolds Ridge Suite 017,Tinashire,Hong Kong,online
1649,Christian Adams,vmartinez@example.net,891.251.4309x177,391 Martinez Plains,Garciachester,Saint Barthelemy,retail
1650,Elizabeth Miller,lisaharris@example.net,229-304-2140,8383 Davis Square Apt. 327,Courtneyhaven,Bahamas,wholesale
1651,Paul Inc,michelle37@example.com,353.743.5760x540,53943 April Skyway,Davidshire,Gabon,online
1652,Vaughan-Lewis,dho@example.com,751-359-8657x3179,6212 Angela Loaf Suite 516,South Robertland,Timor-Leste,online
1653,"Terry, Brown and Price",dsmith@example.com,921.902.3689x91892,9060 Jenny Brook Apt. 521,Barbaramouth,Honduras,retail
1654,Andrew Cohen,joeedwards@example.org,(682)328-6441,466 Mccormick Burg,Danielport,Oman,retail
1655,Michele Gray,jake09@example.org,(274)235-0834,83004 Carrie Valley,Loriberg,Grenada,retail
1656,"Keith, Baker and Evans",margaret53@example.org,+1-605-659-9818x853,590 Steven Mountains Suite 959,South Bethtown,Oman,retail
1657,Garcia-Garcia,joshua07@example.com,3525257259,03752 Saunders Islands,Alexandriamouth,Gibraltar,wholesale
1658,Jeffery Moore,elove@example.org,351.899.9369x584,9679 Weiss Lodge,West Christophertown,Bangladesh,online
1659,Randy Scott,npope@example.org,3742837768,47173 Morales Plain,Deckerton,Maldives,online
1660,"White, Lewis and Suarez",dvasquez@example.net,(357)873-4758,972 Rachael Parks,New Jeffreyborough,Germany,retail
1661,Laura Harrison,gonzalescarolyn@example.org,(452)379-6124x2203,61481 Thomas Port,Sherriburgh,Lithuania,retail
1662,Alexis Werner,bill40@example.org,464-458-1797,140 Miller Drives Apt. 142,Sarabury,United States Minor Outlying Islands,retail
1663,Kelli Woods,kimberlymartin@example.com,4074540631,5119 Jackson Forest Apt. 727,North Paul,Haiti,wholesale
1664,Petersen-Mcintyre,beverly73@example.net,(436)520-2613x86725,870 Watson Station,Port Lisa,Reunion,retail
1665,Amy Waters,mgray@example.net,775-294-9333x1696,205 Tyler Village,North Reneeton,Mauritius,retail
1666,Michael Young,thowell@example.net,888-325-9519x110,59307 Heather Coves,Thompsonhaven,Maldives,online
1667,Karen Torres,andrewoconnor@example.com,001-958-248-5923x138,251 Medina Camp Suite 872,East Mark,Montenegro,online
1668,Angel Martin,wfarrell@example.org,992-204-5315,90046 Rogers Walks,Arnoldfort,Guinea,online
1669,Adam Michael,chasesusan@example.net,(676)563-9759,068 Cole Canyon,Melissamouth,Mauritania,retail
1670,Mercer-Ford,ocollins@example.com,+1-812-902-1091x491,749 Edward Canyon Apt. 844,South Annchester,Faroe Islands,online
1671,Stacey Werner,eblackwell@example.org,001-415-654-8728,3756 Harper Points Suite 750,Port Joseph,Venezuela,wholesale
1672,Geoffrey Ruiz,welchjason@example.org,+1-732-772-2317,48276 Guerrero Mews,Reneefort,Algeria,retail
1673,Greene and Sons,aperry@example.com,229.493.6671x34095,1872 Amanda Ranch Suite 968,Jonesburgh,Solomon Islands,wholesale
1674,Robert Parker,kristinleon@example.net,8816166809,39322 Kevin Tunnel Suite 279,New Kimberlybury,El Salvador,retail
1675,Williams-Rose,laura98@example.com,5205349342,6821 Brian Valleys,East Cameron,South Africa,retail
1676,Kimberly Smith,mmorrison@example.org,(749)913-3640x22082,02623 Teresa Locks,Frenchmouth,Northern Mariana Islands,retail
1677,Eric Cohen,william61@example.org,+1-874-899-1760,5420 Daniel Viaduct,New Caitlin,Brunei Darussalam,wholesale
1678,Sean Miller,johnstonwilliam@example.net,834-323-1530,432 Julia Shore,Port Mckenzieburgh,Austria,online
1679,Joseph Miranda,kelly62@example.com,+1-874-401-5171x435,1540 Matthew Forge,Lake Davidstad,Bosnia and Herzegovina,retail
1680,Logan Contreras,rperry@example.com,247.399.0625x14593,882 Hernandez Cliffs Apt. 702,South David,Mozambique,online
1681,Craig Dominguez,mark49@example.com,8926431481,162 Jones Greens Apt. 227,Parkerport,Switzerland,retail
1682,Christopher Wilson,fraziernicole@example.org,219-321-5200,6854 Oconnor Flat Suite 478,Martinezfort,Tonga,wholesale
1683,Julie Woods,simsshannon@example.net,437-268-3616x88462,693 Ford Island Suite 209,Thompsonchester,Saint Vincent and the Grenadines,wholesale
1684,Jodi Hill,uferguson@example.net,234-208-2241,13600 Warner Mission,Lake Leah,Ukraine,online
1685,Johnson-Alexander,duncanerin@example.org,+1-272-404-7659,66096 Duke Vista Suite 826,East Hollyfort,Saudi Arabia,retail
1686,"Ramirez, Shepherd and Garcia",qwu@example.com,(939)634-5891x433,7281 Donald Greens,Boydport,Tokelau,online
1687,Bennett-Grimes,kimberly24@example.com,493-588-2796x3101,54249 Reed Drive Suite 946,Robertbury,Czech Republic,wholesale
1688,Mclaughlin-Gonzalez,browncatherine@example.org,988-316-6598x18470,555 Brown Tunnel,Nelsonport,Mauritania,retail
1689,Benjamin Harris,pwright@example.net,316-327-6226x799,1898 Tamara Course Apt. 741,Lake Sabrinaport,Turkey,enterprise
1690,Kenneth Russell,awhite@example.net,888.270.9010x8163,2493 Michael Causeway,East Walterland,Tuvalu,online
1691,Nancy Jackson,curtis13@example.org,955-273-2790,45822 Jason Canyon Apt. 909,Brianside,Afghanistan,enterprise
1692,Cabrera-Garcia,wilsonvictoria@example.net,659-219-8597x03721,594 Smith Trace,Samanthashire,Uzbekistan,online
1693,"Allen, Robinson and Townsend",vreese@example.org,855-902-7713,849 Jones Groves,East Anthonyborough,Cuba,online
1694,Rhonda Gordon,tinahowell@example.net,001-963-204-4615x563,7025 Vincent Court,Erikshire,Kuwait,retail
1695,Jose Alvarez,nicholas27@example.com,3504360936,17650 Nicole Fall,Port Danamouth,Central African Republic,online
1696,Charles Anderson,vhill@example.org,(342)567-3904,24617 Griffith Stream,Alvarezchester,American Samoa,retail
1697,Jessica Perry,escobarmatthew@example.com,(428)985-1412,5711 Medina Mount Apt. 133,Daniellefurt,Latvia,online
1698,"Sanders, Jennings and Waters",jamesmcknight@example.com,+1-913-956-7877x142,71574 Robert Springs,Morrisonview,French Southern Territories,retail
1699,Christina Cross,edwardsjames@example.org,7157516341,23422 Hill Plains Apt. 165,Port Lorrainetown,Togo,enterprise
1700,Robert Davis,adam23@example.net,+1-695-442-8758x2930,1031 Hernandez Bypass,Reedton,Djibouti,online
1701,Nguyen PLC,christine03@example.net,945-770-5589x3516,45616 Ramirez Mount,Lake Joseph,Cuba,retail
1702,Elizabeth White,susanholmes@example.net,001-392-650-0004x636,789 Perez Villages Apt. 677,West Andrewland,Israel,wholesale
1703,Foster and Sons,evanflores@example.com,998.831.5007,20426 Maureen Keys,Youngmouth,India,online
1704,"Nelson, Franklin and Powell",christopher21@example.net,+1-302-740-5162x4327,81904 Jenkins Center,Lake Jessica,Russian Federation,retail
1705,Carpenter-Johnson,davidberry@example.com,577-356-5702,83298 Daniel Square Apt. 358,Derekton,Tonga,retail
1706,"Jones, Wheeler and Mendez",andrew58@example.org,959.497.3588x24416,94053 Reilly Mountain,East Marcus,South Georgia and the South Sandwich Islands,enterprise
1707,Christina Wallace,gomeznicole@example.org,+1-241-797-9757x6011,194 Fields Rapid,Adamberg,Saint Martin,online
1708,Jamie Jones,lydiareeves@example.org,001-812-556-9525,6167 Rocha Summit,Aprilbury,Bolivia,online
1709,Jonathan Summers,jessica26@example.org,(644)690-0389x1079,9596 Kevin Overpass Suite 814,Ingramshire,Palau,enterprise
1710,David Pennington,gary79@example.com,+1-483-722-0777x4821,026 Hansen Shoals Apt. 748,Clarkmouth,Malta,online
1711,Lindsay Fernandez,fostertammy@example.net,(448)419-6684,122 Victoria Lodge,Port Brian,Latvia,online
1712,Heather Fuentes,longjason@example.net,5615733911,8236 Casey Pass,Lake Jessica,Myanmar,retail
1713,Jennings Inc,jose08@example.org,447-444-8689x6839,713 Berg Plaza Apt. 484,Gregoryborough,Estonia,online
1714,Shea Ltd,amandaharris@example.com,2037690426,7251 Mason Green,Barrettland,Wallis and Futuna,retail
1715,Sharon Grant,kelliporter@example.net,9656632003,09147 Angela Key Apt. 920,East Julie,Kuwait,enterprise
1716,Eric Hernandez,davidquinn@example.com,+1-292-779-1600x5330,630 Jacob Trafficway Suite 099,Port Becky,Albania,retail
1717,Richard Aguilar,wmcdaniel@example.com,+1-980-962-5291,2203 Snyder Camp,East Ashley,Benin,retail
1718,Reeves Ltd,talexander@example.com,(895)577-0483x215,373 Gregory Wall,Klineberg,Iceland,online
1719,"Williams, Blackwell and Bennett",melissawilson@example.org,+1-968-815-4444x4523,8318 Wilson Keys Apt. 656,Jeremyview,Estonia,online
1720,Rachel Smith,rowepamela@example.net,+1-970-889-3007x1424,7045 Wood Roads,West Crystal,Togo,online
1721,James Chapman,adrianrose@example.org,633-547-0847,188 Scott Mission Suite 749,South Holly,Bouvet Island (Bouvetoya),retail
1722,White Inc,david57@example.org,001-483-942-4110x588,8065 Guerrero Oval,Dunnport,Poland,online
1723,Kimberly Jones,ryansmith@example.org,001-283-444-0932x514,054 Jon Crescent,South Bruceville,Estonia,retail
1724,Anderson Group,francisashley@example.com,(581)409-0620,06344 Ronald Drive Apt. 394,North Donnaburgh,Morocco,online
1725,King-Wilkins,morganpearson@example.org,385-533-1541x94468,00830 Weaver Shores,East Robertmouth,Antarctica (the territory South of 60 deg S),online
1726,Patricia Casey,jordandonald@example.com,001-936-662-9399,802 William Isle,West Kenneth,Thailand,online
1727,Elaine Wheeler,paulfrancis@example.net,702.872.4198x75622,42142 Woods Haven Suite 110,Timothybury,Andorra,enterprise
1728,"Davidson, Krause and Diaz",josephwalker@example.com,(781)986-3825x436,07562 Salazar Curve Suite 842,New Melanieburgh,Spain,online
1729,Perez Inc,thomas97@example.net,+1-427-202-3729x5343,6394 Watson Drive Apt. 618,Wellsfurt,Lithuania,retail
1730,Henry LLC,carolyn60@example.org,675.356.2217x1467,0583 Joshua Estate,Lake Williamport,Ukraine,retail
1731,Gregory Watson,bowmanandrea@example.org,(990)376-6993x61732,8391 Hall Valley Suite 145,Roberttown,Japan,retail
1732,Everett Group,sandra90@example.org,001-979-218-9449x970,4821 Mark Shores Suite 975,West James,Gambia,enterprise
1733,Chang-Thompson,mark92@example.org,346-832-8781,9839 Jeffery Centers,East Rhonda,Cook Islands,online
1734,Gary Miller,qfields@example.org,4742644399,10486 Simpson Fall Suite 787,Riveratown,Korea,retail
1735,Megan Thompson,deborah08@example.com,001-932-234-4972x755,91617 Sarah Tunnel Suite 609,Tammiestad,Indonesia,online
1736,Hawkins-Solis,patricia30@example.org,339.359.0754,41024 Carter Lane,West Tracey,Malta,wholesale
1737,"Jacobs, Banks and Mcintosh",griffithmichael@example.org,001-802-944-1361,8772 Karen Park,Lake David,United States Minor Outlying Islands,wholesale
1738,Kelly Inc,blackburnjennifer@example.net,573-938-7191,26876 Shannon Garden,South Anthonyborough,Indonesia,retail
1739,Webb PLC,aprilsmith@example.net,777-232-7528x8209,9905 Ashley Road Suite 079,New Kathrynstad,San Marino,wholesale
1740,"Robinson, Maddox and Howard",mary46@example.com,001-575-221-0821x914,89671 Kelsey Ramp,South Brandonshire,Brazil,retail
1741,Kenneth Sparks,john53@example.org,(370)586-5827,7695 Brittany River,New Lorichester,Puerto Rico,online
1742,Valerie Martinez,walterslogan@example.com,981.246.5897x3750,8281 Cook Prairie,Lake James,American Samoa,retail
1743,Steven Barron,probinson@example.org,(848)370-9720,9843 Desiree Tunnel Suite 473,Blanchardhaven,Malaysia,retail
1744,Beth Francis,stoneelizabeth@example.com,001-200-377-4851,516 Reyes Shoals Apt. 426,East Michaelland,Belarus,retail
1745,Douglas Arellano,gary38@example.net,(392)565-7162,4048 Cantu Lock,Davistown,Pakistan,retail
1746,Andrea Sanchez,ejenkins@example.org,505.978.6552x0548,9064 Hampton Glen Apt. 590,Josephside,Sudan,retail
1747,Noah Richards,charlesfranco@example.org,(606)544-1622x03468,7716 Jose Burgs Suite 735,Josephview,Moldova,online
1748,Jared Lambert,stephen98@example.org,329.508.9290x3188,8103 Michelle Ports Apt. 325,Stephaniehaven,Japan,online
1749,"Evans, Fleming and Baker",nicole66@example.net,642-958-5793,751 Jonathan Rue,Connerport,Christmas Island,wholesale
1750,Kevin Williams,herringmegan@example.com,(728)450-2471,3668 Johnson Plaza Apt. 450,Port Tina,Zambia,online
1751,Catherine Brown,mandrews@example.com,+1-592-422-8987,703 Owens Row Apt. 352,Christinefort,Israel,online
1752,Tara Kelly,brownmichael@example.net,001-784-497-0470x340,91458 Colleen Burgs Apt. 068,New Tammyfurt,Sierra Leone,online
1753,Jeffery Joseph,hallstephanie@example.org,8712695215,9873 Wade Lodge Apt. 901,Williamfort,Trinidad and Tobago,online
1754,Donald Rodriguez,jenniferyoung@example.com,001-333-223-5699,07264 Gray Ferry Apt. 122,North Philipport,Costa Rica,retail
1755,Sarah Hammond,dtaylor@example.com,(448)578-2787x35865,06277 Garrison Villages Apt. 838,East Brittneymouth,Iceland,wholesale
1756,Nicholas Bennett,xmassey@example.org,(926)379-6991,469 Medina Walk Apt. 125,Phambury,Oman,online
1757,Anderson-Washington,michaelchavez@example.com,+1-339-862-1835x924,1266 Zachary Fork,West Michael,Iraq,wholesale
1758,Carol Banks,catherinewilliams@example.com,593.885.7359x405,5106 Charles Freeway Suite 494,East Debraburgh,France,online
1759,Murray and Sons,franciscopatton@example.org,(262)961-2056,7672 Kevin Hills Suite 663,New Kevinbury,Argentina,retail
1760,"Davis, Thomas and Adams",joelsolis@example.net,475.602.1903,33224 Ruiz Point Apt. 379,South Adam,Indonesia,online
1761,Brenda Davenport,shelby49@example.com,421.811.3208x154,01968 Boyer Plains Suite 375,Mckenziechester,Tunisia,wholesale
1762,Parker Ltd,jennifermarshall@example.com,474-801-4052x543,0926 Richard Circle,South Amy,Australia,wholesale
1763,Paul Cruz,gallagherjeremy@example.com,284-938-3275,604 Novak Road,Powellborough,Equatorial Guinea,retail
1764,Benjamin Kramer,uharris@example.com,263-915-5930x41861,2809 Williams Harbors Apt. 711,New Antonio,Timor-Leste,retail
1765,Derek Stevens,parkerbeth@example.org,677-751-3824x44293,2665 Stewart Branch Apt. 720,Justinbury,Australia,retail
1766,Erica Kaufman,raven14@example.org,5673943320,65232 Cody Estates,North Justin,Western Sahara,retail
1767,Nathan Ramirez,chaveztyler@example.org,+1-833-393-9925x3581,36584 Joy Centers,Kellyhaven,Nigeria,wholesale
1768,Sandra May,richardolsen@example.com,732-323-3168,3271 Turner River,Port Thomas,Niue,online
1769,Raymond Clark,brownkaren@example.com,001-574-446-2565,84354 Annette Groves,West Kevin,Kuwait,online
1770,"Adkins, Banks and Williams",ujones@example.net,(410)571-4918,042 Patricia Stravenue Apt. 069,Julieport,Lithuania,retail
1771,Theresa Brown,hamiltonaimee@example.org,789.487.4315x77238,29106 Mendez Hollow,Cookbury,Saint Pierre and Miquelon,retail
1772,Ruiz-Ruiz,xlee@example.net,(521)404-7716x7263,272 Austin Pike Suite 830,South Jasmine,Bolivia,enterprise
1773,Thomas Davis,sarah38@example.com,819.834.8647,1721 Matthew Place,Haynesburgh,Yemen,online
1774,Julian Hamilton,qmartin@example.org,+1-341-597-4362x712,45919 Douglas Mount Suite 941,Powellland,Chile,online
1775,Zimmerman Ltd,wmcfarland@example.org,6858119766,19614 Jennifer Hollow Suite 681,Scottport,Sao Tome and Principe,online
1776,Jordan Ball,riverazachary@example.org,+1-226-342-6922x6640,76256 Eric Course Apt. 190,Markfurt,Liechtenstein,wholesale
1777,Christian Sparks,rcrawford@example.net,+1-663-397-6845x749,517 Albert Orchard,South Anitastad,Czech Republic,online
1778,Jeanne Koch MD,smithkatie@example.com,001-750-818-0990x558,553 Bowman Court,Shawntown,Antarctica (the territory South of 60 deg S),retail
1779,"Kane, Taylor and Bruce",lmeza@example.org,4033664746,79765 Benjamin Oval,Williamsbury,Ethiopia,retail
1780,Denise Carson,gary32@example.org,+1-502-856-1333,6104 Samantha Summit Suite 871,Dianabury,Montserrat,retail
1781,Gonzalez Inc,vweaver@example.com,224-759-0564x165,43748 Gregory Roads Suite 453,North Omarport,Isle of Man,wholesale
1782,Michael Turner,laura71@example.net,766.489.2658x95172,36619 Erin Divide,Stronghaven,Mauritania,wholesale
1783,Debbie Fitzgerald,fowlernicole@example.com,(617)912-7336,35339 Deanna Plains,New Elizabeth,Costa Rica,enterprise
1784,Michelle Gardner,pwaller@example.org,+1-791-448-9024x239,9995 Fox Squares Apt. 324,East Kendra,Iceland,online
1785,James Mendoza Jr.,georgeperez@example.org,384.518.2604x859,03889 Rivera Rapid,Gutierrezmouth,Vanuatu,retail
1786,Williams and Sons,sanchezrobert@example.com,8096877735,487 Shaw Pike Suite 039,Krauseton,Jordan,retail
1787,Mcpherson-Yoder,denise46@example.com,3967484745,0097 Stewart Fields Suite 389,West Evelyn,Azerbaijan,wholesale
1788,"Horn, Buchanan and Arnold",amanda07@example.org,001-878-663-8691x005,4114 Jimmy Mews,Colemanshire,Rwanda,retail
1789,"Miller, Zhang and Griffin",joshuagilbert@example.com,(739)278-3111,81844 Hayes Lakes,East John,Antigua and Barbuda,retail
1790,Richard Foley,emilynguyen@example.com,001-896-391-4760x492,804 Tiffany Valleys Apt. 780,West Jamesstad,Greenland,retail
1791,Matthew Adams,kevin95@example.org,+1-459-486-4924x4983,4664 Stewart Square,East Jenniferstad,Montenegro,retail
1792,David Pham,xbailey@example.net,(759)365-1312x801,3853 Williams Plains,Robertfort,Heard Island and McDonald Islands,retail
1793,Hill-Reid,josebrowning@example.net,715-918-1222x290,22719 Hammond Tunnel Suite 093,South Shane,Vietnam,enterprise
1794,Elizabeth Mills,kthompson@example.net,+1-471-928-4055x5423,702 Patel Locks,Bethanybury,Palestinian Territory,retail
1795,Patty Foster,currykeith@example.org,001-687-247-1558x992,4271 Baker Creek,Rachelstad,Egypt,retail
1796,Roach-Perez,cwilliams@example.net,902-351-3457x964,411 Tamara Course,Luischester,Belize,retail
1797,Stephanie Valdez,bradley29@example.org,+1-260-461-4494x822,5441 Belinda Garden Suite 852,South Joshua,Timor-Leste,retail
1798,Darlene Webb,christopherklein@example.org,+1-585-571-6310x3010,35155 Jensen Junction Apt. 642,Lake Jaredfort,Nicaragua,online
1799,Robert Stewart,xmcintosh@example.org,+1-340-976-6979,4643 Jason Manor,Schneiderborough,Bahamas,retail
1800,Lisa Rogers,nicholas06@example.net,2152482722,978 French Haven Apt. 086,Roystad,Cocos (Keeling) Islands,online
1801,Ellis LLC,michellerasmussen@example.org,001-542-596-9988x579,38139 Justin Lakes Suite 568,East Jennifermouth,Niger,retail
1802,Williams-Wolf,burchjason@example.net,001-982-997-2361x185,24179 Robinson Forge Apt. 104,New Garrettburgh,Fiji,online
1803,Smith-Fleming,lscott@example.org,+1-741-268-7028x1167,09924 Williams Village,Whitechester,Costa Rica,retail
1804,Keith Taylor,nicholas28@example.com,293.431.1320,581 Emily Skyway,Brooksbury,Mauritius,online
1805,Jane Brewer,bowerskristi@example.net,(316)218-5762x47275,4850 Theresa Club,New Ericmouth,Ecuador,wholesale
1806,Stephen Aguilar,ymurphy@example.org,600-903-4094x8844,97887 Clark Port,Ryanhaven,Colombia,online
1807,Benjamin Gibbs,swatson@example.com,(939)653-2115x1302,4998 Austin Island Suite 287,Calebbury,Fiji,retail
1808,Jessica Butler,carrjacqueline@example.net,502-799-5722,36053 Garrett Underpass Suite 704,North Deborah,Ukraine,online
1809,Logan LLC,luis48@example.org,+1-214-279-2216,003 Jimenez Squares,New Scottland,Faroe Islands,enterprise
1810,Heather Young,biancavasquez@example.com,001-295-696-2375x582,3648 Andrew Drive,Johnton,Morocco,retail
1811,Smith Ltd,melaniealexander@example.org,579-918-9022x484,7442 Amy Groves,Josephborough,Korea,online
1812,Thomas Mullins,phudson@example.com,+1-371-328-2173x5345,5792 Williams Crest Apt. 643,Christinamouth,Bosnia and Herzegovina,retail
1813,Jennifer Cochran,jerrynelson@example.com,7699457571,06935 Steve Street Apt. 268,North William,Colombia,retail
1814,Kurt Morgan,jennifervaughn@example.com,001-431-685-5775x154,58072 Kimberly Track Apt. 750,Sharonville,Tunisia,retail
1815,"Thomas, Williams and Evans",erinleblanc@example.com,(805)517-7852,02355 Jake Dale Apt. 157,East Candaceview,Belize,online
1816,Laura Mcgee,pdavis@example.org,539.292.0160x1404,5762 Jennifer Curve Apt. 260,South Johnville,Solomon Islands,wholesale
1817,Ms. Leah Duarte,andersonjoseph@example.net,(997)646-1553,30113 Stevenson Rapids,Port Donald,North Macedonia,online
1818,Gregory Mccarthy,wpope@example.net,440-936-2408x96230,431 Benjamin Dale,West Michael,China,retail
1819,Huffman-Pham,whiteapril@example.net,384.745.1493,69712 Green Fort Apt. 828,Julianside,China,online
1820,Lopez-Jones,laurajacobs@example.com,218-550-2177,4459 Smith Heights,Davidmouth,Micronesia,retail
1821,Diane Green,brandonwright@example.org,001-640-711-3499x762,781 Luis Burg Suite 789,Courtneyshire,Christmas Island,online
1822,Callahan PLC,waynewall@example.net,987.403.7507,908 Alexis Coves Apt. 762,Mayfort,United States Virgin Islands,online
1823,"White, Smith and Davis",randallchristopher@example.net,909-536-8513x4982,294 Frey Union Suite 399,Justinfort,United States Minor Outlying Islands,retail
1824,Olsen PLC,horncarrie@example.org,(865)646-3641x996,4367 Brandon Parks Suite 017,Brownhaven,Bolivia,retail
1825,Perez Ltd,emily65@example.net,001-412-938-7197,767 Savage Shores Apt. 315,Rodriguezbury,Cyprus,online
1826,Elizabeth Walker,rbrown@example.org,646-541-9808x156,19213 Bruce Creek,South Tracymouth,Equatorial Guinea,wholesale
1827,Terri Williams,alvarezrenee@example.com,413-889-0406,9174 Morris Loop Apt. 595,Walterchester,Tuvalu,online
1828,James Frazier,jessicaking@example.net,(261)780-3205x30649,414 Anthony Forge Apt. 248,Fisherfurt,Bermuda,online
1829,William Black,jameszuniga@example.com,967-990-0711,021 Joseph Shore Apt. 380,Carpenterstad,South Africa,retail
1830,Timothy Barker,henryraymond@example.org,910-531-0026,701 Hamilton Square Apt. 197,Joneshaven,India,online
1831,"Golden, Madden and Rodgers",wilsonlinda@example.com,(790)362-9814,9625 Alvarado Prairie,New Danaside,Aruba,retail
1832,Jordan Braun,russojohnny@example.net,7996125037,58080 Martin Shores Suite 514,Lake Jamesfort,United States of America,online
1833,Alvarez-Bennett,ewalker@example.org,(274)651-7763,53114 Dennis Gardens,North Thomas,Croatia,online
1834,"Robinson, Sims and Chase",courtneybraun@example.com,515-530-6337x73180,138 Carney Ville,New Jason,Serbia,online
1835,Henry Brown,mburton@example.org,001-887-257-7774x462,00995 Smith Corners,West Mirandaborough,Canada,online
1836,Mendoza Ltd,clarkamy@example.com,001-888-900-4724x571,80720 Margaret Center Apt. 546,Pageside,Argentina,retail
1837,"Chavez, Stephens and Thompson",leslie96@example.org,768-947-8040,5897 Mcgee Court,Sotomouth,Congo,online
1838,Freeman-Morrison,derrick66@example.org,5993583305,1759 Melissa Overpass,Lake Charlesport,Korea,retail
1839,"Lee, Torres and Haynes",philipgutierrez@example.com,001-894-323-2361x789,94466 Parker Flat Suite 075,East Daniel,Guernsey,enterprise
1840,Nicole Smith,dcook@example.org,+1-327-937-6149x9812,883 Vicki Spurs,Warnerchester,Singapore,retail
1841,Andrew Gutierrez,rebekahrichards@example.com,+1-416-410-2014x5051,41558 Walls Crescent,Jamesmouth,Faroe Islands,enterprise
1842,Barnett PLC,palmermichael@example.com,617-450-4658x4751,21299 Lauren Squares,Katrinaville,Ireland,enterprise
1843,Michael Olson,sheilamartin@example.org,001-770-302-8558x232,19033 Jacqueline Course Suite 666,Marychester,Cote d'Ivoire,retail
1844,Daniel Burton,hboyd@example.net,001-445-844-8808x736,63983 Nathaniel Green,South Thomas,Kyrgyz Republic,online
1845,Paul Lawson,thomas26@example.org,(305)861-4189x23411,928 Camacho Isle,New Laurachester,Djibouti,enterprise
1846,Shaffer-Schneider,johnsonlisa@example.net,001-928-307-9841,245 Beth Prairie,South Jerrybury,Bangladesh,retail
1847,Shirley Klein,kbradford@example.com,001-298-887-7909x182,5336 Jennifer Wall Apt. 199,Wardburgh,Gabon,wholesale
1848,Francis-Marshall,gmoreno@example.com,7164261481,80225 Todd Throughway,New Toniburgh,Burkina Faso,retail
1849,Samuel Morgan,rking@example.com,600-298-6191x88025,7790 Morris Ridge Suite 015,Brandihaven,Mozambique,online
1850,Simpson Inc,mary88@example.com,633-935-6559x488,5413 Megan Viaduct Apt. 494,Port Kayla,Cape Verde,retail
1851,Wright Ltd,richard15@example.org,827.773.8202x6407,039 Graves Square Suite 200,North Nancyborough,Serbia,retail
1852,Miller-Harris,michaelirwin@example.com,(575)951-4203x383,460 Jessica Summit,Edwardshaven,Philippines,online
1853,Nicole Benson,fcarpenter@example.com,+1-367-365-1117,98716 Ward Junctions,Madisonview,Martinique,wholesale
1854,Brandy Roberts,donaldmartin@example.net,+1-908-477-5462x9693,0842 Jon Cliffs,Port Austinfort,Saint Kitts and Nevis,retail
1855,Adrian Johnson,ravensanchez@example.net,+1-570-300-7901,45205 Garcia Mountain Suite 185,New Jenniferport,Luxembourg,retail
1856,Derek Wright,tylerstanton@example.org,+1-487-910-4288x322,7203 Kyle Street Apt. 899,North Hannahside,Sudan,online
1857,Mr. Joel Mckay,marymoran@example.org,693-708-4470,53614 Jenkins Plains,Frankborough,Saint Kitts and Nevis,online
1858,"Pierce, Smith and Jones",kenneth34@example.com,4529434529,21185 Kristi Shore Apt. 393,West Melissa,Cook Islands,retail
1859,Black-Cervantes,stacey53@example.com,683-244-8345x9961,730 Sanford Drive,North Fernandohaven,New Caledonia,enterprise
1860,Adrienne James,nicole50@example.com,268.453.4434x674,59625 Davis Mountains,Toddhaven,Iceland,online
1861,Scott PLC,robertroberson@example.com,653.993.9300x3446,142 Nunez Glen,Simston,Bahamas,wholesale
1862,Richardson Inc,maria70@example.net,507.488.9608x522,234 Felicia Creek Apt. 462,New Patricia,Haiti,online
1863,Reyes Inc,joe06@example.net,001-804-686-9357x234,009 Porter Islands Apt. 136,Powellchester,Paraguay,online
1864,Maria Lewis,hlee@example.org,977.487.4618,497 Herring Highway,Lake Cynthia,South Africa,retail
1865,Casey Patterson,richard54@example.org,3054368545,2483 Jamie Orchard Suite 975,Jasonview,Belize,wholesale
1866,Christopher Best,greenvanessa@example.org,822.791.4671x565,6932 Amy Fort,Gordonbury,Peru,retail
1867,Brittany Robertson,todd54@example.net,9175263702,137 Berry River,Rossberg,Slovenia,online
1868,Patrick Park,kevin99@example.com,001-267-576-1615,521 Thomas Terrace,Robinmouth,Northern Mariana Islands,retail
1869,Jamie Castro,brian89@example.org,001-617-689-0709x160,4610 Alyssa Road Apt. 810,South Carla,Palestinian Territory,retail
1870,Lisa Thomas,anthony39@example.net,+1-320-502-8443,47132 Fitzpatrick Rapid,Lake Ray,Ireland,online
1871,Richard Johnston,wsmith@example.com,9423561204,9703 Karen Ridge Suite 454,East Nataliefort,Cayman Islands,retail
1872,Moody Group,michelleholt@example.org,980-419-4289,81522 Marie Harbor Suite 763,North Jeremyhaven,Equatorial Guinea,online
1873,Brooks-Wade,danny69@example.org,(276)941-9911,371 Smith Neck,Lake Benjamin,British Indian Ocean Territory (Chagos Archipelago),online
1874,James Smith,ahunt@example.net,385-695-9782,74925 Martinez Place,North Matthew,Svalbard & Jan Mayen Islands,retail
1875,Hancock LLC,michael66@example.com,394.419.7703,71067 Garcia Mountains Suite 125,North Austinmouth,Montenegro,retail
1876,Terry Hughes,gwilcox@example.com,001-253-381-1595x767,620 Watson Vista,Linville,Sudan,online
1877,Victoria Mason,christina40@example.com,331-950-6894x649,16306 Sarah Mission Suite 329,Lake Douglas,Bangladesh,retail
1878,"Benson, Bell and Harris",matthew12@example.net,001-754-536-4448x912,09264 Morrison Loaf,North Curtisport,Senegal,online
1879,Sandra Ochoa,tammyjohnson@example.org,395.859.1498x7322,00904 Spencer Roads Suite 670,Ericview,Sweden,retail
1880,Brooks PLC,pricejuan@example.org,6217864236,2542 Randall Stravenue Apt. 630,Johnnyfurt,Taiwan,retail
1881,Marie Stone,matthew52@example.net,261-803-6916x28875,062 Valdez Prairie Apt. 329,Watsontown,South Georgia and the South Sandwich Islands,retail
1882,Sandy Smith,abaker@example.com,001-567-473-1596,82181 David Corners Suite 194,Torresberg,Sudan,retail
1883,"Casey, Wilson and Frye",hensonrobert@example.net,899.220.1277,43157 Goodwin Harbor,Joannaland,Vietnam,retail
1884,Daniel Sawyer,esmith@example.net,+1-813-513-1437x6325,2592 Simmons Knoll,East Natashaland,Zimbabwe,retail
1885,Daniel Sweeney,jgutierrez@example.org,4072327234,95124 Aguirre Corners,South Matthew,Estonia,retail
1886,Mark Thompson,nlawrence@example.net,845.208.3737x69895,7401 Brian Falls,North Douglas,Guadeloupe,retail
1887,Hammond-Jenkins,john59@example.org,+1-365-939-7642x234,97116 Daniel Summit Suite 339,Lake Caleb,Equatorial Guinea,enterprise
1888,Mitchell and Sons,courtneykelley@example.org,001-242-763-0157x794,037 Jason Prairie Apt. 768,New Kevin,Burkina Faso,wholesale
1889,Sullivan Ltd,wilsonjason@example.net,+1-479-738-0619x0155,9876 Evans Way Suite 442,East Caseymouth,Austria,wholesale
1890,Kelly Bell,treynolds@example.com,276.223.0503x0510,25325 Joe Mall,Lake Jeremy,Latvia,wholesale
1891,Mullins-Walker,brownsteve@example.org,+1-546-283-8819x0254,17392 Jim Meadows Suite 177,West Samantha,Togo,retail
1892,Anthony Hogan,alexapadilla@example.net,(581)374-7914x52520,413 Guerra Crescent,Lake Leahmouth,Hong Kong,retail
1893,Mr. Ricky Owens DDS,jordan59@example.net,449-487-3555,74253 Justin Roads,East Samantha,Brunei Darussalam,online
1894,Anthony Rice,holdertammy@example.net,309-703-0186x20284,81188 Taylor River Apt. 767,South Joseph,Uganda,online
1895,Roger Mayer,richardedwards@example.org,771.844.1189,300 Thompson Stravenue Apt. 384,Johnfurt,Czech Republic,retail
1896,King PLC,mcdowelljoseph@example.org,(976)945-0786x4097,4714 David Shore Apt. 449,North Christineburgh,Hong Kong,retail
1897,Wendy Wagner,raymondhoward@example.net,267-757-3954x0927,1716 Monica Dam,Chelseaton,Iceland,online
1898,Webb Inc,andersonemily@example.net,359-789-4785x063,85323 Natasha Corner Apt. 644,Olsonfort,India,retail
1899,"Thompson, Hayden and King",pedwards@example.com,(512)202-8533,924 Barber Estate,Kylechester,India,retail
1900,Lauren Bean,danielstanton@example.com,+1-922-645-8604x8857,884 Stacy Crescent,Port Bradleyburgh,Spain,wholesale
1901,Greene-Black,richard79@example.org,(270)790-8660,75762 Cantu Manor Apt. 128,Matthewsberg,Christmas Island,online
1902,Eduardo Silva,todd89@example.net,(876)377-0740,0638 Coffey Run Suite 245,West Daniel,Falkland Islands (Malvinas),wholesale
1903,Maria Jones,rfrazier@example.org,391-336-1856x20186,516 Anderson Light Apt. 659,Rodriguezborough,Germany,retail
1904,Darin Lewis,eric35@example.com,+1-601-649-6091,538 Karen Shore Suite 941,Port Tabithabury,Bulgaria,retail
1905,Adams LLC,smithregina@example.org,(518)648-2018x56545,2570 Joyce Inlet,Hernandezside,Qatar,retail
1906,Elizabeth Brooks,charlesmoss@example.org,+1-611-336-9314x2773,3421 Henry Ports,Mccormickchester,Turks and Caicos Islands,online
1907,Chapman-Mitchell,rdunn@example.net,893-710-0229x83960,133 Lori Stream,Lake Joshua,Netherlands Antilles,wholesale
1908,Diana Parker,justinchapman@example.net,546.836.3756x26121,117 Phillips Roads,West Joshua,Saint Vincent and the Grenadines,online
1909,Julian Owens,courtney28@example.com,563.979.2301,858 Edwin Vista Apt. 534,East Randy,Georgia,retail
1910,William Johnson,millercourtney@example.org,402-913-5124x85990,676 Brock Plain,Pottsport,Christmas Island,wholesale
1911,Patrick Taylor,zacharydavis@example.com,503.316.5393,69138 Gonzalez Trace,New Aprilview,Haiti,online
1912,"Valencia, Snyder and Price",mcneilaaron@example.com,+1-262-873-7520,36797 Solis Hollow Apt. 531,Benjaminfurt,Kyrgyz Republic,enterprise
1913,Munoz-Sandoval,brittany36@example.net,001-424-734-3180x213,6317 Scott Point Suite 073,East Dannychester,Djibouti,online
1914,Lawrence-Rodriguez,tmiller@example.net,532.279.3078,6533 Price Mountains,East Kelly,Martinique,online
1915,Teresa Lane,brian91@example.org,860-791-4530,17530 Fields Park Suite 985,Port Jenniferton,Portugal,retail
1916,Howard Suarez,johnsonkevin@example.org,+1-223-866-6492x7582,6171 Roy Ports,Patrickburgh,Morocco,retail
1917,Phillips and Sons,cmckinney@example.net,001-520-861-7569x878,72413 Kevin Glens Suite 376,South Thomasmouth,Solomon Islands,wholesale
1918,Carrie Hanson,thomascordova@example.org,379.575.8870x644,23755 Long Streets,Hughesville,Kiribati,online
1919,Molly Mendez,charlesmason@example.net,(921)765-7688x98833,611 Courtney Springs Apt. 597,West Lynnbury,Sweden,retail
1920,"Mullins, Jackson and Wilcox",jeffrey46@example.org,+1-669-750-0540x2520,474 Nicole Garden Suite 172,Larsenland,Kazakhstan,online
1921,Bell-Fuller,carolyn94@example.com,477-524-3354x4844,287 Moore Skyway,Kruegerbury,Jersey,retail
1922,"Hernandez, Roberts and Andrews",sjones@example.org,635.497.8298,5718 Nicholson Lane Apt. 029,West Anna,Dominican Republic,online
1923,Terry Decker,ann85@example.org,001-939-530-2728x602,4639 Rodney Ramp,West Alishaville,Congo,online
1924,Dr. Willie Adams,davisbrandon@example.org,589-912-0090,702 Gonzalez Row Apt. 717,Edwardsville,Slovenia,retail
1925,Jessica Barrett,qmurphy@example.com,763.461.4072,082 Davis Port Suite 153,Jeromeside,Georgia,retail
1926,Dr. David Le,christopher74@example.org,484-628-7738,5320 Alex Creek Suite 814,Martinezside,Niue,retail
1927,Morse-Olson,kylewilliams@example.net,606-627-3706x85405,5373 Jamie Roads Apt. 289,Christopherburgh,Nicaragua,online
1928,"Fitzgerald, Curry and Phelps",jessica35@example.com,448.484.7082x1776,158 Elizabeth Run Apt. 277,North Timothyshire,Slovenia,retail
1929,Tyler Mitchell,kristyrodriguez@example.net,218-779-6192,02643 Marvin Station,Kimberlyhaven,Liberia,online
1930,Gibson Ltd,qjimenez@example.net,845-401-7075x93494,6545 Kathy Forges Apt. 793,Baileyburgh,Portugal,retail
1931,"Armstrong, Mclean and Scott",judith46@example.net,(455)663-5655,52096 Sanchez Village,Brockborough,Mali,retail
1932,French-Miller,morganrobert@example.net,553-544-4470,05222 Hernandez Hollow Apt. 350,Robertside,Serbia,online
1933,Wayne Melton,tammyanderson@example.org,306.372.0007x816,948 Taylor Station,New Lawrence,Bouvet Island (Bouvetoya),retail
1934,Brandon Bell,joyceramirez@example.com,(382)566-2994x703,239 Joseph Radial,Julieview,Dominican Republic,online
1935,Dennis Lane,laurenmckinney@example.com,8498634186,3445 Anna Spring Suite 741,West Shane,Maldives,retail
1936,Newman and Sons,woodantonio@example.net,001-976-429-4636x772,264 Woodard Forest,Lake Nicolehaven,Guatemala,online
1937,Bennett Group,deborahriley@example.org,491-633-7439,21087 Smith Greens,Nicolechester,Papua New Guinea,retail
1938,Danielle Harris,mnelson@example.net,493-703-1584,42938 Daniel Cliffs Suite 924,Johnsonland,Greece,retail
1939,"Williams, Serrano and Everett",aliciadyer@example.net,378-594-1097x7297,666 Steele Throughway,East Sandrachester,Latvia,retail
1940,Linda Potts,ericamoore@example.com,+1-816-808-7768x6548,981 Mark Squares,South Margaret,Cambodia,online
1941,Thomas Perez,christopher90@example.net,577.875.5799,09335 Gerald Route,Garciaton,Zambia,wholesale
1942,Garrett Ltd,wwong@example.net,437.938.9930,1277 Heather Shoals Suite 592,New Monicahaven,Tuvalu,enterprise
1943,Susan Lopez,thompsondavid@example.com,225-810-3167,890 Curtis Mountain,Garciaside,Germany,online
1944,"Chase, Mueller and Velez",wjones@example.net,755-905-9550x176,969 Willis Roads Apt. 687,New Steve,Marshall Islands,online
1945,"Serrano, Adams and Phillips",elizabethsmith@example.com,689-940-5676,96151 Stephanie Trafficway Apt. 594,Burnsfurt,Paraguay,retail
1946,Troy Cameron,lhouston@example.net,978.374.7326x43534,9151 Isaiah Locks,West Heather,Bhutan,online
1947,Michelle Brown,sheila49@example.net,001-331-278-0013x381,8448 David Ridge Apt. 720,New Dean,Libyan Arab Jamahiriya,retail
1948,"Gomez, Stokes and Williams",stacy50@example.org,+1-589-752-0781x2643,51891 Chandler Trail Apt. 319,South Lisa,Yemen,retail
1949,Judith Watson,johnsonanthony@example.net,818-559-0332x0237,42117 Bush Grove,Judymouth,Faroe Islands,retail
1950,Abigail Garcia,joshuasmith@example.com,2474441075,8607 Hernandez Mountain,Taylorton,Mongolia,online
1951,Danielle Coleman,lopezkatelyn@example.net,(544)691-8762x7561,637 James Place Suite 391,East Davidport,Korea,retail
1952,Matthew Campbell,jessica70@example.org,(842)664-4876,8362 Marsh Tunnel Suite 141,West Ryan,Honduras,retail
1953,Meza-Reed,aliceriggs@example.org,001-225-940-4378x942,49783 Thomas Loaf Suite 455,South John,British Indian Ocean Territory (Chagos Archipelago),retail
1954,Nunez and Sons,katherine80@example.net,(752)761-1433x972,906 Paula Road,Chambersberg,Greece,wholesale
1955,Kirk Group,lisacopeland@example.org,+1-255-315-0913x182,054 Barron Harbors,East Russell,Guernsey,retail
1956,Michael Murphy,ashley49@example.com,001-901-985-3873x763,735 Steven Highway Apt. 970,New Jasonburgh,Sao Tome and Principe,wholesale
1957,Phillips-Lara,john72@example.com,699.858.8337x2619,146 Shannon Canyon Suite 315,South Lindahaven,Burkina Faso,retail
1958,Laurie Brown,johnathanhernandez@example.com,381.217.3712x383,6199 Mark Road,West Jaredchester,India,enterprise
1959,Mike Hill,charlesguerra@example.net,(229)395-7216,11813 Mitchell Parkway,Lake Jason,Suriname,online
1960,Amber Cohen,wking@example.net,839.442.7756x37540,3454 Gutierrez Village Apt. 468,New William,India,retail
1961,Kerry Steele,jamesfaulkner@example.com,001-212-857-7911x993,025 Copeland Ville Apt. 650,Savannahside,United Kingdom,online
1962,Sutton-Salazar,hoffmanjoseph@example.com,(573)618-2438,2116 Baker Plain Apt. 626,East Brittany,Bahrain,wholesale
1963,Powell Group,dylan31@example.org,001-940-811-1714x872,937 Flores Road,Parkerburgh,Ecuador,online
1964,Louis Knight,lauragriffin@example.com,+1-997-631-6379x1401,46795 Butler Fords,Port Jasonland,Netherlands Antilles,enterprise
1965,David Charles,kimberlyhoover@example.net,524.306.4976x477,1251 Elizabeth Ranch,Adkinsside,Netherlands,retail
1966,"Mccormick, Rodriguez and Myers",jimmy38@example.net,321.367.7150x092,93839 Wong Ferry,Lake Alisha,Solomon Islands,retail
1967,Ayers-Keith,weissdouglas@example.com,370-396-7608x8680,3799 Nelson Viaduct,East Johnfurt,Portugal,online
1968,"Bass, Grant and Mack",dmartin@example.net,(363)429-3990x598,149 Jessica Falls,Erichaven,Bermuda,retail
1969,Lori Carter,emilyhorne@example.net,672-606-2042x5174,68924 Murphy Lodge Suite 889,Matthewhaven,Cyprus,retail
1970,Christopher Young,delacruzmichelle@example.org,688.910.5249x0439,868 Bell Parkway,Normanburgh,Seychelles,retail
1971,"Simon, Johnson and Jennings",gonzalezedward@example.org,001-229-500-7213x787,98167 Penny Gardens,Janetland,Moldova,wholesale
1972,Elizabeth Morse,zachary41@example.net,001-865-220-8358x192,405 Johnson Pike Suite 423,Crystalberg,Singapore,retail
1973,Paul Stewart,along@example.com,831-941-8195x896,6413 Ruiz Terrace Apt. 682,Lake Kimberly,Liechtenstein,retail
1974,Tiffany Williams,smurphy@example.net,(796)672-7691x922,098 Steven Parks,Josephstad,Angola,retail
1975,Martin and Sons,burnettnicholas@example.com,6415449200,3925 Holly Row Apt. 922,Lopezside,Gibraltar,wholesale
1976,Walker-Munoz,melissa41@example.org,329-766-4146x74118,615 Kyle Shoal Suite 143,Kentborough,Uganda,retail
1977,Jeffrey Yu,harriselizabeth@example.com,841-479-0734,88870 Brown Circles,Lake Ericside,Christmas Island,online
1978,John Frazier DDS,ugentry@example.com,001-279-839-7063x566,41536 Frost Ranch Apt. 490,Montgomeryville,Haiti,retail
1979,Nicholas Brown,swilson@example.net,977.392.9961x313,107 Bennett Roads,West George,Guatemala,retail
1980,William Cooke,ajohnson@example.net,382-879-3465x64122,36309 Vasquez Isle Suite 138,Johnsonton,Swaziland,retail
1981,Wendy Mccann,angelamaddox@example.net,001-512-410-4940,900 Sanders Ferry Suite 612,New Terranceborough,China,wholesale
1982,Pham LLC,schaeferrobert@example.com,656.616.7322x715,30233 Catherine Tunnel,Lake Vernon,Pitcairn Islands,wholesale
1983,"Wilson, Garcia and Cooper",richmondeddie@example.com,7993171567,59272 Harrison Summit Apt. 100,Markton,Cote d'Ivoire,wholesale
1984,"Mitchell, Johnson and Moore",carlsonlee@example.com,362.761.7193,6406 Miller Flat,South Theresa,Niger,enterprise
1985,"Stevens, Powers and Vazquez",michaeljones@example.org,619.506.2440,81783 White Mills Apt. 447,Lake Suzanne,Antarctica (the territory South of 60 deg S),retail
1986,Duarte PLC,angelicajohnson@example.net,6663065708,610 Howell Shoal,East Allisonberg,Ethiopia,retail
1987,Glenn Morris,wheelersherry@example.com,001-765-406-3789,76972 Lauren Lock Suite 436,Port Justin,Cook Islands,retail
1988,Alyssa Vance,youngbriana@example.org,523-735-5197x687,58155 Samantha Isle,Debrahaven,Kiribati,online
1989,Anthony Phillips,vcarroll@example.net,+1-822-255-5329x0896,58160 Baxter Route,Mitchellview,Indonesia,online
1990,Sarah Hull,lchavez@example.com,679.259.3492x09782,349 Luis Canyon Apt. 280,Greenhaven,Italy,online
1991,Robert Kim,wberry@example.com,+1-693-307-0900,1280 Huffman Shoal,Normahaven,Singapore,online
1992,Kevin Berry,garysmith@example.com,526-558-2280x64204,21494 Ryan Plaza Apt. 520,Lake Natashaside,Tajikistan,online
1993,Sabrina White,perezsavannah@example.org,935-455-1982x216,25032 Johnson Fall Suite 180,Marychester,Pakistan,retail
1994,"Baldwin, Henry and George",marthaklein@example.org,(456)826-2376,8174 Sarah Street Suite 165,Wrightport,Faroe Islands,enterprise
1995,"Henry, Fernandez and White",jonathongreene@example.com,930-814-3876x364,90574 Reed Villages Apt. 333,Nealland,Nauru,wholesale
1996,Joyce Wright,stephanie10@example.com,912-389-5169,647 Brandon Plains Apt. 722,East Christopher,San Marino,retail
1997,Kaitlyn Martinez,amyanderson@example.org,784-445-6942,649 Foley Spur,Port Staceymouth,Belgium,online
1998,John Wilson,rothedward@example.net,001-294-518-1847x862,06825 Peterson Fork Apt. 658,Kellerberg,Bouvet Island (Bouvetoya),enterprise
1999,Mercado Inc,kingtodd@example.com,+1-499-463-7602x493,574 Clark Heights,West Susanfurt,Solomon Islands,online
2000,Cassandra Washington,samantha04@example.com,001-410-745-2427x848,5349 Thompson Port Apt. 779,Meganberg,Antigua and Barbuda,online
