inventory_id,product_id,warehouse_id,quantity_on_hand,quantity_reserved
1,1,5,999,79
2,1,9,1503,25
3,1,2,522,122
4,1,4,1948,124
5,1,10,1813,14
6,1,8,181,173
7,1,1,4,2
8,1,3,1586,106
9,1,7,876,134
10,1,6,1299,105
11,2,2,1739,161
12,3,10,146,29
13,3,5,1633,6
14,4,3,1203,178
15,4,5,67,50
16,4,9,13,0
17,4,7,1907,22
18,5,4,505,177
19,5,10,599,70
20,5,3,258,122
21,5,2,307,13
22,6,5,202,22
23,6,2,235,72
24,6,3,752,64
25,6,9,1022,87
26,6,7,1832,145
27,7,8,1996,149
28,7,5,1484,165
29,7,7,1030,107
30,7,9,1792,188
31,7,6,617,156
32,7,10,1087,98
33,7,3,267,21
34,7,1,1964,155
35,7,2,1213,103
36,7,4,17,5
37,8,9,1831,94
38,8,8,415,93
39,8,1,1705,199
40,8,10,1817,13
41,8,4,589,137
42,8,7,420,5
43,8,5,402,116
44,8,6,212,188
45,8,3,1594,67
46,8,2,1155,8
47,9,1,303,111
48,10,5,787,38
49,10,4,430,185
50,10,6,1046,179
51,10,10,1514,66
52,10,9,1043,11
53,10,3,1039,83
54,11,1,654,87
55,11,7,703,182
56,11,3,1742,170
57,11,5,753,93
58,11,8,1396,85
59,11,2,1901,70
60,11,10,426,152
61,11,6,774,161
62,11,4,589,42
63,12,9,1359,158
64,12,8,1411,40
65,13,9,43,38
66,13,10,648,15
67,13,8,283,114
68,13,6,1947,60
69,14,6,1207,57
70,14,2,440,163
71,14,5,1979,74
72,14,3,255,30
73,14,7,1545,189
74,14,8,1987,146
75,14,9,510,79
76,15,3,947,63
77,15,1,895,37
78,15,2,1513,41
79,15,8,1229,147
80,15,4,503,64
81,15,10,569,48
82,15,9,252,120
83,15,5,1093,116
84,15,7,556,158
85,16,8,453,197
86,16,7,615,14
87,16,2,281,78
88,16,5,1946,153
89,16,4,1109,16
90,16,9,1154,79
91,17,4,1393,31
92,17,2,646,45
93,18,6,522,24
94,18,9,741,146
95,18,4,1989,119
96,18,3,1038,119
97,18,7,296,105
98,18,5,1091,17
99,18,1,451,182
100,19,8,1206,179
101,19,6,1978,144
102,19,5,1318,54
103,19,3,644,176
104,19,2,34,25
105,20,6,983,192
106,21,7,254,98
107,21,5,1371,99
108,21,1,1522,86
109,21,9,990,136
110,21,10,1531,113
111,22,8,935,18
112,23,8,1460,140
113,23,10,582,196
114,23,1,355,101
115,23,2,582,106
116,23,3,508,0
117,24,8,1822,112
118,24,5,1427,167
119,25,3,651,91
120,25,6,50,14
121,25,10,1798,43
122,25,4,378,189
123,25,7,998,21
124,25,8,355,190
125,25,2,217,141
126,26,9,1389,97
127,26,8,1540,13
128,26,1,1139,146
129,26,6,1707,141
130,26,7,733,190
131,26,2,1441,109
132,26,10,918,149
133,26,3,734,154
134,27,5,191,191
135,27,10,737,200
136,27,1,1104,44
137,27,8,491,182
138,27,9,335,128
139,27,3,1929,93
140,28,2,58,5
141,28,4,793,67
142,28,5,463,10
143,28,8,900,178
144,28,9,1989,27
145,28,3,1130,132
146,28,7,1856,161
147,28,10,374,20
148,28,6,36,5
149,28,1,75,63
150,29,8,638,161
151,29,4,119,75
152,29,3,486,105
153,29,2,394,78
154,29,5,1925,15
155,30,8,1083,102
156,30,5,826,0
157,31,8,746,57
158,31,4,1597,121
159,32,9,1158,27
160,32,7,1146,24
161,32,2,1144,88
162,32,6,911,113
163,32,1,1381,22
164,33,4,573,165
165,33,7,1718,125
166,33,10,901,9
167,33,6,1806,32
168,33,2,953,156
169,34,3,754,9
170,34,4,763,51
171,34,9,0,0
172,35,4,1179,16
173,35,3,1925,7
174,35,8,1092,159
175,35,6,1180,64
176,35,1,205,113
177,36,10,57,34
178,36,7,597,72
179,36,1,1852,188
180,36,8,1493,200
181,36,6,1512,104
182,36,2,944,117
183,36,5,297,151
184,36,3,57,0
185,36,4,622,114
186,37,6,1905,3
187,37,4,1581,81
188,37,5,487,36
189,37,9,1952,139
190,37,3,1872,165
191,37,2,1854,70
192,37,8,138,12
193,37,10,609,133
194,38,10,848,7
195,38,5,18,3
196,38,3,1398,70
197,38,1,1896,64
198,38,9,1983,160
199,38,8,1397,136
200,38,6,1279,184
201,38,4,1264,131
202,38,2,1791,194
203,39,6,1852,105
204,39,8,1857,91
205,39,9,1074,77
206,39,10,814,135
207,40,8,1707,109
208,41,2,717,74
209,41,1,90,10
210,41,9,1313,43
211,41,3,684,136
212,41,7,1500,159
213,41,8,453,99
214,41,4,1335,185
215,41,6,1055,88
216,42,9,1099,89
217,42,5,797,195
218,42,10,466,161
219,42,7,125,42
220,42,3,305,190
221,42,1,1310,163
222,42,6,707,155
223,42,2,92,20
224,42,8,1022,21
225,43,7,841,119
226,43,4,879,175
227,43,9,1580,34
228,43,3,1374,177
229,43,10,543,113
230,43,2,626,39
231,43,5,1988,183
232,43,1,998,194
233,43,8,931,92
234,44,10,1216,137
235,44,4,1956,185
236,44,5,1079,14
237,44,2,1471,48
238,44,8,1691,198
239,45,3,1585,84
240,45,10,1055,12
241,45,2,486,17
242,46,8,582,40
243,46,10,711,79
244,46,9,391,86
245,46,1,1159,42
246,46,5,12,10
247,46,2,1988,158
248,46,6,948,9
249,47,9,1474,155
250,47,7,1315,112
251,47,1,1820,83
252,47,4,895,0
253,47,2,996,97
254,48,8,1124,174
255,48,5,1917,99
256,48,4,1225,149
257,48,6,478,48
258,48,1,1481,3
259,48,9,894,114
260,48,2,1833,66
261,48,7,502,58
262,49,9,1210,141
263,49,2,644,86
264,49,5,1710,167
265,49,10,1339,43
266,49,4,889,159
267,50,1,1075,41
268,51,3,1383,76
269,51,10,1166,3
270,51,5,1948,21
271,51,6,1046,131
272,51,1,804,55
273,51,7,1867,165
274,51,8,780,58
275,52,9,1069,91
276,52,2,1275,200
277,52,7,548,150
278,52,6,1598,93
279,53,10,1148,39
280,53,5,1895,28
281,53,1,1110,82
282,53,3,1076,127
283,53,9,1365,60
284,53,8,1274,125
285,53,6,170,101
286,53,4,1924,90
287,53,2,40,10
288,54,1,1303,119
289,54,2,967,71
290,54,8,596,49
291,54,9,489,69
292,54,7,1194,116
293,54,6,47,47
294,54,5,948,7
295,54,4,1549,21
296,54,10,1876,142
297,54,3,145,95
298,55,1,170,71
299,55,6,1085,131
300,55,10,1009,167
301,55,4,1607,171
302,55,9,321,40
303,55,3,1540,114
304,55,2,1314,10
305,55,5,1788,158
306,55,8,1205,83
307,55,7,1468,13
308,56,4,686,158
309,56,3,1521,18
310,56,7,1931,154
311,56,2,546,23
312,56,9,111,76
313,56,5,1607,181
314,57,8,278,45
315,57,9,314,107
316,58,7,523,55
317,58,2,380,15
318,58,10,278,195
319,58,8,147,8
320,58,9,449,171
321,58,1,673,37
322,58,5,1868,146
323,58,3,266,173
324,58,6,1011,87
325,59,6,174,160
326,59,4,1397,159
327,59,7,515,173
328,59,10,1881,180
329,59,9,1288,79
330,59,5,1493,66
331,59,2,891,149
332,59,1,1306,39
333,59,8,1860,171
334,60,8,1467,185
335,60,9,348,196
336,60,2,1781,158
337,60,5,1109,131
338,60,6,27,14
339,60,7,1668,135
340,60,3,1387,155
341,60,4,792,90
342,61,8,899,191
343,61,6,1443,141
344,62,10,1988,188
345,62,3,1905,193
346,62,6,12,8
347,62,1,1476,67
348,62,8,761,178
349,62,5,1663,78
350,62,4,839,78
351,62,2,856,45
352,62,7,1882,99
353,62,9,1108,15
354,63,3,123,60
355,63,5,299,101
356,63,10,1642,134
357,63,7,3,1
358,63,6,1387,12
359,63,8,1885,134
360,63,9,1022,136
361,63,1,1095,15
362,63,4,1523,142
363,63,2,1945,42
364,64,3,1003,81
365,64,10,1275,52
366,64,9,1254,189
367,64,7,367,43
368,64,1,1759,123
369,65,10,1247,57
370,65,3,1870,141
371,65,4,1373,79
372,65,1,1312,123
373,65,2,1374,169
374,65,7,1677,147
375,65,9,65,40
376,65,6,1658,96
377,65,5,1792,165
378,66,7,1585,103
379,66,9,1885,94
380,66,3,1158,76
381,66,2,389,49
382,66,8,502,79
383,66,10,1925,126
384,66,4,900,72
385,66,5,1269,34
386,66,1,1589,108
387,66,6,340,63
388,67,1,435,155
389,67,7,1231,142
390,67,6,592,96
391,67,10,1047,82
392,68,9,1613,44
393,68,8,437,93
394,68,6,867,11
395,68,10,224,11
396,68,2,731,2
397,69,2,570,84
398,69,10,337,62
399,69,5,1357,152
400,69,1,1861,125
401,69,4,1956,189
402,70,10,208,41
403,70,6,1504,119
404,70,2,1368,51
405,70,9,1911,32
406,70,3,1193,64
407,70,8,455,19
408,70,1,1064,157
409,70,4,1667,26
410,70,5,1978,146
411,70,7,300,90
412,71,3,649,102
413,71,8,363,161
414,71,4,1061,57
415,71,6,1910,118
416,71,7,601,55
417,71,1,1541,12
418,72,8,739,57
419,72,3,160,4
420,72,6,563,61
421,72,7,1884,80
422,72,10,1959,125
423,72,9,659,88
424,72,4,1400,195
425,72,1,1199,3
426,72,5,640,106
427,73,6,1846,69
428,73,10,1322,15
429,73,9,1119,141
430,73,8,1227,114
431,74,7,1506,83
432,74,3,699,38
433,74,9,1496,174
434,74,1,1058,163
435,74,8,838,150
436,74,2,155,119
437,74,10,1975,157
438,74,4,872,137
439,75,6,312,87
440,75,7,1917,81
441,75,8,739,4
442,75,3,367,123
443,75,4,400,185
444,75,1,681,123
445,75,2,686,83
446,75,9,1489,57
447,76,10,1790,11
448,76,2,704,48
449,77,8,763,131
450,77,2,1670,178
451,77,1,1939,136
452,77,6,1899,97
453,78,10,467,174
454,78,3,518,21
455,78,1,539,176
456,79,8,1572,30
457,79,10,492,93
458,79,1,583,2
459,79,9,1992,19
460,79,7,1529,185
461,79,2,289,37
462,79,6,1494,143
463,80,3,289,172
464,80,10,1589,69
465,81,3,692,75
466,82,5,568,143
467,82,2,148,11
468,82,8,928,62
469,82,4,61,12
470,82,10,1428,171
471,83,6,1566,10
472,83,5,760,107
473,83,4,1528,8
474,83,2,1922,53
475,83,9,1397,40
476,84,10,65,41
477,84,5,1337,12
478,84,3,1802,17
479,84,9,470,149
480,84,8,1855,94
481,84,7,1373,30
482,84,2,79,36
483,84,6,1806,138
484,84,4,902,173
485,85,8,1368,188
486,85,9,1494,17
487,85,2,845,7
488,85,1,1768,125
489,85,6,1959,17
490,85,7,18,4
491,85,3,1418,86
492,86,7,1993,31
493,86,1,278,69
494,86,2,276,134
495,86,9,985,154
496,86,10,1181,153
497,86,8,1020,150
498,86,4,1592,158
499,86,5,671,37
500,86,6,283,47
501,87,4,975,72
502,87,7,1194,108
503,87,9,749,101
504,87,2,1936,86
505,87,3,196,175
506,87,10,1517,181
507,87,1,1632,44
508,88,5,1795,34
509,88,4,377,30
510,88,10,680,17
511,88,8,372,142
512,88,9,519,135
513,89,9,818,121
514,89,10,1040,64
515,89,3,1793,161
516,89,5,1316,49
517,89,1,278,7
518,89,2,1252,85
519,89,6,1233,102
520,90,5,709,193
521,91,9,419,66
522,91,10,287,13
523,91,1,442,37
524,91,3,722,36
525,92,3,947,43
526,92,7,275,13
527,92,2,778,39
528,92,8,727,175
529,92,1,936,153
530,92,4,854,42
531,92,5,333,27
532,92,10,1019,132
533,92,6,1528,200
534,93,4,1898,159
535,93,3,696,163
536,93,6,1659,196
537,93,10,1069,181
538,93,8,832,42
539,94,10,1019,143
540,94,6,861,146
541,94,7,718,149
542,94,2,981,139
543,94,9,856,55
544,94,5,1154,138
545,94,4,1214,15
546,94,1,1902,38
547,94,8,789,76
548,95,1,1101,95
549,95,4,1205,84
550,95,9,1248,142
551,95,8,131,128
552,95,10,1828,130
553,95,6,1305,177
554,95,7,1878,61
555,95,2,691,179
556,95,5,951,150
557,95,3,285,67
558,96,7,875,126
559,96,9,1863,189
560,97,6,239,27
561,97,9,673,158
562,97,7,785,193
563,97,3,1582,45
564,98,2,41,33
565,98,7,429,103
566,98,9,144,86
567,98,10,669,72
568,98,4,1422,66
569,99,7,741,178
570,99,1,1237,39
571,99,9,272,192
572,99,6,674,139
573,99,2,979,28
574,100,1,261,139
575,100,3,782,145
576,100,2,1247,133
577,100,8,1324,197
578,100,7,1977,10
579,100,5,1737,186
580,101,1,210,68
581,101,3,364,26
582,101,10,102,26
583,101,9,889,134
584,101,5,464,9
585,101,8,1052,24
586,101,6,687,102
587,102,10,1746,41
588,103,7,1784,92
589,103,1,477,102
590,103,8,1011,73
591,103,5,1446,151
592,103,9,965,74
593,103,4,1772,114
594,103,3,686,159
595,103,2,396,28
596,103,10,1020,59
597,104,8,423,42
598,104,6,1292,38
599,104,9,1633,21
600,104,2,339,12
601,104,4,992,15
602,104,5,1067,72
603,104,1,1024,46
604,104,10,1346,66
605,105,9,976,20
606,105,10,1971,151
607,105,1,1406,43
608,105,2,753,0
609,105,3,368,1
610,105,4,1283,147
611,106,7,819,148
612,107,3,1168,104
613,107,6,499,179
614,107,2,1218,114
615,107,9,309,182
616,107,5,739,173
617,107,10,1609,119
618,107,1,966,1
619,107,4,1929,37
620,108,1,715,135
621,108,9,852,57
622,108,7,1411,111
623,108,5,888,97
624,108,8,1646,82
625,108,4,1052,113
626,108,2,1551,45
627,108,6,738,47
628,108,3,362,80
629,109,1,635,65
630,109,5,887,95
631,109,8,732,88
632,109,3,1669,14
633,109,7,519,156
634,109,6,955,67
635,109,9,1130,188
636,110,4,92,71
637,110,8,975,93
638,110,3,1481,174
639,111,3,288,192
640,111,9,1290,178
641,111,4,1524,101
642,111,8,462,13
643,111,7,94,35
644,112,2,176,112
645,112,5,249,144
646,112,7,1573,2
647,113,9,541,120
648,113,4,478,180
649,113,5,479,42
650,113,2,1014,96
651,113,8,1893,10
652,113,7,154,40
653,113,6,238,144
654,113,10,359,84
655,113,1,1395,27
656,113,3,1902,110
657,114,7,1042,192
658,114,8,1220,151
659,114,10,204,22
660,114,2,944,8
661,114,9,47,27
662,114,6,145,30
663,114,1,59,23
664,115,4,975,123
665,115,8,281,26
666,115,10,828,84
667,116,6,218,175
668,116,3,61,5
669,116,5,415,31
670,116,1,1173,88
671,116,9,496,102
672,117,6,1564,147
673,117,8,1283,73
674,117,5,1491,126
675,118,3,736,186
676,119,8,619,29
677,119,9,32,5
678,119,7,571,1
679,119,1,320,83
680,119,2,20,7
681,119,4,1924,1
682,119,5,506,119
683,119,3,1972,42
684,119,10,60,37
685,119,6,242,172
686,120,9,1676,47
687,120,3,385,196
688,120,6,1758,16
689,120,10,1754,196
690,120,1,619,112
691,120,8,224,118
692,120,4,1620,14
693,120,5,608,147
694,120,2,724,23
695,121,4,1681,176
696,121,1,264,102
697,121,10,454,90
698,121,6,72,38
699,121,8,280,113
700,122,2,910,12
701,122,5,1779,165
702,123,3,1389,143
703,123,7,962,40
704,123,5,1974,123
705,124,4,241,133
706,125,9,860,19
707,125,2,1204,146
708,125,6,1447,7
709,125,4,24,5
710,125,7,527,135
711,125,3,548,176
712,125,5,1432,48
713,125,8,475,122
714,125,1,217,177
715,126,5,1485,188
716,126,1,1583,125
717,126,7,228,85
718,126,2,385,54
719,126,9,1818,35
720,126,4,853,3
721,126,3,1174,35
722,127,6,1888,46
723,127,1,1292,134
724,127,4,1455,97
725,127,5,105,68
726,127,10,340,194
727,127,8,1086,126
728,128,8,869,71
729,128,5,324,196
730,128,1,36,0
731,128,4,1626,193
732,128,6,1229,113
733,128,7,377,28
734,128,2,1071,148
735,128,9,276,140
736,129,10,1312,116
737,129,4,1499,49
738,129,9,438,8
739,129,1,1961,182
740,130,9,1564,132
741,130,1,1047,5
742,130,8,1058,161
743,130,4,1555,182
744,131,9,395,28
745,131,7,273,188
746,131,3,1882,19
747,132,1,405,41
748,132,8,575,40
749,132,2,207,176
750,132,10,666,49
751,132,5,1246,14
752,133,6,146,12
753,133,2,1387,159
754,133,9,90,66
755,133,1,329,151
756,133,5,228,128
757,133,4,1074,67
758,134,2,1348,65
759,134,5,900,68
760,134,8,1250,68
761,134,7,185,164
762,134,9,203,95
763,134,6,1326,87
764,134,3,1692,120
765,134,4,1499,130
766,134,10,1382,24
767,135,5,690,169
768,135,9,558,40
769,135,3,1999,72
770,135,1,369,51
771,135,8,1016,141
772,135,7,1834,57
773,135,2,945,160
774,136,9,757,165
775,137,5,487,51
776,137,8,186,28
777,137,7,201,143
778,137,6,1630,39
779,138,7,1868,61
780,138,8,1585,37
781,138,5,1603,33
782,139,8,1892,143
783,139,7,267,157
784,139,9,162,38
785,139,2,1991,134
786,139,1,1799,47
787,139,3,757,176
788,139,4,1830,152
789,139,10,1346,36
790,139,5,365,142
791,140,10,1774,90
792,140,9,3,2
793,140,2,24,5
794,140,1,1265,42
795,140,3,280,169
796,141,10,965,1
797,141,4,1358,198
798,141,9,1388,143
799,142,3,506,148
800,143,1,1098,14
801,143,3,87,48
802,143,6,1364,45
803,144,10,568,19
804,144,1,705,152
805,144,3,137,45
806,144,7,1461,161
807,144,4,1164,101
808,144,6,280,137
809,145,5,1025,35
810,145,2,1979,37
811,145,8,1424,173
812,146,5,906,6
813,146,1,892,10
814,146,10,619,23
815,146,8,890,132
816,146,4,985,164
817,146,7,1769,15
818,146,9,195,129
819,146,6,1524,195
820,146,3,5,4
821,147,7,1237,5
822,148,4,835,193
823,148,2,1633,90
824,148,10,1836,10
825,148,6,1341,95
826,148,1,1344,44
827,148,7,702,62
828,148,5,1788,13
829,148,8,1470,59
830,149,4,968,154
831,149,9,1034,175
832,149,6,15,7
833,149,3,171,135
834,150,4,906,165
835,150,5,1988,67
836,150,8,1397,174
837,150,2,1452,47
838,151,7,286,90
839,151,8,681,19
840,151,10,110,24
841,151,3,660,152
842,151,1,610,48
843,151,4,703,70
844,151,2,435,179
845,151,6,538,55
846,151,5,1785,157
847,152,9,713,136
848,152,3,460,113
849,152,6,1917,15
850,152,4,46,44
851,152,8,1633,123
852,153,7,341,18
853,153,9,1440,0
854,153,2,1286,51
855,153,8,1442,50
856,153,10,151,52
857,153,5,1368,111
858,153,6,1391,9
859,153,3,899,8
860,153,1,183,98
861,154,2,1932,166
862,154,10,291,44
863,154,8,223,78
864,154,6,21,18
865,154,3,1900,187
866,154,4,1938,61
867,154,1,916,130
868,154,7,1229,73
869,155,8,345,42
870,155,4,1380,160
871,155,10,1415,88
872,155,3,546,102
873,155,9,1330,31
874,155,6,646,195
875,155,2,1879,49
876,156,2,790,114
877,156,7,193,114
878,156,10,712,5
879,156,6,1571,20
880,156,1,543,15
881,157,8,1747,63
882,157,9,551,73
883,157,2,1128,100
884,157,3,253,150
885,157,4,448,186
886,157,1,1282,9
887,157,10,100,76
888,157,6,1147,73
889,157,5,1635,169
890,157,7,1117,177
891,158,6,703,199
892,158,7,202,146
893,158,9,1149,6
894,158,2,210,47
895,159,8,1034,22
896,159,7,61,51
897,159,5,1358,116
898,160,1,140,103
899,160,9,1874,50
900,160,3,1122,142
901,160,2,1610,137
902,160,6,1799,15
903,160,5,1615,146
904,160,8,1995,176
905,161,9,510,32
906,161,10,1849,177
907,161,4,1862,157
908,161,3,1706,64
909,161,2,687,54
910,161,8,515,168
911,161,5,143,67
912,162,6,601,121
913,162,4,612,117
914,162,2,34,20
915,163,4,355,74
916,163,10,269,66
917,163,9,1539,64
918,163,7,1381,160
919,163,5,1777,154
920,163,8,1160,83
921,163,3,1576,85
922,164,9,1887,76
923,164,7,48,28
924,164,10,663,141
925,164,8,876,182
926,164,4,1187,95
927,164,5,1145,196
928,164,2,276,22
929,165,1,1584,102
930,165,9,387,135
931,165,5,1314,123
932,166,6,1665,199
933,166,4,182,152
934,166,10,1118,130
935,166,1,882,77
936,166,5,21,18
937,166,2,68,15
938,166,3,78,20
939,166,8,1919,177
940,166,7,543,23
941,167,3,151,56
942,167,2,861,13
943,168,2,1555,67
944,168,9,900,8
945,168,10,748,42
946,168,3,820,74
947,168,1,538,171
948,169,5,1878,124
949,169,9,140,36
950,169,10,761,82
951,169,1,1935,19
952,169,8,1298,147
953,169,3,1964,194
954,169,7,99,23
955,170,4,1599,199
956,171,2,893,8
957,171,5,1124,84
958,171,7,1231,168
959,171,9,647,167
960,171,3,692,37
961,171,6,1928,168
962,172,4,525,101
963,172,6,1168,138
964,172,7,1070,45
965,172,3,1695,65
966,172,9,1961,190
967,172,1,426,172
968,173,2,263,32
969,173,8,1680,102
970,173,7,1540,1
971,173,9,1125,181
972,173,1,1109,116
973,173,3,10,10
974,173,6,1591,50
975,173,10,439,52
976,174,5,1573,139
977,174,8,317,36
978,174,2,213,188
979,174,6,923,179
980,174,3,1211,157
981,174,4,1358,131
982,174,1,501,134
983,174,10,785,133
984,175,2,182,31
985,175,7,977,134
986,175,8,1896,23
987,176,5,903,197
988,176,6,820,86
989,176,2,11,8
990,176,8,978,14
991,176,10,1749,120
992,176,1,377,73
993,176,4,1060,62
994,176,9,1684,168
995,177,1,816,170
996,177,6,1947,133
997,177,7,638,103
998,177,8,1352,96
999,177,5,35,0
1000,177,2,1588,56
1001,177,10,836,153
1002,178,2,1813,38
1003,178,9,295,47
1004,178,6,1821,94
1005,178,8,694,70
1006,178,4,1034,6
1007,178,10,1966,28
1008,178,5,879,140
1009,178,1,1790,46
1010,178,7,753,200
1011,179,5,845,167
1012,179,10,687,97
1013,179,3,1181,194
1014,179,9,565,168
1015,179,8,1613,187
1016,179,4,706,186
1017,179,1,1146,24
1018,180,8,212,7
1019,180,2,1091,46
1020,180,3,1619,30
1021,180,4,335,170
1022,180,7,233,27
1023,180,1,1391,21
1024,180,9,381,184
1025,180,10,1730,177
1026,180,6,1622,89
1027,180,5,1933,17
1028,181,2,1177,188
1029,181,5,1453,156
1030,181,6,1332,129
1031,181,4,55,14
1032,181,10,900,89
1033,181,3,1767,110
1034,181,9,1472,147
1035,181,1,443,17
1036,181,7,837,33
1037,181,8,524,85
1038,182,4,466,12
1039,182,2,1532,107
1040,182,8,248,25
1041,183,3,474,122
1042,183,2,362,100
1043,183,10,333,30
1044,183,8,556,105
1045,183,1,981,39
1046,183,7,1998,44
1047,184,4,449,3
1048,184,9,1982,77
1049,184,10,1274,124
1050,184,3,1026,1
1051,184,2,631,63
1052,184,8,1730,67
1053,185,4,1466,101
1054,185,9,566,47
1055,185,5,970,162
1056,185,6,674,126
1057,185,7,1051,75
1058,185,8,1717,60
1059,185,2,671,162
1060,186,3,1365,67
1061,186,4,1400,76
1062,186,7,339,87
1063,186,9,105,78
1064,186,5,1288,185
1065,186,8,1293,103
1066,186,1,1587,169
1067,186,6,1560,161
1068,187,8,1287,164
1069,187,3,1919,123
1070,187,6,400,105
1071,187,2,1952,164
1072,188,6,1429,132
1073,189,10,1781,112
1074,189,4,810,93
1075,190,4,1035,132
1076,190,7,985,35
1077,190,6,1359,7
1078,190,9,264,195
1079,191,5,1896,105
1080,191,4,1760,153
1081,191,2,1881,113
1082,191,9,1789,191
1083,191,6,1159,110
1084,192,4,299,17
1085,193,2,455,10
1086,193,10,1764,61
1087,193,4,767,172
1088,193,3,378,148
1089,193,6,1748,179
1090,194,1,183,165
1091,194,5,1854,167
1092,194,3,927,63
1093,194,6,1012,85
1094,194,7,1865,196
1095,195,7,717,138
1096,195,2,1092,60
1097,195,5,1581,58
1098,195,8,1381,116
1099,195,4,944,44
1100,195,9,1037,175
1101,195,3,1011,74
1102,195,1,545,111
1103,195,6,1161,157
1104,196,8,1741,136
1105,196,6,300,163
1106,196,7,1009,108
1107,196,3,963,43
1108,197,2,938,24
1109,197,9,166,122
1110,197,4,1899,63
1111,197,8,886,138
1112,197,10,1876,182
1113,197,7,990,74
1114,197,5,1752,101
1115,198,9,267,106
1116,198,8,1792,199
1117,198,6,760,63
1118,198,3,1178,128
1119,198,5,824,26
1120,199,6,976,186
1121,199,2,1049,199
1122,199,7,763,32
1123,199,1,1716,16
1124,199,8,1199,54
1125,200,4,846,39
1126,200,7,1485,179
1127,200,9,419,190
1128,200,3,1943,162
1129,201,4,1282,165
1130,201,1,1215,196
1131,201,5,1992,27
1132,201,6,1,0
1133,201,8,1631,56
1134,201,7,1673,84
1135,201,9,24,0
1136,201,10,658,123
1137,201,2,1456,157
1138,201,3,1565,111
1139,202,3,1920,107
1140,202,5,862,117
1141,203,8,248,162
1142,203,9,195,135
1143,203,7,471,122
1144,203,5,80,27
1145,203,4,1925,110
1146,204,2,1984,118
1147,205,5,572,2
1148,205,3,929,139
1149,205,1,69,46
1150,205,2,428,100
1151,205,7,833,85
1152,205,9,1974,197
1153,205,10,1850,68
1154,206,4,74,41
1155,206,3,652,35
1156,206,8,602,187
1157,206,7,1204,176
1158,206,5,906,121
1159,206,9,65,43
1160,206,1,889,31
1161,206,10,1704,16
1162,206,2,1231,25
1163,207,4,989,38
1164,207,1,834,121
1165,207,8,1870,47
1166,208,1,1308,22
1167,208,8,922,96
1168,208,9,149,29
1169,208,5,983,27
1170,208,3,1134,34
1171,208,2,1631,28
1172,209,8,302,15
1173,209,10,1006,62
1174,209,3,1209,60
1175,209,5,1325,66
1176,209,7,835,56
1177,209,6,1778,150
1178,209,4,256,178
1179,210,1,1272,16
1180,210,7,742,40
1181,210,4,1709,74
1182,210,10,965,144
1183,210,5,792,134
1184,210,6,722,57
1185,210,9,371,52
1186,210,8,1400,188
1187,211,7,1924,1
1188,211,8,231,25
1189,211,1,315,195
1190,211,3,49,8
1191,211,6,7,0
1192,211,2,1943,118
1193,211,4,664,35
1194,211,9,847,46
1195,211,5,82,59
1196,212,10,384,31
1197,212,3,1608,67
1198,212,2,1093,58
1199,212,8,375,66
1200,212,5,463,109
1201,212,9,1575,96
1202,213,8,166,19
1203,213,10,1876,130
1204,213,9,1798,151
1205,213,4,1206,65
1206,213,3,1525,190
1207,213,2,568,110
1208,213,6,1227,16
1209,214,8,178,60
1210,214,4,1544,87
1211,214,2,1192,86
1212,215,2,708,42
1213,215,6,1713,76
1214,215,9,951,92
1215,215,10,1311,166
1216,215,5,477,84
1217,216,7,1769,143
1218,216,3,549,53
1219,216,2,1182,114
1220,216,6,818,107
1221,216,4,140,85
1222,217,4,985,170
1223,217,1,702,18
1224,217,10,204,3
1225,218,2,1063,61
1226,218,6,1714,104
1227,218,3,1091,31
1228,218,10,9,8
1229,218,9,259,25
1230,218,8,708,37
1231,218,1,1753,88
1232,218,4,1863,185
1233,219,1,200,16
1234,219,7,1784,137
1235,219,9,449,19
1236,219,4,1380,8
1237,219,8,1621,69
1238,219,10,1108,8
1239,219,6,1372,160
1240,219,3,1914,20
1241,219,5,555,156
1242,220,7,1173,179
1243,220,2,1367,187
1244,220,4,426,34
1245,220,9,1464,148
1246,220,1,449,52
1247,220,8,1048,99
1248,220,6,239,30
1249,220,10,423,66
1250,220,5,151,75
1251,220,3,1617,149
1252,221,8,1312,44
1253,221,4,259,43
1254,221,9,1592,61
1255,221,5,1761,125
1256,221,1,460,17
1257,222,8,1540,45
1258,222,7,1659,118
1259,222,9,1944,184
1260,222,5,1188,21
1261,222,2,730,139
1262,222,4,323,66
1263,222,3,1148,178
1264,222,6,1465,103
1265,223,8,101,14
1266,224,7,1663,144
1267,224,3,666,77
1268,224,10,1867,167
1269,225,9,439,140
1270,225,6,1112,166
1271,225,2,1315,70
1272,225,8,163,3
1273,225,1,1351,121
1274,225,7,783,107
1275,225,10,1346,65
1276,225,5,636,86
1277,225,3,1244,88
1278,225,4,1572,176
1279,226,4,1640,120
1280,226,5,742,169
1281,227,2,1536,59
1282,227,1,142,82
1283,227,6,925,64
1284,227,10,438,165
1285,227,8,1678,66
1286,227,7,1168,131
1287,228,9,1707,155
1288,228,8,259,46
1289,228,2,48,3
1290,228,7,15,0
1291,228,5,278,166
1292,228,3,1903,49
1293,228,10,1737,127
1294,229,5,838,122
1295,230,7,1345,149
1296,230,3,1585,166
1297,230,2,1234,174
1298,230,10,1066,189
1299,230,6,1778,195
1300,230,9,50,21
1301,230,4,1539,53
1302,231,6,1666,20
1303,231,8,1451,142
1304,231,5,597,127
1305,231,9,758,114
1306,231,1,20,5
1307,231,4,1085,28
1308,232,1,530,93
1309,232,4,1259,44
1310,232,10,539,184
1311,232,5,599,184
1312,232,6,400,132
1313,232,3,1374,104
1314,233,2,504,194
1315,233,10,746,172
1316,233,5,1562,121
1317,233,9,359,113
1318,233,1,681,55
1319,233,3,647,10
1320,234,7,1220,55
1321,234,8,1090,19
1322,234,2,453,73
1323,234,6,1505,51
1324,234,5,925,73
1325,234,9,553,150
1326,234,1,1470,125
1327,234,10,577,63
1328,235,9,1544,158
1329,235,4,441,118
1330,235,1,1988,44
1331,235,10,1521,162
1332,236,8,967,16
1333,237,6,1795,11
1334,237,3,1852,148
1335,237,10,980,174
1336,237,9,1343,11
1337,237,7,1918,198
1338,237,2,675,175
1339,237,4,596,3
1340,238,5,1866,73
1341,239,2,1532,194
1342,239,5,286,90
1343,239,8,1650,131
1344,239,10,1008,38
1345,239,3,163,11
1346,239,7,171,137
1347,239,1,1493,94
1348,240,10,1435,59
1349,240,6,1618,172
1350,241,8,447,42
1351,241,3,560,99
1352,241,6,564,97
1353,242,1,824,185
1354,242,3,1990,51
1355,242,7,994,53
1356,242,8,48,41
1357,242,4,903,181
1358,242,10,773,109
1359,242,9,910,27
1360,243,6,485,30
1361,243,8,637,122
1362,244,7,1642,138
1363,244,9,1045,127
1364,244,3,1602,167
1365,244,5,96,51
1366,245,7,105,83
1367,245,1,1154,44
1368,245,4,603,16
1369,245,5,1555,190
1370,245,8,1007,103
1371,245,2,656,174
1372,245,9,917,52
1373,245,10,176,153
1374,245,6,1263,104
1375,246,6,1949,156
1376,246,8,695,87
1377,246,7,937,111
1378,246,2,898,199
1379,246,10,906,74
1380,246,3,908,149
1381,246,4,708,163
1382,246,1,1618,14
1383,247,10,708,144
1384,247,4,1016,65
1385,247,9,1277,107
1386,247,3,304,172
1387,247,6,1142,132
1388,247,7,1415,119
1389,248,4,1171,120
1390,248,6,573,123
1391,248,3,1866,154
1392,248,2,895,34
1393,248,9,1709,45
1394,248,8,1182,94
1395,248,5,1054,87
1396,248,7,695,169
1397,248,1,1258,157
1398,249,4,1712,94
1399,249,8,124,121
1400,249,10,1421,13
1401,250,10,861,123
1402,251,7,1891,34
1403,251,2,1268,66
1404,251,3,547,34
1405,251,5,1881,154
1406,252,10,329,196
1407,252,1,1108,124
1408,252,9,1481,23
1409,252,7,1885,192
1410,252,3,1134,155
1411,252,4,135,102
1412,252,2,827,18
1413,252,6,1144,165
1414,253,4,1291,28
1415,253,7,1507,57
1416,254,9,380,20
1417,254,2,487,128
1418,254,7,1787,191
1419,254,4,1084,129
1420,254,10,528,64
1421,255,1,259,16
1422,255,10,1958,118
1423,256,9,221,153
1424,256,2,585,78
1425,256,10,1789,22
1426,256,7,379,188
1427,256,6,971,15
1428,256,1,1408,19
1429,256,3,1196,56
1430,256,8,792,55
1431,257,10,1203,169
1432,257,8,1580,17
1433,258,2,1045,155
1434,258,5,1587,47
1435,258,10,1995,172
1436,258,1,1858,137
1437,258,3,348,182
1438,258,7,751,94
1439,258,6,1676,164
1440,258,8,1251,9
1441,258,4,956,33
1442,258,9,547,57
1443,259,3,547,53
1444,259,5,1914,191
1445,259,6,1492,58
1446,259,8,1369,74
1447,259,9,306,165
1448,259,4,372,177
1449,259,1,1111,184
1450,259,7,671,80
1451,260,8,1630,92
1452,260,5,1744,68
1453,260,2,997,158
1454,260,3,1766,18
1455,260,1,1644,83
1456,260,4,1137,110
1457,260,10,1171,180
1458,261,7,1288,55
1459,261,5,1520,3
1460,262,4,32,25
1461,262,6,83,76
1462,262,10,237,82
1463,262,7,1584,110
1464,262,3,1955,22
1465,262,1,632,7
1466,262,5,711,83
1467,262,8,1897,79
1468,263,10,229,134
1469,263,5,667,17
1470,263,8,55,43
1471,263,3,1644,75
1472,263,4,713,185
1473,264,2,710,101
1474,265,7,73,32
1475,265,4,1813,159
1476,265,1,402,60
1477,265,2,323,148
1478,265,6,1576,188
1479,265,10,1017,108
1480,265,3,1201,166
1481,265,9,1826,139
1482,266,7,690,177
1483,266,4,1501,7
1484,266,8,613,145
1485,266,9,723,197
1486,266,2,402,155
1487,266,5,1977,86
1488,266,10,513,194
1489,266,3,30,22
1490,266,6,1156,113
1491,267,7,588,160
1492,268,8,299,55
1493,268,4,921,53
1494,268,9,1994,134
1495,269,3,1580,74
1496,269,8,390,167
1497,269,4,678,42
1498,269,6,1627,40
1499,269,7,302,182
1500,270,2,1166,180
1501,270,4,1024,45
1502,270,8,1782,99
1503,270,10,410,130
1504,271,6,569,56
1505,271,10,607,5
1506,271,8,340,99
1507,271,3,1063,146
1508,271,4,1293,39
1509,271,7,1563,111
1510,271,2,274,66
1511,271,1,1902,122
1512,271,5,1120,192
1513,272,2,183,161
1514,272,3,1560,92
1515,272,10,375,124
1516,273,9,1454,29
1517,274,4,36,16
1518,274,8,141,135
1519,274,9,813,46
1520,275,5,1411,169
1521,275,8,1603,64
1522,275,6,1051,200
1523,275,10,1506,187
1524,275,3,168,119
1525,275,2,1665,150
1526,275,9,1424,51
1527,275,1,926,167
1528,276,10,1557,6
1529,276,5,280,97
1530,276,6,246,162
1531,277,3,1290,2
1532,277,4,1823,154
1533,277,8,576,47
1534,277,6,149,37
1535,278,8,890,162
1536,278,7,1756,21
1537,278,4,1256,147
1538,278,2,347,80
1539,278,5,658,103
1540,278,1,831,179
1541,279,1,363,126
1542,279,9,1294,141
1543,279,4,1664,167
1544,279,3,1020,92
1545,279,2,261,185
1546,279,7,1335,31
1547,279,5,1390,145
1548,279,6,97,56
1549,279,10,727,24
1550,280,1,843,85
1551,280,2,1882,13
1552,280,9,1311,123
1553,280,7,1702,99
1554,280,8,1619,100
1555,280,3,936,29
1556,280,10,628,57
1557,281,10,94,37
1558,281,9,218,163
1559,282,6,1576,37
1560,282,3,1255,109
1561,282,2,895,28
1562,282,9,48,38
1563,282,5,1339,80
1564,283,5,1701,45
1565,283,7,1350,148
1566,283,4,207,127
1567,283,8,602,137
1568,283,6,1558,156
1569,283,1,576,22
1570,283,10,1172,24
1571,284,7,299,114
1572,285,3,245,96
1573,285,10,676,58
1574,285,4,981,42
1575,285,2,1312,91
1576,286,8,731,184
1577,286,4,1413,70
1578,286,2,1411,17
1579,286,7,364,18
1580,286,3,1966,158
1581,286,9,533,38
1582,286,10,1225,109
1583,286,6,505,6
1584,287,9,125,24
1585,287,7,950,54
1586,287,8,1517,152
1587,287,4,662,138
1588,287,6,954,193
1589,287,10,457,112
1590,287,1,1939,105
1591,287,2,1306,3
1592,287,3,1802,62
1593,287,5,780,76
1594,288,6,126,66
1595,288,9,1413,178
1596,288,5,65,22
1597,288,3,716,45
1598,288,10,589,11
1599,288,4,81,7
1600,288,2,1286,40
1601,288,7,385,141
1602,289,4,1634,41
1603,289,8,96,66
1604,289,3,1036,46
1605,290,4,1021,52
1606,290,1,529,59
1607,290,5,107,52
1608,290,6,1122,125
1609,290,9,491,53
1610,291,6,87,4
1611,291,3,1612,178
1612,291,10,788,138
1613,291,2,474,196
1614,291,8,1412,131
1615,291,9,309,130
1616,291,1,1378,45
1617,291,7,490,5
1618,291,5,875,150
1619,292,5,1532,146
1620,292,10,1240,142
1621,292,3,557,154
1622,293,7,1572,45
1623,293,6,543,31
1624,293,1,871,13
1625,293,9,1776,106
1626,293,2,1361,24
1627,294,4,695,56
1628,294,6,1302,157
1629,294,3,1884,28
1630,294,1,743,111
1631,294,5,679,32
1632,294,9,22,16
1633,294,2,364,127
1634,295,7,85,66
1635,295,6,1529,43
1636,295,10,1570,151
1637,295,3,19,12
1638,295,4,1914,4
1639,295,8,1511,63
1640,295,2,1224,52
1641,295,5,752,62
1642,295,1,1426,115
1643,295,9,936,20
1644,296,5,492,128
1645,296,6,312,140
1646,296,10,1148,20
1647,297,6,1040,100
1648,297,4,247,140
1649,297,2,1956,108
1650,297,3,348,61
1651,297,9,312,199
1652,297,10,1690,65
1653,297,7,1591,77
1654,298,1,520,164
1655,298,5,595,72
1656,298,2,518,166
1657,298,7,1938,155
1658,298,6,357,23
1659,298,4,1102,196
1660,299,4,619,65
1661,299,7,529,117
1662,300,7,1219,9
1663,301,9,1997,154
1664,301,3,10,4
1665,301,5,1385,83
1666,301,2,1205,200
1667,301,4,1211,115
1668,301,1,1165,40
1669,301,10,688,146
1670,301,6,1120,6
1671,301,7,664,33
1672,302,5,758,62
1673,302,7,639,149
1674,303,10,1517,182
1675,303,2,1502,13
1676,303,4,1676,126
1677,303,5,1802,83
1678,303,7,1214,139
1679,303,6,740,123
1680,303,1,560,76
1681,304,8,998,184
1682,304,10,43,41
1683,305,8,392,104
1684,305,2,610,14
1685,305,7,1124,83
1686,305,9,1711,76
1687,305,4,1296,136
1688,305,10,163,9
1689,305,1,1827,131
1690,305,6,801,149
1691,305,3,1074,171
1692,305,5,194,169
1693,306,7,734,193
1694,306,5,745,49
1695,306,1,928,110
1696,306,2,271,26
1697,306,4,1924,139
1698,307,7,1350,76
1699,307,9,1049,125
1700,307,5,228,175
1701,307,2,379,112
1702,307,4,1683,51
1703,307,8,884,60
1704,307,1,1095,148
1705,307,10,1462,189
1706,307,6,384,129
1707,308,1,1974,164
1708,308,2,1619,168
1709,308,9,117,64
1710,308,7,1265,106
1711,308,4,648,200
1712,308,8,1846,65
1713,308,5,1373,102
1714,308,3,1298,124
1715,308,10,1967,6
1716,308,6,409,88
1717,309,1,193,185
1718,309,4,1233,50
1719,309,7,402,25
1720,309,3,1147,37
1721,309,6,628,59
1722,309,9,556,136
1723,309,10,1711,174
1724,310,6,380,15
1725,310,3,667,45
1726,310,8,92,54
1727,310,2,1205,41
1728,310,7,1601,161
1729,310,10,461,38
1730,310,4,561,79
1731,311,2,336,32
1732,311,10,17,2
1733,311,6,425,125
1734,311,5,1166,168
1735,311,7,1105,164
1736,311,4,1350,63
1737,311,3,220,34
1738,312,7,1762,125
1739,312,4,781,133
1740,312,3,520,71
1741,312,9,933,87
1742,312,6,279,50
1743,312,8,692,90
1744,312,10,1499,197
1745,312,2,1800,4
1746,312,5,1180,75
1747,313,5,951,165
1748,313,4,639,23
1749,313,3,960,146
1750,313,2,1123,181
1751,313,1,1938,80
1752,313,6,1960,172
1753,313,9,1345,152
1754,313,8,229,73
1755,314,8,1622,79
1756,314,6,492,176
1757,315,6,1140,40
1758,315,7,574,79
1759,315,10,1892,38
1760,315,5,963,137
1761,316,6,588,133
1762,316,9,1714,102
1763,316,10,947,125
1764,316,1,1989,128
1765,316,7,1958,181
1766,316,2,716,87
1767,316,4,331,70
1768,316,8,812,159
1769,316,5,1438,173
1770,316,3,774,100
1771,317,10,909,90
1772,317,4,1451,29
1773,317,3,1186,144
1774,317,7,1471,147
1775,317,6,1109,125
1776,317,1,310,163
1777,317,5,1598,84
1778,317,8,1817,37
1779,318,1,1670,67
1780,318,5,328,182
1781,318,2,1876,155
1782,319,7,830,35
1783,319,9,1778,192
1784,319,10,507,195
1785,319,1,996,146
1786,319,2,899,132
1787,319,6,1998,120
1788,319,4,379,44
1789,319,8,112,20
1790,319,3,372,12
1791,319,5,1298,188
1792,320,9,73,43
1793,321,5,258,128
1794,322,10,963,38
1795,322,8,535,64
1796,323,4,107,76
1797,323,7,683,161
1798,324,2,592,27
1799,324,1,522,137
1800,324,5,235,133
1801,325,1,1637,124
1802,325,2,237,199
1803,325,7,1302,163
1804,325,5,739,81
1805,325,8,183,156
1806,325,10,1619,169
1807,325,9,993,128
1808,325,4,1378,168
1809,326,1,668,114
1810,326,5,1634,90
1811,326,8,1633,52
1812,326,10,342,180
1813,326,9,1189,154
1814,326,7,6,3
1815,326,3,581,198
1816,326,2,1793,40
1817,326,6,293,31
1818,327,2,308,154
1819,327,1,66,36
1820,327,7,1020,74
1821,327,8,663,71
1822,327,9,1021,60
1823,327,5,1542,116
1824,327,4,896,45
1825,327,6,1981,168
1826,327,3,1240,46
1827,327,10,302,130
1828,328,5,1488,37
1829,328,10,660,97
1830,328,6,385,95
1831,328,9,1943,121
1832,328,1,1539,108
1833,328,4,1650,177
1834,328,3,1660,163
1835,328,8,1295,94
1836,329,7,1841,159
1837,329,2,1001,107
1838,330,8,1907,39
1839,330,7,1892,116
1840,330,2,604,172
1841,330,10,1914,2
1842,330,3,1828,70
1843,330,9,1387,88
1844,330,6,1607,153
1845,331,2,768,27
1846,331,10,734,71
1847,331,4,1724,170
1848,331,1,1015,83
1849,331,5,164,58
1850,331,8,1729,15
1851,331,7,1648,88
1852,331,9,1419,151
1853,331,6,1751,198
1854,332,6,1314,38
1855,332,4,1421,133
1856,332,3,1667,128
1857,332,10,1493,93
1858,332,1,1026,148
1859,332,7,764,17
1860,332,2,1344,182
1861,332,5,393,18
1862,332,9,326,167
1863,332,8,1122,18
1864,333,10,1931,162
1865,333,6,977,176
1866,333,5,1221,171
1867,333,4,465,185
1868,334,1,1284,130
1869,334,2,1690,66
1870,334,9,1501,179
1871,334,5,671,10
1872,334,3,661,171
1873,334,6,1331,148
1874,334,4,1743,179
1875,335,9,1933,191
1876,335,3,456,67
1877,335,5,992,87
1878,335,1,1528,60
1879,335,8,137,114
1880,336,7,521,46
1881,337,8,1899,134
1882,337,5,1015,194
1883,337,6,666,39
1884,337,9,1103,18
1885,337,1,1838,32
1886,337,7,523,54
1887,337,10,1506,96
1888,337,4,688,19
1889,337,3,864,119
1890,338,9,1870,38
1891,338,7,1089,196
1892,338,3,975,58
1893,338,6,278,30
1894,338,8,811,34
1895,339,4,1416,191
1896,339,9,780,35
1897,340,7,450,181
1898,340,9,1015,134
1899,340,10,530,187
1900,340,1,1197,70
1901,340,4,861,158
1902,340,3,1312,0
1903,341,7,1583,37
1904,341,9,574,69
1905,341,5,570,18
1906,341,1,1066,64
1907,341,4,1330,36
1908,341,10,1792,139
1909,341,2,1344,142
1910,342,8,241,127
1911,342,1,192,20
1912,342,3,1392,126
1913,342,5,361,146
1914,342,6,1767,153
1915,342,7,752,151
1916,343,7,908,8
1917,344,7,1418,49
1918,344,1,1164,5
1919,344,9,364,54
1920,344,10,145,27
1921,344,8,1823,31
1922,345,10,833,93
1923,345,8,731,82
1924,345,7,609,23
1925,345,2,703,180
1926,345,6,1792,27
1927,346,5,956,88
1928,347,5,1415,33
1929,347,4,824,112
1930,347,8,1636,139
1931,347,3,734,177
1932,347,1,139,93
1933,347,10,325,124
1934,347,2,1775,122
1935,347,7,265,148
1936,347,6,381,101
1937,347,9,748,31
1938,348,7,1498,19
1939,348,2,139,79
1940,348,3,1092,120
1941,348,10,1725,1
1942,348,6,1208,176
1943,348,8,1357,5
1944,348,1,1467,163
1945,348,4,172,160
1946,348,5,1429,79
1947,349,1,1543,190
1948,349,9,575,66
1949,349,3,1796,144
1950,349,8,1540,176
1951,349,2,528,26
1952,350,8,1227,40
1953,351,1,1078,4
1954,352,4,439,138
1955,352,8,378,173
1956,352,1,269,168
1957,352,3,1669,68
1958,353,4,1487,5
1959,353,1,1659,128
1960,353,10,102,26
1961,353,9,996,50
1962,354,3,850,124
1963,354,10,1381,7
1964,354,7,267,196
1965,355,4,305,59
1966,355,8,518,158
1967,355,2,1768,164
1968,356,2,629,10
1969,356,5,1058,174
1970,356,9,1048,98
1971,356,10,368,200
1972,356,1,1245,13
1973,356,3,1373,60
1974,356,8,249,134
1975,356,4,455,33
1976,357,9,671,1
1977,358,1,1155,87
1978,358,4,1905,165
1979,358,8,478,6
1980,358,3,1561,161
1981,358,5,264,166
1982,358,9,160,93
1983,359,7,1837,159
1984,359,2,838,173
1985,360,3,1790,67
1986,360,8,564,196
1987,360,6,172,114
1988,360,1,649,76
1989,360,9,655,111
1990,360,7,1033,175
1991,360,10,775,176
1992,361,2,861,168
1993,361,6,1338,49
1994,361,10,61,0
1995,361,8,1878,53
1996,361,9,196,54
1997,362,1,450,11
1998,362,10,1003,108
1999,362,4,1487,65
2000,363,2,872,170
2001,363,1,1708,31
2002,363,3,861,149
2003,363,10,693,98
2004,364,7,78,71
2005,364,9,1374,9
2006,365,5,12,12
2007,365,1,1320,10
2008,365,7,1275,20
2009,365,2,998,94
2010,365,3,1918,98
2011,365,6,938,33
2012,366,3,1143,78
2013,366,1,358,48
2014,366,8,912,176
2015,366,7,1336,57
2016,366,2,640,176
2017,366,4,1106,30
2018,366,5,313,30
2019,366,6,879,189
2020,366,9,1972,170
2021,366,10,1589,115
2022,367,4,937,110
2023,367,10,1459,24
2024,367,3,1078,19
2025,367,7,887,76
2026,367,5,1043,150
2027,367,2,1371,118
2028,367,1,1414,86
2029,368,3,912,71
2030,369,10,475,119
2031,370,3,89,48
2032,370,1,1389,135
2033,370,2,761,90
2034,370,7,522,118
2035,370,4,264,135
2036,371,9,144,124
2037,371,1,962,129
2038,372,10,730,99
2039,372,3,836,180
2040,372,2,779,151
2041,372,6,1205,25
2042,372,7,132,50
2043,372,9,1833,77
2044,372,8,539,158
2045,372,5,1121,127
2046,372,1,749,90
2047,373,1,448,193
2048,373,9,1087,105
2049,373,7,1650,24
2050,373,6,1141,115
2051,373,8,988,92
2052,373,2,1441,35
2053,374,6,1938,134
2054,374,4,1805,113
2055,374,3,1720,97
2056,374,1,1523,154
2057,374,5,919,66
2058,374,2,357,135
2059,374,7,1456,35
2060,374,8,1317,151
2061,375,1,1530,101
2062,376,3,773,47
2063,376,8,710,181
2064,376,6,635,192
2065,376,1,1187,56
2066,376,10,510,16
2067,376,4,304,71
2068,376,7,268,2
2069,376,2,265,45
2070,376,9,394,161
2071,377,10,549,111
2072,377,8,1822,54
2073,378,1,962,140
2074,378,4,1173,39
2075,378,6,1052,153
2076,378,8,1336,93
2077,378,5,839,41
2078,378,3,1054,193
2079,378,10,450,19
2080,378,9,118,25
2081,378,2,1077,147
2082,378,7,1721,91
2083,379,7,645,150
2084,379,6,925,157
2085,379,4,249,166
2086,379,1,818,123
2087,379,9,1231,23
2088,379,10,1173,53
2089,380,10,251,184
2090,380,3,624,79
2091,380,4,757,193
2092,380,8,910,162
2093,380,6,389,13
2094,381,4,451,42
2095,381,5,1789,196
2096,381,10,583,164
2097,381,9,319,117
2098,381,7,1745,4
2099,382,3,1950,76
2100,382,2,552,14
2101,382,9,273,6
2102,382,6,1365,5
2103,383,2,785,193
2104,383,3,784,8
2105,383,9,703,91
2106,383,10,902,88
2107,383,1,1068,20
2108,383,4,149,8
2109,384,3,558,187
2110,384,5,1051,32
2111,384,1,1859,15
2112,384,10,1055,150
2113,384,6,594,129
2114,385,6,567,151
2115,385,3,1112,76
2116,385,10,620,42
2117,386,1,1604,27
2118,387,1,261,125
2119,387,3,1562,186
2120,388,10,94,78
2121,388,3,321,8
2122,388,1,1757,19
2123,388,2,630,75
2124,388,6,1453,166
2125,388,8,1503,196
2126,388,4,1808,110
2127,388,7,8,1
2128,388,9,1298,167
2129,388,5,701,128
2130,389,6,1174,71
2131,390,3,1374,121
2132,390,9,1149,172
2133,391,1,1153,186
2134,392,10,1693,2
2135,392,7,768,145
2136,392,8,1019,23
2137,392,4,313,167
2138,393,10,1293,132
2139,393,8,65,27
2140,393,9,646,55
2141,393,3,539,121
2142,393,4,1309,40
2143,393,7,985,125
2144,393,2,246,169
2145,393,6,970,45
2146,393,1,1685,22
2147,393,5,676,70
2148,394,3,809,118
2149,394,4,688,8
2150,394,6,67,66
2151,394,8,1019,194
2152,395,3,1757,189
2153,395,1,846,171
2154,395,9,445,11
2155,395,8,1385,196
2156,395,10,1745,27
2157,396,7,1912,193
2158,396,2,1389,182
2159,396,1,1423,112
2160,396,10,105,86
2161,396,6,19,9
2162,396,3,1627,18
2163,396,5,692,170
2164,396,8,1737,118
2165,396,4,715,116
2166,397,3,1810,170
2167,397,2,1800,64
2168,397,4,1926,133
2169,397,5,43,14
2170,397,6,913,72
2171,397,8,215,95
2172,397,1,1353,17
2173,398,10,985,151
2174,398,6,541,92
2175,398,3,211,76
2176,398,2,1076,108
2177,398,1,988,134
2178,398,9,1223,106
2179,398,8,547,105
2180,398,4,117,10
2181,398,7,1405,55
2182,399,1,921,100
2183,399,3,1694,167
2184,399,8,1633,131
2185,399,6,1106,191
2186,399,9,1535,186
2187,399,7,1603,78
2188,399,4,166,145
2189,400,8,545,36
2190,400,3,75,73
2191,400,6,439,158
2192,400,5,1067,189
2193,400,4,1771,97
2194,400,7,46,42
2195,400,10,815,34
2196,400,2,878,175
2197,400,9,526,72
2198,401,10,1788,118
2199,402,6,1089,165
2200,402,7,1050,104
2201,402,10,1620,116
2202,402,8,83,2
2203,402,4,161,78
2204,402,9,1516,160
2205,403,3,1929,56
2206,403,1,1792,137
2207,403,5,1182,59
2208,403,9,1676,108
2209,403,7,1806,61
2210,403,8,664,52
2211,403,10,1067,31
2212,403,6,143,44
2213,404,3,1538,135
2214,404,8,1069,2
2215,405,4,861,158
2216,405,5,920,148
2217,405,7,1893,70
2218,405,1,39,20
2219,405,6,1591,38
2220,405,3,1827,121
2221,405,9,1050,8
2222,405,10,1933,158
2223,405,2,393,103
2224,405,8,1690,13
2225,406,9,550,99
2226,407,2,384,20
2227,407,9,938,33
2228,407,6,1206,177
2229,407,5,66,51
2230,407,10,967,133
2231,407,7,1346,54
2232,407,1,1365,146
2233,407,4,754,91
2234,407,8,1699,102
2235,408,5,391,91
2236,408,4,1957,133
2237,408,2,178,134
2238,408,3,1120,159
2239,408,1,1227,62
2240,408,8,216,8
2241,408,9,1057,155
2242,409,10,1612,103
2243,409,1,867,158
2244,410,4,1930,137
2245,410,3,855,40
2246,410,8,1950,179
2247,410,10,886,83
2248,411,1,628,131
2249,411,7,1458,69
2250,411,10,1451,20
2251,411,9,879,187
2252,411,2,225,158
2253,411,5,1470,123
2254,411,8,192,47
2255,411,4,243,80
2256,411,3,1855,136
2257,412,10,277,184
2258,412,2,496,29
2259,412,8,647,170
2260,412,7,835,41
2261,412,9,1705,200
2262,412,1,1405,136
2263,412,3,1354,75
2264,412,6,35,0
2265,412,4,450,124
2266,412,5,1994,5
2267,413,10,840,175
2268,413,9,1897,39
2269,413,2,879,192
2270,413,8,1243,31
2271,414,9,1781,50
2272,414,1,503,117
2273,414,4,1579,33
2274,414,6,1813,31
2275,414,7,1688,61
2276,414,2,1469,60
2277,414,3,1131,146
2278,414,5,493,46
2279,414,8,1824,200
2280,415,6,1369,163
2281,415,1,1446,93
2282,415,4,1499,188
2283,415,10,1313,44
2284,415,2,1793,17
2285,415,5,401,170
2286,415,3,237,101
2287,415,9,1244,50
2288,416,4,1421,120
2289,416,2,644,53
2290,416,3,155,3
2291,416,7,1351,188
2292,416,1,1556,176
2293,416,6,43,36
2294,417,8,1407,143
2295,417,9,557,33
2296,417,4,802,109
2297,417,1,203,122
2298,418,2,847,60
2299,418,3,521,17
2300,418,4,100,63
2301,418,9,226,79
2302,418,7,1796,159
2303,418,8,1004,134
2304,418,5,407,52
2305,418,1,749,24
2306,419,5,594,27
2307,420,3,1817,113
2308,420,10,1395,136
2309,420,7,545,125
2310,420,4,1904,177
2311,420,8,1351,193
2312,420,5,1270,192
2313,420,6,1518,192
2314,421,4,1876,78
2315,421,5,1309,8
2316,421,2,1252,50
2317,421,10,724,172
2318,421,9,1034,92
2319,421,8,968,153
2320,421,7,1437,176
2321,421,3,437,114
2322,422,9,1699,176
2323,423,9,915,142
2324,423,4,451,184
2325,423,1,1752,111
2326,423,10,163,153
2327,423,7,258,32
2328,424,10,38,13
2329,424,1,253,110
2330,424,6,369,172
2331,425,1,440,173
2332,425,7,478,180
2333,426,1,739,32
2334,426,4,1146,8
2335,426,6,372,20
2336,426,8,1566,157
2337,426,5,1304,184
2338,426,10,269,70
2339,427,1,1898,114
2340,427,6,917,76
2341,427,2,277,56
2342,427,7,332,172
2343,427,10,348,65
2344,428,4,245,43
2345,428,1,1094,50
2346,428,5,1852,77
2347,429,9,1411,143
2348,429,5,1985,198
2349,429,3,1945,71
2350,429,4,1176,5
2351,429,1,1559,129
2352,429,7,554,45
2353,430,10,427,112
2354,430,8,1906,160
2355,430,6,1844,141
2356,430,4,1123,125
2357,431,2,367,55
2358,431,4,747,14
2359,432,6,361,197
2360,432,5,1703,0
2361,432,8,760,177
2362,432,1,1965,102
2363,433,9,1191,94
2364,433,1,1946,44
2365,434,10,601,106
2366,434,9,1167,153
2367,434,7,962,184
2368,434,1,1955,90
2369,434,8,1985,63
2370,434,4,1502,187
2371,434,2,1073,123
2372,434,3,1874,163
2373,434,5,1703,0
2374,434,6,498,182
2375,435,4,711,109
2376,435,8,837,31
2377,435,7,907,191
2378,435,1,574,185
2379,435,3,1317,126
2380,435,10,644,54
2381,436,6,1935,40
2382,437,6,267,174
2383,437,8,135,104
2384,437,2,216,144
2385,437,5,1868,75
2386,438,9,1277,116
2387,438,6,1855,5
2388,438,5,1037,3
2389,439,2,977,6
2390,439,5,414,64
2391,439,6,195,131
2392,440,9,924,90
2393,440,1,929,16
2394,440,4,474,141
2395,440,6,1281,79
2396,440,7,480,190
2397,440,2,1217,86
2398,440,8,510,37
2399,440,3,914,62
2400,440,5,43,0
2401,440,10,1004,17
2402,441,4,1163,12
2403,442,7,1668,155
2404,442,1,306,133
2405,442,8,152,25
2406,443,5,227,120
2407,443,7,804,28
2408,443,6,1978,139
2409,443,4,389,200
2410,444,9,1996,69
2411,445,9,1429,128
2412,445,5,1589,138
2413,445,2,743,167
2414,445,8,476,193
2415,445,1,1968,167
2416,445,10,1833,2
2417,446,10,1931,151
2418,446,4,1990,128
2419,446,1,210,167
2420,446,8,1268,48
2421,446,3,1216,126
2422,446,5,1268,77
2423,446,9,1613,22
2424,446,2,512,67
2425,446,7,603,18
2426,446,6,421,30
2427,447,5,147,140
2428,447,6,1913,92
2429,447,3,1167,19
2430,447,4,815,114
2431,447,7,453,17
2432,447,10,1579,127
2433,447,1,969,106
2434,448,2,663,160
2435,448,5,836,123
2436,448,10,194,153
2437,448,1,1018,151
2438,448,3,1764,102
2439,448,4,828,150
2440,448,6,929,116
2441,448,8,54,23
2442,448,7,1204,146
2443,448,9,1359,12
2444,449,6,665,123
2445,449,2,1882,80
2446,449,1,322,83
2447,449,10,1877,175
2448,449,7,1832,98
2449,449,5,471,116
2450,449,8,396,145
2451,449,3,743,34
2452,450,10,798,146
2453,450,7,1397,55
2454,450,3,97,81
2455,450,2,1142,129
2456,450,5,1753,98
2457,450,1,302,44
2458,451,2,1233,102
2459,451,7,378,22
2460,451,5,1960,150
2461,451,6,1393,8
2462,451,3,1122,91
2463,451,10,493,197
2464,451,4,1982,105
2465,452,6,96,2
2466,453,7,631,128
2467,453,10,1539,161
2468,453,8,1268,141
2469,453,4,1166,106
2470,453,6,1634,38
2471,454,3,769,180
2472,454,4,371,11
2473,454,8,1530,157
2474,454,9,303,75
2475,455,8,1840,192
2476,455,2,1530,66
2477,456,7,1906,131
2478,456,3,419,5
2479,457,7,1025,63
2480,457,9,1545,130
2481,458,6,1341,32
2482,458,1,278,162
2483,459,1,1502,70
2484,459,8,704,68
2485,459,3,1299,40
2486,459,5,1002,162
2487,459,6,1049,144
2488,459,2,1035,136
2489,460,7,383,160
2490,460,2,338,171
2491,460,10,976,192
2492,460,8,802,63
2493,460,9,111,32
2494,461,2,1251,93
2495,462,1,137,116
2496,462,9,1014,130
2497,462,8,1868,60
2498,462,4,395,142
2499,462,7,513,79
2500,462,10,459,147
2501,462,5,1372,167
2502,462,3,1683,143
2503,462,6,1232,148
2504,463,3,1825,168
2505,463,10,89,22
2506,464,7,524,155
2507,464,8,619,54
2508,465,2,1913,163
2509,465,5,252,73
2510,465,10,1736,104
2511,465,6,750,10
2512,465,7,1311,172
2513,465,4,1750,1
2514,465,1,1304,2
2515,465,8,228,132
2516,465,3,1269,52
2517,466,6,710,81
2518,466,1,1249,13
2519,466,10,1987,27
2520,466,8,1512,46
2521,467,6,60,23
2522,467,3,962,197
2523,467,5,1429,152
2524,467,8,1521,84
2525,467,4,992,129
2526,467,1,438,19
2527,467,2,486,167
2528,467,9,957,7
2529,468,2,914,76
2530,468,1,1655,5
2531,468,3,326,181
2532,468,7,36,35
2533,469,10,1088,123
2534,469,9,1491,100
2535,469,1,1288,114
2536,470,5,742,144
2537,470,1,1455,25
2538,470,6,552,191
2539,470,3,1122,198
2540,471,2,1994,48
2541,471,9,1167,116
2542,471,8,1436,56
2543,471,1,403,52
2544,471,4,1043,132
2545,471,3,615,176
2546,471,7,419,112
2547,471,5,1148,185
2548,471,10,1234,3
2549,472,3,659,169
2550,472,5,169,66
2551,473,10,1536,2
2552,473,3,1708,46
2553,473,6,41,34
2554,473,2,185,82
2555,473,1,1563,62
2556,473,9,264,91
2557,473,7,918,56
2558,473,5,1615,81
2559,473,4,1473,69
2560,474,3,165,13
2561,474,5,1161,63
2562,474,2,1141,27
2563,474,8,973,130
2564,474,9,73,68
2565,474,6,1830,4
2566,474,4,193,79
2567,474,1,959,177
2568,474,7,385,88
2569,474,10,1304,177
2570,475,1,892,181
2571,475,5,520,83
2572,475,9,597,5
2573,475,6,793,114
2574,475,8,1847,113
2575,475,3,1890,117
2576,476,1,349,104
2577,476,5,388,171
2578,476,7,798,19
2579,476,8,626,6
2580,476,9,1862,103
2581,476,10,508,167
2582,476,6,891,31
2583,476,4,502,101
2584,476,2,1801,101
2585,476,3,1888,142
2586,477,8,728,137
2587,477,6,556,163
2588,477,2,1414,14
2589,477,4,1629,13
2590,477,9,1201,2
2591,477,1,124,6
2592,477,10,1778,34
2593,478,6,1813,37
2594,478,9,698,197
2595,478,2,1379,97
2596,479,6,291,89
2597,479,7,446,191
2598,479,10,39,35
2599,479,5,664,57
2600,480,10,1157,24
2601,480,7,555,59
2602,480,1,1507,55
2603,480,6,400,157
2604,480,4,1946,88
2605,480,8,1765,157
2606,480,2,646,138
2607,481,9,1725,2
2608,481,7,978,15
2609,481,1,1922,108
2610,481,5,1945,179
2611,481,2,387,91
2612,481,10,1437,25
2613,481,8,1244,120
2614,481,3,472,47
2615,481,6,247,184
2616,482,3,106,75
2617,482,6,326,99
2618,482,4,329,170
2619,482,7,1136,25
2620,482,5,1107,162
2621,483,1,741,30
2622,483,4,1076,23
2623,483,8,1401,21
2624,483,9,749,144
2625,483,10,159,146
2626,483,7,1356,165
2627,483,3,1093,76
2628,483,6,780,91
2629,483,5,1525,48
2630,484,3,341,154
2631,485,1,1183,122
2632,485,6,1710,116
2633,485,9,1021,137
2634,485,8,1177,195
2635,485,10,246,19
2636,485,7,1221,22
2637,486,6,1646,102
2638,486,7,1015,187
2639,486,10,1312,72
2640,486,4,1759,101
2641,487,6,78,30
2642,487,3,1384,98
2643,488,3,315,79
2644,488,4,1510,155
2645,488,2,1123,62
2646,489,5,173,131
2647,489,4,360,23
2648,489,6,1074,3
2649,489,10,180,110
2650,489,8,360,96
2651,490,10,1774,14
2652,490,5,335,72
2653,490,2,1227,78
2654,490,1,1856,129
2655,490,4,1367,51
2656,490,7,1324,158
2657,490,6,658,88
2658,490,8,1595,122
2659,491,8,1665,137
2660,492,2,908,61
2661,492,10,1498,164
2662,492,4,274,81
2663,492,9,278,35
2664,492,6,1295,115
2665,492,7,918,38
2666,492,8,888,140
2667,493,7,692,185
2668,493,5,87,17
2669,493,8,1989,128
2670,493,10,486,120
2671,493,1,1912,9
2672,493,6,1820,91
2673,493,4,1914,193
2674,494,3,1376,10
2675,495,4,409,77
2676,495,10,394,54
2677,495,2,443,143
2678,495,1,1363,130
2679,495,6,1973,199
2680,496,5,1717,6
2681,496,4,820,3
2682,496,6,1859,131
2683,496,9,937,25
2684,496,2,369,122
2685,496,8,680,181
2686,496,7,580,52
2687,496,10,626,182
2688,496,1,693,162
2689,496,3,1041,74
2690,497,2,486,94
2691,498,6,358,46
2692,498,9,893,196
2693,498,7,318,64
2694,499,6,1688,133
2695,499,7,1143,183
2696,499,1,52,42
2697,500,3,981,52
2698,500,10,1044,110
2699,500,4,1751,94
2700,500,5,29,7
2701,500,8,908,177
2702,500,6,1315,68
2703,500,1,1647,168
2704,500,9,627,18
2705,500,7,1898,183
2706,501,4,17,5
2707,501,3,466,30
2708,501,7,303,71
2709,501,5,1308,17
2710,501,1,113,32
2711,501,10,701,26
2712,502,4,1786,32
2713,502,9,1393,93
2714,502,8,985,112
2715,502,10,751,54
2716,502,7,1469,199
2717,503,2,1007,127
2718,503,3,1528,137
2719,503,6,482,173
2720,503,7,1395,163
2721,503,5,758,61
2722,503,1,22,17
2723,503,10,1216,67
2724,503,8,1608,18
2725,503,9,125,62
2726,503,4,1382,124
2727,504,5,550,38
2728,504,4,196,126
2729,504,6,1794,80
2730,504,7,831,86
2731,504,3,774,158
2732,504,10,854,122
2733,504,8,1332,149
2734,505,9,901,197
2735,505,7,1179,150
2736,505,1,319,80
2737,505,2,1480,18
2738,505,10,1712,198
2739,505,8,1478,32
2740,505,4,1827,137
2741,505,5,1729,159
2742,506,4,34,24
2743,507,5,242,138
2744,507,2,393,183
2745,507,7,341,129
2746,507,10,20,7
2747,507,4,1959,11
2748,507,9,1395,113
2749,507,6,1906,40
2750,507,8,1929,0
2751,507,3,772,84
2752,508,5,785,4
2753,508,1,305,29
2754,508,6,182,53
2755,508,4,1548,160
2756,508,8,1103,176
2757,508,9,1350,34
2758,508,2,1367,32
2759,508,3,782,104
2760,508,10,1868,187
2761,508,7,1764,171
2762,509,3,1505,76
2763,509,2,1303,55
2764,509,5,1407,83
2765,509,1,629,103
2766,509,6,942,165
2767,509,9,1387,127
2768,509,8,551,94
2769,510,4,1426,118
2770,510,6,1013,133
2771,510,9,1258,71
2772,510,5,1644,43
2773,510,10,232,82
2774,510,1,1314,151
2775,510,8,1795,14
2776,510,7,1797,94
2777,510,3,536,53
2778,510,2,429,86
2779,511,10,1428,34
2780,511,7,1253,89
2781,511,5,1475,134
2782,511,2,322,52
2783,511,3,1568,124
2784,511,6,508,124
2785,511,1,139,109
2786,511,4,76,9
2787,511,9,700,26
2788,511,8,1766,150
2789,512,7,587,55
2790,512,8,1062,87
2791,512,1,533,16
2792,512,5,1329,101
2793,512,3,960,35
2794,512,2,1399,128
2795,512,6,466,12
2796,512,4,1657,17
2797,513,2,15,4
2798,513,1,776,2
2799,513,10,933,144
2800,513,7,1656,99
2801,514,8,349,195
2802,514,3,32,18
2803,514,6,890,8
2804,514,5,1210,52
2805,514,2,1043,141
2806,514,10,320,170
2807,514,4,1484,108
2808,514,7,1401,6
2809,515,3,87,38
2810,515,2,791,0
2811,515,5,43,26
2812,515,4,305,118
2813,515,9,236,13
2814,515,6,903,70
2815,515,1,1734,175
2816,515,10,1418,137
2817,516,3,1907,156
2818,516,5,472,2
2819,516,9,844,129
2820,516,7,618,128
2821,516,6,605,47
2822,516,8,1080,78
2823,516,10,1525,115
2824,516,2,1709,120
2825,516,1,858,175
2826,517,3,250,39
2827,517,6,843,107
2828,517,9,1897,96
2829,517,2,1110,193
2830,517,7,1841,88
2831,517,10,1846,9
2832,517,1,1226,106
2833,517,5,1345,183
2834,517,8,1902,166
2835,517,4,1159,198
2836,518,2,1211,76
2837,518,6,285,62
2838,518,10,1101,44
2839,518,9,1359,27
2840,518,8,230,95
2841,518,4,1466,162
2842,519,6,51,30
2843,519,2,1818,38
2844,519,8,1110,49
2845,519,10,1334,77
2846,519,1,1625,132
2847,519,5,769,76
2848,519,7,1504,28
2849,519,3,1779,148
2850,519,9,796,25
2851,520,3,1748,64
2852,520,8,1698,33
2853,520,5,974,114
2854,520,9,574,133
2855,520,4,1522,91
2856,520,2,1024,186
2857,520,10,1203,161
2858,520,7,1164,84
2859,521,7,1431,42
2860,521,2,1394,145
2861,521,6,1529,181
2862,521,1,1047,23
2863,521,4,1729,160
2864,521,5,713,34
2865,522,7,1980,65
2866,522,9,1793,52
2867,523,6,1665,112
2868,524,1,1817,81
2869,525,2,153,51
2870,525,3,1662,54
2871,525,6,811,16
2872,525,1,1502,10
2873,525,4,7,5
2874,525,10,573,132
2875,526,4,1888,174
2876,526,5,965,98
2877,526,2,277,58
2878,526,9,716,132
2879,526,7,1660,48
2880,526,1,1061,128
2881,526,8,1482,48
2882,527,4,1989,189
2883,527,7,283,133
2884,527,9,224,59
2885,527,5,1671,132
2886,527,8,1681,200
2887,527,3,1850,173
2888,527,2,1004,109
2889,528,1,1171,29
2890,528,10,113,76
2891,528,2,1592,126
2892,528,7,1374,38
2893,528,3,1599,122
2894,528,4,1376,151
2895,528,8,1342,29
2896,528,9,1609,128
2897,529,7,96,20
2898,529,6,359,1
2899,529,10,686,97
2900,529,9,380,136
2901,529,4,228,38
2902,529,2,1700,189
2903,529,1,1946,54
2904,529,5,569,100
2905,529,8,1962,57
2906,530,6,1440,10
2907,530,8,1072,129
2908,530,9,1203,67
2909,530,2,120,64
2910,530,7,795,51
2911,531,9,70,3
2912,531,8,980,21
2913,531,4,1828,144
2914,531,5,1897,183
2915,531,1,109,84
2916,531,3,147,5
2917,531,7,115,13
2918,531,10,1316,158
2919,532,6,820,43
2920,533,3,1999,54
2921,533,1,89,44
2922,533,8,1026,100
2923,533,5,1828,185
2924,533,6,221,14
2925,533,7,1155,84
2926,533,4,873,81
2927,533,9,492,177
2928,533,10,1793,147
2929,533,2,1988,57
2930,534,7,754,175
2931,534,9,1401,107
2932,534,3,1853,12
2933,534,5,1860,186
2934,534,1,60,32
2935,534,10,1044,123
2936,534,6,708,32
2937,534,4,1224,8
2938,534,8,1501,20
2939,534,2,828,198
2940,535,2,79,69
2941,535,4,535,34
2942,535,8,460,119
2943,535,6,519,191
2944,535,3,1724,33
2945,536,1,1782,151
2946,536,10,1180,65
2947,536,9,952,50
2948,536,4,363,44
2949,537,4,786,111
2950,537,2,1579,93
2951,537,6,1357,140
2952,537,3,1380,24
2953,537,1,260,68
2954,537,7,1233,74
2955,538,3,200,146
2956,539,4,1510,39
2957,539,8,1492,197
2958,539,2,782,110
2959,539,6,315,105
2960,539,10,1880,17
2961,539,3,70,53
2962,540,2,744,139
2963,540,6,987,144
2964,540,7,1051,63
2965,540,3,759,101
2966,540,5,177,79
2967,540,4,460,85
2968,540,8,960,187
2969,540,10,1229,124
2970,541,5,461,29
2971,542,6,1053,82
2972,542,8,750,0
2973,542,7,1471,22
2974,542,2,1759,103
2975,542,9,1465,143
2976,542,3,261,76
2977,542,5,1559,128
2978,542,10,192,165
2979,542,4,1685,165
2980,542,1,649,190
2981,543,9,940,146
2982,543,1,1131,42
2983,543,10,820,83
2984,543,2,1421,1
2985,543,3,1442,127
2986,543,5,1013,90
2987,543,6,1699,128
2988,543,8,557,27
2989,543,4,150,82
2990,543,7,1876,60
2991,544,7,1818,46
2992,544,5,1254,177
2993,544,4,1463,92
2994,544,1,991,154
2995,545,10,608,129
2996,546,1,179,64
2997,546,9,815,200
2998,546,8,279,86
2999,546,2,547,115
3000,546,5,650,198
3001,547,10,430,141
3002,547,5,367,2
3003,547,7,196,97
3004,547,8,1783,104
3005,547,1,1392,137
3006,547,9,1177,158
3007,547,2,794,166
3008,548,3,1397,125
3009,548,1,1632,146
3010,548,8,430,90
3011,548,7,1759,60
3012,548,6,83,49
3013,548,5,1522,188
3014,548,4,271,102
3015,548,2,1581,69
3016,549,8,1458,118
3017,549,4,1027,65
3018,549,3,1000,47
3019,550,8,1682,30
3020,550,10,1614,43
3021,550,6,1653,98
3022,550,7,83,39
3023,550,2,1350,40
3024,550,1,607,76
3025,550,5,28,14
3026,550,4,1888,161
3027,550,3,911,88
3028,550,9,521,139
3029,551,6,1937,185
3030,551,8,882,75
3031,551,10,1838,1
3032,551,2,1776,34
3033,552,9,929,126
3034,552,5,768,25
3035,552,8,1300,40
3036,552,3,183,139
3037,552,4,1199,36
3038,552,10,1656,166
3039,553,4,160,42
3040,553,3,793,170
3041,553,2,639,163
3042,553,8,1410,129
3043,553,5,525,114
3044,554,3,743,178
3045,554,8,1709,42
3046,554,10,1628,158
3047,554,7,1444,64
3048,555,2,1552,163
3049,555,5,438,124
3050,555,7,1667,161
3051,555,9,1898,63
3052,556,6,764,108
3053,556,8,866,183
3054,556,5,522,151
3055,556,7,1173,161
3056,556,1,1124,181
3057,556,3,848,26
3058,557,4,1743,38
3059,557,8,0,0
3060,557,7,1047,131
3061,557,5,197,91
3062,557,2,1929,190
3063,558,2,292,13
3064,558,7,733,4
3065,558,9,983,13
3066,558,5,1984,75
3067,559,10,863,60
3068,559,2,403,115
3069,559,1,1961,16
3070,559,8,1849,3
3071,559,5,1058,103
3072,559,3,660,14
3073,559,7,608,33
3074,559,6,4,1
3075,559,4,1132,163
3076,559,9,1859,24
3077,560,8,611,3
3078,560,7,1178,30
3079,560,3,560,33
3080,560,1,959,66
3081,560,6,1058,9
3082,560,9,1811,119
3083,561,9,1815,111
3084,561,2,415,94
3085,561,8,1511,163
3086,561,3,1857,77
3087,561,5,511,78
3088,562,10,786,91
3089,562,5,713,9
3090,562,7,1515,119
3091,562,4,1221,190
3092,563,5,1501,43
3093,563,9,1167,70
3094,563,4,1371,184
3095,563,6,1076,91
3096,564,2,414,57
3097,564,5,1255,12
3098,564,3,1391,169
3099,565,5,1106,181
3100,565,4,444,112
3101,565,3,1492,53
3102,565,6,1702,14
3103,565,9,1638,122
3104,566,6,222,192
3105,566,8,593,33
3106,566,5,969,181
3107,566,4,1326,133
3108,566,9,329,142
3109,566,7,313,185
3110,566,10,1921,132
3111,566,3,1302,134
3112,566,1,1392,178
3113,567,4,1559,70
3114,568,10,1662,194
3115,568,9,973,12
3116,568,2,1630,6
3117,569,5,1274,144
3118,570,3,295,117
3119,570,6,504,12
3120,570,4,999,177
3121,570,8,452,67
3122,570,10,542,136
3123,571,6,1571,124
3124,572,1,275,27
3125,573,5,191,11
3126,573,4,1918,168
3127,573,8,1465,164
3128,573,1,1693,162
3129,573,10,1025,26
3130,573,6,1718,107
3131,574,2,362,68
3132,574,3,827,107
3133,574,1,162,27
3134,574,6,1021,28
3135,574,7,1248,176
3136,575,5,656,82
3137,575,7,326,186
3138,575,8,1830,106
3139,575,4,1047,77
3140,575,2,230,69
3141,575,6,243,173
3142,575,9,1067,54
3143,575,10,187,136
3144,575,3,1991,114
3145,575,1,1209,149
3146,576,2,1004,186
3147,577,6,1545,116
3148,578,9,307,70
3149,578,8,1716,27
3150,578,3,1391,78
3151,578,4,283,58
3152,578,6,1060,61
3153,579,2,1792,91
3154,579,5,958,15
3155,579,6,1794,65
3156,579,1,1102,127
3157,579,4,454,75
3158,579,10,1381,167
3159,580,2,1566,13
3160,580,9,1937,109
3161,580,1,180,17
3162,580,10,1726,46
3163,580,5,1019,190
3164,580,8,302,115
3165,581,4,1478,43
3166,581,6,629,75
3167,581,2,1944,22
3168,582,9,414,159
3169,582,5,1057,25
3170,582,1,719,37
3171,582,10,1928,197
3172,582,7,1585,19
3173,582,4,1889,79
3174,583,9,1547,52
3175,583,10,676,28
3176,584,5,874,102
3177,584,1,1809,118
3178,584,3,1352,0
3179,584,7,1039,74
3180,584,8,1541,40
3181,584,9,129,28
3182,584,2,617,62
3183,584,10,447,58
3184,584,6,1324,154
3185,585,9,295,37
3186,585,5,506,98
3187,585,6,954,187
3188,585,3,843,91
3189,585,7,1976,98
3190,585,4,440,75
3191,585,2,1910,120
3192,585,1,36,10
3193,586,2,1508,83
3194,586,10,516,99
3195,586,5,916,165
3196,586,1,474,46
3197,586,4,1362,193
3198,586,3,1340,39
3199,587,1,532,133
3200,587,6,905,124
3201,587,10,1626,92
3202,587,8,1732,95
3203,587,9,1398,66
3204,587,4,1395,173
3205,587,3,1563,175
3206,587,7,33,11
3207,587,5,1962,10
3208,587,2,82,81
3209,588,6,415,116
3210,589,8,1877,63
3211,589,4,1398,87
3212,589,3,1554,78
3213,589,10,1928,2
3214,589,6,585,62
3215,589,2,1699,125
3216,589,1,518,0
3217,590,10,1941,172
3218,590,3,1436,21
3219,590,5,523,38
3220,590,8,1681,166
3221,590,6,164,106
3222,590,9,258,165
3223,591,2,54,5
3224,591,7,1051,135
3225,591,8,1671,114
3226,591,6,893,44
3227,591,4,1784,57
3228,591,1,259,94
3229,591,3,1245,106
3230,591,5,772,45
3231,592,10,1186,159
3232,592,4,487,73
3233,592,1,1130,139
3234,592,2,119,112
3235,592,7,770,120
3236,592,8,736,190
3237,592,3,138,97
3238,592,9,1168,195
3239,593,8,1896,60
3240,593,9,215,63
3241,593,4,268,164
3242,593,7,1669,52
3243,593,2,1307,189
3244,594,1,1844,42
3245,594,5,1304,163
3246,595,8,1186,3
3247,596,8,600,110
3248,596,3,1508,148
3249,596,5,1007,88
3250,596,7,1917,72
3251,597,10,1148,91
3252,597,3,393,69
3253,597,1,1856,82
3254,597,7,1070,131
3255,597,9,1322,34
3256,597,2,1198,155
3257,597,5,682,21
3258,597,4,843,192
3259,597,8,1499,185
3260,598,9,756,32
3261,598,7,1441,34
3262,598,1,810,178
3263,598,4,674,40
3264,598,5,1950,73
3265,598,10,1315,129
3266,598,6,1499,160
3267,598,3,904,180
3268,598,2,1392,43
3269,599,2,1622,82
3270,599,3,1728,104
3271,599,1,620,7
3272,599,5,331,70
3273,599,6,1701,77
3274,599,7,327,21
3275,599,8,1333,12
3276,599,4,1998,9
3277,600,7,1534,72
3278,600,4,1941,135
3279,600,3,1205,171
3280,600,9,736,141
3281,601,6,1434,99
3282,601,4,1891,108
3283,601,5,1106,79
3284,601,9,675,123
3285,601,2,1784,125
3286,601,7,1668,143
3287,602,2,1252,133
3288,602,7,1265,163
3289,602,5,944,120
3290,602,4,601,44
3291,602,10,304,103
3292,602,8,1551,128
3293,602,3,569,87
3294,603,2,987,37
3295,603,3,231,89
3296,603,5,910,26
3297,603,9,369,171
3298,603,7,1730,138
3299,604,5,1554,50
3300,604,7,1511,158
3301,604,6,422,46
3302,604,3,675,70
3303,604,8,1394,130
3304,604,9,1952,130
3305,604,4,1526,180
3306,604,10,737,130
3307,604,2,522,193
3308,605,8,1557,190
3309,605,7,200,77
3310,605,4,838,172
3311,605,9,1659,64
3312,605,5,557,156
3313,605,3,1300,99
3314,605,1,1770,23
3315,605,6,682,199
3316,605,2,1395,9
3317,605,10,1633,94
3318,606,2,1720,104
3319,606,3,575,81
3320,606,9,200,175
3321,606,8,635,189
3322,606,10,523,98
3323,606,6,1799,199
3324,606,1,1689,166
3325,607,2,960,187
3326,607,6,1079,71
3327,607,3,1612,85
3328,607,1,1480,109
3329,608,9,1317,103
3330,608,1,249,188
3331,608,2,1673,180
3332,608,8,584,14
3333,608,3,770,58
3334,608,4,31,9
3335,608,6,1492,36
3336,609,3,1284,58
3337,609,2,578,123
3338,609,10,1711,170
3339,609,1,615,100
3340,609,4,135,98
3341,609,9,226,187
3342,609,6,1615,101
3343,609,7,1590,108
3344,610,1,1081,134
3345,610,7,509,91
3346,610,3,1309,175
3347,610,5,1931,165
3348,610,8,275,79
3349,610,6,851,103
3350,610,9,972,137
3351,610,4,749,7
3352,611,7,933,110
3353,611,3,1965,122
3354,611,2,1585,134
3355,611,8,176,170
3356,611,4,1360,86
3357,611,9,1033,32
3358,611,6,1104,151
3359,611,10,1949,109
3360,611,5,1303,123
3361,611,1,573,194
3362,612,9,193,16
3363,612,6,1625,196
3364,612,10,465,146
3365,612,4,1509,102
3366,612,8,1871,144
3367,612,7,1852,148
3368,612,1,143,98
3369,612,5,437,60
3370,612,3,280,193
3371,613,7,645,71
3372,613,6,1829,142
3373,614,1,1046,175
3374,614,3,263,57
3375,614,2,1771,145
3376,614,7,1930,89
3377,614,4,978,18
3378,615,9,623,174
3379,615,1,729,154
3380,615,10,1849,158
3381,616,3,1220,51
3382,616,7,1594,182
3383,617,4,1425,191
3384,617,9,131,59
3385,617,6,1858,140
3386,617,2,1338,108
3387,617,1,469,152
3388,618,7,283,154
3389,618,9,865,192
3390,618,5,367,192
3391,618,1,886,164
3392,618,10,457,183
3393,618,8,358,127
3394,618,4,194,78
3395,619,3,85,1
3396,619,10,740,61
3397,620,1,346,91
3398,620,7,491,98
3399,620,9,1214,196
3400,620,4,147,7
3401,620,2,191,156
3402,620,3,1412,185
3403,620,8,778,114
3404,620,5,1943,95
3405,620,10,320,13
3406,620,6,966,70
3407,621,1,1691,8
3408,621,3,258,177
3409,621,7,1791,84
3410,622,1,1080,94
3411,622,9,1007,120
3412,622,6,703,126
3413,622,8,763,112
3414,622,5,559,29
3415,622,2,174,18
3416,622,3,1995,133
3417,622,7,247,152
3418,623,9,1330,123
3419,623,3,504,44
3420,624,7,875,134
3421,624,3,1820,170
3422,624,10,376,47
3423,625,2,1437,168
3424,626,3,136,134
3425,626,2,460,167
3426,627,4,1730,131
3427,627,8,55,44
3428,627,2,1103,150
3429,627,7,496,145
3430,627,1,308,24
3431,627,3,820,89
3432,628,5,1922,169
3433,628,7,216,76
3434,628,6,1133,165
3435,629,1,958,28
3436,629,2,555,81
3437,629,5,438,74
3438,629,6,895,7
3439,629,7,1846,102
3440,629,4,813,69
3441,629,3,1544,52
3442,630,1,1137,145
3443,630,2,837,65
3444,630,4,37,33
3445,630,3,1417,3
3446,630,10,1645,146
3447,630,9,125,15
3448,630,8,1738,134
3449,630,5,1844,30
3450,630,7,207,90
3451,630,6,1246,103
3452,631,2,1292,20
3453,631,10,1019,180
3454,632,4,1616,165
3455,632,2,855,157
3456,633,6,318,107
3457,633,10,1961,22
3458,633,5,1859,41
3459,633,8,1786,113
3460,633,4,342,16
3461,633,2,368,120
3462,633,3,1645,53
3463,633,7,50,21
3464,633,1,581,50
3465,634,6,1884,62
3466,634,9,870,88
3467,635,1,150,18
3468,635,6,883,173
3469,635,2,1363,74
3470,635,3,1679,186
3471,635,8,553,178
3472,635,9,1541,199
3473,635,10,1655,134
3474,635,4,218,124
3475,635,7,717,182
3476,636,9,173,82
3477,636,10,1632,181
3478,636,7,610,19
3479,636,1,1940,151
3480,636,6,956,196
3481,636,3,337,57
3482,636,8,1895,61
3483,636,5,783,142
3484,636,2,1503,174
3485,637,2,821,167
3486,637,3,1141,115
3487,637,10,347,166
3488,637,6,1254,168
3489,638,4,699,87
3490,639,4,926,163
3491,639,9,1644,161
3492,639,7,556,4
3493,639,5,15,7
3494,639,10,725,60
3495,639,3,1356,105
3496,639,6,753,92
3497,639,2,593,130
3498,640,1,611,191
3499,640,2,1849,137
3500,640,9,981,94
3501,641,7,1398,158
3502,642,4,959,123
3503,642,5,185,172
3504,642,1,1366,53
3505,643,7,470,96
3506,643,2,1763,71
3507,643,4,761,90
3508,643,3,703,55
3509,644,8,836,69
3510,645,4,1714,88
3511,645,3,889,81
3512,645,2,524,76
3513,645,9,11,11
3514,645,10,589,138
3515,645,5,127,76
3516,645,6,817,47
3517,646,5,1672,155
3518,646,3,96,49
3519,646,8,1804,1
3520,646,2,640,43
3521,646,7,1957,0
3522,647,8,527,57
3523,647,3,834,130
3524,647,1,1019,146
3525,647,6,1042,147
3526,647,7,619,159
3527,647,4,1075,8
3528,648,10,350,114
3529,648,8,557,120
3530,648,1,444,63
3531,648,3,918,75
3532,648,6,1349,115
3533,648,7,1667,114
3534,649,5,941,25
3535,649,9,186,150
3536,649,6,1057,176
3537,649,8,1079,134
3538,649,2,1679,198
3539,650,6,1215,64
3540,651,3,1083,26
3541,651,7,710,180
3542,651,2,53,38
3543,652,5,1352,161
3544,652,4,110,90
3545,653,1,1410,169
3546,653,6,191,169
3547,653,8,1657,134
3548,653,10,359,69
3549,653,2,1607,5
3550,653,9,1535,196
3551,653,7,1452,23
3552,653,3,413,145
3553,654,6,1945,158
3554,654,4,211,197
3555,654,5,985,69
3556,654,8,1070,52
3557,654,2,253,3
3558,654,10,1588,28
3559,655,1,541,127
3560,655,5,1005,57
3561,655,8,1039,15
3562,655,9,933,84
3563,655,2,926,69
3564,655,6,998,25
3565,656,10,1997,151
3566,656,4,232,152
3567,656,1,1441,44
3568,656,7,810,61
3569,656,3,1799,0
3570,656,8,1206,118
3571,657,4,283,110
3572,658,10,45,41
3573,658,1,1179,66
3574,658,4,687,194
3575,658,3,792,28
3576,658,8,957,2
3577,658,7,1137,177
3578,658,5,1833,47
3579,658,9,1513,67
3580,659,9,1994,102
3581,659,8,921,187
3582,659,6,927,91
3583,659,4,115,5
3584,660,10,247,22
3585,660,8,1964,14
3586,660,9,372,86
3587,660,7,1074,21
3588,660,6,1863,113
3589,660,5,917,160
3590,660,3,1591,175
3591,660,4,244,102
3592,661,5,1552,133
3593,661,7,330,44
3594,662,10,1317,118
3595,663,4,612,75
3596,663,3,1687,61
3597,663,8,316,131
3598,663,2,308,179
3599,663,10,1125,103
3600,663,9,454,197
3601,663,7,1062,116
3602,663,5,342,106
3603,663,1,1347,160
3604,663,6,1741,156
3605,664,3,1916,124
3606,665,10,1827,180
3607,665,3,1159,6
3608,665,5,1935,44
3609,666,4,1659,17
3610,666,9,402,114
3611,666,5,1473,113
3612,666,10,1137,179
3613,666,8,1441,49
3614,666,6,1389,55
3615,666,1,1740,105
3616,666,2,1736,114
3617,666,3,1040,83
3618,666,7,493,57
3619,667,1,1527,15
3620,667,6,583,59
3621,667,2,1606,16
3622,667,3,220,75
3623,667,10,125,115
3624,667,9,1826,111
3625,667,5,1260,121
3626,668,4,1510,152
3627,668,9,35,31
3628,668,3,1805,32
3629,668,1,785,107
3630,668,5,837,108
3631,668,10,874,179
3632,668,2,939,46
3633,668,6,405,145
3634,668,7,80,25
3635,668,8,1529,10
3636,669,6,507,191
3637,669,5,1755,61
3638,669,7,1005,181
3639,670,2,1149,148
3640,670,1,1998,63
3641,670,10,1819,143
3642,670,9,408,33
3643,670,6,161,148
3644,670,3,737,170
3645,671,5,1433,54
3646,671,10,1676,138
3647,671,7,1508,24
3648,671,3,594,170
3649,671,6,103,64
3650,671,2,1811,174
3651,671,1,726,181
3652,671,9,1649,35
3653,671,4,1036,11
3654,672,6,1234,132
3655,672,2,529,49
3656,672,9,732,158
3657,672,4,268,114
3658,672,10,536,160
3659,672,5,510,200
3660,672,7,239,93
3661,672,8,16,9
3662,673,5,852,44
3663,673,9,278,172
3664,673,7,605,173
3665,673,1,15,1
3666,673,8,1873,98
3667,673,6,1611,51
3668,673,4,13,6
3669,673,10,1616,168
3670,673,3,1443,96
3671,674,2,1333,96
3672,674,1,895,100
3673,674,5,438,174
3674,674,9,1114,86
3675,674,3,476,162
3676,674,10,411,3
3677,674,8,1937,195
3678,674,4,1749,129
3679,675,2,745,48
3680,675,1,1410,25
3681,675,4,1852,63
3682,675,8,1864,113
3683,676,4,1211,37
3684,676,8,1182,197
3685,676,5,920,159
3686,676,9,1575,12
3687,676,6,1551,12
3688,676,7,270,41
3689,676,2,651,36
3690,676,10,70,27
3691,677,3,1947,1
3692,677,4,1788,60
3693,677,7,1355,50
3694,677,5,1707,70
3695,677,9,406,72
3696,677,1,701,67
3697,677,10,1101,67
3698,677,2,149,68
3699,678,5,1113,60
3700,678,8,1518,61
3701,678,6,1242,154
3702,678,10,1472,22
3703,678,7,1614,1
3704,678,4,76,69
3705,678,9,1733,25
3706,678,3,1412,166
3707,678,2,110,64
3708,679,7,1802,186
3709,679,2,1694,191
3710,679,9,259,41
3711,680,7,292,130
3712,681,6,691,94
3713,681,5,769,114
3714,681,4,1373,109
3715,681,8,1161,22
3716,681,1,582,20
3717,681,10,806,94
3718,681,2,114,13
3719,681,7,357,149
3720,681,9,1178,107
3721,682,8,1634,200
3722,682,5,725,56
3723,682,3,1638,127
3724,682,1,899,48
3725,682,10,1987,132
3726,682,9,1821,58
3727,682,7,865,175
3728,682,4,141,3
3729,682,6,1807,9
3730,682,2,185,17
3731,683,6,1398,19
3732,683,1,1791,88
3733,683,3,97,54
3734,683,10,587,191
3735,683,9,552,35
3736,683,8,584,102
3737,683,2,718,112
3738,683,7,66,23
3739,683,4,1061,184
3740,684,1,168,94
3741,685,7,6,1
3742,685,2,1122,192
3743,685,8,326,35
3744,685,3,813,171
3745,685,9,322,78
3746,685,4,1839,53
3747,686,10,917,110
3748,686,6,146,33
3749,687,4,1100,53
3750,687,6,622,71
3751,687,1,1143,143
3752,687,10,755,74
3753,687,8,1595,52
3754,687,7,271,99
3755,688,8,1969,18
3756,688,4,675,3
3757,688,2,1518,106
3758,688,5,1860,164
3759,688,3,1434,31
3760,688,10,1939,195
3761,688,1,1370,147
3762,688,7,821,147
3763,688,6,357,15
3764,689,5,341,119
3765,689,7,144,141
3766,689,8,1401,60
3767,689,9,1789,187
3768,689,10,1139,72
3769,689,3,1573,51
3770,689,1,888,77
3771,689,6,543,73
3772,689,2,94,2
3773,690,5,1436,0
3774,691,1,578,88
3775,691,3,1135,137
3776,691,7,252,50
3777,691,6,1133,43
3778,691,9,1274,127
3779,692,2,1229,50
3780,692,10,793,47
3781,692,3,156,72
3782,692,1,676,189
3783,692,5,825,194
3784,692,4,1805,196
3785,692,6,770,193
3786,692,9,989,144
3787,693,2,1996,26
3788,693,10,34,24
3789,693,4,944,56
3790,693,7,245,127
3791,693,3,1244,55
3792,694,3,260,130
3793,695,1,255,45
3794,696,4,557,32
3795,696,1,801,139
3796,696,6,1169,14
3797,696,3,1694,166
3798,696,9,1788,48
3799,697,3,305,86
3800,697,8,1333,96
3801,697,2,1080,41
3802,698,2,1867,14
3803,698,5,1360,108
3804,698,1,773,158
3805,698,9,457,143
3806,698,10,968,26
3807,698,4,381,102
3808,698,7,644,46
3809,699,1,36,26
3810,699,4,1400,171
3811,699,3,1440,150
3812,699,6,581,161
3813,699,9,115,15
3814,699,2,1474,58
3815,699,10,249,54
3816,700,3,1737,9
3817,700,2,1027,69
3818,701,4,518,109
3819,701,8,1168,79
3820,701,10,309,62
3821,701,5,1631,77
3822,701,9,747,49
3823,701,3,591,155
3824,701,6,316,194
3825,702,7,177,91
3826,703,10,1936,129
3827,703,1,170,76
3828,703,5,477,192
3829,703,3,1552,83
3830,703,2,867,189
3831,703,6,772,36
3832,703,7,1191,142
3833,703,9,509,70
3834,703,4,465,113
3835,703,8,367,198
3836,704,2,718,90
3837,704,5,512,35
3838,704,1,142,39
3839,704,7,1910,199
3840,704,6,580,174
3841,704,9,345,32
3842,705,2,606,160
3843,705,5,198,60
3844,705,3,282,175
3845,705,7,1373,2
3846,705,10,1133,76
3847,705,6,1085,177
3848,706,1,1910,20
3849,706,10,610,146
3850,706,7,1417,176
3851,706,5,1397,189
3852,706,3,1490,196
3853,706,2,1519,160
3854,706,6,610,156
3855,706,4,1184,187
3856,706,8,1696,141
3857,706,9,790,97
3858,707,5,1731,82
3859,707,4,909,178
3860,707,2,1220,2
3861,707,8,254,127
3862,707,3,64,52
3863,707,6,18,3
3864,707,1,1662,115
3865,707,7,1887,23
3866,707,9,1328,159
3867,707,10,1194,72
3868,708,8,1666,81
3869,708,1,1901,132
3870,708,9,476,166
3871,708,4,602,34
3872,708,10,482,24
3873,708,6,1236,13
3874,708,7,1755,22
3875,708,3,1825,16
3876,708,5,78,18
3877,708,2,1389,37
3878,709,1,507,79
3879,709,3,1010,40
3880,710,2,1960,24
3881,710,5,1081,116
3882,710,8,198,61
3883,711,2,69,20
3884,711,8,70,65
3885,711,7,1175,54
3886,711,6,587,66
3887,711,5,1141,55
3888,712,7,1175,179
3889,712,3,975,88
3890,712,2,1760,158
3891,712,8,794,148
3892,712,4,569,154
3893,712,5,303,175
3894,712,6,413,99
3895,712,10,57,45
3896,713,2,1223,138
3897,713,1,62,52
3898,714,4,727,109
3899,714,6,463,70
3900,714,5,1564,42
3901,714,3,471,150
3902,714,7,276,193
3903,714,8,78,39
3904,714,10,1950,158
3905,715,7,384,49
3906,715,2,1127,103
3907,715,9,382,166
3908,715,8,993,26
3909,715,1,1351,45
3910,715,10,1744,141
3911,716,9,1478,32
3912,717,10,982,51
3913,717,2,1096,81
3914,717,5,44,30
3915,717,3,1454,27
3916,717,4,737,54
3917,717,7,1513,15
3918,717,6,1661,4
3919,717,8,1337,200
3920,717,1,151,88
3921,718,2,1133,179
3922,719,10,1430,184
3923,719,1,1409,15
3924,719,9,547,35
3925,719,7,903,177
3926,720,2,1350,198
3927,720,6,1439,1
3928,720,1,652,27
3929,720,10,605,73
3930,720,4,494,106
3931,720,8,110,51
3932,720,5,1645,173
3933,720,7,835,98
3934,721,8,1922,80
3935,721,1,710,163
3936,721,7,797,129
3937,721,9,174,92
3938,722,1,1058,47
3939,722,6,67,13
3940,722,4,1417,0
3941,722,3,265,51
3942,722,9,1848,50
3943,723,3,1807,137
3944,723,5,1072,125
3945,723,6,809,136
3946,723,7,538,0
3947,723,8,1454,99
3948,723,1,206,26
3949,723,9,1311,77
3950,723,4,752,182
3951,723,10,1067,170
3952,724,8,464,78
3953,724,5,1680,61
3954,724,1,1307,167
3955,724,9,50,33
3956,724,7,1580,73
3957,724,10,612,147
3958,724,3,1459,37
3959,724,2,1102,29
3960,724,6,1765,83
3961,724,4,1050,138
3962,725,9,1703,132
3963,725,10,290,82
3964,725,4,1161,166
3965,725,7,1068,11
3966,726,8,1105,60
3967,727,6,1416,177
3968,727,4,707,63
3969,727,1,165,81
3970,727,5,1623,112
3971,727,3,1731,115
3972,727,8,576,111
3973,727,10,902,27
3974,728,5,269,15
3975,728,9,1316,15
3976,728,6,1098,19
3977,728,7,1217,43
3978,728,2,755,38
3979,728,3,500,1
3980,728,4,1865,141
3981,728,10,328,53
3982,729,9,33,7
3983,729,2,988,173
3984,729,4,789,199
3985,729,8,162,159
3986,729,7,982,53
3987,730,9,674,100
3988,730,6,1669,6
3989,730,2,1630,162
3990,730,8,484,98
3991,730,10,463,178
3992,731,8,1801,56
3993,732,8,1418,142
3994,732,9,1014,197
3995,732,3,295,91
3996,733,9,366,113
3997,734,9,1419,45
3998,734,1,1026,85
3999,734,2,99,54
4000,734,3,1240,178
4001,734,4,1025,58
4002,734,10,1179,112
4003,734,7,761,165
4004,734,6,1936,34
4005,734,5,1647,146
4006,734,8,1495,56
4007,735,9,30,23
4008,735,7,703,131
4009,735,1,1038,68
4010,736,3,1554,36
4011,736,9,939,161
4012,736,4,483,50
4013,736,7,916,27
4014,736,5,707,71
4015,736,6,36,15
4016,736,8,1004,119
4017,736,1,1403,135
4018,737,3,1158,197
4019,737,1,447,23
4020,737,5,725,46
4021,737,6,1674,22
4022,738,3,918,100
4023,738,8,1164,7
4024,739,5,857,89
4025,739,10,189,141
4026,739,7,524,123
4027,739,8,81,11
4028,739,9,501,25
4029,739,3,1892,32
4030,739,6,410,151
4031,740,3,1187,127
4032,740,2,420,182
4033,740,1,545,85
4034,740,9,1252,40
4035,740,4,996,31
4036,740,8,1709,161
4037,740,7,310,112
4038,740,6,1469,171
4039,740,5,882,14
4040,740,10,1346,142
4041,741,1,1114,148
4042,742,10,379,40
4043,742,3,659,83
4044,742,2,1085,181
4045,742,9,1666,42
4046,743,4,391,47
4047,743,7,691,75
4048,743,8,15,4
4049,744,2,1588,33
4050,744,6,1310,96
4051,744,9,391,167
4052,744,8,422,17
4053,744,10,799,40
4054,744,7,1052,156
4055,745,10,417,109
4056,745,5,910,80
4057,746,5,27,20
4058,746,10,592,8
4059,746,8,369,179
4060,746,7,103,74
4061,746,1,1610,46
4062,747,5,1774,10
4063,747,10,420,50
4064,747,9,610,157
4065,747,6,888,40
4066,747,8,1192,99
4067,747,4,1137,186
4068,747,3,1034,29
4069,747,1,1998,78
4070,747,7,703,52
4071,747,2,514,62
4072,748,2,507,168
4073,748,7,1259,138
4074,748,6,183,121
4075,749,7,956,106
4076,749,3,784,192
4077,749,4,1562,26
4078,749,5,916,87
4079,749,10,915,145
4080,749,8,1028,165
4081,749,1,1313,194
4082,749,2,946,172
4083,749,6,830,171
4084,750,3,1310,8
4085,750,1,1009,90
4086,750,4,1604,22
4087,751,8,1994,195
4088,751,9,310,55
4089,751,6,1508,102
4090,751,4,340,115
4091,751,10,493,150
4092,751,3,655,94
4093,751,1,313,48
4094,751,7,333,99
4095,751,2,1212,187
4096,751,5,1912,32
4097,752,4,636,33
4098,752,1,987,42
4099,752,8,1237,91
4100,752,2,247,94
4101,752,6,196,87
4102,753,1,1771,48
4103,753,6,100,42
4104,753,5,573,10
4105,753,2,1078,157
4106,753,4,415,52
4107,753,10,769,144
4108,753,9,223,124
4109,753,8,655,89
4110,753,3,1951,150
4111,753,7,569,90
4112,754,1,45,14
4113,754,10,1016,75
4114,755,6,747,62
4115,755,2,1512,143
4116,755,3,1921,123
4117,755,7,1074,19
4118,755,1,1698,24
4119,755,5,381,155
4120,755,10,851,178
4121,756,1,231,104
4122,756,8,780,19
4123,756,3,591,158
4124,757,8,1488,37
4125,757,10,360,96
4126,757,6,1655,11
4127,757,5,1293,117
4128,758,7,653,98
4129,759,4,625,11
4130,759,3,1863,157
4131,759,5,949,107
4132,759,10,41,15
4133,759,1,1055,183
4134,759,7,1194,27
4135,759,2,1785,193
4136,759,6,1948,15
4137,759,9,396,114
4138,760,6,180,90
4139,760,1,1861,113
4140,760,3,1554,178
4141,760,9,562,74
4142,760,10,667,169
4143,760,2,1070,91
4144,760,4,1666,29
4145,760,8,769,97
4146,761,4,1227,199
4147,761,3,1841,6
4148,762,8,49,34
4149,763,10,345,164
4150,763,3,563,178
4151,763,1,1949,191
4152,763,5,1474,137
4153,763,7,1004,78
4154,763,4,608,20
4155,763,2,1738,84
4156,763,8,1402,124
4157,763,6,221,150
4158,763,9,29,23
4159,764,5,478,175
4160,764,2,887,40
4161,764,6,209,52
4162,765,8,495,113
4163,765,10,344,185
4164,765,1,733,60
4165,765,7,1137,68
4166,765,3,1806,155
4167,765,4,686,83
4168,766,10,884,159
4169,766,1,1527,111
4170,766,3,121,32
4171,766,4,1526,10
4172,766,7,806,80
4173,766,9,1338,113
4174,766,6,105,92
4175,767,1,938,110
4176,767,10,1858,33
4177,767,7,972,43
4178,767,8,495,110
4179,767,6,1818,99
4180,768,3,419,101
4181,768,7,781,21
4182,768,6,1623,113
4183,769,4,686,180
4184,769,9,810,100
4185,769,2,1877,191
4186,769,8,1351,112
4187,769,10,457,26
4188,769,6,659,77
4189,769,7,558,169
4190,769,3,1061,92
4191,769,1,1568,38
4192,770,2,728,105
4193,770,8,287,89
4194,770,9,691,142
4195,770,6,1025,109
4196,770,10,1247,132
4197,771,1,539,62
4198,771,8,653,98
4199,771,5,307,101
4200,771,10,1572,116
4201,772,6,1009,127
4202,772,2,802,156
4203,772,4,1241,69
4204,772,3,774,114
4205,772,10,626,108
4206,772,9,1966,117
4207,772,1,347,141
4208,772,8,1990,83
4209,773,5,1330,76
4210,773,6,900,58
4211,773,3,697,91
4212,774,1,191,42
4213,774,6,486,192
4214,774,8,698,49
4215,774,9,340,174
4216,775,4,723,120
4217,775,2,1009,145
4218,775,10,1836,163
4219,775,8,591,139
4220,775,9,969,130
4221,775,1,1688,113
4222,775,3,602,74
4223,775,7,884,15
4224,775,5,695,64
4225,775,6,1643,153
4226,776,9,331,131
4227,776,2,1042,131
4228,776,6,1846,37
4229,776,4,814,178
4230,776,3,1005,71
4231,777,7,85,47
4232,777,8,493,112
4233,777,10,1308,161
4234,777,2,1786,18
4235,777,3,478,24
4236,777,6,516,41
4237,778,9,1855,70
4238,778,5,959,172
4239,778,10,399,143
4240,778,3,1169,43
4241,778,8,1924,198
4242,778,4,1711,35
4243,778,2,271,137
4244,778,7,1600,9
4245,779,6,768,168
4246,779,8,648,190
4247,779,3,956,127
4248,779,7,1977,132
4249,780,5,375,13
4250,780,1,1722,51
4251,780,7,453,72
4252,780,6,109,58
4253,780,10,440,4
4254,780,2,313,62
4255,780,9,1440,50
4256,780,8,649,170
4257,780,3,1063,108
4258,780,4,1025,35
4259,781,1,122,70
4260,781,5,1097,36
4261,781,9,1070,2
4262,781,7,1563,84
4263,781,8,500,93
4264,781,6,1077,129
4265,782,7,812,119
4266,782,6,1758,102
4267,782,2,224,152
4268,782,5,1812,172
4269,783,5,1122,191
4270,783,10,1827,94
4271,783,6,777,93
4272,783,4,1716,174
4273,783,7,723,186
4274,784,3,1935,138
4275,785,1,510,30
4276,785,9,1063,90
4277,786,5,660,199
4278,786,7,1739,196
4279,786,9,1610,19
4280,786,3,1904,11
4281,786,10,669,78
4282,786,8,1698,101
4283,787,7,953,26
4284,788,10,183,98
4285,788,9,936,28
4286,788,8,754,80
4287,788,6,286,147
4288,788,5,840,51
4289,789,4,1897,152
4290,790,1,69,38
4291,790,9,150,55
4292,790,5,199,170
4293,790,10,1605,33
4294,790,7,968,143
4295,790,2,1168,184
4296,790,3,1288,46
4297,790,8,1209,169
4298,791,4,442,186
4299,791,1,1198,84
4300,791,3,1971,14
4301,791,2,234,9
4302,792,3,1981,20
4303,793,8,275,65
4304,794,6,1290,102
4305,795,2,0,0
4306,795,1,899,38
4307,795,9,358,95
4308,795,3,1951,129
4309,796,10,376,71
4310,796,5,1851,199
4311,796,8,1811,78
4312,796,2,364,37
4313,796,7,820,149
4314,796,6,1900,6
4315,796,4,269,33
4316,796,1,1915,94
4317,797,5,734,42
4318,797,7,116,41
4319,797,8,1118,160
4320,797,1,965,108
4321,797,9,623,62
4322,797,2,949,175
4323,797,3,125,115
4324,797,4,1175,133
4325,798,1,1766,86
4326,798,8,135,33
4327,798,9,799,6
4328,798,10,1083,98
4329,798,2,806,21
4330,798,3,1871,162
4331,798,5,1101,54
4332,798,6,30,11
4333,799,8,1101,168
4334,799,10,865,11
4335,800,6,1133,133
4336,800,7,237,169
4337,800,9,1679,19
4338,800,8,229,200
4339,800,2,584,25
4340,800,4,1066,118
4341,800,10,12,11
4342,801,10,635,188
4343,801,2,1115,111
4344,801,6,338,160
4345,801,1,352,50
4346,801,7,1432,200
4347,801,9,973,131
4348,801,8,578,172
4349,801,3,1033,127
4350,802,7,1121,164
4351,802,2,810,121
4352,803,6,907,167
4353,803,9,376,123
4354,803,10,32,26
4355,803,5,953,188
4356,803,3,1413,55
4357,804,4,1752,46
4358,804,9,1768,47
4359,804,2,1667,192
4360,804,7,1043,82
4361,805,5,1674,1
4362,805,8,111,60
4363,805,6,362,31
4364,805,7,793,143
4365,805,9,1977,25
4366,805,1,206,119
4367,805,10,1114,4
4368,806,1,802,104
4369,806,2,1239,44
4370,806,7,507,138
4371,806,10,525,6
4372,806,6,733,149
4373,806,5,1031,130
4374,806,4,1489,99
4375,806,3,1568,96
4376,807,1,1441,110
4377,807,4,1115,22
4378,807,7,1925,111
4379,807,10,1210,109
4380,807,6,1615,101
4381,807,2,21,14
4382,807,5,658,105
4383,808,4,372,23
4384,808,7,1138,127
4385,808,1,622,100
4386,808,5,1840,72
4387,808,10,1822,180
4388,808,3,1710,12
4389,808,9,1057,107
4390,808,8,1815,91
4391,808,6,1543,157
4392,809,3,864,59
4393,810,6,465,111
4394,810,10,1075,151
4395,810,3,1993,196
4396,811,7,1051,12
4397,811,2,15,1
4398,811,3,1294,128
4399,811,6,335,16
4400,811,9,461,137
4401,811,1,1985,100
4402,812,1,1056,23
4403,812,2,459,28
4404,812,7,1680,97
4405,812,10,637,198
4406,812,5,103,54
4407,812,4,1092,84
4408,812,8,1235,129
4409,812,9,664,46
4410,812,6,133,103
4411,812,3,1469,144
4412,813,6,1583,39
4413,813,10,1816,67
4414,813,4,692,74
4415,813,7,1391,151
4416,813,8,1785,174
4417,813,1,1061,159
4418,813,5,651,102
4419,814,1,295,132
4420,814,2,1325,29
4421,814,3,1133,40
4422,814,6,1212,38
4423,814,10,613,27
4424,814,7,685,28
4425,814,9,1784,47
4426,815,9,1633,168
4427,815,6,963,149
4428,815,5,1524,35
4429,815,8,1184,11
4430,815,7,919,136
4431,816,4,1740,110
4432,816,9,330,8
4433,816,2,262,8
4434,816,1,1777,143
4435,816,6,901,149
4436,816,7,766,186
4437,817,4,1464,44
4438,817,7,118,117
4439,817,3,1802,135
4440,817,10,1554,173
4441,817,2,789,91
4442,817,9,1369,0
4443,818,8,1133,91
4444,819,3,49,18
4445,820,3,1539,78
4446,820,7,1515,67
4447,820,6,1853,67
4448,820,4,586,157
4449,820,2,71,67
4450,820,5,1820,100
4451,820,1,698,180
4452,821,4,1781,178
4453,821,6,942,11
4454,821,9,1930,65
4455,821,3,902,14
4456,821,8,163,35
4457,821,7,1985,144
4458,821,5,1285,17
4459,821,2,587,38
4460,821,1,1225,193
4461,821,10,1060,93
4462,822,3,1858,32
4463,822,8,1819,94
4464,822,6,1542,56
4465,822,2,1731,147
4466,822,4,78,40
4467,822,7,1602,93
4468,822,10,1890,99
4469,823,7,1831,125
4470,823,1,821,195
4471,823,9,861,44
4472,823,4,391,106
4473,823,10,1942,53
4474,823,3,1250,127
4475,823,8,1182,157
4476,823,6,403,137
4477,823,5,1677,64
4478,823,2,178,123
4479,824,8,365,74
4480,824,1,874,189
4481,824,6,20,16
4482,824,10,1765,6
4483,824,7,1390,73
4484,825,5,1872,200
4485,826,10,550,17
4486,826,8,552,126
4487,826,7,152,119
4488,826,2,1723,61
4489,826,9,1062,179
4490,826,3,908,169
4491,826,4,529,30
4492,826,5,633,17
4493,826,1,1813,123
4494,826,6,427,38
4495,827,9,1114,109
4496,827,5,1126,35
4497,827,3,1035,153
4498,827,7,1299,156
4499,827,4,1,0
4500,828,10,883,84
4501,828,9,46,16
4502,829,2,145,118
4503,829,6,216,10
4504,829,10,1187,94
4505,829,3,851,184
4506,829,9,869,133
4507,829,4,181,12
4508,829,1,1060,190
4509,829,7,1912,69
4510,829,5,1584,127
4511,829,8,1661,153
4512,830,9,210,85
4513,830,5,588,193
4514,830,3,1802,60
4515,831,7,588,118
4516,831,5,780,34
4517,831,2,1997,100
4518,831,3,1556,95
4519,831,9,260,140
4520,832,9,71,12
4521,832,7,257,68
4522,832,8,1194,159
4523,833,7,153,111
4524,833,5,1654,105
4525,833,1,1232,194
4526,833,2,487,196
4527,833,9,367,34
4528,833,10,624,128
4529,833,4,471,131
4530,834,1,1388,168
4531,834,6,133,70
4532,834,4,1116,187
4533,834,7,1453,151
4534,834,9,884,180
4535,834,8,282,66
4536,835,2,798,180
4537,835,1,1392,8
4538,835,7,1951,75
4539,835,9,428,38
4540,835,3,306,75
4541,835,6,1444,31
4542,835,8,992,91
4543,835,5,460,144
4544,835,4,211,133
4545,835,10,310,93
4546,836,7,1345,192
4547,836,6,1189,109
4548,836,2,691,76
4549,836,8,1512,114
4550,836,5,87,2
4551,836,9,8,4
4552,836,3,1181,108
4553,836,10,764,150
4554,836,4,635,50
4555,836,1,981,120
4556,837,8,26,0
4557,837,7,1378,79
4558,837,2,1798,33
4559,837,10,1063,117
4560,837,4,1336,6
4561,837,6,312,122
4562,837,3,718,132
4563,837,1,379,3
4564,838,10,761,74
4565,838,5,939,184
4566,838,9,960,119
4567,838,7,354,119
4568,838,2,1235,167
4569,838,1,1046,189
4570,838,6,287,97
4571,838,3,398,195
4572,838,8,1645,120
4573,839,3,1908,99
4574,839,7,1327,125
4575,839,1,1282,153
4576,840,8,1142,7
4577,841,6,6,3
4578,841,5,660,110
4579,841,9,1174,52
4580,841,10,1431,7
4581,841,4,78,27
4582,841,7,264,120
4583,841,1,517,151
4584,841,3,375,33
4585,841,8,540,44
4586,842,9,339,122
4587,842,10,724,102
4588,842,6,1597,123
4589,842,5,382,154
4590,842,3,822,115
4591,842,4,112,97
4592,842,7,688,155
4593,842,8,607,93
4594,842,1,580,140
4595,843,6,1270,7
4596,843,10,1986,37
4597,843,1,37,15
4598,843,4,789,48
4599,843,7,923,7
4600,843,5,1839,114
4601,844,2,129,69
4602,844,6,1700,164
4603,844,10,201,157
4604,844,9,1937,94
4605,844,5,1214,19
4606,845,6,331,174
4607,845,4,1431,100
4608,845,10,1080,37
4609,846,2,1993,35
4610,846,1,521,5
4611,846,5,412,89
4612,846,10,1223,164
4613,846,6,264,66
4614,846,8,879,178
4615,847,6,737,154
4616,847,2,1880,150
4617,847,9,1231,112
4618,847,7,1957,124
4619,847,3,199,115
4620,847,10,780,189
4621,848,1,987,76
4622,848,10,1550,97
4623,849,1,1309,31
4624,849,2,1587,186
4625,849,3,1326,192
4626,849,10,695,44
4627,849,9,1285,95
4628,849,7,761,161
4629,849,8,45,16
4630,849,6,522,128
4631,849,4,1735,57
4632,849,5,64,21
4633,850,7,296,146
4634,850,10,332,194
4635,850,9,413,23
4636,850,6,1838,52
4637,850,5,1416,81
4638,850,8,1587,140
4639,850,1,1264,107
4640,850,4,999,192
4641,851,8,1468,90
4642,851,10,1044,76
4643,851,4,1498,7
4644,851,7,1573,20
4645,851,1,514,38
4646,851,2,731,25
4647,851,3,1878,199
4648,852,3,1113,183
4649,852,8,1871,79
4650,852,2,610,109
4651,852,9,1431,139
4652,852,10,776,170
4653,852,6,1373,12
4654,852,4,1247,88
4655,852,7,985,199
4656,853,8,703,29
4657,853,9,797,168
4658,853,4,1444,131
4659,853,1,35,13
4660,853,5,360,119
4661,854,10,670,134
4662,854,8,14,9
4663,854,1,1453,76
4664,854,7,983,83
4665,854,4,21,9
4666,854,9,1375,195
4667,855,3,828,149
4668,855,1,1786,146
4669,855,7,1187,137
4670,855,6,1191,132
4671,855,4,1466,93
4672,855,9,1842,7
4673,855,2,1920,63
4674,855,5,1881,149
4675,855,10,1620,1
4676,855,8,1323,144
4677,856,7,1186,147
4678,856,5,1585,81
4679,857,9,443,60
4680,857,5,1076,65
4681,857,4,142,42
4682,857,1,1416,24
4683,858,6,482,127
4684,858,8,1631,4
4685,859,1,842,133
4686,860,4,1858,127
4687,860,5,1045,64
4688,860,10,1364,184
4689,860,2,1130,83
4690,860,3,1486,123
4691,860,6,719,76
4692,860,7,427,180
4693,860,9,1696,167
4694,860,1,1071,108
4695,861,5,733,47
4696,861,8,1311,136
4697,861,2,74,22
4698,861,1,298,32
4699,861,9,896,180
4700,861,7,1693,121
4701,861,6,1049,90
4702,861,4,758,100
4703,861,3,1287,40
4704,862,10,1593,105
4705,862,6,385,25
4706,862,7,581,180
4707,863,8,1896,156
4708,863,7,1159,98
4709,863,3,116,78
4710,863,2,1331,27
4711,863,10,1670,195
4712,863,5,1931,191
4713,864,1,221,8
4714,864,7,1745,67
4715,864,2,1648,7
4716,864,8,1388,143
4717,864,5,352,89
4718,864,10,1454,108
4719,864,4,1295,98
4720,864,6,870,157
4721,864,3,1666,195
4722,865,2,84,28
4723,865,10,1705,81
4724,865,6,1889,90
4725,865,3,120,65
4726,865,8,832,109
4727,866,4,422,38
4728,866,8,1379,114
4729,866,5,1167,191
4730,866,10,69,69
4731,866,3,1726,2
4732,866,1,579,180
4733,866,7,628,102
4734,866,6,1937,118
4735,866,2,986,70
4736,867,10,1135,179
4737,867,7,1792,42
4738,867,5,452,160
4739,867,3,357,20
4740,867,9,1203,127
4741,867,4,159,123
4742,867,1,1063,182
4743,867,2,1941,69
4744,867,8,195,54
4745,868,6,757,9
4746,868,7,1510,22
4747,869,8,171,103
4748,870,6,914,194
4749,870,3,1216,156
4750,871,9,1363,112
4751,871,7,1841,4
4752,871,10,218,173
4753,871,8,947,128
4754,871,6,1720,92
4755,871,4,273,32
4756,872,4,1132,0
4757,872,8,585,43
4758,872,7,410,181
4759,872,10,292,34
4760,872,2,978,126
4761,873,10,1103,154
4762,873,5,908,86
4763,873,7,1532,0
4764,873,9,1976,53
4765,873,3,1993,113
4766,873,8,1304,140
4767,873,1,1178,40
4768,873,6,99,65
4769,873,2,1485,112
4770,873,4,1041,90
4771,874,6,1966,32
4772,875,5,752,64
4773,875,9,741,106
4774,875,6,1859,135
4775,875,4,1303,36
4776,875,1,671,109
4777,875,2,1337,99
4778,876,9,1504,41
4779,877,2,192,130
4780,877,10,592,168
4781,877,3,498,42
4782,877,1,132,62
4783,877,9,812,67
4784,877,8,605,28
4785,877,7,748,176
4786,878,7,368,2
4787,879,9,1238,23
4788,880,2,1522,149
4789,880,7,770,165
4790,881,1,842,14
4791,881,4,1911,75
4792,881,8,862,99
4793,881,3,1766,28
4794,881,2,9,0
4795,881,7,236,64
4796,882,3,1035,110
4797,883,9,102,73
4798,883,3,40,23
4799,883,1,595,87
4800,883,2,1523,120
4801,883,8,1720,51
4802,883,5,292,166
4803,883,7,588,5
4804,883,6,1796,24
4805,883,4,130,3
4806,883,10,1782,38
4807,884,4,563,20
4808,884,7,504,52
4809,884,8,1966,81
4810,885,1,536,70
4811,885,7,1279,150
4812,885,10,1084,182
4813,885,8,696,85
4814,886,10,1890,114
4815,886,3,1912,140
4816,887,9,1970,34
4817,887,7,1582,72
4818,887,3,1269,1
4819,887,5,961,126
4820,887,8,1904,108
4821,887,4,500,78
4822,887,10,627,27
4823,887,2,736,128
4824,887,6,472,94
4825,888,1,1516,27
4826,888,3,1979,143
4827,889,3,1497,71
4828,890,6,816,193
4829,890,1,102,77
4830,890,2,1043,91
4831,890,5,1082,175
4832,890,9,48,8
4833,890,7,232,53
4834,891,3,1041,114
4835,891,10,1082,128
4836,891,5,837,142
4837,891,6,1711,88
4838,891,2,1117,131
4839,891,7,1307,71
4840,891,8,898,188
4841,891,1,373,117
4842,892,3,1990,107
4843,892,4,1402,144
4844,892,8,1800,173
4845,892,10,1454,110
4846,892,7,26,7
4847,892,9,1009,69
4848,892,2,1016,47
4849,893,2,1982,158
4850,893,1,715,181
4851,893,6,1190,182
4852,893,8,469,107
4853,893,7,124,46
4854,893,4,544,128
4855,893,10,1710,96
4856,893,9,1427,173
4857,894,5,352,112
4858,895,3,205,139
4859,895,10,1446,78
4860,895,5,983,177
4861,896,3,1347,22
4862,896,6,312,169
4863,896,8,327,141
4864,896,5,362,26
4865,896,4,1800,160
4866,896,1,430,92
4867,896,7,1472,180
4868,897,3,1132,122
4869,897,2,1853,106
4870,897,5,1208,86
4871,897,10,1231,16
4872,897,9,1696,22
4873,897,7,121,49
4874,897,6,73,17
4875,897,8,1450,19
4876,897,4,1386,106
4877,897,1,1469,142
4878,898,3,984,193
4879,898,9,232,10
4880,898,4,1247,22
4881,898,10,293,99
4882,898,1,1528,179
4883,898,8,1994,97
4884,898,5,1650,29
4885,898,2,1488,104
4886,898,7,279,63
4887,898,6,1824,166
4888,899,5,758,14
4889,899,3,452,40
4890,899,7,1975,161
4891,899,10,724,41
4892,899,8,1184,150
4893,899,9,1210,9
4894,899,4,1264,181
4895,899,1,665,40
4896,899,2,1820,57
4897,900,7,1357,9
4898,900,6,264,136
4899,900,10,1603,33
4900,900,8,708,154
4901,900,4,866,56
4902,900,1,1443,99
4903,900,5,1486,161
4904,900,3,687,144
4905,901,7,1644,96
4906,901,1,607,46
4907,901,9,1631,70
4908,901,5,764,186
4909,901,3,797,148
4910,901,8,200,42
4911,901,2,1923,40
4912,901,10,454,148
4913,902,4,1372,180
4914,902,3,1311,100
4915,902,2,1665,96
4916,902,5,498,141
4917,902,9,1266,180
4918,903,3,928,182
4919,903,6,561,37
4920,903,5,1880,1
4921,903,10,1796,139
4922,903,8,557,54
4923,903,7,1754,103
4924,903,4,1249,152
4925,903,9,1443,190
4926,904,6,1926,10
4927,904,3,89,84
4928,905,6,536,99
4929,906,10,1056,90
4930,906,1,479,182
4931,907,5,247,51
4932,907,8,265,143
4933,907,10,580,128
4934,907,6,669,88
4935,907,4,947,139
4936,907,9,1744,73
4937,907,1,29,8
4938,908,9,142,65
4939,908,7,258,194
4940,909,8,850,200
4941,909,4,1780,62
4942,909,1,239,132
4943,909,2,658,196
4944,909,9,1076,70
4945,909,6,1580,115
4946,909,3,687,59
4947,909,5,623,168
4948,909,10,81,65
4949,909,7,97,60
4950,910,6,1501,26
4951,910,2,142,128
4952,910,1,1507,129
4953,910,7,1673,60
4954,910,4,778,102
4955,910,3,1500,164
4956,911,8,1593,164
4957,912,2,1623,67
4958,912,7,137,101
4959,912,4,1666,43
4960,912,10,1949,26
4961,912,8,298,157
4962,912,5,727,158
4963,912,1,388,169
4964,913,8,896,102
4965,913,2,1349,9
4966,913,10,229,93
4967,913,9,1347,98
4968,914,7,735,24
4969,915,4,965,151
4970,915,1,1315,52
4971,915,5,908,85
4972,915,8,626,139
4973,915,7,296,139
4974,915,3,645,0
4975,915,9,530,4
4976,915,2,1533,39
4977,915,6,1424,38
4978,916,2,1663,156
4979,916,9,1798,36
4980,916,6,1622,166
4981,916,5,379,33
4982,916,10,1401,58
4983,916,3,54,33
4984,916,8,373,112
4985,917,9,1379,195
4986,917,10,71,11
4987,917,5,681,150
4988,917,1,694,199
4989,917,3,85,6
4990,917,7,1672,134
4991,917,4,792,122
4992,918,5,213,165
4993,919,3,294,162
4994,919,5,463,10
4995,919,10,706,69
4996,919,1,1417,86
4997,919,4,989,180
4998,919,2,1598,146
4999,919,6,475,14
5000,919,9,871,145
5001,919,7,108,49
5002,919,8,1546,144
5003,920,4,260,135
5004,920,1,294,100
5005,920,8,1192,190
5006,921,3,513,134
5007,921,6,362,165
5008,921,2,1512,198
5009,921,8,919,14
5010,921,9,288,177
5011,921,1,422,62
5012,922,8,1034,109
5013,922,9,963,153
5014,922,5,699,163
5015,922,2,819,119
5016,922,10,1673,117
5017,922,4,895,82
5018,922,7,1218,180
5019,923,5,1142,26
5020,924,3,1131,69
5021,924,1,71,9
5022,924,7,1699,120
5023,924,10,1609,34
5024,924,6,292,9
5025,924,8,936,199
5026,924,4,764,196
5027,925,2,1354,184
5028,925,6,1487,190
5029,925,5,1791,15
5030,925,4,524,195
5031,926,6,1530,152
5032,927,10,279,69
5033,927,9,1614,9
5034,927,8,909,8
5035,927,1,283,28
5036,927,4,697,93
5037,927,7,1682,61
5038,927,2,1139,188
5039,927,6,1793,186
5040,927,3,415,7
5041,927,5,848,139
5042,928,10,1923,103
5043,928,6,143,40
5044,928,8,1386,175
5045,928,1,595,185
5046,928,2,1239,44
5047,928,9,141,113
5048,928,5,1968,32
5049,928,4,266,176
5050,929,4,76,67
5051,929,7,237,60
5052,929,5,858,170
5053,929,9,1530,141
5054,929,3,1432,111
5055,930,4,1547,185
5056,930,6,1639,117
5057,930,5,1476,35
5058,930,7,437,158
5059,930,10,265,128
5060,930,1,810,197
5061,930,8,280,50
5062,930,9,469,100
5063,930,3,1505,35
5064,931,3,1697,39
5065,932,6,1296,36
5066,932,10,1302,10
5067,933,4,1392,168
5068,933,7,1346,73
5069,933,2,952,9
5070,933,8,30,21
5071,934,10,1879,66
5072,934,1,1851,197
5073,934,2,689,21
5074,934,5,1116,114
5075,935,8,1905,165
5076,935,3,967,42
5077,935,5,1414,151
5078,935,6,1303,89
5079,935,2,1630,22
5080,936,8,1201,161
5081,936,5,1300,174
5082,936,1,771,97
5083,936,10,399,120
5084,936,2,1534,49
5085,936,7,71,65
5086,937,1,492,75
5087,937,2,251,49
5088,937,6,617,95
5089,937,3,215,150
5090,937,10,1338,135
5091,938,4,180,164
5092,939,2,600,177
5093,939,9,1828,59
5094,939,5,1808,122
5095,939,4,1281,183
5096,939,8,866,86
5097,939,3,799,106
5098,939,6,1279,186
5099,939,10,370,18
5100,940,1,657,104
5101,941,5,783,142
5102,942,3,275,104
5103,942,8,1769,183
5104,942,7,197,2
5105,942,6,445,81
5106,942,10,571,11
5107,943,5,594,54
5108,943,7,1744,66
5109,943,2,533,36
5110,943,10,1397,67
5111,943,9,1981,79
5112,943,4,671,102
5113,943,8,1664,10
5114,943,6,1561,75
5115,943,3,1096,174
5116,943,1,216,65
5117,944,9,1831,10
5118,944,3,175,174
5119,944,10,18,2
5120,944,8,586,193
5121,944,5,87,30
5122,944,7,1215,183
5123,945,10,560,104
5124,945,5,1801,71
5125,946,9,431,129
5126,946,7,1688,179
5127,946,1,1136,189
5128,946,8,465,96
5129,946,6,1136,147
5130,946,4,991,129
5131,947,10,1931,47
5132,947,6,734,81
5133,947,4,1277,115
5134,947,1,1053,171
5135,947,9,1841,152
5136,947,5,1790,93
5137,948,1,490,115
5138,948,3,956,36
5139,948,6,1780,51
5140,948,5,425,138
5141,949,1,1846,119
5142,949,7,1724,182
5143,950,2,608,120
5144,950,9,1722,156
5145,951,5,1490,135
5146,951,9,801,163
5147,951,3,253,123
5148,951,10,909,99
5149,951,4,621,154
5150,951,6,1873,172
5151,951,8,528,20
5152,952,6,899,118
5153,952,9,440,118
5154,953,4,995,131
5155,953,6,1100,141
5156,954,8,1387,42
5157,954,6,39,26
5158,954,9,842,181
5159,954,7,1065,116
5160,954,5,13,8
5161,954,2,179,147
5162,955,3,653,184
5163,955,5,1384,140
5164,955,2,1673,139
5165,955,9,208,155
5166,955,4,38,28
5167,955,7,1887,137
5168,955,8,480,85
5169,956,10,157,63
5170,956,5,566,122
5171,956,3,394,26
5172,956,7,1843,178
5173,956,8,1999,127
5174,957,6,82,38
5175,957,4,867,15
5176,957,7,800,156
5177,957,3,1117,113
5178,957,8,1523,180
5179,957,5,151,18
5180,957,9,1588,76
5181,958,6,455,73
5182,958,3,856,109
5183,958,2,1698,150
5184,959,7,663,14
5185,959,1,1297,67
5186,959,9,151,70
5187,959,2,946,113
5188,960,10,1741,65
5189,960,8,742,96
5190,961,7,988,79
5191,961,1,306,132
5192,961,2,1608,60
5193,961,5,1657,100
5194,961,4,1027,98
5195,961,3,758,74
5196,961,6,1611,197
5197,961,8,1265,66
5198,961,9,1753,124
5199,962,5,837,46
5200,962,1,312,45
5201,962,6,1612,78
5202,962,4,341,3
5203,962,3,290,186
5204,963,10,729,48
5205,963,4,412,77
5206,963,8,813,75
5207,963,5,268,63
5208,963,2,579,22
5209,963,1,1208,14
5210,963,3,255,56
5211,963,7,1514,123
5212,964,10,1538,1
5213,964,6,99,95
5214,964,3,1847,1
5215,964,9,26,19
5216,964,2,593,28
5217,964,5,436,15
5218,964,1,678,177
5219,965,7,828,156
5220,965,3,1557,40
5221,965,5,812,177
5222,965,6,1927,100
5223,965,2,250,200
5224,965,10,1537,137
5225,965,9,620,126
5226,965,8,545,158
5227,966,5,713,120
5228,966,3,820,69
5229,967,10,536,36
5230,967,6,1350,109
5231,967,3,1675,147
5232,967,7,787,88
5233,967,9,271,15
5234,967,1,960,88
5235,968,1,958,85
5236,968,9,730,22
5237,968,4,60,15
5238,968,3,1250,40
5239,968,2,1731,134
5240,969,5,899,75
5241,969,7,333,67
5242,969,8,1995,103
5243,969,4,1203,98
5244,969,9,335,53
5245,969,6,1707,88
5246,969,1,533,125
5247,969,3,471,98
5248,970,10,1786,121
5249,970,6,678,148
5250,970,8,1367,89
5251,970,5,649,101
5252,970,2,1087,21
5253,970,4,1367,15
5254,970,1,831,45
5255,970,7,676,18
5256,971,9,1124,24
5257,971,4,1047,105
5258,971,2,801,156
5259,972,2,1412,27
5260,973,6,1989,15
5261,973,9,197,135
5262,973,2,1468,35
5263,973,5,1296,130
5264,973,4,618,185
5265,973,3,116,24
5266,973,8,1071,91
5267,974,4,1023,95
5268,974,7,776,26
5269,974,6,696,156
5270,974,5,1044,185
5271,974,9,1320,68
5272,974,8,759,29
5273,974,3,615,74
5274,975,10,1140,143
5275,975,9,1414,28
5276,975,2,1574,195
5277,975,7,1361,104
5278,976,2,1621,186
5279,976,6,1521,51
5280,976,4,429,139
5281,977,7,535,151
5282,978,2,914,158
5283,978,9,529,6
5284,978,10,822,166
5285,979,10,1625,132
5286,979,7,718,49
5287,979,4,1,0
5288,979,8,1435,105
5289,979,1,1701,133
5290,980,5,1604,42
5291,980,3,1205,185
5292,980,10,1682,169
5293,980,9,687,105
5294,980,4,271,129
5295,980,6,907,79
5296,980,8,110,29
5297,980,2,394,50
5298,981,4,1452,0
5299,981,2,1733,29
5300,981,5,1369,96
5301,981,6,698,72
5302,981,10,247,29
5303,981,7,1102,93
5304,981,8,1860,180
5305,981,1,671,159
5306,981,3,939,22
5307,981,9,1862,162
5308,982,3,388,188
5309,982,10,199,128
5310,982,7,1339,64
5311,982,1,1203,43
5312,982,4,1304,113
5313,982,5,811,135
5314,982,6,935,108
5315,983,10,114,3
5316,983,8,1125,8
5317,983,4,236,132
5318,983,7,191,9
5319,983,9,1692,123
5320,983,1,611,152
5321,983,6,581,110
5322,983,5,11,5
5323,984,1,213,3
5324,984,7,436,178
5325,984,10,899,9
5326,984,5,1486,50
5327,984,3,1791,130
5328,984,6,1335,27
5329,984,9,1436,182
5330,984,8,1114,175
5331,985,9,1824,88
5332,985,10,1884,80
5333,985,1,425,120
5334,985,4,145,91
5335,985,5,1862,193
5336,985,2,200,136
5337,986,9,957,132
5338,986,10,1373,5
5339,986,2,1301,144
5340,986,3,690,136
5341,986,6,856,117
5342,987,9,172,148
5343,987,10,1813,152
5344,987,5,1482,111
5345,987,8,967,9
5346,987,7,1090,85
5347,987,3,1288,6
5348,987,6,1098,137
5349,987,4,632,6
5350,987,2,1125,138
5351,987,1,916,31
5352,988,7,1959,133
5353,988,10,1537,106
5354,988,3,35,16
5355,988,9,681,101
5356,989,2,721,25
5357,989,5,1960,178
5358,989,4,1797,129
5359,989,3,1492,38
5360,989,1,864,147
5361,989,10,849,121
5362,989,7,318,64
5363,989,9,1068,13
5364,990,7,924,157
5365,990,3,731,35
5366,991,7,125,95
5367,991,2,488,104
5368,991,3,928,123
5369,992,5,1418,153
5370,992,9,470,9
5371,992,8,478,162
5372,992,6,753,183
5373,992,10,1204,83
5374,993,8,1955,41
5375,993,9,1708,119
5376,993,4,1392,15
5377,993,3,385,122
5378,994,7,1430,20
5379,994,2,70,45
5380,994,8,931,163
5381,994,6,134,100
5382,994,10,1897,109
5383,994,5,911,150
5384,994,1,80,25
5385,994,4,657,35
5386,994,3,625,108
5387,994,9,811,190
5388,995,5,823,7
5389,995,7,1164,17
5390,996,4,309,13
5391,996,5,702,69
5392,996,2,1672,22
5393,996,9,230,22
5394,996,3,1363,144
5395,996,6,577,138
5396,996,1,1397,177
5397,996,8,1028,183
5398,996,7,728,155
5399,996,10,1422,12
5400,997,2,468,56
5401,997,10,1775,1
5402,997,6,1557,60
5403,997,7,1781,16
5404,997,9,1543,135
5405,997,8,955,52
5406,997,3,1595,106
5407,997,1,537,161
5408,997,4,578,30
5409,998,7,1377,182
5410,998,8,95,31
5411,998,1,193,21
5412,998,5,109,23
5413,998,6,661,181
5414,998,2,581,149
5415,998,4,1683,40
5416,999,10,566,48
5417,999,2,1436,110
5418,1000,1,233,191
5419,1000,4,1356,113
5420,1000,7,1164,176
5421,1000,9,581,173
5422,1000,5,851,161
5423,1000,10,479,145
5424,1000,8,637,78
5425,1000,2,390,91
5426,1001,10,187,72
5427,1001,6,189,109
5428,1001,5,405,155
5429,1001,4,984,26
5430,1002,8,1163,146
5431,1002,5,928,170
5432,1002,10,656,66
5433,1002,1,1353,73
5434,1002,7,756,157
5435,1003,5,1026,85
5436,1003,2,1439,138
5437,1003,6,165,162
5438,1003,9,1537,95
5439,1003,3,451,126
5440,1003,10,1962,36
5441,1003,7,482,13
5442,1003,8,819,53
5443,1003,1,779,122
5444,1003,4,1969,82
5445,1004,10,899,47
5446,1005,9,1461,73
5447,1005,4,1542,148
5448,1005,1,590,175
5449,1006,3,632,173
5450,1006,9,1875,90
5451,1006,4,1738,69
5452,1006,8,1072,196
5453,1006,7,423,89
5454,1006,10,105,53
5455,1006,6,308,85
5456,1006,1,1314,13
5457,1007,3,760,113
5458,1007,8,9,0
5459,1007,9,1816,0
5460,1008,9,785,139
5461,1008,1,147,63
5462,1008,3,844,135
5463,1008,7,1990,164
5464,1008,6,699,48
5465,1008,8,1888,34
5466,1008,4,929,183
5467,1008,5,333,115
5468,1008,2,1867,31
5469,1008,10,1152,160
5470,1009,5,1738,43
5471,1009,6,124,58
5472,1009,9,1051,29
5473,1009,1,1866,16
5474,1009,4,385,56
5475,1010,10,641,39
5476,1011,9,1379,34
5477,1011,2,1641,130
5478,1011,1,422,60
5479,1011,7,658,58
5480,1011,3,843,172
5481,1011,10,104,102
5482,1012,1,54,51
5483,1012,9,395,198
5484,1012,6,1489,69
5485,1012,5,698,99
5486,1013,6,1317,68
5487,1013,8,320,32
5488,1013,10,1010,61
5489,1013,9,208,39
5490,1013,5,1829,115
5491,1013,4,616,90
5492,1013,2,463,68
5493,1013,3,1635,42
5494,1014,4,1517,45
5495,1014,9,111,81
5496,1014,2,628,100
5497,1014,5,1396,142
5498,1014,10,1832,84
5499,1014,7,1025,84
5500,1014,6,108,13
5501,1014,3,190,161
5502,1015,8,923,47
5503,1015,2,273,84
5504,1015,5,1780,127
5505,1015,9,1826,46
5506,1015,1,1030,143
5507,1015,3,1267,186
5508,1015,7,417,147
5509,1016,10,581,70
5510,1016,6,1491,163
5511,1016,1,689,179
5512,1016,2,1216,146
5513,1016,5,1489,36
5514,1016,8,333,157
5515,1016,7,320,88
5516,1016,3,1653,47
5517,1016,4,1049,93
5518,1016,9,1847,55
5519,1017,5,844,98
5520,1017,7,710,183
5521,1017,2,542,49
5522,1018,10,1564,60
5523,1018,7,490,22
5524,1018,5,1390,5
5525,1018,9,461,117
5526,1019,8,1582,24
5527,1020,2,1332,46
5528,1020,6,1779,40
5529,1021,9,1055,102
5530,1021,3,1372,80
5531,1021,7,1021,47
5532,1021,6,376,114
5533,1021,10,1417,12
5534,1022,2,244,169
5535,1022,7,1419,183
5536,1022,3,596,78
5537,1022,8,577,2
5538,1022,1,402,48
5539,1023,5,583,93
5540,1023,6,1098,146
5541,1023,1,176,108
5542,1023,10,752,26
5543,1023,4,1986,74
5544,1023,7,185,79
5545,1023,9,1553,199
5546,1023,8,834,96
5547,1023,2,284,136
5548,1024,5,1592,43
5549,1024,4,1697,95
5550,1024,1,469,17
5551,1024,3,232,33
5552,1024,8,1355,118
5553,1025,9,767,169
5554,1026,6,1656,138
5555,1026,10,509,101
5556,1026,5,212,47
5557,1026,7,1232,12
5558,1027,6,275,110
5559,1027,1,630,194
5560,1027,7,1434,152
5561,1027,9,424,102
5562,1028,4,277,110
5563,1028,6,633,3
5564,1028,5,1490,120
5565,1028,8,866,31
5566,1028,1,14,8
5567,1029,2,1757,72
5568,1029,4,599,27
5569,1029,7,1970,129
5570,1029,10,1234,96
5571,1029,6,538,177
5572,1029,1,1345,46
5573,1029,5,479,69
5574,1029,3,1326,146
5575,1029,9,1527,54
5576,1030,2,839,77
5577,1030,10,290,84
5578,1030,5,300,86
5579,1030,8,760,163
5580,1030,9,205,60
5581,1030,3,1616,3
5582,1030,4,769,170
5583,1030,1,91,65
5584,1030,7,1548,126
5585,1030,6,331,16
5586,1031,9,1276,48
5587,1031,3,1788,80
5588,1031,6,1881,53
5589,1031,7,1612,146
5590,1031,2,578,6
5591,1031,10,93,0
5592,1031,8,149,101
5593,1031,4,192,174
5594,1031,1,1869,138
5595,1031,5,1271,194
5596,1032,5,642,2
5597,1032,4,675,106
5598,1033,1,12,0
5599,1033,6,447,170
5600,1033,10,93,25
5601,1033,4,923,183
5602,1034,2,504,150
5603,1034,4,1469,97
5604,1034,1,42,12
5605,1034,3,884,129
5606,1034,8,176,8
5607,1035,10,1537,22
5608,1035,3,1946,110
5609,1035,5,1137,174
5610,1035,9,676,172
5611,1035,1,52,4
5612,1035,7,497,166
5613,1036,4,1313,70
5614,1036,8,1812,178
5615,1036,5,850,98
5616,1036,7,361,82
5617,1037,6,217,188
5618,1038,8,1636,82
5619,1038,10,1648,64
5620,1038,6,1861,177
5621,1038,3,1150,58
5622,1038,4,163,12
5623,1039,5,1776,121
5624,1039,7,867,51
5625,1039,1,238,34
5626,1039,4,89,42
5627,1040,6,1518,73
5628,1040,8,1961,78
5629,1040,10,1381,185
5630,1040,2,1100,96
5631,1040,9,1459,17
5632,1040,4,935,92
5633,1040,7,1862,119
5634,1040,3,1057,59
5635,1040,5,466,18
5636,1040,1,173,133
5637,1041,9,901,196
5638,1041,8,1393,67
5639,1041,4,1495,51
5640,1041,10,343,124
5641,1041,3,811,16
5642,1041,2,872,124
5643,1041,6,1145,102
5644,1042,6,1474,38
5645,1042,9,1470,61
5646,1042,4,1292,199
5647,1042,8,387,173
5648,1043,7,598,68
5649,1043,6,242,170
5650,1043,5,627,166
5651,1043,1,581,143
5652,1043,9,870,173
5653,1043,3,856,152
5654,1043,8,949,170
5655,1043,10,564,188
5656,1044,3,252,14
5657,1044,9,1939,145
5658,1044,1,1926,108
5659,1044,10,751,51
5660,1044,5,619,66
5661,1045,5,1032,113
5662,1045,9,1298,154
5663,1045,6,1405,103
5664,1045,7,1942,11
5665,1045,4,1795,153
5666,1045,8,1415,70
5667,1045,2,1843,134
5668,1046,3,1364,154
5669,1046,6,1214,192
5670,1046,9,596,170
5671,1046,4,377,71
5672,1046,2,336,66
5673,1046,8,1877,13
5674,1046,7,59,43
5675,1046,1,399,9
5676,1046,5,139,42
5677,1047,1,1717,187
5678,1047,8,460,15
5679,1048,5,1554,152
5680,1049,5,335,98
5681,1049,10,1303,50
5682,1049,9,1079,2
5683,1049,7,1666,150
5684,1049,2,1540,167
5685,1049,6,196,59
5686,1049,1,1679,15
5687,1049,4,976,83
5688,1049,3,1643,44
5689,1049,8,179,115
5690,1050,1,1469,185
5691,1051,7,1898,55
5692,1051,6,250,169
5693,1051,4,7,0
5694,1052,10,607,185
5695,1052,9,272,29
5696,1052,1,885,118
5697,1053,8,1840,85
5698,1054,5,532,100
5699,1054,9,664,134
5700,1054,3,111,83
5701,1054,7,1839,143
5702,1055,9,1025,83
5703,1056,1,1106,28
5704,1056,3,1125,190
5705,1056,5,501,109
5706,1056,7,792,35
5707,1056,8,1975,39
5708,1056,6,1735,73
5709,1056,10,847,139
5710,1056,4,1955,183
5711,1056,2,1814,178
5712,1057,8,1294,20
5713,1057,3,1057,76
5714,1057,9,953,174
5715,1057,7,1731,4
5716,1057,4,217,85
5717,1058,1,1038,103
5718,1058,9,409,106
5719,1058,2,1491,183
5720,1058,6,97,36
5721,1059,8,1729,67
5722,1059,7,191,129
5723,1059,9,1177,200
5724,1059,10,532,126
5725,1059,1,1234,2
5726,1059,5,992,102
5727,1059,3,706,31
5728,1059,2,881,192
5729,1060,10,30,4
5730,1061,5,472,8
5731,1061,3,1510,156
5732,1061,6,1248,58
5733,1062,7,92,36
5734,1063,9,314,121
5735,1063,1,166,139
5736,1063,4,1230,13
5737,1063,6,1012,109
5738,1063,10,267,15
5739,1063,5,1723,64
5740,1064,5,1505,45
5741,1064,1,1657,177
5742,1064,7,991,86
5743,1064,3,1984,135
5744,1064,8,371,122
5745,1064,9,1473,81
5746,1064,4,1550,119
5747,1064,10,1897,103
5748,1065,5,688,144
5749,1065,7,918,178
5750,1065,6,1663,194
5751,1065,1,50,46
5752,1065,10,1562,145
5753,1065,3,535,46
5754,1065,4,241,177
5755,1065,8,1999,23
5756,1065,2,1336,124
5757,1065,9,125,102
5758,1066,2,1290,101
5759,1066,3,928,163
5760,1066,6,1174,98
5761,1066,1,1125,165
5762,1066,8,1563,180
5763,1067,7,1611,88
5764,1067,6,1445,188
5765,1067,4,1215,112
5766,1067,3,1799,33
5767,1067,9,933,145
5768,1067,5,759,190
5769,1068,8,1114,11
5770,1068,5,36,3
5771,1068,6,1655,39
5772,1069,1,1207,94
5773,1069,8,1001,47
5774,1069,2,193,77
5775,1069,6,1039,164
5776,1070,5,987,113
5777,1070,6,1157,55
5778,1070,4,1951,62
5779,1071,6,1641,117
5780,1071,7,65,43
5781,1071,2,1404,53
5782,1071,10,1750,34
5783,1071,9,933,192
5784,1072,3,817,168
5785,1072,5,212,138
5786,1072,8,108,85
5787,1072,7,308,143
5788,1073,8,1309,3
5789,1073,5,842,191
5790,1074,5,512,44
5791,1074,9,577,172
5792,1074,7,1130,48
5793,1074,1,1415,61
5794,1074,3,1579,39
5795,1074,10,489,68
5796,1074,6,784,33
5797,1075,3,55,6
5798,1075,7,1563,148
5799,1075,8,929,193
5800,1076,4,1440,1
5801,1076,3,1045,67
5802,1076,2,1513,67
5803,1076,10,1488,178
5804,1076,6,1868,112
5805,1076,1,342,103
5806,1076,9,1281,84
5807,1076,7,1123,22
5808,1077,10,976,176
5809,1077,3,1201,48
5810,1078,10,865,12
5811,1079,10,1663,44
5812,1080,5,254,51
5813,1080,10,1849,31
5814,1080,2,1832,157
5815,1080,9,1460,197
5816,1080,4,1012,121
5817,1081,2,24,6
5818,1081,1,154,131
5819,1081,7,760,181
5820,1081,10,709,25
5821,1081,6,1922,132
5822,1081,3,1157,119
5823,1081,9,861,47
5824,1081,5,47,22
5825,1082,10,1633,57
5826,1082,1,1024,72
5827,1082,4,1530,111
5828,1082,7,1551,164
5829,1082,2,1757,134
5830,1082,8,1324,195
5831,1082,3,1862,97
5832,1082,6,1199,151
5833,1083,10,1040,179
5834,1083,6,1294,113
5835,1083,4,1055,15
5836,1083,7,1046,153
5837,1083,3,689,67
5838,1083,8,144,121
5839,1083,5,578,134
5840,1084,6,465,69
5841,1084,8,814,163
5842,1084,2,617,179
5843,1084,1,114,71
5844,1084,10,1463,133
5845,1085,7,1044,184
5846,1085,6,901,131
5847,1086,7,303,164
5848,1086,3,1631,42
5849,1086,2,190,75
5850,1086,9,568,0
5851,1086,8,750,3
5852,1086,6,1227,173
5853,1087,7,1473,103
5854,1087,2,1134,195
5855,1087,4,1720,171
5856,1088,5,1844,84
5857,1088,7,1558,23
5858,1088,2,1118,0
5859,1088,1,223,131
5860,1088,9,1475,52
5861,1088,4,1626,183
5862,1088,10,1918,91
5863,1088,6,1150,114
5864,1088,3,1779,164
5865,1089,10,1476,174
5866,1089,6,539,25
5867,1089,4,911,90
5868,1090,10,580,17
5869,1090,7,1051,112
5870,1090,2,245,199
5871,1090,6,1116,89
5872,1090,3,1134,152
5873,1090,1,1609,86
5874,1090,4,41,21
5875,1091,1,220,114
5876,1091,7,1796,64
5877,1091,6,491,77
5878,1091,3,1464,125
5879,1091,10,336,66
5880,1091,9,241,51
5881,1092,5,1174,188
5882,1092,7,1083,165
5883,1092,2,48,25
5884,1092,8,323,163
5885,1092,4,560,29
5886,1092,3,1059,137
5887,1092,10,1991,128
5888,1092,6,1599,117
5889,1093,7,928,173
5890,1093,8,690,185
5891,1094,5,1504,16
5892,1094,6,1308,122
5893,1094,2,1729,198
5894,1094,10,746,92
5895,1094,7,876,195
5896,1094,9,1029,55
5897,1094,4,1484,166
5898,1095,5,846,21
5899,1095,7,598,82
5900,1095,3,1883,28
5901,1095,2,488,166
5902,1095,1,1436,51
5903,1095,4,843,158
5904,1095,9,1271,1
5905,1096,3,10,7
5906,1096,7,239,48
5907,1096,4,355,166
5908,1096,1,1131,147
5909,1096,5,889,154
5910,1096,9,1207,33
5911,1097,2,229,120
5912,1097,3,1550,164
5913,1097,8,26,4
5914,1097,6,893,12
5915,1097,9,1973,28
5916,1097,4,197,83
5917,1097,5,1673,107
5918,1097,10,1549,68
5919,1098,10,1790,169
5920,1098,1,1676,173
5921,1098,4,213,4
5922,1098,2,1194,131
5923,1098,3,570,68
5924,1098,5,1378,93
5925,1098,6,282,134
5926,1098,9,8,7
5927,1098,8,1632,185
5928,1099,1,1896,87
5929,1099,10,1202,45
5930,1099,4,582,28
5931,1099,8,1107,96
5932,1099,2,1794,68
5933,1099,9,1200,38
5934,1099,6,79,45
5935,1100,8,549,189
5936,1100,5,1456,131
5937,1100,2,1899,108
5938,1100,1,283,33
5939,1100,6,557,67
5940,1100,7,548,145
5941,1100,10,1439,107
5942,1101,10,1884,55
5943,1101,1,1747,183
5944,1101,4,1713,125
5945,1102,9,1903,141
5946,1103,8,1236,101
5947,1103,7,1656,183
5948,1103,5,1540,152
5949,1103,1,1083,144
5950,1103,4,1153,49
5951,1103,2,1816,190
5952,1103,3,1316,135
5953,1103,9,1394,94
5954,1103,6,1139,76
5955,1104,10,1391,46
5956,1104,1,1875,140
5957,1104,6,1025,197
5958,1104,4,460,26
5959,1104,9,841,94
5960,1104,7,1584,56
5961,1104,2,959,11
5962,1104,3,1407,183
5963,1104,8,1305,2
5964,1104,5,261,63
5965,1105,9,44,31
5966,1105,8,1321,57
5967,1105,7,724,147
5968,1105,1,582,102
5969,1105,5,1828,105
5970,1105,10,1173,61
5971,1105,2,1230,118
5972,1105,3,983,10
5973,1105,6,198,109
5974,1105,4,629,160
5975,1106,1,896,80
5976,1106,6,1644,60
5977,1106,8,244,152
5978,1106,9,1274,43
5979,1106,5,1076,190
5980,1106,4,1589,166
5981,1106,7,416,59
5982,1106,10,267,31
5983,1107,5,207,168
5984,1107,4,74,15
5985,1107,9,547,105
5986,1108,3,1538,164
5987,1108,6,317,132
5988,1108,4,849,195
5989,1109,10,219,96
5990,1109,5,1187,115
5991,1109,4,1930,88
5992,1109,1,1369,159
5993,1109,9,1007,46
5994,1109,3,648,19
5995,1110,9,909,137
5996,1110,7,231,186
5997,1111,4,1223,171
5998,1111,7,1903,8
5999,1111,10,1324,198
6000,1111,5,307,43
6001,1111,1,871,95
6002,1111,6,762,177
6003,1111,3,859,52
6004,1112,10,1366,125
6005,1112,9,1146,40
6006,1112,4,1689,200
6007,1112,5,1356,146
6008,1113,8,182,109
6009,1113,2,999,163
6010,1113,3,1824,130
6011,1113,1,619,54
6012,1113,10,500,78
6013,1113,4,1938,19
6014,1113,5,1867,128
6015,1113,7,138,19
6016,1113,9,1715,24
6017,1114,4,46,40
6018,1114,6,517,84
6019,1114,3,513,60
6020,1115,6,1095,107
6021,1115,4,1689,102
6022,1115,9,1722,46
6023,1115,10,685,88
6024,1115,5,1595,14
6025,1116,4,1732,192
6026,1116,1,1787,103
6027,1117,2,1264,95
6028,1117,6,815,19
6029,1117,3,1710,124
6030,1117,9,1500,58
6031,1117,5,1101,87
6032,1117,7,1466,163
6033,1117,4,243,106
6034,1117,8,166,124
6035,1117,1,1890,22
6036,1117,10,1269,85
6037,1118,10,1904,65
6038,1118,4,1823,165
6039,1118,3,1358,72
6040,1118,5,142,44
6041,1118,9,584,185
6042,1118,7,902,163
6043,1118,1,1694,200
6044,1118,6,1202,44
6045,1119,10,1904,159
6046,1119,2,761,194
6047,1119,5,1730,161
6048,1119,8,935,133
6049,1119,6,200,31
6050,1119,1,107,47
6051,1119,3,1033,191
6052,1119,9,923,119
6053,1120,6,435,81
6054,1120,8,761,111
6055,1120,1,1547,40
6056,1120,9,1052,145
6057,1120,2,1482,50
6058,1120,3,1675,180
6059,1120,4,1443,33
6060,1120,5,1803,95
6061,1120,10,570,13
6062,1121,10,289,154
6063,1121,3,359,119
6064,1121,4,1047,1
6065,1122,10,1160,5
6066,1122,3,548,137
6067,1122,1,685,190
6068,1123,2,264,77
6069,1123,4,1284,157
6070,1123,5,1364,163
6071,1123,6,1520,174
6072,1123,8,24,1
6073,1124,3,1763,142
6074,1124,1,285,151
6075,1125,1,580,92
6076,1125,7,511,11
6077,1126,3,1315,156
6078,1126,9,1882,119
6079,1126,4,1581,181
6080,1127,10,1088,190
6081,1127,7,343,79
6082,1127,6,875,27
6083,1127,8,1087,49
6084,1127,5,125,8
6085,1127,3,744,89
6086,1127,4,1145,48
6087,1127,9,921,64
6088,1128,10,464,4
6089,1128,1,1176,35
6090,1128,8,1385,12
6091,1128,5,1594,134
6092,1128,7,1261,184
6093,1128,9,96,82
6094,1128,4,997,163
6095,1128,3,87,87
6096,1128,2,1751,76
6097,1128,6,713,109
6098,1129,6,1933,139
6099,1129,7,611,186
6100,1129,2,1871,180
6101,1129,5,1998,1
6102,1129,8,1021,78
6103,1129,10,949,124
6104,1129,4,171,165
6105,1129,3,1344,161
6106,1129,1,937,131
6107,1130,9,727,15
6108,1131,5,1266,142
6109,1131,2,884,74
6110,1131,8,1156,178
6111,1131,9,282,197
6112,1131,4,727,14
6113,1131,6,1675,180
6114,1131,10,1687,151
6115,1132,4,151,120
6116,1132,1,425,33
6117,1132,9,134,42
6118,1132,5,97,82
6119,1133,9,1113,45
6120,1133,5,1743,188
6121,1133,3,118,106
6122,1133,7,45,1
6123,1134,1,1230,47
6124,1134,10,204,152
6125,1134,5,1992,7
6126,1134,9,710,10
6127,1134,3,1980,111
6128,1134,6,1711,91
6129,1134,4,1191,160
6130,1134,8,1022,53
6131,1134,2,752,177
6132,1135,8,1875,20
6133,1135,3,1210,56
6134,1135,6,606,100
6135,1135,2,1184,170
6136,1135,5,352,125
6137,1136,1,1592,105
6138,1136,7,399,102
6139,1136,2,255,193
6140,1136,9,724,102
6141,1136,4,1448,111
6142,1136,10,431,140
6143,1137,9,63,12
6144,1137,2,1119,141
6145,1137,4,1801,164
6146,1137,5,1293,23
6147,1137,6,1068,138
6148,1137,1,768,40
6149,1137,8,317,0
6150,1137,3,1094,33
6151,1137,7,764,102
6152,1137,10,1146,15
6153,1138,6,1758,24
6154,1138,9,1297,39
6155,1138,5,521,28
6156,1138,2,1890,109
6157,1139,1,1732,22
6158,1139,8,396,159
6159,1139,9,640,51
6160,1139,2,1263,94
6161,1139,5,1431,130
6162,1139,6,452,149
6163,1139,4,725,11
6164,1139,3,1273,169
6165,1140,7,1996,155
6166,1140,8,1761,67
6167,1140,5,1538,183
6168,1140,2,1987,23
6169,1140,3,957,65
6170,1140,1,912,83
6171,1140,9,1639,161
6172,1140,6,1616,82
6173,1140,10,1783,39
6174,1141,5,1077,19
6175,1141,4,40,39
6176,1141,7,381,138
6177,1141,6,982,64
6178,1141,10,1766,20
6179,1142,9,1645,153
6180,1142,4,1181,159
6181,1142,3,769,145
6182,1142,2,98,6
6183,1142,7,478,111
6184,1142,5,1276,165
6185,1142,8,1499,66
6186,1143,8,671,48
6187,1143,10,1537,44
6188,1143,7,891,38
6189,1143,1,794,64
6190,1143,5,1542,176
6191,1143,4,1759,176
6192,1143,9,1380,36
6193,1143,2,760,36
6194,1143,3,1883,129
6195,1143,6,1883,30
6196,1144,1,1822,46
6197,1144,8,1422,15
6198,1144,5,891,38
6199,1144,4,1404,116
6200,1144,10,108,69
6201,1144,3,1954,146
6202,1144,9,1731,83
6203,1145,1,1523,124
6204,1145,10,1306,24
6205,1145,7,1751,124
6206,1145,3,1565,127
6207,1145,6,1607,190
6208,1145,2,1684,140
6209,1145,8,645,158
6210,1146,10,508,105
6211,1146,1,1381,139
6212,1146,8,1070,82
6213,1147,9,1887,149
6214,1147,2,501,106
6215,1147,1,1481,25
6216,1147,6,39,16
6217,1147,10,309,144
6218,1147,5,1930,0
6219,1147,3,1908,9
6220,1147,7,1203,180
6221,1148,5,1214,91
6222,1148,4,1315,168
6223,1148,7,26,8
6224,1148,10,1495,41
6225,1148,2,114,18
6226,1149,9,221,42
6227,1149,1,152,53
6228,1149,5,522,136
6229,1149,10,1577,52
6230,1149,2,311,14
6231,1149,6,1144,72
6232,1150,4,1943,199
6233,1150,7,1985,8
6234,1150,8,425,193
6235,1150,9,1143,11
6236,1150,5,803,86
6237,1150,10,1368,2
6238,1150,2,510,164
6239,1151,10,1646,117
6240,1151,6,741,85
6241,1151,9,1649,178
6242,1151,1,56,19
6243,1151,3,1434,106
6244,1151,8,1745,6
6245,1152,7,1412,183
6246,1153,5,44,6
6247,1153,9,619,36
6248,1153,3,1328,154
6249,1154,6,74,35
6250,1154,5,1663,0
6251,1154,3,1840,168
6252,1154,8,427,172
6253,1155,8,796,60
6254,1156,1,1403,16
6255,1157,1,350,91
6256,1157,10,1173,0
6257,1158,3,312,80
6258,1159,8,1955,143
6259,1159,6,121,106
6260,1159,10,1637,83
6261,1159,7,820,65
6262,1159,2,366,17
6263,1159,1,1266,191
6264,1159,5,1101,170
6265,1159,3,1388,100
6266,1160,7,162,10
6267,1160,8,549,53
6268,1160,5,1664,136
6269,1160,10,1597,102
6270,1160,2,364,183
6271,1160,9,1342,102
6272,1160,1,251,105
6273,1161,3,966,91
6274,1161,4,462,18
6275,1162,4,689,73
6276,1162,1,1036,78
6277,1163,9,1056,66
6278,1163,6,788,186
6279,1163,10,1648,88
6280,1163,2,841,173
6281,1163,1,1213,48
6282,1163,3,1039,132
6283,1163,7,333,150
6284,1163,8,1823,98
6285,1164,3,1024,160
6286,1165,9,106,77
6287,1165,4,1905,127
6288,1165,1,342,73
6289,1165,10,1811,93
6290,1165,6,1980,19
6291,1166,9,338,36
6292,1166,8,307,100
6293,1167,8,862,26
6294,1167,7,1920,36
6295,1167,3,1049,180
6296,1167,9,1724,66
6297,1167,1,1882,78
6298,1168,4,891,103
6299,1168,5,713,161
6300,1168,6,1191,124
6301,1168,8,1695,198
6302,1168,9,233,90
6303,1168,2,903,49
6304,1168,1,1517,49
6305,1168,7,1243,142
6306,1168,10,1119,139
6307,1168,3,1433,84
6308,1169,6,433,32
6309,1169,7,1883,57
6310,1169,3,284,114
6311,1169,2,820,149
6312,1169,1,1465,58
6313,1169,10,1494,189
6314,1169,4,917,46
6315,1169,8,1737,96
6316,1169,5,411,105
6317,1169,9,919,81
6318,1170,4,452,95
6319,1170,7,862,82
6320,1170,8,995,92
6321,1170,2,985,100
6322,1170,10,560,54
6323,1170,9,1454,111
6324,1170,5,447,63
6325,1170,3,1067,20
6326,1170,6,480,146
6327,1170,1,408,108
6328,1171,6,1309,20
6329,1171,7,1514,167
6330,1171,2,53,51
6331,1171,5,1731,65
6332,1171,8,562,83
6333,1171,1,376,144
6334,1171,9,1965,68
6335,1172,10,1549,11
6336,1172,6,471,181
6337,1172,7,1588,24
6338,1172,8,1087,88
6339,1172,9,478,7
6340,1172,3,780,59
6341,1172,2,1139,61
6342,1172,5,945,60
6343,1172,1,549,59
6344,1173,9,1953,48
6345,1174,6,1268,78
6346,1174,8,236,68
6347,1174,9,853,131
6348,1174,3,1839,20
6349,1174,4,695,135
6350,1174,5,5,2
6351,1174,2,1165,113
6352,1174,7,1807,47
6353,1174,1,1201,104
6354,1175,3,95,6
6355,1175,10,401,140
6356,1175,6,1783,152
6357,1175,1,1953,155
6358,1175,2,1292,40
6359,1175,5,671,125
6360,1175,8,196,22
6361,1175,7,1200,39
6362,1176,4,458,9
6363,1176,2,1166,186
6364,1176,5,1124,114
6365,1176,10,215,190
6366,1177,9,995,14
6367,1177,6,225,18
6368,1178,5,1378,40
6369,1178,2,1047,1
6370,1179,1,1415,23
6371,1180,10,1358,74
6372,1180,3,1255,58
6373,1180,5,1637,26
6374,1180,7,1975,32
6375,1180,8,862,63
6376,1180,2,858,53
6377,1181,8,744,83
6378,1181,2,625,139
6379,1181,5,1723,142
6380,1182,8,1805,89
6381,1182,6,1649,166
6382,1182,9,1647,191
6383,1182,5,752,141
6384,1182,7,1749,57
6385,1183,2,1719,72
6386,1183,4,1036,37
6387,1183,10,547,18
6388,1183,5,1431,123
6389,1183,3,265,116
6390,1183,9,1154,142
6391,1183,6,1654,5
6392,1183,1,1198,24
6393,1184,1,851,118
6394,1184,10,621,88
6395,1184,5,1765,39
6396,1184,6,1634,64
6397,1184,7,1084,36
6398,1184,3,26,20
6399,1184,4,881,52
6400,1184,9,1816,189
6401,1184,2,1695,157
6402,1184,8,1118,132
6403,1185,1,793,177
6404,1186,8,1676,47
6405,1186,5,249,102
6406,1186,2,1212,114
6407,1186,7,1803,71
6408,1186,10,835,45
6409,1186,3,513,193
6410,1186,4,1226,145
6411,1187,2,818,42
6412,1187,7,763,6
6413,1187,6,1280,28
6414,1187,1,1237,166
6415,1187,8,637,124
6416,1188,9,1069,153
6417,1188,8,878,38
6418,1188,2,1845,25
6419,1188,6,963,11
6420,1188,7,1392,49
6421,1188,3,1088,156
6422,1188,1,1831,118
6423,1189,2,1860,18
6424,1189,9,958,119
6425,1189,6,1335,102
6426,1189,5,819,90
6427,1189,1,865,14
6428,1189,10,1299,33
6429,1189,8,1047,52
6430,1189,4,740,196
6431,1190,3,1591,55
6432,1190,1,946,134
6433,1190,7,107,107
6434,1190,8,589,65
6435,1190,10,450,14
6436,1190,6,1315,8
6437,1191,4,321,158
6438,1191,5,0,0
6439,1191,6,1573,150
6440,1191,1,70,56
6441,1191,2,796,90
6442,1192,3,1605,183
6443,1192,2,1558,129
6444,1192,7,150,36
6445,1192,8,1421,194
6446,1192,1,528,64
6447,1192,6,335,151
6448,1193,8,23,6
6449,1193,9,634,174
6450,1193,4,1158,33
6451,1194,1,1109,1
6452,1194,3,1227,178
6453,1194,5,269,116
6454,1194,2,1210,78
6455,1194,6,492,20
6456,1194,4,287,72
6457,1194,7,1351,158
6458,1195,4,376,187
6459,1195,8,972,59
6460,1195,9,978,35
6461,1195,10,1329,180
6462,1195,3,1570,25
6463,1195,7,1464,6
6464,1196,1,1467,128
6465,1196,8,185,15
6466,1196,9,28,18
6467,1196,2,339,56
6468,1196,6,925,141
6469,1197,6,1651,105
6470,1197,8,47,45
6471,1197,5,1070,4
6472,1198,9,172,130
6473,1198,2,1656,105
6474,1199,2,1227,39
6475,1199,7,1286,141
6476,1199,6,491,186
6477,1199,3,864,175
6478,1199,4,706,191
6479,1199,1,1268,51
6480,1199,9,1243,5
6481,1199,8,1213,148
6482,1199,5,157,99
6483,1199,10,428,127
6484,1200,6,1459,121
6485,1200,5,636,78
6486,1201,5,1538,160
6487,1201,3,1030,139
6488,1201,8,909,174
6489,1202,7,785,134
6490,1202,3,257,143
6491,1202,1,518,46
6492,1202,5,992,113
6493,1202,4,1935,131
6494,1202,2,273,15
6495,1202,6,14,4
6496,1202,8,1489,96
6497,1202,9,777,73
6498,1203,7,1250,101
6499,1203,9,161,138
6500,1203,10,541,180
6501,1203,5,1530,193
6502,1203,8,1207,138
6503,1204,7,1617,43
6504,1204,5,1831,3
6505,1205,1,871,197
6506,1205,5,1897,168
6507,1205,7,1091,156
6508,1205,3,899,16
6509,1205,2,667,94
6510,1205,8,1302,89
6511,1205,6,781,139
6512,1206,1,1143,83
6513,1206,7,355,162
6514,1206,2,1083,90
6515,1207,1,1092,148
6516,1207,10,257,169
6517,1207,2,457,32
6518,1207,3,117,38
6519,1207,8,1645,13
6520,1208,1,444,138
6521,1208,6,1953,20
6522,1208,2,281,132
6523,1208,7,662,147
6524,1208,4,968,106
6525,1208,5,1453,72
6526,1208,10,720,136
6527,1208,3,1489,187
6528,1208,9,676,56
6529,1209,6,313,176
6530,1209,1,1305,120
6531,1209,4,1337,194
6532,1209,9,1285,185
6533,1209,7,1824,131
6534,1210,3,1719,105
6535,1210,8,1468,62
6536,1210,1,141,9
6537,1210,6,1081,144
6538,1210,7,1552,109
6539,1211,4,1052,177
6540,1211,3,675,2
6541,1211,8,1772,44
6542,1211,2,372,67
6543,1211,1,599,155
6544,1211,5,1903,178
6545,1212,4,727,140
6546,1212,3,1585,125
6547,1212,5,1591,186
6548,1212,9,317,135
6549,1213,2,364,109
6550,1213,7,1773,192
6551,1213,9,490,157
6552,1213,8,922,186
6553,1213,10,679,69
6554,1213,1,730,18
6555,1213,4,1572,54
6556,1213,5,853,184
6557,1214,4,354,64
6558,1214,1,1851,4
6559,1214,7,467,8
6560,1214,2,1877,184
6561,1214,3,1842,150
6562,1214,9,1608,18
6563,1214,8,1970,14
6564,1215,1,972,121
6565,1215,2,1475,20
6566,1215,10,1676,5
6567,1215,8,819,119
6568,1216,2,1364,79
6569,1216,7,761,72
6570,1216,5,1757,198
6571,1216,1,441,157
6572,1216,8,1569,181
6573,1216,4,955,117
6574,1216,3,151,4
6575,1216,6,861,153
6576,1216,9,1657,127
6577,1217,7,796,84
6578,1217,6,315,33
6579,1217,3,675,192
6580,1217,4,1250,19
6581,1218,3,632,197
6582,1218,10,624,20
6583,1218,8,1463,91
6584,1218,5,582,43
6585,1218,6,1848,190
6586,1218,9,1953,28
6587,1219,5,378,178
6588,1219,2,729,168
6589,1219,6,1373,119
6590,1219,10,1908,136
6591,1219,4,683,76
6592,1219,9,975,163
6593,1219,7,277,119
6594,1219,8,1379,108
6595,1220,8,776,183
6596,1220,1,523,155
6597,1220,5,534,91
6598,1220,4,1384,175
6599,1220,6,1542,100
6600,1220,7,63,59
6601,1220,9,1604,10
6602,1220,2,564,114
6603,1220,10,1804,109
6604,1220,3,1514,186
6605,1221,8,480,183
6606,1222,3,612,56
6607,1222,1,911,31
6608,1222,5,291,43
6609,1222,7,1101,93
6610,1222,8,1537,11
6611,1222,9,814,47
6612,1222,4,45,3
6613,1222,10,1954,42
6614,1222,6,843,172
6615,1223,8,1269,30
6616,1223,2,739,98
6617,1224,1,1880,14
6618,1224,6,678,166
6619,1225,10,1977,164
6620,1226,10,1780,74
6621,1226,8,145,70
6622,1226,1,15,13
6623,1226,3,968,183
6624,1226,6,62,33
6625,1227,9,896,144
6626,1227,10,387,198
6627,1227,6,164,136
6628,1228,1,1038,121
6629,1228,10,59,42
6630,1228,2,540,107
6631,1228,4,1639,54
6632,1228,9,340,121
6633,1228,7,262,16
6634,1228,5,1440,160
6635,1228,6,1,0
6636,1228,8,2000,87
6637,1229,8,1976,76
6638,1229,10,157,110
6639,1229,9,1638,45
6640,1229,2,1326,75
6641,1229,5,36,31
6642,1229,1,878,105
6643,1229,7,1119,23
6644,1229,4,904,49
6645,1229,6,1285,72
6646,1230,10,575,59
6647,1230,8,1905,166
6648,1230,9,564,122
6649,1230,5,574,159
6650,1230,2,367,106
6651,1230,1,378,59
6652,1230,7,7,0
6653,1230,4,1625,136
6654,1230,6,645,24
6655,1231,2,1885,35
6656,1231,9,1967,27
6657,1231,10,170,63
6658,1231,8,1444,181
6659,1231,3,425,175
6660,1231,1,385,91
6661,1231,5,990,131
6662,1232,8,168,123
6663,1232,4,470,124
6664,1233,9,1892,74
6665,1233,3,621,167
6666,1233,1,18,2
6667,1233,8,1309,200
6668,1234,5,1488,184
6669,1234,6,480,83
6670,1234,1,610,82
6671,1234,4,1174,33
6672,1234,10,163,50
6673,1234,2,920,73
6674,1234,8,1525,114
6675,1234,3,1783,120
6676,1235,4,1518,191
6677,1236,8,316,192
6678,1236,6,55,33
6679,1236,2,1054,63
6680,1236,5,1407,107
6681,1236,4,1419,151
6682,1236,1,1633,82
6683,1236,7,820,196
6684,1237,1,1576,11
6685,1237,4,636,166
6686,1237,8,608,113
6687,1237,3,715,83
6688,1237,9,1474,157
6689,1237,7,1553,115
6690,1237,10,959,198
6691,1237,6,226,167
6692,1238,2,995,170
6693,1238,3,1256,187
6694,1238,8,1499,188
6695,1238,5,1651,152
6696,1238,6,267,0
6697,1238,7,1916,131
6698,1238,1,194,49
6699,1238,9,1668,99
6700,1238,10,1596,149
6701,1239,7,758,176
6702,1239,2,533,4
6703,1239,6,930,141
6704,1240,6,436,134
6705,1240,1,1246,50
6706,1240,7,1304,156
6707,1240,4,76,48
6708,1240,9,1313,160
6709,1240,10,1208,46
6710,1240,2,1685,17
6711,1240,3,245,9
6712,1240,5,215,4
6713,1240,8,1545,182
6714,1241,7,1053,116
6715,1241,1,1751,29
6716,1241,4,671,22
6717,1241,2,1179,149
6718,1241,6,564,143
6719,1241,8,1210,91
6720,1242,5,332,67
6721,1242,9,1003,108
6722,1243,4,883,15
6723,1243,8,1217,67
6724,1243,3,1440,117
6725,1243,5,1448,38
6726,1243,1,1596,99
6727,1243,7,301,174
6728,1243,10,852,174
6729,1243,2,1662,120
6730,1244,6,1640,95
6731,1245,3,1308,174
6732,1245,4,630,62
6733,1245,8,723,195
6734,1245,9,1060,57
6735,1245,1,1529,129
6736,1245,2,539,146
6737,1245,5,52,37
6738,1245,10,1888,113
6739,1245,7,20,10
6740,1245,6,1408,176
6741,1246,2,97,48
6742,1246,10,815,29
6743,1246,4,1020,160
6744,1246,1,762,8
6745,1246,5,403,189
6746,1247,3,1076,132
6747,1247,10,1035,196
6748,1247,7,8,1
6749,1247,8,826,112
6750,1247,6,47,5
6751,1248,8,1272,76
6752,1248,10,1541,75
6753,1248,9,1644,130
6754,1248,6,1119,99
6755,1248,7,419,87
6756,1249,7,1780,136
6757,1249,1,1730,145
6758,1249,9,634,195
6759,1249,8,224,24
6760,1250,5,630,66
6761,1250,8,72,51
6762,1250,3,1212,17
6763,1250,4,1174,109
6764,1250,2,1394,185
6765,1251,1,1299,116
6766,1252,9,1446,178
6767,1252,2,1044,121
6768,1253,2,328,68
6769,1253,6,184,7
6770,1253,8,717,131
6771,1253,3,565,26
6772,1253,9,378,114
6773,1253,10,91,9
6774,1254,5,647,30
6775,1254,10,1327,96
6776,1254,4,687,155
6777,1254,9,1555,164
6778,1254,6,934,100
6779,1254,7,2000,34
6780,1255,9,1710,119
6781,1255,3,1397,10
6782,1255,5,1156,70
6783,1255,2,1775,58
6784,1255,1,776,112
6785,1255,8,1086,188
6786,1255,6,641,175
6787,1256,8,267,143
6788,1256,10,7,3
6789,1256,2,1830,32
6790,1256,6,1128,141
6791,1256,7,900,93
6792,1256,3,1886,33
6793,1256,9,1512,16
6794,1256,5,1922,83
6795,1257,3,778,141
6796,1257,1,1194,85
6797,1257,8,1367,73
6798,1257,2,574,40
6799,1257,9,772,17
6800,1257,7,460,132
6801,1257,6,950,200
6802,1257,4,1020,31
6803,1258,10,721,181
6804,1258,1,893,158
6805,1258,5,526,102
6806,1258,7,590,9
6807,1258,8,1660,93
6808,1258,3,1950,113
6809,1258,2,1492,66
6810,1258,6,1290,189
6811,1259,8,890,16
6812,1260,8,478,72
6813,1260,1,1219,80
6814,1260,6,361,124
6815,1260,2,1484,158
6816,1260,5,388,92
6817,1260,9,333,66
6818,1261,2,1223,108
6819,1262,5,1783,40
6820,1262,2,1127,179
6821,1262,4,901,145
6822,1262,6,1050,30
6823,1262,8,1426,107
6824,1262,7,1722,126
6825,1262,3,894,121
6826,1263,3,1860,160
6827,1263,1,1718,120
6828,1263,9,1007,99
6829,1263,5,1462,26
6830,1263,10,778,153
6831,1263,2,2000,144
6832,1263,6,1778,55
6833,1263,4,1875,197
6834,1264,6,706,102
6835,1264,2,1116,174
6836,1264,7,1369,31
6837,1264,3,1991,68
6838,1264,8,826,94
6839,1264,9,1978,38
6840,1264,5,1253,115
6841,1264,1,555,129
6842,1264,10,940,119
6843,1265,5,449,82
6844,1265,4,760,169
6845,1265,1,1976,78
6846,1265,3,1959,138
6847,1265,9,286,163
6848,1265,2,718,119
6849,1265,10,589,109
6850,1265,6,516,32
6851,1265,8,463,143
6852,1266,4,1571,155
6853,1266,6,905,11
6854,1266,2,1453,46
6855,1267,10,1563,96
6856,1267,9,1062,190
6857,1268,3,828,44
6858,1268,10,465,7
6859,1268,6,1306,0
6860,1269,4,475,184
6861,1269,2,1741,90
6862,1269,6,307,143
6863,1269,9,904,154
6864,1269,1,1878,16
6865,1269,3,1800,36
6866,1270,8,281,160
6867,1270,3,1836,177
6868,1270,7,500,174
6869,1270,2,200,14
6870,1270,9,669,46
6871,1270,6,1926,124
6872,1270,1,905,160
6873,1270,5,908,200
6874,1271,8,1674,38
6875,1271,5,169,8
6876,1271,4,1484,37
6877,1272,4,1286,3
6878,1272,1,640,100
6879,1272,3,1871,22
6880,1272,2,1149,23
6881,1272,9,539,12
6882,1272,10,1634,165
6883,1272,7,1250,141
6884,1273,2,1885,134
6885,1273,10,1734,149
6886,1273,3,1677,93
6887,1273,1,116,59
6888,1273,9,1172,189
6889,1274,4,1461,194
6890,1274,10,1264,148
6891,1274,7,1277,144
6892,1274,3,1607,152
6893,1274,9,858,172
6894,1274,5,749,129
6895,1274,2,1028,44
6896,1275,9,1671,82
6897,1275,4,898,65
6898,1275,1,832,55
6899,1275,10,1209,191
6900,1275,2,282,102
6901,1276,1,802,94
6902,1276,3,74,34
6903,1276,6,1640,25
6904,1277,9,436,6
6905,1277,4,1216,129
6906,1278,10,173,60
6907,1278,4,291,169
6908,1278,9,181,107
6909,1278,5,1855,114
6910,1279,10,1602,85
6911,1279,1,1488,51
6912,1279,9,509,27
6913,1279,6,489,40
6914,1279,3,346,161
6915,1279,7,424,24
6916,1280,10,1433,52
6917,1280,1,846,16
6918,1280,2,1806,160
6919,1280,9,1033,190
6920,1280,7,1819,167
6921,1280,3,1397,177
6922,1280,8,1596,52
6923,1280,4,733,143
6924,1280,6,1339,94
6925,1281,5,1486,17
6926,1281,2,1718,177
6927,1281,8,1645,54
6928,1281,9,538,176
6929,1281,6,942,36
6930,1281,1,1509,37
6931,1281,10,961,193
6932,1281,4,1811,0
6933,1282,8,868,101
6934,1282,9,1768,56
6935,1283,2,1808,3
6936,1283,4,1333,50
6937,1283,7,501,79
6938,1283,1,322,45
6939,1283,8,1677,155
6940,1283,9,52,37
6941,1283,6,813,109
6942,1284,5,349,19
6943,1284,3,1606,64
6944,1285,1,731,120
6945,1285,10,1911,71
6946,1285,3,1742,93
6947,1286,8,1281,32
6948,1286,2,1038,12
6949,1287,8,1304,115
6950,1287,6,1306,66
6951,1287,3,464,41
6952,1287,1,558,148
6953,1287,7,50,39
6954,1287,10,806,150
6955,1288,8,1865,116
6956,1288,5,537,68
6957,1288,9,1618,32
6958,1288,4,1566,163
6959,1288,3,1313,59
6960,1288,10,621,125
6961,1288,1,989,90
6962,1288,6,1755,22
6963,1288,7,79,38
6964,1288,2,86,25
6965,1289,4,865,29
6966,1289,3,449,76
6967,1289,5,619,56
6968,1289,9,617,2
6969,1289,8,627,30
6970,1289,10,1355,150
6971,1290,5,908,180
6972,1290,10,903,52
6973,1290,1,485,42
6974,1290,3,1966,20
6975,1290,9,782,157
6976,1290,4,1878,105
6977,1290,6,1528,157
6978,1290,8,1074,8
6979,1290,2,605,107
6980,1290,7,429,42
6981,1291,10,347,21
6982,1291,9,696,185
6983,1291,3,681,144
6984,1291,7,940,184
6985,1291,6,556,72
6986,1291,4,326,187
6987,1292,5,1804,64
6988,1292,2,1541,135
6989,1292,4,521,96
6990,1292,10,782,141
6991,1292,7,351,181
6992,1292,3,1812,127
6993,1292,1,1139,194
6994,1292,8,1912,27
6995,1292,9,1694,78
6996,1293,5,886,47
6997,1293,7,560,117
6998,1293,8,719,22
6999,1293,3,1158,185
7000,1293,1,911,123
7001,1293,4,619,137
7002,1293,6,720,198
7003,1293,10,1282,187
7004,1294,8,475,171
7005,1294,1,1850,195
7006,1294,10,713,26
7007,1294,2,1225,20
7008,1294,9,306,200
7009,1294,3,1762,167
7010,1294,7,249,89
7011,1294,5,990,166
7012,1294,6,642,31
7013,1295,4,173,74
7014,1295,6,740,175
7015,1295,9,1361,10
7016,1295,1,494,153
7017,1295,7,186,139
7018,1295,8,986,33
7019,1295,3,1640,183
7020,1295,5,951,30
7021,1295,2,333,174
7022,1295,10,1446,105
7023,1296,9,798,185
7024,1297,9,1594,155
7025,1297,2,782,65
7026,1297,10,269,22
7027,1297,8,1577,85
7028,1297,7,229,55
7029,1298,5,948,137
7030,1298,8,503,75
7031,1298,10,945,196
7032,1298,4,305,190
7033,1298,7,1995,138
7034,1298,6,180,82
7035,1299,7,1006,25
7036,1299,10,1646,172
7037,1299,2,1522,185
7038,1299,5,1238,35
7039,1299,1,1885,77
7040,1299,9,872,25
7041,1300,3,643,30
7042,1300,6,1997,79
7043,1300,10,1845,27
7044,1300,4,1700,122
7045,1300,8,227,146
7046,1300,9,675,40
7047,1300,2,1666,115
7048,1301,6,1237,57
7049,1301,1,1227,42
7050,1301,9,1885,155
7051,1302,5,1929,88
7052,1302,6,1497,150
7053,1302,3,37,22
7054,1302,8,1939,124
7055,1302,4,1485,150
7056,1302,7,588,86
7057,1303,3,469,9
7058,1303,6,1378,154
7059,1303,4,1591,109
7060,1303,7,1626,118
7061,1303,8,1344,8
7062,1303,10,1107,40
7063,1303,5,73,8
7064,1303,1,1960,10
7065,1303,2,1149,26
7066,1303,9,1641,198
7067,1304,1,1085,128
7068,1304,8,167,81
7069,1305,10,1802,141
7070,1305,3,50,49
7071,1305,2,1191,122
7072,1305,4,509,98
7073,1305,1,435,77
7074,1305,6,1925,28
7075,1305,5,1327,105
7076,1305,7,977,9
7077,1306,10,1808,156
7078,1307,3,1774,177
7079,1307,10,812,124
7080,1307,7,380,155
7081,1307,1,494,90
7082,1307,4,205,43
7083,1308,9,929,165
7084,1309,1,891,120
7085,1309,6,1618,92
7086,1309,4,310,144
7087,1309,7,351,41
7088,1309,3,1825,46
7089,1309,5,655,74
7090,1310,6,447,86
7091,1310,9,727,36
7092,1311,9,1399,18
7093,1311,2,25,11
7094,1311,5,1869,3
7095,1311,10,1396,73
7096,1311,7,1824,34
7097,1311,4,212,146
7098,1311,1,159,113
7099,1311,8,1564,40
7100,1312,10,301,193
7101,1312,9,383,12
7102,1312,6,1750,82
7103,1312,3,884,37
7104,1312,8,1552,123
7105,1312,1,1426,152
7106,1312,7,1336,198
7107,1312,2,1255,153
7108,1312,5,1361,43
7109,1312,4,1702,155
7110,1313,2,898,159
7111,1313,6,1375,69
7112,1313,4,206,169
7113,1313,1,1298,123
7114,1313,7,1214,148
7115,1313,3,207,16
7116,1314,6,931,136
7117,1314,7,163,38
7118,1314,5,651,117
7119,1314,4,1151,110
7120,1314,2,1303,92
7121,1314,10,831,146
7122,1314,8,1413,79
7123,1314,9,1146,60
7124,1314,3,485,45
7125,1315,7,1675,55
7126,1315,4,345,187
7127,1315,2,659,109
7128,1316,7,127,62
7129,1316,3,808,1
7130,1316,8,967,160
7131,1316,2,1222,133
7132,1316,4,560,162
7133,1316,10,1634,123
7134,1316,5,1870,44
7135,1317,3,1448,52
7136,1318,9,1865,133
7137,1318,4,1111,72
7138,1318,10,529,112
7139,1318,7,17,1
7140,1318,2,1831,76
7141,1318,8,309,41
7142,1318,5,1247,198
7143,1319,7,735,129
7144,1319,2,1265,76
7145,1319,1,1647,133
7146,1319,3,396,194
7147,1319,4,428,129
7148,1320,2,1124,72
7149,1320,9,563,137
7150,1320,7,956,65
7151,1320,8,1111,57
7152,1320,1,734,45
7153,1321,7,1764,4
7154,1321,10,741,62
7155,1321,1,469,113
7156,1321,8,809,72
7157,1321,6,566,163
7158,1321,9,396,74
7159,1321,4,1855,158
7160,1321,5,196,44
7161,1321,2,695,184
7162,1321,3,790,152
7163,1322,9,1554,106
7164,1322,6,1479,82
7165,1322,1,306,57
7166,1322,3,507,15
7167,1322,7,855,108
7168,1322,5,1472,86
7169,1322,8,1664,154
7170,1322,10,1224,141
7171,1322,4,1604,20
7172,1323,1,1253,51
7173,1323,7,1008,57
7174,1323,5,1401,93
7175,1323,8,1251,45
7176,1323,4,1255,76
7177,1323,3,198,30
7178,1323,2,90,68
7179,1323,6,1594,193
7180,1323,10,890,194
7181,1323,9,1569,106
7182,1324,5,574,49
7183,1324,4,1185,176
7184,1324,6,1232,68
7185,1325,9,1512,37
7186,1325,5,1002,141
7187,1325,2,1470,181
7188,1325,10,605,109
7189,1325,3,1820,51
7190,1325,1,991,105
7191,1325,6,449,58
7192,1326,7,1151,125
7193,1326,3,1587,172
7194,1326,4,940,61
7195,1326,5,982,107
7196,1326,8,981,185
7197,1326,9,180,33
7198,1326,6,1200,149
7199,1326,10,1381,137
7200,1326,2,559,108
7201,1326,1,1169,150
7202,1327,1,1975,152
7203,1327,8,1649,172
7204,1327,3,369,186
7205,1327,4,1279,122
7206,1327,2,188,72
7207,1327,9,719,32
7208,1327,5,1428,64
7209,1327,10,693,98
7210,1327,7,1991,134
7211,1328,7,616,165
7212,1328,1,252,95
7213,1328,6,1101,95
7214,1328,10,34,29
7215,1328,8,1862,140
7216,1328,9,1758,28
7217,1328,2,599,24
7218,1328,3,1089,163
7219,1329,3,1823,61
7220,1329,5,1743,95
7221,1329,8,1568,6
7222,1329,7,149,130
7223,1329,10,416,96
7224,1329,4,1273,91
7225,1329,1,649,143
7226,1329,9,34,24
7227,1330,4,1699,155
7228,1330,6,1058,128
7229,1330,2,1983,20
7230,1330,9,881,140
7231,1330,8,1548,14
7232,1330,1,266,155
7233,1330,5,167,26
7234,1330,7,719,54
7235,1330,3,602,118
7236,1330,10,405,42
7237,1331,6,682,190
7238,1332,6,474,87
7239,1332,3,994,77
7240,1332,2,1272,174
7241,1332,8,240,17
7242,1332,7,1835,44
7243,1332,1,1048,48
7244,1332,4,1778,155
7245,1332,5,660,194
7246,1332,9,1951,138
7247,1333,7,993,136
7248,1333,8,901,160
7249,1333,9,1505,13
7250,1333,5,1801,76
7251,1333,2,1654,24
7252,1333,1,474,72
7253,1333,3,438,49
7254,1333,10,700,18
7255,1334,8,1717,5
7256,1334,3,340,156
7257,1334,2,619,26
7258,1334,7,439,135
7259,1334,5,738,153
7260,1335,6,1995,135
7261,1336,6,209,162
7262,1336,8,1254,93
7263,1337,7,170,138
7264,1337,1,1897,43
7265,1337,3,6,6
7266,1337,2,1697,97
7267,1337,8,1362,139
7268,1338,6,668,18
7269,1338,7,1649,97
7270,1338,9,350,93
7271,1338,2,454,62
7272,1338,10,1090,144
7273,1338,5,1039,38
7274,1338,1,1080,3
7275,1338,8,175,169
7276,1338,4,267,20
7277,1338,3,987,164
7278,1339,1,188,110
7279,1339,5,456,199
7280,1339,4,1933,194
7281,1339,8,1274,167
7282,1339,3,1486,168
7283,1339,2,1421,164
7284,1339,6,1496,84
7285,1339,9,473,189
7286,1339,7,351,131
7287,1340,2,1789,33
7288,1340,5,705,36
7289,1340,3,483,29
7290,1340,6,947,82
7291,1340,7,1894,0
7292,1341,4,1783,170
7293,1341,3,573,179
7294,1341,9,1105,178
7295,1342,7,860,76
7296,1342,3,1797,99
7297,1342,1,1313,115
7298,1342,8,936,2
7299,1342,9,43,32
7300,1342,5,1454,83
7301,1343,5,1057,180
7302,1343,1,348,138
7303,1343,4,149,40
7304,1343,8,296,148
7305,1343,6,67,21
7306,1343,9,559,185
7307,1343,3,1969,97
7308,1343,7,922,109
7309,1344,5,808,18
7310,1344,2,390,152
7311,1344,8,1598,41
7312,1344,9,770,164
7313,1344,10,991,43
7314,1344,3,1171,93
7315,1345,7,847,161
7316,1345,9,566,47
7317,1345,10,965,108
7318,1345,6,587,96
7319,1345,8,790,75
7320,1345,5,1749,197
7321,1345,3,1384,97
7322,1346,9,1281,94
7323,1346,2,711,179
7324,1346,4,916,71
7325,1346,8,1377,62
7326,1347,2,251,102
7327,1347,6,1494,139
7328,1347,4,73,28
7329,1347,7,780,26
7330,1347,10,1668,108
7331,1347,1,381,77
7332,1347,9,647,163
7333,1347,3,618,130
7334,1347,5,1374,77
7335,1347,8,712,40
7336,1348,10,1971,21
7337,1348,2,1496,113
7338,1348,8,1910,101
7339,1348,7,1855,69
7340,1348,5,1105,71
7341,1348,1,191,89
7342,1348,3,1643,108
7343,1348,4,908,124
7344,1348,9,926,179
7345,1348,6,1450,34
7346,1349,7,1753,77
7347,1349,6,106,59
7348,1349,9,1356,173
7349,1349,3,1047,118
7350,1349,2,1809,68
7351,1349,10,1546,3
7352,1349,1,436,6
7353,1349,5,1742,51
7354,1350,7,1455,56
7355,1350,5,684,62
7356,1350,10,202,90
7357,1350,3,1778,16
7358,1350,8,1937,45
7359,1350,4,533,50
7360,1350,2,1580,95
7361,1350,9,484,156
7362,1350,1,268,69
7363,1351,6,142,67
7364,1351,7,1264,73
7365,1351,10,1803,200
7366,1351,3,821,45
7367,1351,4,1481,129
7368,1351,9,1501,8
7369,1351,5,1875,150
7370,1352,10,637,46
7371,1352,5,1406,97
7372,1352,7,725,135
7373,1352,3,1065,133
7374,1353,10,1509,103
7375,1353,9,1052,178
7376,1353,3,1687,108
7377,1353,1,1130,153
7378,1353,2,262,89
7379,1353,5,1728,139
7380,1353,7,696,115
7381,1353,6,1649,40
7382,1353,4,1386,191
7383,1353,8,1347,43
7384,1354,5,1386,25
7385,1355,9,68,58
7386,1355,7,884,151
7387,1355,3,1582,158
7388,1355,8,143,37
7389,1355,1,555,61
7390,1355,10,112,26
7391,1355,5,1338,130
7392,1356,1,1015,172
7393,1356,2,132,76
7394,1357,6,1933,176
7395,1357,3,290,113
7396,1357,5,306,78
7397,1357,1,110,67
7398,1357,10,5,5
7399,1357,7,675,142
7400,1357,8,612,101
7401,1358,7,1591,200
7402,1358,2,1403,60
7403,1358,1,1175,0
7404,1358,5,640,60
7405,1358,3,711,48
7406,1359,4,1543,77
7407,1359,6,1091,97
7408,1359,1,1820,119
7409,1359,9,830,50
7410,1359,8,1057,183
7411,1360,3,532,106
7412,1360,10,1378,77
7413,1360,8,140,49
7414,1360,7,1960,19
7415,1360,2,674,187
7416,1360,9,1461,149
7417,1360,4,681,124
7418,1360,5,1755,7
7419,1361,8,1334,131
7420,1361,6,1307,58
7421,1361,3,137,117
7422,1361,1,1061,130
7423,1361,5,361,177
7424,1361,10,485,56
7425,1361,4,971,1
7426,1361,9,700,41
7427,1362,9,255,156
7428,1362,7,1077,162
7429,1362,3,1518,117
7430,1363,4,626,87
7431,1363,9,1585,158
7432,1363,6,824,52
7433,1363,7,96,68
7434,1363,3,1185,120
7435,1364,1,1285,149
7436,1364,3,314,103
7437,1364,10,1600,32
7438,1364,5,1202,84
7439,1364,8,1176,52
7440,1364,7,842,186
7441,1364,2,279,79
7442,1364,4,636,35
7443,1364,9,469,120
7444,1365,6,1982,156
7445,1365,1,1127,182
7446,1365,9,1730,23
7447,1365,4,810,174
7448,1365,3,261,46
7449,1366,3,606,80
7450,1366,1,217,82
7451,1366,5,1305,117
7452,1366,2,1843,134
7453,1367,10,221,51
7454,1367,1,1295,181
7455,1368,8,611,75
7456,1368,3,741,192
7457,1368,6,1450,185
7458,1369,3,1436,61
7459,1369,8,642,145
7460,1369,5,1545,16
7461,1369,9,1144,23
7462,1369,7,31,3
7463,1369,10,1677,156
7464,1369,4,952,103
7465,1369,2,12,11
7466,1370,10,1259,88
7467,1370,6,1824,67
7468,1371,7,521,83
7469,1371,3,1208,144
7470,1371,4,927,63
7471,1371,8,1468,90
7472,1371,1,1623,19
7473,1371,5,1063,83
7474,1371,2,1095,83
7475,1371,10,1801,30
7476,1372,1,1826,83
7477,1372,7,179,81
7478,1373,3,1870,140
7479,1373,2,753,181
7480,1373,5,1134,31
7481,1373,7,771,91
7482,1373,6,1538,45
7483,1373,9,1928,15
7484,1374,8,378,126
7485,1374,10,1348,103
7486,1375,4,708,3
7487,1375,6,421,35
7488,1375,2,1526,64
7489,1375,8,904,58
7490,1375,1,1161,177
7491,1375,10,78,33
7492,1375,9,1760,72
7493,1375,7,1315,53
7494,1375,5,1711,161
7495,1375,3,379,67
7496,1376,4,274,70
7497,1377,1,1701,8
7498,1377,7,1970,80
7499,1377,2,46,7
7500,1377,4,606,86
7501,1377,8,1330,199
7502,1377,5,1390,120
7503,1377,9,1610,73
7504,1377,10,1172,78
7505,1377,6,853,88
7506,1378,8,1267,35
7507,1378,4,1365,19
7508,1379,6,864,178
7509,1380,3,223,117
7510,1380,7,944,22
7511,1381,10,575,132
7512,1381,6,380,131
7513,1381,4,879,40
7514,1381,5,607,155
7515,1381,7,996,144
7516,1381,8,744,138
7517,1381,9,77,54
7518,1381,1,1848,164
7519,1381,2,1535,199
7520,1382,3,279,182
7521,1382,4,1371,22
7522,1382,2,825,143
7523,1382,7,989,53
7524,1383,5,1739,77
7525,1383,3,67,40
7526,1384,9,1975,187
7527,1385,10,851,30
7528,1385,9,1373,195
7529,1385,1,1747,111
7530,1385,5,1029,135
7531,1385,6,15,7
7532,1385,3,656,137
7533,1385,2,987,170
7534,1385,7,1637,76
7535,1385,4,1014,187
7536,1385,8,501,27
7537,1386,2,1154,72
7538,1386,3,1789,128
7539,1386,4,1929,182
7540,1386,5,836,3
7541,1386,8,1693,173
7542,1387,2,1441,91
7543,1387,8,1475,41
7544,1387,6,1978,103
7545,1388,9,1190,91
7546,1388,1,1712,134
7547,1388,2,1977,161
7548,1388,7,1396,189
7549,1388,6,731,91
7550,1388,3,1545,143
7551,1388,8,854,42
7552,1388,10,260,166
7553,1388,5,1446,199
7554,1388,4,1483,15
7555,1389,9,874,116
7556,1389,2,1878,141
7557,1389,10,644,191
7558,1389,3,1273,103
7559,1389,5,1229,185
7560,1389,8,1898,12
7561,1389,6,391,159
7562,1389,7,430,42
7563,1389,4,1328,13
7564,1390,8,725,148
7565,1390,1,583,83
7566,1390,5,1528,191
7567,1390,9,176,61
7568,1390,6,753,18
7569,1390,2,1690,98
7570,1390,10,171,4
7571,1390,7,674,29
7572,1391,4,1106,139
7573,1391,8,148,101
7574,1391,2,1488,47
7575,1391,7,362,25
7576,1391,10,230,161
7577,1392,4,193,71
7578,1392,8,1807,189
7579,1392,6,1040,137
7580,1392,7,1790,0
7581,1392,9,586,51
7582,1392,5,1004,194
7583,1393,5,1602,8
7584,1393,3,954,194
7585,1393,6,66,36
7586,1393,1,274,142
7587,1393,2,905,44
7588,1393,9,1293,5
7589,1393,10,1007,2
7590,1393,8,691,23
7591,1393,7,1619,17
7592,1393,4,207,67
7593,1394,7,1468,146
7594,1394,3,652,23
7595,1394,10,734,187
7596,1394,1,1185,27
7597,1395,8,1349,185
7598,1395,4,1701,176
7599,1395,1,212,192
7600,1395,7,1128,155
7601,1395,3,863,117
7602,1395,6,202,14
7603,1395,5,498,24
7604,1395,9,1897,18
7605,1396,2,943,75
7606,1397,9,1130,59
7607,1397,5,740,126
7608,1397,10,1292,189
7609,1397,6,1036,196
7610,1397,3,994,168
7611,1397,8,1663,68
7612,1397,1,469,165
7613,1398,5,1415,167
7614,1398,1,389,8
7615,1399,7,1372,100
7616,1399,9,1635,187
7617,1399,1,294,163
7618,1399,6,1081,133
7619,1399,3,1049,81
7620,1399,8,1652,44
7621,1400,1,942,72
7622,1400,3,1884,162
7623,1400,8,322,56
7624,1400,6,333,80
7625,1401,3,1973,121
7626,1401,6,690,151
7627,1401,1,1749,111
7628,1401,2,1961,169
7629,1402,10,1845,99
7630,1402,7,1924,70
7631,1402,8,171,126
7632,1402,2,1165,180
7633,1402,1,1542,98
7634,1402,9,474,17
7635,1403,5,921,196
7636,1403,9,896,173
7637,1404,4,763,38
7638,1404,7,453,42
7639,1404,2,1812,47
7640,1404,9,1731,172
7641,1404,8,1302,36
7642,1405,1,1201,165
7643,1405,3,1026,189
7644,1405,2,703,172
7645,1405,5,859,47
7646,1405,9,1614,13
7647,1406,2,1576,194
7648,1406,8,936,187
7649,1406,4,739,63
7650,1406,9,629,57
7651,1407,3,1490,107
7652,1407,6,1238,193
7653,1407,1,1230,158
7654,1408,8,1903,170
7655,1408,1,1501,124
7656,1408,7,1839,60
7657,1408,2,1265,121
7658,1408,3,183,181
7659,1408,9,1269,187
7660,1408,10,320,110
7661,1409,2,1491,122
7662,1409,1,431,187
7663,1409,7,1440,186
7664,1409,9,1197,37
7665,1409,5,409,55
7666,1409,6,1021,14
7667,1409,10,603,130
7668,1410,1,372,85
7669,1410,6,708,165
7670,1410,9,233,123
7671,1410,7,1377,166
7672,1410,4,75,40
7673,1410,8,1208,10
7674,1410,3,1032,87
7675,1410,5,169,142
7676,1411,9,1456,146
7677,1411,1,1430,127
7678,1411,7,1038,46
7679,1411,10,828,169
7680,1411,6,196,42
7681,1412,8,193,63
7682,1413,8,903,10
7683,1413,4,693,83
7684,1413,2,1653,194
7685,1413,7,1181,20
7686,1413,6,1975,196
7687,1414,1,958,30
7688,1414,3,1225,103
7689,1414,7,1059,57
7690,1414,6,100,10
7691,1414,5,209,163
7692,1414,9,1488,126
7693,1414,4,581,162
7694,1415,10,1453,88
7695,1415,7,1378,32
7696,1415,6,598,161
7697,1415,5,923,115
7698,1415,3,1589,31
7699,1415,9,1166,107
7700,1415,2,1485,151
7701,1415,4,1151,49
7702,1415,8,1637,67
7703,1415,1,622,182
7704,1416,5,439,85
7705,1416,4,1610,159
7706,1416,7,1858,164
7707,1416,6,345,178
7708,1416,10,901,60
7709,1416,9,908,33
7710,1417,7,1291,105
7711,1418,7,1535,128
7712,1418,3,1611,59
7713,1418,10,1375,97
7714,1418,6,1033,143
7715,1418,5,792,2
7716,1418,9,1959,98
7717,1419,3,847,104
7718,1420,2,1392,96
7719,1420,3,1483,174
7720,1420,9,68,32
7721,1421,3,772,58
7722,1422,9,136,29
7723,1422,2,1018,47
7724,1422,10,1041,165
7725,1422,7,125,84
7726,1422,4,791,105
7727,1422,8,712,178
7728,1422,3,1032,45
7729,1423,1,1131,191
7730,1423,3,1677,29
7731,1423,4,673,135
7732,1423,8,240,164
7733,1424,1,814,3
7734,1424,7,90,23
7735,1424,10,1682,128
7736,1424,3,1808,91
7737,1424,2,432,68
7738,1425,6,1655,141
7739,1425,3,434,102
7740,1425,5,1633,56
7741,1425,9,1897,56
7742,1425,8,1988,155
7743,1425,4,1485,8
7744,1426,6,1360,134
7745,1427,8,292,76
7746,1427,7,1857,52
7747,1427,9,692,134
7748,1427,4,767,70
7749,1427,10,1528,75
7750,1427,5,621,94
7751,1427,3,439,155
7752,1427,2,1687,170
7753,1428,9,287,53
7754,1428,6,722,75
7755,1428,5,677,169
7756,1428,10,1435,133
7757,1428,1,205,84
7758,1428,8,371,54
7759,1428,7,1931,180
7760,1429,7,1730,99
7761,1430,3,494,110
7762,1430,9,1391,70
7763,1430,1,1900,71
7764,1430,5,1357,10
7765,1430,4,319,71
7766,1430,10,39,32
7767,1431,3,132,125
7768,1431,6,1980,70
7769,1431,7,231,108
7770,1432,7,1578,173
7771,1432,9,412,127
7772,1432,2,1565,153
7773,1432,5,1741,80
7774,1432,10,1229,31
7775,1432,4,825,108
7776,1432,8,1475,87
7777,1432,1,336,91
7778,1432,6,215,14
7779,1432,3,750,130
7780,1433,4,615,110
7781,1434,3,176,64
7782,1435,3,1177,102
7783,1435,8,139,110
7784,1436,2,1891,168
7785,1436,10,1697,30
7786,1436,7,1787,153
7787,1436,6,1550,130
7788,1436,9,1997,129
7789,1436,1,1354,198
7790,1436,5,970,78
7791,1436,8,28,24
7792,1437,5,802,196
7793,1437,1,375,103
7794,1438,4,1457,192
7795,1439,1,780,148
7796,1439,7,1287,57
7797,1439,10,430,17
7798,1439,3,931,172
7799,1439,8,959,154
7800,1439,6,1603,56
7801,1440,4,1017,29
7802,1440,10,284,195
7803,1440,2,174,16
7804,1440,7,920,0
7805,1440,3,1360,111
7806,1440,6,754,111
7807,1440,8,85,47
7808,1440,5,897,15
7809,1440,9,46,15
7810,1440,1,1339,101
7811,1441,7,1338,68
7812,1441,2,211,79
7813,1441,4,265,127
7814,1441,8,1299,101
7815,1442,10,1122,62
7816,1442,7,1043,30
7817,1442,8,312,17
7818,1443,7,1817,58
7819,1443,10,878,58
7820,1443,2,1240,191
7821,1443,9,1622,9
7822,1443,3,430,153
7823,1443,4,44,19
7824,1443,6,1432,165
7825,1443,1,591,189
7826,1444,3,368,16
7827,1444,2,954,36
7828,1444,8,1545,73
7829,1445,10,105,84
7830,1445,5,811,135
7831,1445,4,1359,143
7832,1445,2,1747,64
7833,1445,3,1313,81
7834,1445,9,1479,56
7835,1446,4,319,33
7836,1446,10,744,199
7837,1446,8,362,150
7838,1447,5,948,52
7839,1447,7,270,58
7840,1447,1,473,56
7841,1447,6,1727,28
7842,1447,3,905,184
7843,1447,9,1439,74
7844,1447,2,1984,2
7845,1447,8,1088,62
7846,1447,4,1244,169
7847,1447,10,1873,127
7848,1448,9,51,26
7849,1448,4,1747,138
7850,1448,7,1800,152
7851,1448,1,1004,131
7852,1448,10,1050,76
7853,1448,2,1173,6
7854,1448,5,1616,147
7855,1448,6,741,200
7856,1448,8,1955,184
7857,1449,9,1674,131
7858,1449,6,1331,50
7859,1449,8,1911,5
7860,1449,7,1978,30
7861,1449,5,1424,43
7862,1449,4,1818,175
7863,1449,10,286,72
7864,1449,1,325,128
7865,1449,3,711,194
7866,1450,5,1643,34
7867,1450,1,1169,181
7868,1450,6,177,56
7869,1450,4,623,0
7870,1450,10,1938,27
7871,1450,7,648,184
7872,1451,2,19,15
7873,1451,7,532,46
7874,1451,6,243,30
7875,1451,1,444,146
7876,1451,4,1155,111
7877,1452,7,44,11
7878,1453,4,952,85
7879,1453,9,719,20
7880,1453,8,1612,14
7881,1454,8,349,148
7882,1454,9,1936,34
7883,1454,4,749,95
7884,1454,6,1886,151
7885,1455,3,1465,61
7886,1455,7,1266,102
7887,1456,8,1083,49
7888,1456,5,1018,56
7889,1457,7,169,102
7890,1457,5,1580,118
7891,1457,9,1356,126
7892,1457,4,260,198
7893,1457,3,328,132
7894,1458,3,864,63
7895,1458,2,1451,193
7896,1458,4,1669,87
7897,1459,10,729,98
7898,1459,4,490,76
7899,1459,8,1031,20
7900,1459,1,231,190
7901,1459,9,1697,131
7902,1459,6,902,5
7903,1459,2,1615,65
7904,1460,9,1930,162
7905,1460,1,1284,16
7906,1460,7,449,66
7907,1460,6,787,14
7908,1460,8,1415,64
7909,1460,4,25,11
7910,1460,5,344,111
7911,1461,10,697,145
7912,1462,2,340,142
7913,1462,3,572,86
7914,1462,10,1058,17
7915,1463,6,831,137
7916,1463,8,522,13
7917,1463,5,1544,198
7918,1463,7,1201,196
7919,1463,1,125,111
7920,1463,2,294,71
7921,1463,9,1539,18
7922,1463,10,629,40
7923,1463,3,698,79
7924,1464,1,266,54
7925,1464,6,714,87
7926,1464,5,1657,140
7927,1464,4,859,55
7928,1464,10,1310,162
7929,1464,9,1387,156
7930,1464,3,1269,81
7931,1464,8,321,180
7932,1464,2,962,75
7933,1465,2,1815,93
7934,1465,3,1265,78
7935,1466,6,767,96
7936,1466,2,1756,161
7937,1466,5,1196,155
7938,1467,10,1926,152
7939,1467,6,280,134
7940,1468,9,147,49
7941,1468,10,518,122
7942,1468,8,906,118
7943,1468,7,1786,106
7944,1468,2,1473,21
7945,1468,5,730,55
7946,1468,4,1561,196
7947,1468,3,1113,161
7948,1469,4,138,71
7949,1469,3,756,73
7950,1469,6,1789,161
7951,1469,2,204,101
7952,1469,5,1779,80
7953,1470,5,985,179
7954,1470,7,1942,146
7955,1470,10,29,15
7956,1470,2,1581,21
7957,1470,3,1284,100
7958,1470,6,177,73
7959,1470,8,68,38
7960,1471,6,909,129
7961,1471,7,1234,166
7962,1471,5,703,120
7963,1471,8,1261,11
7964,1471,3,901,64
7965,1471,2,1643,6
7966,1471,9,241,156
7967,1471,4,1046,93
7968,1472,6,624,173
7969,1472,9,1750,18
7970,1472,1,1466,178
7971,1472,3,194,143
7972,1472,5,477,190
7973,1472,7,1340,118
7974,1472,2,372,49
7975,1472,4,518,67
7976,1473,3,1826,21
7977,1473,2,628,130
7978,1473,6,1633,31
7979,1473,4,1821,81
7980,1473,1,536,153
7981,1474,4,1163,7
7982,1475,5,1387,98
7983,1475,7,499,15
7984,1475,8,524,23
7985,1475,4,1499,180
7986,1475,2,1782,148
7987,1475,6,1999,91
7988,1475,9,185,183
7989,1475,1,50,43
7990,1476,3,397,32
7991,1476,10,1159,154
7992,1476,6,35,0
7993,1476,2,1018,90
7994,1476,7,1012,60
7995,1477,2,1675,41
7996,1477,7,967,189
7997,1477,4,1181,167
7998,1477,5,1505,92
7999,1477,10,876,174
8000,1478,1,1755,171
8001,1478,5,15,12
8002,1478,3,1721,52
8003,1478,6,892,121
8004,1478,7,17,0
8005,1478,10,1084,73
8006,1478,4,1599,182
8007,1478,2,539,150
8008,1478,9,1473,168
8009,1479,2,523,18
8010,1479,4,1438,59
8011,1479,5,1049,69
8012,1479,7,1221,185
8013,1479,8,559,21
8014,1479,3,558,48
8015,1479,1,1156,73
8016,1479,10,233,177
8017,1479,9,861,153
8018,1480,3,1938,49
8019,1480,7,40,14
8020,1480,1,362,64
8021,1480,8,614,49
8022,1480,10,44,24
8023,1480,4,1476,64
8024,1480,9,1676,195
8025,1481,9,503,161
8026,1481,6,933,64
8027,1481,5,1010,180
8028,1481,3,1132,167
8029,1481,1,915,159
8030,1482,2,1190,104
8031,1482,6,1429,176
8032,1482,8,178,130
8033,1483,5,180,51
8034,1483,6,1309,63
8035,1483,1,1898,31
8036,1483,9,1684,36
8037,1483,8,367,11
8038,1483,4,1098,123
8039,1483,2,363,189
8040,1484,2,281,60
8041,1484,3,245,76
8042,1484,9,1632,79
8043,1484,10,1983,37
8044,1484,8,26,3
8045,1484,6,702,196
8046,1484,1,1209,70
8047,1484,4,1832,121
8048,1484,7,966,162
8049,1485,9,1043,174
8050,1485,6,1504,45
8051,1485,8,472,107
8052,1485,1,1130,189
8053,1485,5,1200,86
8054,1485,4,302,55
8055,1485,2,183,165
8056,1485,7,1664,83
8057,1485,3,1934,148
8058,1485,10,605,19
8059,1486,5,1219,149
8060,1487,9,797,156
8061,1487,4,1342,24
8062,1487,3,623,40
8063,1487,10,1376,101
8064,1487,1,1854,162
8065,1487,2,1683,28
8066,1487,8,1329,105
8067,1487,6,1563,181
8068,1488,6,1134,198
8069,1488,8,1501,197
8070,1488,9,291,23
8071,1488,2,1529,175
8072,1489,5,1480,65
8073,1489,2,690,51
8074,1489,9,531,191
8075,1489,3,21,14
8076,1489,1,1869,114
8077,1489,10,883,113
8078,1489,8,1605,10
8079,1490,7,1993,191
8080,1490,4,1548,90
8081,1490,1,1432,96
8082,1490,2,112,42
8083,1490,9,1645,72
8084,1490,5,361,123
8085,1490,10,984,153
8086,1490,6,860,12
8087,1490,3,1126,194
8088,1490,8,872,180
8089,1491,9,184,166
8090,1491,6,1389,149
8091,1491,5,1039,17
8092,1491,4,664,30
8093,1491,8,1757,37
8094,1492,7,730,20
8095,1492,8,1995,115
8096,1492,10,736,134
8097,1492,2,496,124
8098,1492,1,377,101
8099,1493,10,244,176
8100,1493,5,1383,20
8101,1493,8,803,130
8102,1494,8,1887,100
8103,1494,5,1162,35
8104,1495,7,1704,36
8105,1495,3,203,184
8106,1495,5,1376,187
8107,1496,9,1334,98
8108,1496,1,1670,22
8109,1497,9,1379,149
8110,1497,5,1632,27
8111,1498,2,118,114
8112,1498,10,1027,182
8113,1498,1,622,86
8114,1498,3,25,11
8115,1499,5,789,40
8116,1499,8,980,118
8117,1499,9,430,79
8118,1499,1,292,181
8119,1500,2,747,111
8120,1500,9,383,34
8121,1500,8,1934,33
8122,1500,10,1077,180
8123,1500,5,1396,17
8124,1500,1,991,162
8125,1500,4,609,39
8126,1501,4,858,37
8127,1501,9,342,29
8128,1501,3,715,21
8129,1501,8,1432,25
8130,1501,2,377,126
8131,1501,10,1139,33
8132,1501,1,1321,52
8133,1502,10,1475,4
8134,1502,7,723,102
8135,1502,9,741,109
8136,1502,1,1598,68
8137,1502,6,1501,136
8138,1502,8,680,138
8139,1502,5,478,78
8140,1502,3,1592,77
8141,1502,4,792,42
8142,1502,2,633,123
8143,1503,10,1161,121
8144,1503,3,1254,150
8145,1503,4,1721,93
8146,1503,5,280,83
8147,1504,9,1861,126
8148,1504,1,374,123
8149,1504,3,537,73
8150,1504,8,710,80
8151,1504,2,525,182
8152,1504,4,796,112
8153,1504,10,209,77
8154,1504,6,75,34
8155,1504,5,262,47
8156,1505,10,518,87
8157,1505,9,180,41
8158,1505,2,1211,2
8159,1505,7,336,23
8160,1505,8,377,128
8161,1505,6,638,0
8162,1505,5,1347,3
8163,1505,4,790,36
8164,1505,3,309,67
8165,1506,6,1040,48
8166,1506,5,1677,89
8167,1506,7,1935,197
8168,1506,2,1604,44
8169,1506,4,1523,174
8170,1506,8,669,179
8171,1507,9,1531,3
8172,1507,3,1442,156
8173,1507,7,86,66
8174,1507,2,1282,16
8175,1507,1,17,11
8176,1507,4,691,179
8177,1507,8,944,151
8178,1508,1,1565,52
8179,1508,2,882,51
8180,1508,7,684,17
8181,1508,5,138,101
8182,1508,8,764,161
8183,1508,6,767,140
8184,1509,7,1396,96
8185,1509,6,1690,94
8186,1509,9,1249,154
8187,1509,4,125,91
8188,1509,5,569,68
8189,1509,1,1576,31
8190,1509,3,883,147
8191,1510,8,890,159
8192,1510,1,890,88
8193,1510,9,1979,61
8194,1510,2,1556,98
8195,1511,4,819,108
8196,1511,9,1391,83
8197,1511,1,596,158
8198,1511,7,1315,171
8199,1511,3,969,71
8200,1511,10,707,191
8201,1511,5,1408,156
8202,1512,6,1337,193
8203,1512,5,1990,173
8204,1512,4,781,33
8205,1512,1,674,167
8206,1512,7,1629,55
8207,1512,2,1855,169
8208,1512,9,1333,22
8209,1512,3,379,89
8210,1512,8,1084,125
8211,1513,1,1601,21
8212,1513,5,1129,94
8213,1513,9,1302,110
8214,1513,7,1087,137
8215,1513,10,774,85
8216,1513,4,814,137
8217,1513,2,693,127
8218,1513,3,768,77
8219,1513,8,940,171
8220,1514,6,1162,131
8221,1514,8,273,143
8222,1514,1,755,183
8223,1514,7,333,161
8224,1514,5,656,178
8225,1514,3,612,194
8226,1514,2,742,188
8227,1514,4,1701,62
8228,1514,10,1246,153
8229,1514,9,121,76
8230,1515,9,998,17
8231,1515,7,1551,28
8232,1515,2,1034,29
8233,1515,3,33,6
8234,1515,1,195,28
8235,1515,10,1808,2
8236,1515,8,1008,179
8237,1515,5,70,56
8238,1515,4,112,93
8239,1516,2,1868,52
8240,1516,10,314,120
8241,1516,4,1497,184
8242,1516,5,31,10
8243,1517,9,1352,89
8244,1517,7,1473,140
8245,1517,5,1589,89
8246,1517,10,1513,93
8247,1517,3,1806,13
8248,1518,2,1603,82
8249,1519,5,857,188
8250,1519,3,1215,102
8251,1519,2,1773,163
8252,1519,8,969,102
8253,1519,7,713,167
8254,1519,1,514,107
8255,1519,9,809,174
8256,1520,10,1523,183
8257,1520,9,1980,35
8258,1520,8,1353,66
8259,1520,5,107,102
8260,1520,1,95,70
8261,1520,7,1208,137
8262,1521,2,21,17
8263,1521,4,454,133
8264,1521,6,533,43
8265,1521,8,1382,47
8266,1521,10,152,90
8267,1521,9,118,29
8268,1521,1,759,174
8269,1521,3,850,196
8270,1522,10,802,54
8271,1522,8,77,72
8272,1522,2,1154,40
8273,1522,4,767,38
8274,1522,9,1283,81
8275,1522,3,982,101
8276,1522,6,1577,164
8277,1522,5,320,186
8278,1522,7,1647,151
8279,1523,6,569,200
8280,1523,8,1510,92
8281,1524,10,1375,184
8282,1524,3,206,168
8283,1525,1,1378,131
8284,1525,2,1776,160
8285,1525,10,339,4
8286,1526,5,1821,9
8287,1526,7,878,44
8288,1526,10,1695,57
8289,1526,2,397,52
8290,1526,6,302,141
8291,1526,1,1493,147
8292,1526,8,68,34
8293,1526,4,887,189
8294,1526,3,461,55
8295,1527,10,66,0
8296,1528,2,1366,68
8297,1528,8,1817,22
8298,1528,4,1909,170
8299,1528,1,896,199
8300,1528,10,1303,124
8301,1528,5,1152,121
8302,1528,7,1905,33
8303,1529,6,1808,150
8304,1529,1,312,142
8305,1529,8,1595,54
8306,1529,10,1582,163
8307,1529,2,1182,68
8308,1529,5,298,57
8309,1529,4,279,98
8310,1529,3,1407,83
8311,1529,9,1173,22
8312,1530,4,852,127
8313,1530,6,1115,48
8314,1530,8,901,169
8315,1530,1,1811,141
8316,1530,9,1109,122
8317,1530,5,602,160
8318,1530,3,1445,174
8319,1530,7,168,77
8320,1530,10,583,180
8321,1531,8,1883,54
8322,1531,9,1617,199
8323,1531,3,1332,50
8324,1531,6,1704,134
8325,1531,4,26,15
8326,1531,2,623,126
8327,1532,3,1874,87
8328,1532,6,1379,79
8329,1532,5,1069,12
8330,1532,8,306,173
8331,1532,7,21,8
8332,1532,9,1857,177
8333,1533,7,650,176
8334,1533,5,1249,135
8335,1533,4,842,31
8336,1534,8,25,5
8337,1535,4,1196,46
8338,1535,10,285,67
8339,1535,5,731,54
8340,1535,1,692,31
8341,1535,9,1417,79
8342,1535,3,567,102
8343,1535,8,1662,54
8344,1535,7,1759,32
8345,1535,6,33,2
8346,1535,2,1774,83
8347,1536,10,1339,162
8348,1536,6,1493,168
8349,1536,2,696,83
8350,1537,9,1465,83
8351,1537,5,491,55
8352,1537,10,727,47
8353,1537,1,803,34
8354,1537,2,973,167
8355,1537,6,1335,144
8356,1537,4,244,43
8357,1537,7,645,87
8358,1538,5,289,53
8359,1538,1,351,197
8360,1538,3,1917,66
8361,1538,4,1204,29
8362,1538,9,1019,43
8363,1538,2,97,4
8364,1539,8,857,112
8365,1539,6,1567,175
8366,1539,4,1627,96
8367,1539,1,1360,177
8368,1539,2,1418,138
8369,1539,9,1452,33
8370,1540,3,860,70
8371,1540,10,58,8
8372,1541,7,366,40
8373,1541,6,1601,167
8374,1541,2,1381,17
8375,1541,9,1894,120
8376,1541,4,666,154
8377,1541,3,572,99
8378,1541,8,305,65
8379,1542,5,769,138
8380,1542,9,1341,142
8381,1542,3,365,18
8382,1542,4,1184,128
8383,1543,3,455,113
8384,1543,1,1313,51
8385,1543,9,487,170
8386,1543,5,998,200
8387,1543,2,1190,162
8388,1543,4,212,87
8389,1543,7,253,12
8390,1543,6,1524,81
8391,1543,10,549,132
8392,1543,8,1567,72
8393,1544,10,1092,189
8394,1545,6,1484,166
8395,1545,9,1462,77
8396,1545,2,1539,61
8397,1545,8,1050,199
8398,1545,4,1450,139
8399,1546,8,1397,200
8400,1547,1,495,12
8401,1547,10,1529,65
8402,1547,6,322,110
8403,1548,3,657,170
8404,1548,4,1666,77
8405,1548,8,7,1
8406,1548,7,1710,73
8407,1548,1,1787,165
8408,1548,9,628,83
8409,1548,5,1450,127
8410,1548,6,471,81
8411,1549,5,1522,126
8412,1549,1,823,35
8413,1549,8,297,124
8414,1549,3,342,5
8415,1549,4,1742,59
8416,1549,6,498,73
8417,1549,7,1326,43
8418,1550,10,558,94
8419,1550,8,844,56
8420,1550,2,749,56
8421,1550,6,1476,177
8422,1550,7,533,50
8423,1550,9,1636,116
8424,1550,4,856,139
8425,1550,1,1560,88
8426,1550,3,966,75
8427,1551,8,1598,18
8428,1551,2,1854,37
8429,1551,9,16,3
8430,1551,3,255,11
8431,1551,6,1954,192
8432,1551,4,1339,111
8433,1551,5,1222,113
8434,1551,1,1373,109
8435,1551,7,985,143
8436,1552,10,431,113
8437,1552,1,313,103
8438,1552,5,1323,106
8439,1552,2,515,11
8440,1553,5,1573,113
8441,1554,9,1516,198
8442,1554,1,53,47
8443,1554,4,1369,35
8444,1554,7,1449,81
8445,1554,8,725,121
8446,1554,3,547,42
8447,1554,5,1319,77
8448,1555,10,1819,99
8449,1555,4,1399,52
8450,1555,8,440,97
8451,1555,2,1296,200
8452,1555,5,1799,184
8453,1555,9,1890,142
8454,1555,1,944,147
8455,1555,6,1671,126
8456,1555,7,1134,104
8457,1556,1,1259,6
8458,1556,10,517,50
8459,1556,4,1798,143
8460,1556,5,261,105
8461,1556,7,200,148
8462,1556,3,1107,13
8463,1556,9,208,111
8464,1557,10,1797,66
8465,1557,7,1241,153
8466,1557,5,1996,44
8467,1557,6,1757,94
8468,1558,2,34,14
8469,1558,3,1468,27
8470,1558,6,235,82
8471,1558,7,1202,133
8472,1558,1,1519,76
8473,1558,9,358,14
8474,1559,7,610,170
8475,1560,10,26,5
8476,1560,3,262,32
8477,1560,6,1053,167
8478,1560,9,1456,11
8479,1560,2,698,41
8480,1560,1,725,134
8481,1560,8,13,0
8482,1560,4,770,25
8483,1561,8,662,198
8484,1561,7,1174,75
8485,1561,3,1189,181
8486,1561,2,1798,194
8487,1561,1,722,63
8488,1561,4,395,192
8489,1561,9,414,177
8490,1561,10,1599,9
8491,1561,6,980,105
8492,1562,8,1824,124
8493,1562,1,1471,8
8494,1562,5,33,19
8495,1562,6,1240,149
8496,1562,9,1953,144
8497,1563,8,895,46
8498,1563,4,202,195
8499,1564,1,1409,55
8500,1564,3,808,165
8501,1564,10,1649,188
8502,1564,5,1899,96
8503,1564,8,510,62
8504,1564,7,1605,93
8505,1564,6,1419,182
8506,1564,9,1049,12
8507,1564,4,1006,53
8508,1564,2,1894,90
8509,1565,7,1725,68
8510,1565,5,961,76
8511,1565,6,1943,104
8512,1565,1,1932,65
8513,1565,8,499,53
8514,1565,4,996,34
8515,1566,8,1102,67
8516,1566,7,1558,177
8517,1566,3,1977,25
8518,1566,9,1597,32
8519,1566,1,734,12
8520,1566,4,458,100
8521,1566,6,162,92
8522,1566,2,723,74
8523,1567,4,1576,79
8524,1567,9,1741,31
8525,1568,4,1239,123
8526,1568,3,48,18
8527,1568,9,269,100
8528,1568,10,921,42
8529,1568,5,1553,123
8530,1568,1,1869,172
8531,1568,7,393,54
8532,1568,2,1781,118
8533,1568,6,1429,33
8534,1568,8,1563,160
8535,1569,5,1270,119
8536,1569,9,159,107
8537,1569,8,11,10
8538,1569,2,31,1
8539,1569,6,1499,9
8540,1569,1,965,199
8541,1569,4,157,137
8542,1569,7,1886,65
8543,1570,6,1864,27
8544,1570,8,1518,84
8545,1570,4,1462,180
8546,1571,2,913,200
8547,1571,9,32,7
8548,1571,5,137,45
8549,1571,6,1780,125
8550,1571,8,55,20
8551,1571,3,694,141
8552,1571,4,562,40
8553,1571,7,1000,147
8554,1571,1,968,173
8555,1572,3,908,183
8556,1573,8,445,46
8557,1573,6,624,54
8558,1573,1,1487,12
8559,1573,2,1475,114
8560,1573,7,1067,2
8561,1573,5,526,53
8562,1573,10,74,65
8563,1574,7,736,44
8564,1574,6,705,38
8565,1574,10,1369,89
8566,1574,9,1271,129
8567,1574,2,1367,40
8568,1574,3,263,156
8569,1574,4,1740,12
8570,1574,8,870,6
8571,1575,9,683,25
8572,1575,7,995,173
8573,1575,10,262,65
8574,1575,2,1688,17
8575,1575,5,1126,117
8576,1575,1,1125,187
8577,1576,2,1993,128
8578,1576,1,1458,43
8579,1576,4,215,46
8580,1576,3,1351,195
8581,1576,5,1558,151
8582,1576,6,735,100
8583,1576,8,842,36
8584,1576,7,1917,57
8585,1576,9,186,170
8586,1577,7,793,30
8587,1577,3,1342,137
8588,1577,1,794,5
8589,1577,10,1133,91
8590,1577,5,228,68
8591,1577,8,1164,110
8592,1577,4,1727,23
8593,1578,7,464,36
8594,1578,5,913,174
8595,1578,9,1674,26
8596,1578,10,427,168
8597,1578,4,1491,67
8598,1578,3,1915,41
8599,1578,8,1009,48
8600,1579,1,1389,66
8601,1579,10,554,17
8602,1579,2,1337,33
8603,1579,3,1646,21
8604,1579,4,1518,191
8605,1580,5,1483,63
8606,1580,1,1423,32
8607,1580,6,1956,139
8608,1580,7,1862,181
8609,1580,10,1194,44
8610,1580,4,32,25
8611,1580,9,1461,0
8612,1580,3,1757,168
8613,1581,7,1743,149
8614,1582,8,280,10
8615,1582,7,1919,16
8616,1582,5,1422,113
8617,1582,3,1839,91
8618,1582,2,1561,115
8619,1582,10,1219,115
8620,1582,9,855,112
8621,1582,4,23,13
8622,1582,6,1502,125
8623,1582,1,452,45
8624,1583,3,259,191
8625,1583,10,183,175
8626,1583,4,1517,76
8627,1583,6,359,154
8628,1584,9,606,197
8629,1584,7,776,112
8630,1584,2,461,184
8631,1584,6,839,165
8632,1585,3,503,130
8633,1585,7,1880,97
8634,1585,8,770,33
8635,1586,4,1630,65
8636,1586,7,431,130
8637,1586,9,1204,93
8638,1587,9,1420,153
8639,1587,4,1666,193
8640,1587,2,1096,77
8641,1587,10,129,20
8642,1587,5,177,45
8643,1587,8,1258,127
8644,1587,6,1974,8
8645,1588,6,257,192
8646,1588,10,627,109
8647,1588,5,135,41
8648,1588,8,375,42
8649,1588,3,363,43
8650,1588,9,434,101
8651,1588,4,1909,155
8652,1588,2,285,180
8653,1589,8,1569,79
8654,1589,1,727,6
8655,1589,10,1824,195
8656,1589,7,1519,120
8657,1589,5,1421,58
8658,1589,3,406,141
8659,1589,4,1992,29
8660,1589,9,718,55
8661,1589,6,1684,124
8662,1590,3,1082,158
8663,1590,2,68,13
8664,1591,2,598,68
8665,1591,3,1717,170
8666,1592,8,251,130
8667,1592,9,1909,57
8668,1593,7,1070,62
8669,1593,8,100,32
8670,1594,1,1947,159
8671,1594,3,534,18
8672,1594,8,181,142
8673,1594,5,1666,84
8674,1594,10,678,150
8675,1594,4,278,62
8676,1594,9,1996,19
8677,1595,1,1157,10
8678,1595,3,1072,128
8679,1595,10,1141,107
8680,1596,7,335,138
8681,1597,6,1319,124
8682,1597,2,651,108
8683,1598,7,1942,19
8684,1598,5,240,95
8685,1598,9,2,1
8686,1598,2,1928,78
8687,1598,1,598,102
8688,1598,4,1687,6
8689,1598,10,1004,107
8690,1598,8,816,193
8691,1598,3,941,198
8692,1598,6,1813,96
8693,1599,9,453,152
8694,1599,3,325,31
8695,1599,8,393,57
8696,1599,4,1995,26
8697,1599,6,1605,120
8698,1599,7,1453,6
8699,1599,10,1274,138
8700,1600,7,1907,66
8701,1600,2,1979,167
8702,1600,5,1617,33
8703,1600,10,1211,168
8704,1600,9,412,43
8705,1600,3,1775,121
8706,1600,8,1441,16
8707,1600,4,1457,59
8708,1600,1,1512,102
8709,1601,10,1554,88
8710,1601,4,522,168
8711,1601,2,466,9
8712,1601,3,1725,70
8713,1601,1,1465,193
8714,1601,8,908,151
8715,1602,1,486,123
8716,1602,5,1671,67
8717,1602,7,427,173
8718,1602,8,366,118
8719,1602,9,730,147
8720,1602,6,338,19
8721,1602,3,1706,48
8722,1602,10,1829,181
8723,1602,4,496,58
8724,1602,2,1662,107
8725,1603,2,1915,14
8726,1603,6,755,107
8727,1604,1,550,36
8728,1604,2,547,98
8729,1604,8,873,98
8730,1605,7,928,23
8731,1605,8,1085,167
8732,1606,4,1229,57
8733,1606,10,1339,45
8734,1606,9,245,167
8735,1606,6,699,28
8736,1606,3,290,143
8737,1606,2,693,43
8738,1607,5,955,184
8739,1607,2,893,159
8740,1607,6,1211,118
8741,1608,1,655,80
8742,1608,9,527,159
8743,1608,6,1291,11
8744,1608,8,918,124
8745,1608,10,1207,178
8746,1609,7,1333,10
8747,1609,6,1771,38
8748,1609,8,1998,157
8749,1609,1,1408,86
8750,1609,10,1521,5
8751,1609,9,1543,48
8752,1610,10,1366,149
8753,1610,2,422,26
8754,1610,4,1813,185
8755,1611,2,835,53
8756,1611,5,124,30
8757,1611,3,932,109
8758,1611,1,1435,177
8759,1611,6,1898,119
8760,1611,10,1821,60
8761,1611,8,507,143
8762,1611,4,218,189
8763,1611,9,297,124
8764,1611,7,939,66
8765,1612,4,1437,154
8766,1612,1,463,139
8767,1612,3,1561,138
8768,1612,5,560,130
8769,1612,7,647,196
8770,1612,2,719,67
8771,1612,10,1139,175
8772,1613,7,1727,161
8773,1613,1,829,179
8774,1613,5,422,41
8775,1613,9,305,144
8776,1613,2,1137,135
8777,1613,4,44,30
8778,1613,8,1781,197
8779,1613,6,271,25
8780,1614,3,489,153
8781,1614,2,1590,80
8782,1614,10,1600,100
8783,1614,5,249,55
8784,1614,6,1694,95
8785,1615,7,600,100
8786,1615,3,1776,186
8787,1616,10,862,38
8788,1616,7,497,117
8789,1616,2,475,187
8790,1616,5,359,16
8791,1616,6,292,73
8792,1616,3,1957,180
8793,1616,8,1242,55
8794,1616,1,1985,91
8795,1617,6,129,119
8796,1617,3,1322,114
8797,1617,10,773,179
8798,1617,9,317,66
8799,1617,5,202,154
8800,1617,2,1330,6
8801,1617,1,918,27
8802,1617,4,1434,57
8803,1618,8,817,119
8804,1618,3,1201,30
8805,1619,1,1930,134
8806,1619,10,1122,92
8807,1619,8,426,172
8808,1620,10,1901,88
8809,1620,7,436,88
8810,1620,9,1737,175
8811,1620,4,1133,40
8812,1620,5,1794,88
8813,1620,2,942,137
8814,1620,1,211,129
8815,1620,8,1628,64
8816,1621,4,727,126
8817,1621,6,1975,199
8818,1621,8,914,178
8819,1621,5,936,69
8820,1621,1,1936,76
8821,1621,10,1206,141
8822,1621,7,16,11
8823,1621,3,446,98
8824,1621,2,1841,40
8825,1621,9,1181,174
8826,1622,7,963,0
8827,1622,8,1638,178
8828,1622,5,719,166
8829,1622,10,1928,176
8830,1622,3,1546,91
8831,1622,4,110,1
8832,1622,9,521,14
8833,1622,1,360,82
8834,1622,2,880,167
8835,1623,8,1657,43
8836,1623,9,713,102
8837,1624,10,1217,40
8838,1625,2,1087,67
8839,1625,7,1698,76
8840,1625,10,1803,85
8841,1625,1,1066,82
8842,1625,6,879,111
8843,1626,2,1843,195
8844,1626,5,782,28
8845,1626,1,1815,0
8846,1626,9,147,140
8847,1626,3,933,30
8848,1627,5,647,42
8849,1628,1,1094,141
8850,1628,10,840,9
8851,1628,2,1832,64
8852,1628,7,771,113
8853,1628,3,884,192
8854,1628,9,1484,170
8855,1629,2,1255,181
8856,1629,3,1417,26
8857,1629,5,1011,50
8858,1630,2,227,164
8859,1630,8,190,129
8860,1630,1,390,92
8861,1630,9,1127,111
8862,1631,7,692,105
8863,1631,2,1806,86
8864,1631,9,1550,64
8865,1631,3,1624,198
8866,1631,5,1903,57
8867,1631,1,1683,105
8868,1631,6,927,187
8869,1631,8,1115,134
8870,1631,4,310,84
8871,1632,4,1965,175
8872,1632,10,664,5
8873,1632,9,1346,60
8874,1632,3,1539,145
8875,1632,6,722,190
8876,1632,7,1160,181
8877,1632,1,249,42
8878,1633,1,1578,35
8879,1633,5,816,144
8880,1633,3,1896,123
8881,1633,7,6,1
8882,1633,8,74,68
8883,1633,10,1453,142
8884,1633,9,264,139
8885,1633,6,25,11
8886,1634,6,420,25
8887,1634,3,55,14
8888,1634,5,757,66
8889,1634,2,220,153
8890,1634,7,105,59
8891,1634,4,112,80
8892,1634,1,1430,76
8893,1634,9,827,157
8894,1635,4,410,177
8895,1635,3,690,127
8896,1635,10,1057,193
8897,1635,9,1734,16
8898,1635,5,17,9
8899,1635,2,1101,82
8900,1636,4,593,199
8901,1637,3,1535,116
8902,1637,6,1190,184
8903,1637,8,833,94
8904,1638,7,21,18
8905,1638,8,181,114
8906,1638,6,1579,169
8907,1638,10,912,20
8908,1638,1,543,36
8909,1638,9,1936,165
8910,1638,2,1866,138
8911,1638,3,661,23
8912,1638,4,1425,170
8913,1638,5,1266,21
8914,1639,4,1418,62
8915,1639,2,1247,118
8916,1639,5,58,33
8917,1639,10,1003,20
8918,1639,6,764,65
8919,1639,7,302,112
8920,1639,1,401,3
8921,1640,5,1040,69
8922,1640,8,1512,81
8923,1641,9,418,78
8924,1641,3,1333,14
8925,1641,10,1368,6
8926,1641,2,178,173
8927,1642,10,1594,9
8928,1642,6,1496,35
8929,1643,10,794,29
8930,1643,5,1144,4
8931,1643,7,1061,31
8932,1643,1,684,193
8933,1643,2,359,114
8934,1643,6,1398,54
8935,1643,8,1057,42
8936,1644,8,1618,190
8937,1644,7,661,122
8938,1644,3,772,156
8939,1644,4,1469,146
8940,1644,9,1226,186
8941,1645,4,19,5
8942,1645,3,1124,142
8943,1645,5,1217,14
8944,1645,6,1486,33
8945,1646,2,1765,108
8946,1646,1,553,114
8947,1646,9,732,42
8948,1646,10,1325,144
8949,1646,5,919,145
8950,1646,6,980,157
8951,1646,8,140,99
8952,1647,10,440,98
8953,1647,6,1884,7
8954,1647,2,1296,161
8955,1648,4,44,6
8956,1649,6,1101,183
8957,1649,1,366,85
8958,1649,10,1217,71
8959,1649,4,612,65
8960,1649,9,1139,113
8961,1649,3,1113,93
8962,1649,8,209,111
8963,1649,5,1233,46
8964,1650,5,586,144
8965,1651,10,1244,168
8966,1651,7,867,178
8967,1651,3,607,52
8968,1651,8,412,88
8969,1651,9,1611,48
8970,1651,2,1401,93
8971,1651,4,1371,106
8972,1651,5,352,200
8973,1651,6,1846,9
8974,1651,1,569,1
8975,1652,7,1592,53
8976,1652,5,302,83
8977,1652,6,1987,33
8978,1652,2,1661,82
8979,1652,1,1336,60
8980,1652,3,41,20
8981,1652,9,1665,20
8982,1652,4,458,57
8983,1653,5,1792,44
8984,1653,6,347,185
8985,1653,1,698,4
8986,1653,9,1880,147
8987,1654,8,497,174
8988,1655,5,589,117
8989,1655,10,1769,182
8990,1656,6,1070,21
8991,1656,3,239,105
8992,1656,4,178,109
8993,1656,8,1378,100
8994,1656,7,737,5
8995,1656,9,1890,13
8996,1656,1,1401,51
8997,1657,1,1311,52
8998,1657,6,405,182
8999,1657,3,1278,62
9000,1657,4,1548,12
9001,1657,2,217,79
9002,1657,8,393,139
9003,1657,9,302,183
9004,1658,7,1013,183
9005,1659,6,853,15
9006,1659,10,257,85
9007,1659,9,1566,6
9008,1659,2,1652,194
9009,1659,8,1714,5
9010,1660,5,1610,121
9011,1660,2,1356,194
9012,1660,3,62,25
9013,1660,6,1427,95
9014,1661,10,1390,136
9015,1661,4,1386,143
9016,1662,4,1045,112
9017,1662,5,1676,68
9018,1662,7,129,117
9019,1662,6,920,62
9020,1662,3,1064,91
9021,1663,6,359,190
9022,1663,4,131,99
9023,1663,2,1334,12
9024,1663,3,1969,158
9025,1663,5,710,17
9026,1663,1,1757,66
9027,1664,2,1400,146
9028,1664,5,68,18
9029,1664,3,980,78
9030,1664,7,263,158
9031,1664,10,1955,28
9032,1664,6,1919,193
9033,1664,9,331,69
9034,1664,4,961,88
9035,1664,8,993,86
9036,1665,8,1109,84
9037,1665,4,26,16
9038,1665,3,1810,161
9039,1665,5,1867,55
9040,1665,9,1654,132
9041,1665,7,1953,186
9042,1665,1,577,10
9043,1665,10,1829,8
9044,1665,6,1979,91
9045,1666,9,863,124
9046,1666,4,1559,163
9047,1666,6,1374,81
9048,1666,5,680,2
9049,1666,10,1971,18
9050,1666,3,1866,161
9051,1666,7,1231,123
9052,1666,8,1798,144
9053,1667,2,856,74
9054,1667,4,423,66
9055,1667,6,1106,184
9056,1668,4,642,69
9057,1668,1,1802,31
9058,1669,8,1116,39
9059,1669,1,1453,138
9060,1669,7,800,66
9061,1669,9,830,143
9062,1669,4,1958,66
9063,1670,1,1027,172
9064,1670,9,403,107
9065,1670,6,228,142
9066,1670,7,1131,96
9067,1670,8,818,95
9068,1670,4,1028,54
9069,1670,3,798,181
9070,1670,2,1454,176
9071,1670,5,51,46
9072,1671,4,65,17
9073,1671,7,135,108
9074,1672,5,772,0
9075,1672,7,433,181
9076,1673,10,370,176
9077,1673,5,286,183
9078,1673,9,27,18
9079,1674,4,911,65
9080,1674,8,652,113
9081,1674,9,140,62
9082,1674,5,23,19
9083,1674,2,192,74
9084,1675,5,513,27
9085,1675,4,1556,29
9086,1675,10,359,95
9087,1675,7,331,185
9088,1676,10,469,72
9089,1676,6,354,149
9090,1677,2,1687,172
9091,1677,1,1759,95
9092,1677,9,468,21
9093,1677,8,122,49
9094,1677,4,1228,122
9095,1677,5,1327,165
9096,1677,3,93,41
9097,1678,8,1291,193
9098,1678,7,593,118
9099,1678,9,1693,73
9100,1678,2,633,105
9101,1678,3,1471,105
9102,1678,6,662,22
9103,1679,10,1026,77
9104,1679,4,1739,17
9105,1679,2,1055,9
9106,1679,6,467,97
9107,1679,7,1137,99
9108,1679,3,989,177
9109,1679,1,339,119
9110,1679,9,1589,55
9111,1679,8,331,94
9112,1679,5,726,47
9113,1680,10,649,143
9114,1680,9,1208,182
9115,1680,4,1668,40
9116,1680,5,307,47
9117,1680,8,282,108
9118,1680,6,1828,161
9119,1680,7,1397,96
9120,1680,1,546,43
9121,1680,2,150,132
9122,1680,3,178,33
9123,1681,6,199,150
9124,1681,1,779,185
9125,1681,9,1189,195
9126,1682,4,581,131
9127,1682,7,271,112
9128,1682,2,1805,170
9129,1683,2,6,3
9130,1683,8,153,151
9131,1683,1,485,76
9132,1683,10,129,13
9133,1684,7,1724,53
9134,1684,6,350,2
9135,1684,10,117,6
9136,1684,5,1747,94
9137,1684,3,974,189
9138,1684,1,1133,121
9139,1684,8,1565,7
9140,1685,3,252,99
9141,1685,8,800,81
9142,1685,6,1396,101
9143,1685,1,1741,75
9144,1685,5,1335,0
9145,1685,9,112,92
9146,1685,10,535,82
9147,1685,7,1087,126
9148,1685,4,877,73
9149,1686,4,1171,122
9150,1686,3,1075,132
9151,1686,10,1961,5
9152,1686,9,1711,119
9153,1686,7,1186,141
9154,1687,5,13,2
9155,1687,9,1723,185
9156,1688,4,10,0
9157,1688,2,1405,85
9158,1688,6,1340,50
9159,1688,7,155,140
9160,1688,3,1932,4
9161,1689,10,1056,153
9162,1689,3,1809,74
9163,1689,1,1898,167
9164,1689,6,910,193
9165,1689,9,1491,91
9166,1689,5,1373,160
9167,1690,6,1548,123
9168,1690,2,1477,15
9169,1690,8,523,51
9170,1690,5,1587,65
9171,1690,7,1972,101
9172,1690,10,1368,49
9173,1690,9,514,188
9174,1691,10,1753,58
9175,1691,3,1430,144
9176,1691,8,1346,147
9177,1691,4,1080,87
9178,1691,7,690,177
9179,1691,5,1880,114
9180,1692,2,1677,136
9181,1692,3,642,109
9182,1692,5,86,9
9183,1692,7,1646,17
9184,1692,8,1975,60
9185,1692,1,759,37
9186,1692,6,675,84
9187,1692,10,951,173
9188,1693,6,1158,83
9189,1693,10,1641,75
9190,1693,1,855,153
9191,1693,9,841,124
9192,1693,3,1222,46
9193,1693,2,707,140
9194,1693,5,1202,121
9195,1694,3,1564,99
9196,1695,8,1743,108
9197,1695,7,302,82
9198,1695,2,998,84
9199,1695,6,1900,135
9200,1695,1,797,180
9201,1695,10,1899,46
9202,1695,9,694,119
9203,1695,5,16,16
9204,1695,4,753,160
9205,1695,3,388,145
9206,1696,7,1617,196
9207,1697,1,381,72
9208,1697,4,235,155
9209,1697,10,800,39
9210,1698,8,2000,169
9211,1698,9,1999,57
9212,1699,5,840,64
9213,1699,3,1144,176
9214,1699,7,919,32
9215,1699,8,1996,47
9216,1699,4,340,107
9217,1700,2,1469,152
9218,1700,9,1750,46
9219,1700,1,1878,164
9220,1700,5,501,106
9221,1700,10,1810,180
9222,1700,8,1990,107
9223,1700,7,1098,129
9224,1700,6,1728,139
9225,1701,2,812,53
9226,1701,1,778,12
9227,1701,4,578,119
9228,1701,7,255,74
9229,1702,6,818,103
9230,1702,4,1622,94
9231,1702,5,1976,173
9232,1702,2,1928,16
9233,1702,1,639,160
9234,1703,10,93,89
9235,1703,4,80,51
9236,1703,1,32,17
9237,1704,7,447,42
9238,1704,3,1802,91
9239,1704,10,1126,4
9240,1704,4,324,103
9241,1704,5,714,7
9242,1704,8,1963,56
9243,1705,9,821,106
9244,1705,8,1299,184
9245,1705,10,141,139
9246,1705,6,300,172
9247,1706,1,500,1
9248,1706,2,1416,111
9249,1707,2,487,105
9250,1707,7,207,200
9251,1707,6,1061,10
9252,1707,9,1403,47
9253,1707,3,290,196
9254,1707,5,1686,67
9255,1707,1,1666,32
9256,1707,4,391,134
9257,1707,10,1038,131
9258,1707,8,1584,93
9259,1708,10,921,18
9260,1708,2,1706,105
9261,1708,9,1807,32
9262,1708,3,219,93
9263,1708,6,958,111
9264,1708,5,1433,73
9265,1708,7,1316,110
9266,1708,8,796,112
9267,1708,4,1999,153
9268,1708,1,1831,195
9269,1709,9,1801,102
9270,1709,7,1891,176
9271,1709,8,1512,168
9272,1709,2,652,104
9273,1709,6,1464,95
9274,1709,4,942,191
9275,1710,6,42,4
9276,1710,7,1429,10
9277,1710,9,1318,175
9278,1710,5,323,169
9279,1710,10,1433,150
9280,1710,1,1664,175
9281,1710,8,1584,130
9282,1711,5,1475,191
9283,1711,7,1037,29
9284,1711,8,1399,125
9285,1711,10,482,158
9286,1711,9,1901,133
9287,1711,2,1413,194
9288,1711,4,871,37
9289,1711,3,1362,167
9290,1712,3,87,15
9291,1712,6,273,114
9292,1712,4,1471,184
9293,1713,6,853,151
9294,1713,2,703,192
9295,1713,10,1603,138
9296,1713,1,21,8
9297,1713,3,1781,41
9298,1713,7,1246,191
9299,1713,9,601,162
9300,1713,5,95,76
9301,1714,5,868,33
9302,1714,3,1253,127
9303,1714,9,1005,11
9304,1714,8,605,59
9305,1714,6,644,175
9306,1714,4,556,45
9307,1715,8,369,58
9308,1716,2,1974,180
9309,1716,6,838,127
9310,1716,4,1931,110
9311,1716,5,1714,188
9312,1716,9,1862,63
9313,1716,10,328,104
9314,1716,3,218,72
9315,1716,8,1460,15
9316,1716,7,749,24
9317,1716,1,447,72
9318,1717,7,458,22
9319,1717,5,1517,10
9320,1717,6,889,104
9321,1717,8,1406,121
9322,1717,9,1333,149
9323,1717,10,1785,160
9324,1717,3,148,69
9325,1718,7,930,130
9326,1718,8,1300,94
9327,1718,4,414,16
9328,1718,5,446,51
9329,1718,10,571,68
9330,1718,3,562,20
9331,1718,6,1362,106
9332,1718,2,27,2
9333,1718,9,1803,22
9334,1718,1,69,3
9335,1719,1,1030,54
9336,1719,8,1695,148
9337,1719,9,1612,57
9338,1720,5,1357,194
9339,1720,4,734,144
9340,1720,2,551,13
9341,1720,6,1146,138
9342,1720,8,917,151
9343,1721,7,819,54
9344,1721,1,173,168
9345,1721,4,341,26
9346,1721,5,1487,111
9347,1722,8,356,12
9348,1722,2,1712,0
9349,1722,6,32,0
9350,1722,1,518,149
9351,1722,3,1886,18
9352,1722,10,1465,58
9353,1722,5,660,53
9354,1722,7,1831,189
9355,1723,7,1968,85
9356,1723,9,1502,151
9357,1723,10,599,199
9358,1723,6,162,17
9359,1724,4,1390,98
9360,1724,3,465,135
9361,1724,6,5,2
9362,1724,2,1798,155
9363,1724,10,1465,200
9364,1724,9,1818,88
9365,1724,1,211,187
9366,1725,5,119,15
9367,1725,8,930,140
9368,1725,10,1241,41
9369,1725,3,990,133
9370,1725,6,1677,138
9371,1725,9,901,198
9372,1725,4,362,18
9373,1725,7,488,87
9374,1726,10,1904,168
9375,1726,1,617,44
9376,1726,4,1782,22
9377,1726,8,31,1
9378,1726,7,88,68
9379,1726,2,966,147
9380,1726,5,800,6
9381,1726,9,173,27
9382,1726,3,666,174
9383,1727,3,274,54
9384,1727,6,157,124
9385,1727,7,1625,195
9386,1727,5,1631,40
9387,1727,8,930,127
9388,1727,9,1086,122
9389,1727,4,656,77
9390,1727,1,756,58
9391,1727,10,10,4
9392,1728,4,1734,147
9393,1728,10,1845,166
9394,1728,3,768,95
9395,1728,5,1301,157
9396,1728,1,1582,147
9397,1728,6,120,45
9398,1728,8,307,153
9399,1728,2,499,24
9400,1729,1,306,77
9401,1729,4,1329,182
9402,1729,9,373,96
9403,1729,6,463,138
9404,1729,2,1680,96
9405,1729,7,864,185
9406,1729,8,1890,100
9407,1729,3,498,16
9408,1729,5,332,84
9409,1729,10,1781,178
9410,1730,4,782,27
9411,1730,8,1053,171
9412,1730,6,212,189
9413,1730,5,23,7
9414,1730,1,1930,115
9415,1730,2,1165,147
9416,1730,10,511,129
9417,1730,9,652,185
9418,1730,3,292,125
9419,1730,7,872,50
9420,1731,2,123,38
9421,1731,5,1388,159
9422,1731,6,17,8
9423,1731,10,606,36
9424,1731,3,559,199
9425,1731,7,914,196
9426,1731,8,1493,14
9427,1731,9,1938,9
9428,1732,4,348,141
9429,1732,8,889,192
9430,1732,2,491,99
9431,1733,5,1561,177
9432,1733,9,1653,168
9433,1733,1,1509,23
9434,1733,10,1289,63
9435,1733,7,1385,9
9436,1733,3,1349,77
9437,1733,8,1665,21
9438,1733,6,925,132
9439,1734,9,1506,110
9440,1734,2,1838,143
9441,1734,10,1770,158
9442,1735,5,231,149
9443,1735,3,578,141
9444,1735,7,1409,166
9445,1735,1,1164,134
9446,1735,9,1030,78
9447,1735,2,389,100
9448,1735,8,308,174
9449,1736,4,1168,56
9450,1736,2,1785,174
9451,1736,7,817,7
9452,1736,1,1392,98
9453,1736,5,1221,69
9454,1736,6,1659,192
9455,1736,8,666,136
9456,1736,9,114,98
9457,1737,10,140,121
9458,1737,1,225,126
9459,1737,9,359,192
9460,1737,3,1746,169
9461,1737,4,1901,168
9462,1737,8,1697,14
9463,1737,5,588,173
9464,1737,6,712,143
9465,1737,2,1970,16
9466,1737,7,1575,187
9467,1738,5,1300,70
9468,1738,9,920,32
9469,1738,3,274,4
9470,1739,7,286,169
9471,1739,8,30,16
9472,1739,1,450,103
9473,1739,4,341,138
9474,1739,6,970,161
9475,1739,10,1687,128
9476,1740,7,1777,5
9477,1740,10,1380,168
9478,1740,3,1601,140
9479,1740,6,1998,190
9480,1740,5,1542,184
9481,1740,8,1983,178
9482,1740,2,1141,1
9483,1740,9,1235,186
9484,1741,1,649,0
9485,1741,4,1740,60
9486,1741,10,655,113
9487,1741,6,1917,133
9488,1741,3,1285,177
9489,1742,3,59,23
9490,1743,7,1455,109
9491,1744,10,1637,98
9492,1744,6,1476,187
9493,1744,2,1983,145
9494,1745,2,1900,198
9495,1745,1,1537,24
9496,1745,4,1375,13
9497,1745,10,1811,55
9498,1745,6,1571,168
9499,1745,9,392,52
9500,1745,7,964,11
9501,1745,3,1877,96
9502,1745,8,1774,160
9503,1745,5,270,179
9504,1746,3,429,144
9505,1746,7,1528,187
9506,1746,5,1773,32
9507,1746,6,25,4
9508,1746,2,473,7
9509,1746,4,745,193
9510,1746,10,1635,54
9511,1746,1,1684,76
9512,1746,8,1297,34
9513,1746,9,860,78
9514,1747,2,1647,189
9515,1748,1,1139,17
9516,1748,9,1054,20
9517,1748,5,28,13
9518,1748,4,1245,190
9519,1748,7,1944,111
9520,1748,10,90,46
9521,1748,3,1660,177
9522,1748,6,966,165
9523,1748,8,587,130
9524,1749,1,1901,196
9525,1749,4,1514,184
9526,1749,5,1578,119
9527,1749,2,1334,93
9528,1749,8,1411,33
9529,1749,10,1515,197
9530,1749,6,540,98
9531,1749,3,1753,200
9532,1749,7,1936,56
9533,1750,5,1578,184
9534,1750,9,337,140
9535,1750,3,404,183
9536,1750,1,1728,190
9537,1750,10,1319,192
9538,1750,6,1511,119
9539,1750,8,414,6
9540,1750,4,128,65
9541,1750,2,89,88
9542,1751,4,1662,61
9543,1751,3,342,178
9544,1751,8,421,41
9545,1751,5,69,53
9546,1751,6,1640,50
9547,1751,9,1780,8
9548,1752,5,1781,14
9549,1752,2,135,94
9550,1752,4,1397,152
9551,1752,10,429,109
9552,1753,5,65,54
9553,1753,2,1429,113
9554,1754,4,1773,3
9555,1754,10,276,150
9556,1754,8,1326,70
9557,1754,2,1506,40
9558,1755,3,809,17
9559,1755,1,1909,76
9560,1755,10,286,171
9561,1755,8,67,45
9562,1755,9,5,3
9563,1756,9,502,131
9564,1756,5,1965,130
9565,1756,3,1799,168
9566,1756,7,1949,99
9567,1757,5,939,3
9568,1757,8,748,191
9569,1757,7,1118,179
9570,1757,10,232,37
9571,1757,2,639,140
9572,1757,6,91,51
9573,1757,9,357,113
9574,1757,4,148,15
9575,1758,2,1495,169
9576,1758,3,1535,110
9577,1758,7,656,141
9578,1758,4,717,158
9579,1758,8,1,0
9580,1758,9,1905,127
9581,1758,10,730,172
9582,1758,1,1220,167
9583,1759,2,707,34
9584,1759,1,1755,181
9585,1759,5,373,62
9586,1759,3,692,91
9587,1759,10,468,54
9588,1760,1,651,19
9589,1760,7,1454,102
9590,1760,9,1336,50
9591,1761,5,1781,110
9592,1761,2,160,144
9593,1761,7,774,143
9594,1762,2,307,65
9595,1762,3,653,79
9596,1762,6,940,29
9597,1762,9,1723,176
9598,1762,8,1017,97
9599,1762,1,642,63
9600,1762,5,1411,86
9601,1762,4,1752,134
9602,1762,7,177,143
9603,1762,10,1625,21
9604,1763,8,498,61
9605,1763,3,1254,134
9606,1763,1,60,47
9607,1763,5,95,51
9608,1763,6,665,175
9609,1763,10,343,86
9610,1763,7,1305,68
9611,1763,9,1669,11
9612,1763,4,6,2
9613,1764,5,1077,79
9614,1764,9,1479,145
9615,1764,1,1553,186
9616,1764,8,331,79
9617,1764,6,1525,91
9618,1764,2,1196,17
9619,1764,4,1172,72
9620,1764,10,1230,128
9621,1764,7,1633,109
9622,1764,3,776,24
9623,1765,3,1859,178
9624,1765,4,1565,0
9625,1765,2,420,196
9626,1765,7,1822,31
9627,1765,9,1070,46
9628,1765,10,759,97
9629,1766,3,1979,110
9630,1766,5,499,93
9631,1766,10,194,21
9632,1766,2,624,182
9633,1766,6,1341,55
9634,1766,4,53,43
9635,1766,9,1293,78
9636,1767,9,1657,117
9637,1767,2,402,87
9638,1767,3,603,113
9639,1767,8,1758,197
9640,1767,6,849,48
9641,1768,1,1877,140
9642,1768,9,401,168
9643,1768,2,1180,166
9644,1768,3,1018,161
9645,1768,7,1931,94
9646,1768,5,1363,161
9647,1768,8,1831,126
9648,1768,6,959,9
9649,1769,4,290,181
9650,1769,2,1041,199
9651,1769,6,163,125
9652,1769,7,1132,49
9653,1770,9,1527,192
9654,1770,2,1373,65
9655,1770,1,986,170
9656,1770,4,1397,91
9657,1771,5,716,20
9658,1771,2,1068,8
9659,1771,9,1861,49
9660,1771,3,626,184
9661,1771,8,1653,60
9662,1771,6,298,14
9663,1772,9,1473,173
9664,1773,10,277,181
9665,1773,9,430,158
9666,1773,3,1825,10
9667,1774,7,1670,100
9668,1774,1,828,43
9669,1775,6,206,118
9670,1776,10,1834,176
9671,1776,8,1052,156
9672,1776,7,526,49
9673,1777,9,1385,128
9674,1777,8,1809,157
9675,1777,1,1044,2
9676,1777,4,1850,153
9677,1777,2,593,20
9678,1777,7,868,31
9679,1777,6,1462,33
9680,1778,4,1945,39
9681,1778,8,106,97
9682,1779,3,1242,170
9683,1779,10,1449,46
9684,1779,2,1879,81
9685,1779,9,99,54
9686,1779,4,915,166
9687,1779,7,1671,148
9688,1779,6,335,108
9689,1779,5,1731,125
9690,1779,8,1899,199
9691,1779,1,119,64
9692,1780,5,1085,118
9693,1780,6,1892,70
9694,1780,1,1290,192
9695,1780,10,697,61
9696,1780,8,130,80
9697,1780,7,811,142
9698,1780,4,370,181
9699,1780,9,930,78
9700,1780,3,532,69
9701,1781,6,65,11
9702,1781,8,1990,99
9703,1781,4,1369,34
9704,1781,10,774,178
9705,1781,5,369,122
9706,1781,7,1121,136
9707,1781,1,1464,52
9708,1781,3,1273,146
9709,1781,9,982,44
9710,1781,2,1142,143
9711,1782,7,1815,122
9712,1783,9,530,87
9713,1783,7,916,137
9714,1784,1,1011,145
9715,1784,4,127,93
9716,1784,5,1915,95
9717,1784,2,966,15
9718,1784,9,474,189
9719,1784,8,1738,155
9720,1784,3,747,190
9721,1784,7,438,20
9722,1784,6,1907,199
9723,1784,10,1543,120
9724,1785,9,159,27
9725,1785,6,766,93
9726,1786,8,500,161
9727,1786,7,976,37
9728,1786,6,595,124
9729,1787,2,1459,69
9730,1787,5,1602,83
9731,1788,4,1104,9
9732,1789,4,276,106
9733,1789,5,376,153
9734,1789,8,120,83
9735,1789,6,1182,143
9736,1790,8,1234,121
9737,1790,7,1702,51
9738,1790,3,1219,196
9739,1790,2,54,33
9740,1790,4,1174,14
9741,1790,5,1656,29
9742,1791,8,1874,150
9743,1791,7,1533,23
9744,1791,9,1536,66
9745,1792,6,1157,182
9746,1792,2,1196,121
9747,1793,7,1659,9
9748,1794,2,454,52
9749,1794,5,1132,172
9750,1794,1,824,191
9751,1794,8,1520,194
9752,1794,10,760,47
9753,1794,9,1499,124
9754,1794,4,1838,40
9755,1794,7,596,125
9756,1795,10,719,84
9757,1795,2,1821,106
9758,1795,5,1021,27
9759,1796,6,1548,37
9760,1796,1,142,95
9761,1796,10,400,139
9762,1797,5,420,150
9763,1797,10,1882,148
9764,1797,6,331,130
9765,1797,2,1407,177
9766,1797,1,292,73
9767,1797,9,283,80
9768,1797,4,1579,57
9769,1798,4,158,52
9770,1798,7,1491,114
9771,1798,6,1923,178
9772,1798,9,1323,12
9773,1798,8,1986,186
9774,1798,5,1487,176
9775,1798,10,412,58
9776,1798,1,1918,183
9777,1798,3,856,196
9778,1799,7,762,121
9779,1799,4,1423,117
9780,1799,9,1135,101
9781,1799,3,480,101
9782,1799,8,1267,136
9783,1799,6,928,30
9784,1800,4,1809,42
9785,1800,7,1500,85
9786,1801,6,1549,93
9787,1801,10,1506,122
9788,1801,7,1460,23
9789,1801,2,920,121
9790,1801,5,1405,100
9791,1801,3,663,119
9792,1801,1,639,195
9793,1802,10,1310,62
9794,1802,4,1180,148
9795,1802,5,228,41
9796,1803,7,427,49
9797,1803,4,726,32
9798,1803,5,665,118
9799,1804,4,212,82
9800,1804,7,1174,88
9801,1804,6,398,107
9802,1804,1,1161,149
9803,1804,3,1192,165
9804,1804,5,1711,36
9805,1804,8,1963,156
9806,1804,2,1078,75
9807,1804,10,1428,94
9808,1805,3,953,130
9809,1805,2,1031,98
9810,1805,10,1460,187
9811,1805,4,154,58
9812,1805,5,1177,33
9813,1806,3,1180,77
9814,1806,6,1542,118
9815,1806,4,1443,192
9816,1806,5,505,113
9817,1806,10,97,60
9818,1806,2,1884,157
9819,1806,7,1554,159
9820,1806,8,153,33
9821,1806,1,1220,23
9822,1806,9,830,196
9823,1807,9,408,36
9824,1808,3,83,65
9825,1808,9,1716,160
9826,1808,7,661,4
9827,1808,6,645,15
9828,1808,1,1547,32
9829,1808,4,1497,113
9830,1808,5,1284,17
9831,1808,8,1871,179
9832,1808,2,732,116
9833,1808,10,1763,82
9834,1809,4,458,176
9835,1810,7,1786,33
9836,1810,10,921,171
9837,1810,3,1721,65
9838,1810,2,1091,166
9839,1811,5,858,48
9840,1811,7,1088,182
9841,1811,9,1264,97
9842,1811,10,1675,61
9843,1811,1,1111,150
9844,1811,2,812,125
9845,1811,6,787,160
9846,1811,8,725,171
9847,1811,4,919,111
9848,1812,3,1265,146
9849,1812,6,751,118
9850,1812,4,1838,168
9851,1812,10,1464,145
9852,1812,5,1753,164
9853,1812,2,930,42
9854,1812,9,1835,121
9855,1812,8,1881,83
9856,1812,1,980,123
9857,1813,5,733,132
9858,1813,6,71,26
9859,1813,9,1632,5
9860,1813,3,46,36
9861,1814,8,1520,168
9862,1814,2,430,59
9863,1814,3,928,83
9864,1814,7,207,191
9865,1814,9,397,145
9866,1814,4,1184,102
9867,1814,1,487,197
9868,1815,10,383,54
9869,1815,9,915,156
9870,1815,3,1091,71
9871,1816,1,1948,161
9872,1816,3,547,19
9873,1816,6,384,4
9874,1817,2,1703,78
9875,1817,4,1852,188
9876,1817,5,999,30
9877,1817,9,528,117
9878,1817,10,1211,164
9879,1818,1,754,177
9880,1818,5,1090,42
9881,1818,9,1626,85
9882,1818,6,899,107
9883,1818,3,1589,95
9884,1818,4,1346,94
9885,1819,1,338,186
9886,1819,10,1164,0
9887,1819,2,598,42
9888,1819,4,1064,18
9889,1819,9,1518,165
9890,1819,3,331,50
9891,1819,8,1274,54
9892,1819,6,1187,69
9893,1819,7,1064,154
9894,1819,5,593,157
9895,1820,5,1304,102
9896,1821,10,1152,108
9897,1822,5,218,0
9898,1822,8,1565,3
9899,1822,10,1531,134
9900,1822,1,1238,125
9901,1822,7,11,8
9902,1822,3,1431,37
9903,1823,2,1149,177
9904,1823,8,1056,128
9905,1823,7,1089,33
9906,1823,5,570,165
9907,1823,4,1275,24
9908,1823,9,435,148
9909,1823,6,1755,56
9910,1823,10,1812,103
9911,1824,10,444,129
9912,1824,6,375,154
9913,1824,2,456,197
9914,1824,9,59,14
9915,1824,1,302,122
9916,1824,8,1129,197
9917,1824,3,1117,62
9918,1824,5,534,21
9919,1825,10,1269,136
9920,1825,4,1078,110
9921,1825,8,1547,18
9922,1825,5,964,61
9923,1825,2,401,85
9924,1825,6,555,174
9925,1825,9,1208,200
9926,1825,3,880,107
9927,1826,6,1320,36
9928,1826,7,1848,121
9929,1826,2,1768,47
9930,1827,4,430,21
9931,1827,7,1077,94
9932,1827,8,434,92
9933,1827,9,720,32
9934,1828,5,798,108
9935,1828,7,1239,6
9936,1828,4,890,87
9937,1828,10,1613,57
9938,1828,6,903,168
9939,1828,9,1273,41
9940,1828,8,1312,126
9941,1828,2,1490,171
9942,1829,9,462,192
9943,1829,7,545,94
9944,1829,4,225,62
9945,1829,6,1459,28
9946,1829,8,523,132
9947,1829,10,1115,14
9948,1830,9,340,107
9949,1830,7,451,36
9950,1830,4,666,78
9951,1830,3,595,105
9952,1830,8,460,165
9953,1831,1,1299,112
9954,1831,9,1033,37
9955,1831,6,454,12
9956,1831,3,1547,198
9957,1831,4,465,138
9958,1831,5,1102,150
9959,1832,10,1931,55
9960,1832,9,277,199
9961,1832,4,803,112
9962,1832,6,842,38
9963,1832,1,347,131
9964,1832,7,1152,77
9965,1832,8,1998,193
9966,1833,7,957,138
9967,1833,9,632,71
9968,1833,5,911,30
9969,1833,4,834,137
9970,1833,8,829,106
9971,1833,6,199,63
9972,1834,8,685,50
9973,1834,4,199,10
9974,1834,5,655,35
9975,1834,1,291,92
9976,1835,3,47,26
9977,1835,9,103,62
9978,1835,5,1788,46
9979,1835,4,1963,114
9980,1835,6,991,190
9981,1835,1,758,102
9982,1835,8,198,161
9983,1835,10,113,94
9984,1835,2,916,111
9985,1836,9,1392,129
9986,1836,7,563,190
9987,1836,10,1083,51
9988,1836,5,1286,2
9989,1836,3,242,58
9990,1836,6,958,18
9991,1836,4,862,45
9992,1836,8,227,138
9993,1837,4,1145,141
9994,1837,1,1984,185
9995,1837,3,589,54
9996,1837,8,1090,28
9997,1837,7,1991,8
9998,1837,6,1594,94
9999,1837,10,1921,103
10000,1837,5,1786,71
10001,1838,8,723,24
10002,1838,1,1017,3
10003,1838,5,981,25
10004,1839,5,791,81
10005,1839,2,1979,132
10006,1840,1,390,57
10007,1840,7,198,134
10008,1840,2,1124,156
10009,1840,5,1143,136
10010,1840,8,523,28
10011,1840,6,1861,110
10012,1841,9,435,92
10013,1841,4,1124,145
10014,1841,5,497,156
10015,1841,6,1068,184
10016,1841,2,921,12
10017,1841,1,1704,61
10018,1841,8,717,182
10019,1842,7,1724,113
10020,1842,2,782,192
10021,1842,4,1803,25
10022,1842,6,61,23
10023,1842,10,1606,1
10024,1842,3,451,178
10025,1842,8,1960,61
10026,1843,10,1807,172
10027,1843,1,299,22
10028,1843,2,67,46
10029,1843,4,591,182
10030,1843,6,326,178
10031,1843,7,1286,46
10032,1843,9,1900,139
10033,1843,3,1505,189
10034,1844,7,1620,79
10035,1844,10,1424,171
10036,1844,5,2,0
10037,1844,2,1091,80
10038,1845,10,595,70
10039,1845,7,249,188
10040,1845,3,1193,49
10041,1845,2,1581,40
10042,1845,9,1600,135
10043,1846,4,581,136
10044,1846,9,364,111
10045,1846,6,160,79
10046,1846,8,312,130
10047,1846,1,544,97
10048,1847,2,488,51
10049,1847,8,322,172
10050,1847,1,1498,156
10051,1847,4,1842,24
10052,1847,5,813,162
10053,1848,3,1682,161
10054,1848,7,129,108
10055,1848,2,1192,186
10056,1848,5,1215,161
10057,1849,9,1634,82
10058,1849,7,1774,79
10059,1849,1,204,189
10060,1849,6,1513,104
10061,1849,8,1648,115
10062,1849,2,786,65
10063,1850,6,788,11
10064,1850,5,494,197
10065,1850,7,577,196
10066,1850,1,214,185
10067,1850,2,252,137
10068,1850,10,1825,6
10069,1851,4,726,22
10070,1851,2,377,111
10071,1851,9,1053,83
10072,1851,5,1821,115
10073,1851,7,660,132
10074,1852,9,1459,127
10075,1852,6,54,28
10076,1852,1,1279,151
10077,1852,7,986,133
10078,1852,8,850,46
10079,1852,5,1778,35
10080,1852,4,726,18
10081,1852,10,1843,78
10082,1852,3,20,11
10083,1852,2,1828,151
10084,1853,2,1125,54
10085,1853,10,1384,190
10086,1853,9,411,9
10087,1854,1,1392,187
10088,1854,9,1237,170
10089,1854,5,1510,128
10090,1854,6,1845,141
10091,1854,10,384,159
10092,1854,7,370,86
10093,1855,6,601,18
10094,1856,6,1227,49
10095,1856,1,1790,165
10096,1856,8,1731,112
10097,1856,4,919,144
10098,1856,10,1705,21
10099,1856,3,1239,47
10100,1856,5,789,166
10101,1856,7,1242,22
10102,1856,2,1961,78
10103,1856,9,822,22
10104,1857,1,1926,160
10105,1857,5,47,13
10106,1858,8,860,112
10107,1858,1,283,166
10108,1858,2,1621,156
10109,1858,10,1288,160
10110,1858,6,1788,27
10111,1858,5,911,166
10112,1858,3,1225,93
10113,1858,9,133,111
10114,1858,4,771,118
10115,1858,7,202,41
10116,1859,6,1367,185
10117,1859,2,1159,77
10118,1859,7,1697,157
10119,1859,3,595,61
10120,1860,3,1938,105
10121,1860,1,1864,154
10122,1861,7,985,97
10123,1861,1,1171,175
10124,1861,10,1330,90
10125,1861,4,259,57
10126,1861,6,1663,26
10127,1861,9,1765,6
10128,1861,2,596,74
10129,1861,5,1975,98
10130,1861,3,804,86
10131,1862,7,779,158
10132,1862,1,1118,17
10133,1862,5,1492,40
10134,1862,4,610,23
10135,1862,8,1441,71
10136,1862,9,1018,168
10137,1863,1,1981,193
10138,1863,4,746,170
10139,1863,8,1994,160
10140,1863,7,632,160
10141,1863,9,1786,185
10142,1863,6,922,139
10143,1864,2,1899,130
10144,1864,6,1022,103
10145,1864,8,62,51
10146,1864,9,1103,175
10147,1864,5,229,1
10148,1864,7,1866,133
10149,1864,4,541,186
10150,1865,3,316,197
10151,1865,2,1621,69
10152,1865,1,1741,128
10153,1865,8,1110,26
10154,1865,10,1975,194
10155,1865,4,78,1
10156,1865,9,100,79
10157,1865,7,1086,42
10158,1865,5,1443,117
10159,1865,6,1509,158
10160,1866,6,686,20
10161,1866,3,587,17
10162,1866,1,210,98
10163,1866,10,1732,7
10164,1866,4,794,180
10165,1866,7,870,172
10166,1866,9,91,21
10167,1867,1,876,13
10168,1867,8,1112,118
10169,1867,6,1035,44
10170,1867,9,1543,136
10171,1867,4,426,161
10172,1867,7,1504,139
10173,1867,2,33,6
10174,1867,5,1884,20
10175,1867,3,13,13
10176,1867,10,841,104
10177,1868,10,498,114
10178,1868,4,1288,72
10179,1868,2,1695,121
10180,1868,3,1729,15
10181,1868,9,1264,25
10182,1868,8,1425,183
10183,1868,6,149,76
10184,1868,7,332,34
10185,1868,1,1533,172
10186,1868,5,1641,127
10187,1869,1,1255,142
10188,1869,3,147,96
10189,1869,6,1770,126
10190,1869,4,1142,124
10191,1869,7,1936,53
10192,1869,10,956,131
10193,1869,2,1484,158
10194,1870,9,556,5
10195,1870,4,1337,64
10196,1870,2,545,64
10197,1870,1,409,102
10198,1870,8,1842,137
10199,1870,10,447,89
10200,1870,3,39,15
10201,1870,5,1872,29
10202,1871,6,1073,110
10203,1871,7,265,80
10204,1871,8,489,155
10205,1872,8,700,39
10206,1872,2,746,105
10207,1872,1,1056,73
10208,1873,4,815,2
10209,1873,5,359,191
10210,1873,3,1126,77
10211,1873,6,1251,20
10212,1873,1,695,0
10213,1873,7,281,175
10214,1873,10,1833,62
10215,1873,8,20,10
10216,1874,10,441,168
10217,1874,3,836,40
10218,1874,4,1685,16
10219,1874,2,145,117
10220,1874,1,1170,190
10221,1874,6,1156,142
10222,1875,10,131,100
10223,1875,1,566,140
10224,1875,9,779,112
10225,1875,4,575,1
10226,1875,3,1222,138
10227,1875,7,1547,190
10228,1875,6,1779,90
10229,1876,10,936,58
10230,1876,2,1179,169
10231,1876,8,736,125
10232,1876,5,1848,187
10233,1876,7,1863,39
10234,1876,6,1436,79
10235,1876,3,298,189
10236,1876,4,192,66
10237,1877,8,444,105
10238,1877,10,1504,90
10239,1877,9,1123,16
10240,1877,7,913,37
10241,1877,6,1586,81
10242,1877,4,1430,94
10243,1878,2,193,1
10244,1878,7,1311,61
10245,1878,6,262,168
10246,1878,8,1400,140
10247,1878,4,1928,184
10248,1878,5,1790,88
10249,1878,9,6,6
10250,1878,1,448,174
10251,1878,3,1701,87
10252,1879,6,746,76
10253,1879,1,1791,70
10254,1879,7,1255,37
10255,1879,9,686,67
10256,1879,8,1994,75
10257,1880,8,998,129
10258,1881,2,1701,177
10259,1881,9,1365,187
10260,1881,6,1386,129
10261,1881,8,519,96
10262,1881,3,277,64
10263,1881,5,647,141
10264,1881,7,1823,192
10265,1881,10,248,70
10266,1881,1,983,155
10267,1881,4,1663,97
10268,1882,3,726,45
10269,1882,1,1135,59
10270,1882,6,1949,51
10271,1882,10,1873,116
10272,1882,4,216,105
10273,1882,5,1537,77
10274,1882,2,988,152
10275,1882,8,1932,124
10276,1883,8,1798,100
10277,1883,6,1926,189
10278,1883,7,771,17
10279,1883,10,1733,94
10280,1883,3,1067,71
10281,1883,5,1427,152
10282,1883,2,657,21
10283,1883,4,672,87
10284,1884,3,4,3
10285,1884,4,485,181
10286,1884,5,1690,53
10287,1884,1,227,184
10288,1885,3,676,28
10289,1885,2,685,156
10290,1885,4,1825,187
10291,1885,5,1985,85
10292,1885,6,1718,159
10293,1885,8,328,12
10294,1885,1,1826,67
10295,1885,9,726,82
10296,1886,9,1909,129
10297,1887,2,1193,186
10298,1887,6,421,5
10299,1887,4,1109,109
10300,1887,5,1889,116
10301,1887,10,1452,120
10302,1887,1,266,131
10303,1887,7,1283,193
10304,1887,3,41,36
10305,1887,8,592,140
10306,1888,7,1720,51
10307,1889,8,1092,83
10308,1889,5,1120,123
10309,1889,3,1935,54
10310,1889,10,310,28
10311,1890,2,499,120
10312,1890,3,273,15
10313,1890,6,268,13
10314,1890,8,777,175
10315,1890,1,355,193
10316,1890,5,879,89
10317,1891,2,581,27
10318,1891,1,430,101
10319,1891,7,816,190
10320,1891,9,888,17
10321,1892,9,1226,92
10322,1893,1,459,96
10323,1893,9,1208,56
10324,1893,10,1626,17
10325,1894,10,1845,21
10326,1894,8,1909,38
10327,1894,6,42,9
10328,1894,5,607,147
10329,1894,4,1139,73
10330,1894,9,540,156
10331,1894,7,259,2
10332,1894,1,1252,120
10333,1894,3,1615,125
10334,1894,2,683,120
10335,1895,9,117,87
10336,1895,3,1181,14
10337,1895,4,1903,184
10338,1895,2,825,61
10339,1896,1,1191,107
10340,1896,4,769,152
10341,1896,9,437,108
10342,1896,2,1342,4
10343,1897,7,1112,119
10344,1897,6,519,69
10345,1897,5,291,93
10346,1897,9,736,79
10347,1897,10,1728,43
10348,1897,8,334,71
10349,1897,1,1398,152
10350,1897,4,473,37
10351,1897,3,498,58
10352,1897,2,1658,134
10353,1898,6,84,70
10354,1899,7,749,200
10355,1899,2,136,86
10356,1899,10,943,26
10357,1899,8,693,195
10358,1899,6,670,120
10359,1899,1,1879,16
10360,1899,9,1787,64
10361,1899,3,181,131
10362,1900,4,1823,52
10363,1900,9,1454,137
10364,1900,2,666,162
10365,1900,6,294,20
10366,1901,7,1177,83
10367,1901,5,772,22
10368,1901,4,1023,154
10369,1901,6,1900,57
10370,1901,1,1429,130
10371,1901,9,1947,162
10372,1901,10,959,108
10373,1901,8,1718,42
10374,1901,3,1768,39
10375,1901,2,1013,178
10376,1902,2,709,111
10377,1902,1,1238,196
10378,1902,9,1083,196
10379,1902,6,246,112
10380,1903,7,1850,179
10381,1903,6,1152,89
10382,1903,1,1454,81
10383,1903,2,784,126
10384,1903,5,592,76
10385,1904,6,141,70
10386,1904,1,1925,63
10387,1904,5,780,184
10388,1904,10,546,123
10389,1904,7,1561,76
10390,1904,2,461,122
10391,1904,9,1991,168
10392,1905,2,1356,192
10393,1905,1,1593,31
10394,1906,10,460,190
10395,1906,9,299,97
10396,1906,8,1245,138
10397,1906,7,866,68
10398,1906,3,1336,69
10399,1906,5,1555,187
10400,1907,7,1923,197
10401,1907,9,307,32
10402,1907,4,1152,86
10403,1908,6,1818,154
10404,1908,1,1658,184
10405,1908,5,1749,69
10406,1909,2,26,14
10407,1909,8,1951,11
10408,1909,3,395,122
10409,1909,9,430,193
10410,1909,5,116,82
10411,1909,4,862,125
10412,1909,1,1520,158
10413,1909,10,511,74
10414,1909,7,747,40
10415,1910,5,16,1
10416,1911,3,1320,166
10417,1911,8,1253,157
10418,1911,7,434,77
10419,1911,6,1337,41
10420,1911,5,1431,108
10421,1911,1,1818,122
10422,1911,4,622,69
10423,1911,2,910,114
10424,1912,9,1936,41
10425,1912,2,1358,6
10426,1913,5,507,102
10427,1913,4,1994,3
10428,1913,2,1267,179
10429,1913,7,1271,171
10430,1913,1,1450,27
10431,1913,6,1473,193
10432,1914,9,1848,69
10433,1914,7,632,11
10434,1915,4,150,47
10435,1915,9,1413,46
10436,1915,7,1277,62
10437,1915,3,1048,10
10438,1915,1,614,107
10439,1915,10,1317,159
10440,1915,6,1419,151
10441,1915,8,1038,50
10442,1916,3,118,27
10443,1916,10,94,86
10444,1916,5,1955,62
10445,1916,1,528,128
10446,1916,7,1349,140
10447,1917,2,437,1
10448,1918,4,776,200
10449,1918,3,1915,159
10450,1918,5,222,140
10451,1918,10,1265,188
10452,1918,1,995,70
10453,1918,7,1537,155
10454,1918,2,244,18
10455,1918,8,1735,75
10456,1918,6,1232,144
10457,1919,8,382,172
10458,1919,2,11,4
10459,1919,6,1845,27
10460,1920,3,270,102
10461,1920,10,1025,88
10462,1920,8,117,41
10463,1920,6,288,118
10464,1920,1,1062,72
10465,1920,5,1078,200
10466,1920,9,1333,149
10467,1921,3,1108,80
10468,1921,1,285,157
10469,1921,10,1021,33
10470,1922,9,496,35
10471,1922,8,23,4
10472,1922,7,360,163
10473,1922,6,505,178
10474,1922,4,560,36
10475,1922,10,1765,187
10476,1923,2,1226,160
10477,1923,3,1548,28
10478,1923,7,773,71
10479,1923,1,1526,20
10480,1924,2,22,20
10481,1924,8,704,63
10482,1924,3,1424,36
10483,1924,7,1168,179
10484,1924,6,1804,51
10485,1924,10,96,18
10486,1924,1,609,94
10487,1924,4,1519,130
10488,1924,9,1964,185
10489,1925,8,652,24
10490,1925,10,735,182
10491,1925,3,512,32
10492,1925,6,137,102
10493,1925,5,1076,149
10494,1925,9,738,27
10495,1925,4,1724,151
10496,1925,7,810,195
10497,1925,2,658,22
10498,1926,5,445,32
10499,1926,3,1421,116
10500,1927,5,554,157
10501,1928,9,1470,111
10502,1928,7,474,69
10503,1928,5,864,116
10504,1928,6,1131,89
10505,1928,3,1818,140
10506,1928,4,976,94
10507,1928,8,1131,185
10508,1928,1,1072,107
10509,1929,8,106,22
10510,1929,2,1933,40
10511,1930,2,337,15
10512,1930,6,1162,99
10513,1930,8,742,80
10514,1931,5,1660,4
10515,1931,3,267,22
10516,1932,8,1922,103
10517,1932,9,1058,62
10518,1932,2,1261,109
10519,1932,6,558,10
10520,1932,7,1436,40
10521,1932,1,302,116
10522,1933,8,806,139
10523,1933,9,1591,170
10524,1933,2,1586,76
10525,1933,1,1070,155
10526,1933,7,1054,151
10527,1934,3,1555,82
10528,1934,1,23,20
10529,1934,7,1631,98
10530,1934,5,1171,43
10531,1934,9,1942,184
10532,1934,2,1043,158
10533,1935,9,1143,157
10534,1935,10,1055,27
10535,1935,6,1216,110
10536,1935,3,80,18
10537,1935,5,1019,183
10538,1935,7,1435,183
10539,1935,8,905,126
10540,1936,4,567,171
10541,1936,5,593,122
10542,1936,7,386,76
10543,1936,3,1903,186
10544,1936,2,909,147
10545,1936,10,678,67
10546,1936,8,1654,35
10547,1937,7,1729,141
10548,1937,2,661,4
10549,1937,4,515,128
10550,1937,9,1805,115
10551,1938,7,841,176
10552,1938,9,852,192
10553,1938,8,242,198
10554,1939,3,1932,151
10555,1939,4,434,88
10556,1939,1,1585,149
10557,1939,6,700,71
10558,1939,7,423,66
10559,1939,9,1633,46
10560,1939,8,1011,188
10561,1940,4,309,164
10562,1940,8,664,70
10563,1940,7,1823,103
10564,1940,5,737,137
10565,1940,3,81,25
10566,1940,10,706,8
10567,1940,1,33,24
10568,1940,6,929,49
10569,1940,9,1837,33
10570,1941,8,1246,46
10571,1941,9,566,17
10572,1941,10,1658,99
10573,1942,1,1731,197
10574,1942,8,1788,24
10575,1942,3,491,7
10576,1942,9,467,4
10577,1942,7,1710,124
10578,1942,2,645,36
10579,1942,10,714,85
10580,1942,6,1819,78
10581,1943,10,1878,136
10582,1943,7,1246,120
10583,1943,6,1819,147
10584,1943,8,674,105
10585,1943,1,205,23
10586,1943,3,1746,77
10587,1943,2,1159,122
10588,1944,10,678,153
10589,1944,5,1331,45
10590,1945,7,671,159
10591,1945,3,503,200
10592,1945,6,1338,96
10593,1945,5,261,44
10594,1945,9,1714,193
10595,1945,4,1024,129
10596,1945,10,510,97
10597,1945,1,1343,131
10598,1946,2,305,187
10599,1946,4,702,56
10600,1946,3,830,34
10601,1947,2,1532,153
10602,1947,10,610,178
10603,1947,9,1895,103
10604,1947,4,1066,9
10605,1947,6,1575,164
10606,1948,1,1294,35
10607,1948,7,970,40
10608,1948,9,959,154
10609,1948,6,1459,99
10610,1948,2,1245,51
10611,1948,5,280,70
10612,1948,3,188,162
10613,1948,4,444,3
10614,1948,8,166,6
10615,1948,10,57,57
10616,1949,7,1340,52
10617,1950,7,224,113
10618,1950,5,1788,66
10619,1950,2,1672,123
10620,1950,8,557,38
10621,1950,9,136,114
10622,1950,4,1550,198
10623,1950,6,527,3
10624,1950,10,133,42
10625,1951,2,425,74
10626,1951,4,182,8
10627,1951,10,1633,6
10628,1951,5,1848,29
10629,1951,8,85,35
10630,1951,7,417,178
10631,1951,9,1596,132
10632,1951,3,79,77
10633,1952,4,66,20
10634,1952,9,445,150
10635,1952,6,169,109
10636,1952,2,522,43
10637,1952,8,615,178
10638,1952,7,1935,88
10639,1952,5,1400,29
10640,1952,10,1043,75
10641,1952,1,628,85
10642,1953,10,637,80
10643,1953,3,1443,198
10644,1953,2,1607,38
10645,1953,6,1261,6
10646,1953,5,1023,43
10647,1953,9,1470,11
10648,1953,4,630,101
10649,1953,1,1432,65
10650,1954,3,1318,19
10651,1954,8,492,138
10652,1954,1,841,47
10653,1954,4,500,139
10654,1954,6,46,36
10655,1954,9,631,139
10656,1954,2,940,195
10657,1954,7,1068,130
10658,1954,5,26,4
10659,1955,4,113,66
10660,1955,3,1657,67
10661,1955,6,969,45
10662,1956,2,1036,28
10663,1956,9,1518,91
10664,1956,1,785,19
10665,1956,5,1234,57
10666,1956,8,145,65
10667,1956,7,1838,53
10668,1956,3,1854,4
10669,1956,4,1580,197
10670,1957,1,1230,14
10671,1957,7,1957,174
10672,1957,3,200,0
10673,1957,6,730,63
10674,1957,5,431,53
10675,1957,4,1380,84
10676,1957,8,1275,197
10677,1957,9,1566,127
10678,1957,2,1154,41
10679,1958,9,1522,13
10680,1958,4,1148,153
10681,1958,8,1407,47
10682,1958,10,700,82
10683,1958,2,1423,73
10684,1958,1,375,89
10685,1958,7,439,54
10686,1958,6,340,138
10687,1958,3,232,188
10688,1959,2,1467,43
10689,1960,6,300,67
10690,1960,4,868,168
10691,1960,3,672,159
10692,1960,2,826,185
10693,1960,1,733,94
10694,1960,10,1240,29
10695,1960,8,477,157
10696,1960,7,1022,160
10697,1960,5,1138,18
10698,1961,4,1024,9
10699,1961,8,1596,26
10700,1961,5,1997,12
10701,1961,6,1756,75
10702,1961,1,1593,62
10703,1961,3,159,142
10704,1962,6,58,22
10705,1963,4,1480,3
10706,1963,6,1266,107
10707,1963,3,1000,105
10708,1963,1,1350,179
10709,1963,8,1833,83
10710,1963,9,1339,198
10711,1963,5,520,191
10712,1963,2,56,13
10713,1964,4,886,131
10714,1964,8,1700,143
10715,1964,2,538,3
10716,1964,10,1107,188
10717,1964,3,1296,101
10718,1965,2,1605,0
10719,1965,8,1161,67
10720,1965,9,14,3
10721,1965,5,1858,121
10722,1965,7,1394,142
10723,1965,3,1478,149
10724,1965,1,1308,169
10725,1966,9,198,175
10726,1966,8,1227,132
10727,1966,5,719,150
10728,1966,4,828,3
10729,1966,3,1964,15
10730,1966,1,1353,170
10731,1966,10,1949,73
10732,1966,6,1886,83
10733,1966,2,839,166
10734,1966,7,1069,68
10735,1967,1,1108,113
10736,1967,7,1526,126
10737,1967,9,1101,23
10738,1967,3,1168,142
10739,1967,10,1221,180
10740,1967,6,1150,78
10741,1967,2,1954,152
10742,1967,5,225,51
10743,1967,4,68,59
10744,1968,5,1545,4
10745,1968,10,1836,16
10746,1969,1,1187,98
10747,1969,3,1264,11
10748,1969,10,1476,98
10749,1969,5,622,60
10750,1969,6,1570,136
10751,1969,7,1885,195
10752,1969,4,275,107
10753,1969,8,1769,189
10754,1969,2,1563,2
10755,1969,9,583,53
10756,1970,1,827,45
10757,1970,5,1752,111
10758,1970,3,225,85
10759,1970,8,35,7
10760,1970,9,1783,177
10761,1970,7,813,60
10762,1970,4,333,199
10763,1970,2,674,87
10764,1971,10,1259,62
10765,1971,3,192,55
10766,1971,2,261,119
10767,1972,10,1948,59
10768,1972,1,1815,48
10769,1972,3,1590,180
10770,1972,6,147,10
10771,1972,9,1234,19
10772,1973,7,61,56
10773,1973,3,1595,72
10774,1973,8,1370,166
10775,1973,4,1721,128
10776,1973,9,228,43
10777,1973,2,1,1
10778,1973,1,1249,70
10779,1973,6,1492,25
10780,1973,5,1012,157
10781,1974,8,305,31
10782,1974,5,1740,42
10783,1974,1,1746,142
10784,1974,7,1115,27
10785,1974,3,321,45
10786,1974,10,1489,68
10787,1975,9,1430,186
10788,1975,4,786,77
10789,1975,8,480,102
10790,1976,2,1726,53
10791,1976,5,1800,156
10792,1977,7,350,90
10793,1978,10,302,136
10794,1978,5,90,23
10795,1978,8,1581,171
10796,1978,4,1476,67
10797,1978,3,1118,93
10798,1978,9,1141,1
10799,1978,1,959,55
10800,1978,2,440,110
10801,1978,6,419,80
10802,1978,7,1995,59
10803,1979,9,1855,130
10804,1979,1,206,157
10805,1979,2,500,28
10806,1979,7,1363,176
10807,1979,5,1671,145
10808,1979,10,1976,20
10809,1979,6,847,12
10810,1979,4,890,194
10811,1980,8,578,74
10812,1980,6,1937,33
10813,1980,9,634,81
10814,1980,7,965,98
10815,1980,2,751,5
10816,1981,8,1947,7
10817,1981,2,530,41
10818,1981,3,991,106
10819,1981,10,1060,150
10820,1981,5,287,118
10821,1981,7,519,12
10822,1981,1,165,87
10823,1982,5,798,103
10824,1982,9,802,102
10825,1982,4,655,0
10826,1982,7,350,121
10827,1982,8,1469,54
10828,1983,9,973,91
10829,1983,3,195,36
10830,1983,8,332,166
10831,1983,1,1230,63
10832,1983,7,1189,101
10833,1983,4,853,171
10834,1983,6,1575,83
10835,1984,7,1842,171
10836,1984,4,135,92
10837,1984,5,1909,160
10838,1984,1,1895,100
10839,1984,2,651,34
10840,1984,8,1409,168
10841,1985,8,945,16
10842,1985,9,383,119
10843,1985,5,1969,120
10844,1985,2,890,46
10845,1985,7,972,111
10846,1985,10,39,34
10847,1985,6,1551,195
10848,1985,4,1137,97
10849,1986,3,1120,184
10850,1986,4,1915,176
10851,1986,1,682,15
10852,1986,6,1355,137
10853,1986,5,243,101
10854,1986,10,153,78
10855,1986,8,1214,3
10856,1986,2,1917,138
10857,1986,9,1719,191
10858,1987,4,1403,168
10859,1987,9,1252,109
10860,1987,6,693,3
10861,1987,5,1960,41
10862,1987,3,788,82
10863,1987,1,1419,155
10864,1987,7,1587,145
10865,1988,2,181,105
10866,1988,5,627,149
10867,1988,10,1645,118
10868,1988,6,904,101
10869,1989,1,181,19
10870,1989,6,1945,190
10871,1990,10,1297,84
10872,1990,5,388,98
10873,1990,9,14,3
10874,1990,1,89,37
10875,1990,4,227,195
10876,1990,3,941,136
10877,1991,5,816,114
10878,1991,8,1784,161
10879,1992,9,1626,10
10880,1992,8,138,26
10881,1992,2,261,129
10882,1992,6,933,95
10883,1993,7,325,115
10884,1993,9,896,136
10885,1993,1,103,29
10886,1993,4,483,19
10887,1993,5,421,117
10888,1993,10,541,188
10889,1993,3,1096,108
10890,1994,6,1741,58
10891,1994,7,183,163
10892,1994,3,232,141
10893,1994,5,110,95
10894,1994,2,1348,60
10895,1994,8,268,107
10896,1995,3,1105,0
10897,1995,6,619,183
10898,1995,10,1262,34
10899,1995,4,1945,34
10900,1995,9,1104,75
10901,1995,5,1568,178
10902,1995,1,675,128
10903,1995,8,16,16
10904,1995,2,558,112
10905,1995,7,1466,92
10906,1996,6,1356,39
10907,1996,4,1076,129
10908,1996,3,1101,122
10909,1996,2,1959,165
10910,1996,8,206,38
10911,1997,3,17,16
10912,1997,10,512,199
10913,1997,1,15,9
10914,1997,8,439,91
10915,1997,2,1293,108
10916,1997,4,72,54
10917,1997,9,348,168
10918,1997,7,448,44
10919,1998,5,1432,45
10920,1998,6,1857,129
10921,1998,8,1162,5
10922,1998,7,1665,10
10923,1998,4,273,186
10924,1998,1,1698,43
10925,1998,3,1953,87
10926,1998,2,1231,86
10927,1999,8,1179,127
10928,1999,3,1407,50
10929,2000,1,127,61
10930,2001,8,520,21
10931,2001,6,1742,146
10932,2001,4,1057,23
10933,2001,5,1140,6
10934,2001,2,193,119
10935,2001,3,1035,27
10936,2001,1,1072,183
10937,2001,9,374,52
10938,2001,7,588,63
10939,2001,10,505,110
10940,2002,5,346,118
10941,2002,4,43,2
10942,2002,7,1689,33
10943,2002,2,338,151
10944,2002,8,584,180
10945,2002,9,1563,181
10946,2002,6,108,85
10947,2002,10,264,172
10948,2002,3,1268,62
10949,2003,1,455,112
10950,2003,8,254,22
10951,2003,4,1400,146
10952,2003,3,1186,105
10953,2003,7,1523,16
10954,2003,10,465,83
10955,2003,6,1546,167
10956,2003,9,1382,84
10957,2004,6,1016,177
10958,2004,7,1380,14
10959,2004,9,1492,167
10960,2005,2,1428,163
10961,2005,3,452,176
10962,2005,9,1854,20
10963,2005,10,912,34
10964,2005,5,1600,98
10965,2005,1,1455,91
10966,2005,6,1614,73
10967,2005,8,156,8
10968,2005,4,1112,144
10969,2005,7,1551,142
10970,2006,9,730,160
10971,2006,5,216,51
10972,2006,4,1182,10
10973,2006,10,272,36
10974,2006,6,87,34
10975,2006,8,1980,177
10976,2007,8,1050,4
10977,2007,7,971,133
10978,2007,10,75,18
10979,2007,9,1068,185
10980,2007,4,1265,112
10981,2008,1,1921,158
10982,2008,9,486,151
10983,2008,8,287,63
10984,2008,3,1707,25
10985,2008,10,1295,54
10986,2008,2,849,7
10987,2009,5,799,101
10988,2009,10,128,124
10989,2009,4,598,53
10990,2009,8,960,7
10991,2010,1,1186,108
10992,2010,7,434,155
10993,2010,6,1638,38
10994,2010,5,104,47
10995,2010,9,60,11
10996,2010,10,421,63
10997,2010,3,643,179
10998,2011,8,874,17
10999,2012,3,908,167
11000,2012,7,1923,109
11001,2012,5,961,156
11002,2012,10,732,52
11003,2012,8,462,194
11004,2012,9,123,13
11005,2012,6,489,22
11006,2012,2,1157,97
11007,2012,1,1498,2
11008,2012,4,156,28
11009,2013,3,1300,53
11010,2013,4,455,185
11011,2013,6,902,1
11012,2013,9,619,88
11013,2013,1,1934,14
11014,2013,10,1744,2
11015,2013,8,225,44
11016,2014,4,1298,99
11017,2014,5,629,51
11018,2014,1,1365,66
11019,2014,2,284,66
11020,2014,3,126,53
11021,2015,9,1888,36
11022,2015,8,1521,110
11023,2015,1,1513,62
11024,2015,3,921,170
11025,2015,4,1578,69
11026,2015,2,904,193
11027,2016,7,1721,200
11028,2016,6,256,10
11029,2016,8,342,48
11030,2016,10,10,10
11031,2016,4,1297,179
11032,2016,2,211,90
11033,2016,9,1490,195
11034,2016,3,1366,63
11035,2017,7,1291,135
11036,2017,9,1781,196
11037,2017,1,1248,13
11038,2017,3,1349,118
11039,2017,8,190,9
11040,2018,7,583,161
11041,2018,9,291,86
11042,2018,5,795,11
11043,2018,6,1475,62
11044,2018,1,1228,43
11045,2019,9,939,88
11046,2019,7,1539,117
11047,2019,10,298,118
11048,2019,5,1413,169
11049,2020,6,1137,94
11050,2020,9,89,47
11051,2020,4,467,44
11052,2020,1,0,0
11053,2020,7,1213,91
11054,2021,7,951,130
11055,2022,2,1099,190
11056,2022,9,520,89
11057,2022,8,494,135
11058,2022,5,232,153
11059,2022,4,1760,138
11060,2022,1,1954,131
11061,2022,3,65,2
11062,2022,10,290,104
11063,2022,6,1710,43
11064,2022,7,711,135
11065,2023,5,1980,41
11066,2023,10,1416,112
11067,2023,3,221,42
11068,2023,1,1892,47
11069,2023,8,1805,124
11070,2024,8,555,97
11071,2024,2,660,14
11072,2024,4,718,50
11073,2024,5,888,75
11074,2025,6,425,142
11075,2025,10,591,123
11076,2025,1,823,71
11077,2025,2,1586,196
11078,2025,8,1087,185
11079,2025,4,1377,175
11080,2025,3,1424,100
11081,2025,5,1107,146
11082,2026,4,1840,184
11083,2026,6,254,153
11084,2026,3,1400,18
11085,2026,5,1875,36
11086,2026,8,1303,50
11087,2026,7,1756,143
11088,2027,7,1370,25
11089,2027,4,729,156
11090,2027,3,167,25
11091,2027,1,134,125
11092,2027,10,474,18
11093,2027,9,914,198
11094,2027,6,1251,186
11095,2027,8,1562,2
11096,2028,9,137,104
11097,2028,1,200,58
11098,2028,4,1339,195
11099,2028,6,1270,158
11100,2028,2,347,155
11101,2028,10,1818,160
11102,2028,5,1512,108
11103,2028,3,725,159
11104,2028,8,1856,93
11105,2028,7,1509,141
11106,2029,5,1399,194
11107,2029,3,1952,122
11108,2029,10,808,193
11109,2029,1,434,103
11110,2030,1,1237,106
11111,2030,7,481,140
11112,2031,8,379,108
11113,2031,5,1339,165
11114,2031,2,1491,121
11115,2031,4,37,36
11116,2031,7,80,34
11117,2032,1,1170,191
11118,2032,5,667,117
11119,2032,7,659,151
11120,2032,4,1249,61
11121,2032,10,554,74
11122,2032,8,824,114
11123,2032,2,651,156
11124,2032,9,583,141
11125,2033,4,1373,96
11126,2033,5,1036,185
11127,2033,2,1759,1
11128,2033,9,424,185
11129,2034,8,1913,6
11130,2034,5,1291,183
11131,2034,10,593,193
11132,2034,1,1276,151
11133,2034,2,1694,193
11134,2035,7,1265,149
11135,2035,9,65,4
11136,2035,1,428,182
11137,2035,5,361,170
11138,2035,3,1615,129
11139,2036,3,1348,185
11140,2036,8,1958,66
11141,2037,6,1384,127
11142,2037,10,881,157
11143,2037,5,653,99
11144,2038,3,668,67
11145,2038,4,343,14
11146,2039,4,406,11
11147,2040,6,16,3
11148,2040,4,1666,9
11149,2040,5,1849,185
11150,2040,10,1562,45
11151,2041,6,472,166
11152,2041,5,1533,170
11153,2041,9,1703,195
11154,2041,3,961,161
11155,2041,4,885,132
11156,2041,7,71,44
11157,2041,10,885,48
11158,2041,2,1290,138
11159,2041,8,1847,39
11160,2042,3,1724,19
11161,2043,2,1455,17
11162,2043,8,506,31
11163,2043,1,1577,156
11164,2043,3,897,98
11165,2043,4,781,82
11166,2043,7,843,38
11167,2043,9,1141,97
11168,2043,10,1433,79
11169,2043,5,1868,180
11170,2043,6,1061,34
11171,2044,4,1023,35
11172,2044,10,1857,189
11173,2044,2,1633,95
11174,2044,3,107,15
11175,2044,9,726,30
11176,2045,4,1527,116
11177,2045,10,495,58
11178,2045,6,896,145
11179,2045,9,1392,157
11180,2046,5,1758,106
11181,2046,1,105,71
11182,2046,8,232,155
11183,2046,3,1033,136
11184,2047,9,1182,184
11185,2047,10,1887,163
11186,2047,1,528,83
11187,2047,4,1614,5
11188,2048,3,1057,78
11189,2048,4,285,49
11190,2048,5,781,190
11191,2048,8,147,39
11192,2048,1,297,145
11193,2048,9,763,20
11194,2048,7,790,131
11195,2049,10,211,151
11196,2049,4,1645,112
11197,2049,9,115,30
11198,2049,1,1814,127
11199,2049,8,387,55
11200,2049,7,1798,17
11201,2049,6,1679,21
11202,2049,5,446,135
11203,2050,9,667,27
11204,2050,1,1036,193
11205,2050,3,1340,79
11206,2051,4,599,98
11207,2052,8,1754,36
11208,2052,3,1375,126
11209,2052,9,37,13
11210,2052,7,1574,176
11211,2052,10,1375,131
11212,2052,4,548,102
11213,2053,9,1802,49
11214,2053,1,953,196
11215,2053,6,1779,89
11216,2053,8,33,4
11217,2054,10,604,180
11218,2054,8,1714,180
11219,2054,3,1112,183
11220,2054,6,816,70
11221,2054,7,1631,74
11222,2054,9,573,86
11223,2054,5,1077,164
11224,2054,4,553,74
11225,2054,1,352,109
11226,2054,2,425,156
11227,2055,7,1458,6
11228,2055,8,585,101
11229,2055,3,1881,54
11230,2055,6,297,128
11231,2055,4,1570,159
11232,2055,1,1920,192
11233,2055,5,1820,188
11234,2055,10,644,39
11235,2055,2,893,13
11236,2055,9,270,194
11237,2056,8,756,182
11238,2056,2,1364,150
11239,2056,9,495,68
11240,2056,7,427,158
11241,2056,6,155,8
11242,2057,8,1456,186
11243,2057,6,1302,40
11244,2057,7,1032,108
11245,2057,3,1588,142
11246,2057,5,1332,0
11247,2057,1,799,170
11248,2057,9,665,109
11249,2058,6,980,152
11250,2058,2,185,141
11251,2058,1,350,47
11252,2058,7,1433,111
11253,2058,9,965,133
11254,2059,8,706,133
11255,2059,5,1580,94
11256,2060,10,1639,69
11257,2060,7,1414,64
11258,2060,1,1937,83
11259,2060,4,1695,152
11260,2060,9,173,98
11261,2060,2,766,127
11262,2060,5,79,56
11263,2060,3,432,65
11264,2060,8,1701,122
11265,2061,2,1967,149
11266,2061,4,771,16
11267,2061,8,1057,185
11268,2061,3,1253,167
11269,2061,9,1083,185
11270,2061,1,1150,51
11271,2061,7,1077,138
11272,2061,6,1925,18
11273,2061,10,1378,197
11274,2062,7,269,55
11275,2062,3,688,124
11276,2062,10,264,191
11277,2062,5,1316,157
11278,2062,6,261,54
11279,2063,10,1208,98
11280,2063,2,1828,146
11281,2063,7,296,95
11282,2063,4,1799,134
11283,2063,8,1387,176
11284,2063,1,525,117
11285,2063,5,1130,151
11286,2063,6,698,126
11287,2064,3,1318,131
11288,2064,7,163,108
11289,2064,9,1748,107
11290,2064,6,1558,110
11291,2064,8,275,146
11292,2064,5,405,0
11293,2064,4,1643,3
11294,2064,10,616,171
11295,2064,2,1758,62
11296,2065,7,1841,30
11297,2066,9,969,148
11298,2066,1,1686,89
11299,2066,4,82,33
11300,2066,10,1109,94
11301,2066,8,831,128
11302,2066,7,982,140
11303,2066,6,1456,121
11304,2066,3,375,89
11305,2066,5,1267,24
11306,2066,2,1906,81
11307,2067,7,1164,9
11308,2067,6,142,42
11309,2067,9,235,83
11310,2067,1,940,147
11311,2067,3,301,3
11312,2067,4,1708,175
11313,2067,2,1256,93
11314,2067,10,1254,35
11315,2068,9,905,111
11316,2068,7,215,139
11317,2069,7,202,14
11318,2069,4,73,61
11319,2069,8,1975,161
11320,2069,6,618,22
11321,2069,10,85,62
11322,2069,1,1777,16
11323,2069,3,1163,180
11324,2070,1,696,154
11325,2070,5,1938,67
11326,2070,7,848,35
11327,2070,9,1228,148
11328,2070,2,1331,116
11329,2070,3,522,110
11330,2071,4,538,109
11331,2071,1,392,124
11332,2071,2,1263,173
11333,2071,7,577,87
11334,2071,6,1291,113
11335,2071,8,20,2
11336,2071,10,679,167
11337,2071,9,1561,180
11338,2071,5,417,179
11339,2072,1,1304,162
11340,2072,4,687,41
11341,2072,9,1899,11
11342,2072,5,57,37
11343,2072,10,1409,65
11344,2073,7,459,155
11345,2073,10,916,48
11346,2073,2,715,192
11347,2073,9,458,45
11348,2074,7,1678,5
11349,2074,6,1732,108
11350,2074,4,674,0
11351,2075,5,1042,17
11352,2075,1,520,10
11353,2076,7,891,185
11354,2076,6,744,173
11355,2076,1,1417,6
11356,2076,8,989,45
11357,2076,2,1592,6
11358,2076,9,414,124
11359,2077,1,1959,154
11360,2077,9,1186,194
11361,2077,4,715,131
11362,2077,6,1932,142
11363,2077,7,1512,151
11364,2077,3,742,45
11365,2077,2,0,0
11366,2077,5,145,0
11367,2078,4,448,54
11368,2079,6,108,91
11369,2079,1,959,4
11370,2079,10,1143,158
11371,2079,9,445,108
11372,2079,4,333,188
11373,2079,7,309,153
11374,2079,3,742,113
11375,2079,5,346,173
11376,2079,8,600,18
11377,2080,1,899,21
11378,2080,10,1965,73
11379,2080,3,270,63
11380,2080,2,292,97
11381,2080,5,1463,62
11382,2080,7,1753,6
11383,2080,4,47,5
11384,2080,6,604,153
11385,2080,9,496,59
11386,2081,3,1254,29
11387,2081,7,294,95
11388,2081,4,1091,4
11389,2081,5,1030,7
11390,2081,9,1602,133
11391,2081,1,367,142
11392,2081,2,763,12
11393,2081,10,647,53
11394,2081,6,992,181
11395,2081,8,1105,136
11396,2082,8,1790,198
11397,2082,7,1046,188
11398,2083,9,65,28
11399,2083,7,385,25
11400,2083,8,767,177
11401,2083,2,1573,82
11402,2083,6,1758,119
11403,2083,5,728,21
11404,2083,3,36,30
11405,2083,1,1743,142
11406,2084,2,1760,76
11407,2084,10,1944,177
11408,2084,6,994,9
11409,2084,7,599,26
11410,2085,6,1971,95
11411,2085,3,959,72
11412,2085,10,1146,127
11413,2085,9,1116,109
11414,2086,2,1766,158
11415,2086,4,641,127
11416,2086,1,364,36
11417,2086,3,670,66
11418,2086,10,602,174
11419,2086,9,987,136
11420,2086,6,503,34
11421,2087,1,1438,178
11422,2087,8,1468,104
11423,2087,5,1646,0
11424,2087,2,1637,32
11425,2088,10,187,78
11426,2088,2,1320,123
11427,2089,3,301,64
11428,2089,2,991,114
11429,2089,6,1579,85
11430,2089,9,1802,17
11431,2089,1,1748,92
11432,2090,5,128,28
11433,2090,6,1524,62
11434,2090,9,797,82
11435,2091,3,594,174
11436,2091,4,739,58
11437,2091,10,236,35
11438,2091,1,178,55
11439,2091,5,626,150
11440,2091,9,1070,176
11441,2091,6,1236,110
11442,2091,7,626,34
11443,2092,7,1167,61
11444,2092,5,42,23
11445,2092,4,312,168
11446,2092,9,779,169
11447,2093,8,890,104
11448,2093,9,1612,5
11449,2093,5,1013,28
11450,2093,6,853,0
11451,2094,7,934,145
11452,2094,6,1634,107
11453,2094,1,1537,4
11454,2094,10,1651,13
11455,2094,4,952,133
11456,2094,3,1460,195
11457,2094,5,673,167
11458,2094,8,139,20
11459,2094,9,1727,192
11460,2095,2,534,138
11461,2095,6,2000,34
11462,2095,7,834,132
11463,2095,3,1811,134
11464,2095,10,295,42
11465,2095,5,581,135
11466,2096,9,265,51
11467,2096,5,79,11
11468,2096,10,692,25
11469,2096,1,1594,40
11470,2096,3,977,109
11471,2096,8,240,33
11472,2097,6,12,7
11473,2097,2,913,124
11474,2097,8,988,54
11475,2098,6,1466,130
11476,2098,5,108,94
11477,2098,4,176,35
11478,2098,3,1123,138
11479,2098,10,933,180
11480,2098,7,1049,71
11481,2099,4,1016,49
11482,2100,1,916,16
11483,2100,4,1517,22
11484,2100,6,774,199
11485,2101,8,838,181
11486,2101,6,948,106
11487,2101,3,731,143
11488,2101,4,746,48
11489,2101,1,1975,32
11490,2101,9,897,123
11491,2101,2,48,16
11492,2101,5,675,52
11493,2101,10,1725,1
11494,2102,10,1580,195
11495,2102,4,256,139
11496,2102,2,1304,175
11497,2102,6,883,147
11498,2102,1,1635,199
11499,2103,9,255,3
11500,2103,1,9,9
11501,2103,4,1590,88
11502,2104,8,645,115
11503,2104,7,992,27
11504,2104,9,1123,172
11505,2104,5,599,64
11506,2105,1,1598,4
11507,2105,9,312,141
11508,2105,3,1021,142
11509,2105,5,1281,158
11510,2105,4,66,24
11511,2106,3,804,65
11512,2106,5,1704,75
11513,2106,4,795,173
11514,2106,8,1176,185
11515,2107,9,1579,194
11516,2108,1,23,5
11517,2108,9,1322,12
11518,2108,10,1358,89
11519,2108,8,1600,186
11520,2108,6,1968,180
11521,2108,5,327,58
11522,2108,2,753,1
11523,2108,4,777,145
11524,2108,7,1774,48
11525,2108,3,486,66
11526,2109,8,726,86
11527,2109,1,1974,46
11528,2109,9,1179,86
11529,2109,7,207,7
11530,2109,3,1363,60
11531,2109,10,40,38
11532,2109,6,158,110
11533,2109,5,847,129
11534,2109,4,1757,134
11535,2109,2,857,132
11536,2110,7,612,3
11537,2110,3,1998,63
11538,2110,5,727,42
11539,2110,8,1154,178
11540,2110,10,670,122
11541,2110,1,1407,46
11542,2110,6,1567,136
11543,2110,9,798,53
11544,2110,2,1614,23
11545,2110,4,415,82
11546,2111,7,1182,146
11547,2111,5,1373,141
11548,2111,3,104,104
11549,2111,10,1822,139
11550,2112,3,549,176
11551,2112,9,1293,33
11552,2112,5,503,161
11553,2112,1,1787,178
11554,2113,7,547,160
11555,2113,5,1191,17
11556,2113,2,1401,42
11557,2113,3,933,46
11558,2113,8,361,62
11559,2113,9,1806,3
11560,2113,4,220,194
11561,2113,10,1466,17
11562,2113,6,1006,59
11563,2113,1,1150,28
11564,2114,8,871,119
11565,2115,9,1792,77
11566,2115,6,926,135
11567,2115,3,1623,91
11568,2115,4,1536,130
11569,2116,10,1913,193
11570,2116,9,1413,102
11571,2116,6,1490,1
11572,2116,1,889,14
11573,2116,4,429,26
11574,2117,8,1544,179
11575,2117,4,542,96
11576,2117,3,1081,70
11577,2117,6,1686,39
11578,2117,5,1078,72
11579,2117,10,1975,1
11580,2117,2,1762,66
11581,2117,7,311,17
11582,2117,9,984,132
11583,2117,1,130,89
11584,2118,5,1670,65
11585,2118,1,825,188
11586,2118,3,550,79
11587,2118,9,440,71
11588,2118,6,939,178
11589,2118,4,900,80
11590,2118,7,1739,197
11591,2118,2,1823,102
11592,2118,8,594,119
11593,2119,6,448,187
11594,2119,5,638,157
11595,2119,1,1991,2
11596,2119,8,139,83
11597,2119,2,667,117
11598,2120,2,127,30
11599,2120,4,879,1
11600,2120,8,1064,55
11601,2120,5,554,66
11602,2120,3,528,62
11603,2120,10,1745,197
11604,2120,1,461,122
11605,2120,6,146,121
11606,2120,7,233,130
11607,2120,9,1342,97
11608,2121,9,1362,121
11609,2121,7,588,129
11610,2121,2,6,4
11611,2121,8,662,136
11612,2121,5,549,97
11613,2121,3,1353,180
11614,2121,6,1660,106
11615,2121,1,534,27
11616,2121,4,1719,167
11617,2121,10,1875,47
11618,2122,2,1539,91
11619,2122,10,1842,84
11620,2122,3,1577,123
11621,2122,5,1358,33
11622,2123,8,641,193
11623,2124,2,438,97
11624,2124,7,167,1
11625,2124,6,1138,164
11626,2124,1,1701,29
11627,2124,4,231,124
11628,2124,10,1365,57
11629,2124,3,340,150
11630,2125,3,1329,146
11631,2125,9,13,4
11632,2125,6,1526,186
11633,2125,1,669,38
11634,2125,7,246,0
11635,2126,1,1226,177
11636,2126,3,1626,108
11637,2126,6,136,30
11638,2126,4,799,59
11639,2126,8,1277,170
11640,2126,5,836,127
11641,2127,3,1098,4
11642,2127,7,558,124
11643,2127,9,1372,181
11644,2127,2,1952,162
11645,2127,5,176,129
11646,2127,4,703,86
11647,2127,8,1661,179
11648,2127,1,730,103
11649,2127,10,87,34
11650,2128,2,1112,155
11651,2128,9,582,10
11652,2128,5,715,99
11653,2128,8,1914,13
11654,2128,7,836,70
11655,2128,3,1777,1
11656,2128,4,1412,101
11657,2128,1,755,144
11658,2129,10,145,119
11659,2129,6,1849,14
11660,2129,1,563,30
11661,2129,5,40,6
11662,2129,9,1852,146
11663,2129,3,546,2
11664,2130,4,1238,11
11665,2130,3,1467,130
11666,2130,8,1517,195
11667,2130,6,1631,6
11668,2130,7,650,168
11669,2130,10,505,191
11670,2131,8,247,43
11671,2131,7,629,194
11672,2131,4,1010,105
11673,2132,1,944,40
11674,2132,8,456,75
11675,2132,7,1526,170
11676,2132,2,329,68
11677,2132,10,1097,74
11678,2132,4,1683,153
11679,2132,6,665,141
11680,2132,5,29,14
11681,2132,3,695,96
11682,2132,9,412,109
11683,2133,1,816,169
11684,2133,6,941,113
11685,2134,4,650,83
11686,2134,7,1290,144
11687,2134,2,702,145
11688,2134,10,673,136
11689,2135,5,1190,121
11690,2135,7,1530,167
11691,2136,8,1694,183
11692,2136,2,1719,97
11693,2136,10,1515,20
11694,2136,6,1140,92
11695,2136,3,1887,131
11696,2136,7,1996,24
11697,2137,9,1136,157
11698,2137,7,1062,121
11699,2137,1,1013,105
11700,2138,2,791,30
11701,2138,1,1758,137
11702,2138,7,1694,107
11703,2138,8,563,129
11704,2138,5,1200,90
11705,2138,9,1271,116
11706,2139,10,130,9
11707,2139,3,1244,155
11708,2139,8,931,140
11709,2139,1,264,111
11710,2139,9,16,8
11711,2140,4,353,153
11712,2141,1,1823,45
11713,2141,8,197,188
11714,2141,9,1845,188
11715,2142,10,1694,146
11716,2142,8,1622,101
11717,2142,6,1200,35
11718,2142,9,1226,130
11719,2142,7,1197,14
11720,2142,2,72,65
11721,2142,3,1845,31
11722,2142,1,1944,181
11723,2143,3,518,124
11724,2143,2,982,3
11725,2143,8,1186,21
11726,2143,10,1708,177
11727,2144,4,469,19
11728,2144,9,1573,58
11729,2144,5,161,140
11730,2144,6,1852,77
11731,2144,8,414,115
11732,2145,1,404,194
11733,2145,6,1338,109
11734,2145,10,1501,199
11735,2145,9,241,83
11736,2145,7,402,83
11737,2145,8,142,61
11738,2145,3,179,69
11739,2145,2,1850,75
11740,2145,5,566,149
11741,2145,4,1323,128
11742,2146,3,1788,71
11743,2146,2,1199,23
11744,2146,10,1031,12
11745,2147,10,1046,40
11746,2147,7,159,129
11747,2147,1,195,167
11748,2148,5,1702,32
11749,2148,8,579,186
11750,2148,2,855,127
11751,2148,9,1720,78
11752,2148,7,930,2
11753,2148,1,218,123
11754,2148,10,1036,64
11755,2148,6,1922,117
11756,2148,4,1764,8
11757,2149,6,1834,135
11758,2149,3,503,45
11759,2149,10,1482,60
11760,2149,7,1354,120
11761,2149,2,27,8
11762,2149,1,1351,152
11763,2150,3,146,96
11764,2150,1,1677,97
11765,2150,2,1010,102
11766,2150,7,991,69
11767,2150,8,618,119
11768,2150,4,1479,158
11769,2151,5,989,53
11770,2151,3,842,147
11771,2151,4,1078,0
11772,2151,10,1371,139
11773,2151,2,1099,200
11774,2151,1,842,129
11775,2151,7,979,134
11776,2151,8,1901,25
11777,2151,9,33,31
11778,2151,6,741,193
11779,2152,4,695,78
11780,2152,1,1001,115
11781,2152,2,284,157
11782,2152,7,1902,190
11783,2152,10,1999,151
11784,2153,8,1467,128
11785,2154,9,1458,57
11786,2155,4,1191,140
11787,2156,8,1515,179
11788,2156,9,162,161
11789,2156,2,482,71
11790,2156,3,1387,184
11791,2156,4,1006,154
11792,2156,10,366,103
11793,2156,7,1015,118
11794,2157,6,189,66
11795,2157,2,1614,12
11796,2158,3,548,144
11797,2158,2,382,8
11798,2158,9,1329,108
11799,2158,4,189,28
11800,2158,5,1086,36
11801,2158,1,517,77
11802,2158,10,1613,178
11803,2158,8,932,48
11804,2158,7,1519,2
11805,2158,6,1788,181
11806,2159,10,413,172
11807,2159,1,132,16
11808,2159,8,1792,116
11809,2159,5,363,191
11810,2159,3,580,172
11811,2159,2,1541,178
11812,2159,6,272,198
11813,2159,4,72,63
11814,2159,9,738,71
11815,2160,9,993,100
11816,2160,8,281,154
11817,2161,3,689,130
11818,2161,8,743,59
11819,2161,7,202,191
11820,2161,6,462,101
11821,2161,1,90,84
11822,2161,5,111,92
11823,2162,5,803,65
11824,2162,1,990,10
11825,2162,6,1580,151
11826,2162,3,283,81
11827,2162,7,620,12
11828,2162,9,1448,118
11829,2162,4,76,34
11830,2162,8,592,34
11831,2162,10,1495,198
11832,2163,9,1100,128
11833,2163,1,336,114
11834,2163,6,1701,130
11835,2163,10,1752,112
11836,2164,5,746,161
11837,2164,9,1040,80
11838,2164,3,991,64
11839,2164,8,66,62
11840,2164,10,1616,57
11841,2165,10,1333,62
11842,2165,3,1481,22
11843,2165,4,1298,0
11844,2165,9,1341,150
11845,2165,6,1980,148
11846,2165,1,592,3
11847,2165,8,1966,172
11848,2165,7,1020,25
11849,2165,5,680,25
11850,2165,2,1095,119
11851,2166,3,1386,59
11852,2166,1,252,172
11853,2166,10,274,199
11854,2166,8,1560,83
11855,2167,9,347,31
11856,2167,8,1499,169
11857,2167,3,1638,160
11858,2167,4,563,200
11859,2168,1,1205,0
11860,2168,8,1136,92
11861,2168,7,160,79
11862,2169,6,1037,68
11863,2169,1,520,111
11864,2169,3,1848,120
11865,2169,4,657,95
11866,2170,4,769,6
11867,2170,9,1253,7
11868,2170,2,9,5
11869,2170,8,1033,64
11870,2170,6,619,73
11871,2171,9,1937,165
11872,2171,3,790,101
11873,2171,1,1280,131
11874,2171,7,503,21
11875,2171,5,215,188
11876,2171,8,510,69
11877,2171,6,463,180
11878,2171,10,1593,1
11879,2171,4,1261,156
11880,2172,1,576,9
11881,2172,7,66,29
11882,2172,8,361,49
11883,2172,4,699,60
11884,2172,9,629,105
11885,2172,10,1380,124
11886,2172,2,1925,187
11887,2172,6,1429,154
11888,2173,9,1900,198
11889,2173,3,1315,114
11890,2173,4,961,66
11891,2173,2,1755,173
11892,2173,8,169,76
11893,2173,7,692,111
11894,2173,1,1721,148
11895,2173,6,1736,50
11896,2173,5,864,158
11897,2174,10,240,146
11898,2174,1,1050,187
11899,2174,7,332,174
11900,2175,1,56,56
11901,2175,3,116,29
11902,2176,8,1401,140
11903,2176,9,1356,95
11904,2176,2,791,117
11905,2176,4,560,137
11906,2176,6,1079,39
11907,2176,7,1877,31
11908,2176,1,1104,155
11909,2176,5,1968,156
11910,2176,3,814,182
11911,2177,4,1607,37
11912,2177,6,1319,133
11913,2177,10,1628,176
11914,2177,5,310,73
11915,2177,9,862,28
11916,2177,3,19,19
11917,2177,7,289,107
11918,2178,7,1183,164
11919,2178,4,1754,48
11920,2178,3,1569,170
11921,2178,6,1175,195
11922,2178,9,1785,26
11923,2178,5,367,143
11924,2178,10,519,137
11925,2179,1,149,127
11926,2179,4,1823,111
11927,2179,3,1344,88
11928,2180,1,1899,76
11929,2180,8,1527,191
11930,2180,5,1442,170
11931,2180,9,641,133
11932,2181,4,848,119
11933,2181,6,1134,26
11934,2181,1,1927,85
11935,2181,3,956,116
11936,2181,9,215,129
11937,2181,2,896,112
11938,2181,10,57,0
11939,2182,3,707,88
11940,2182,2,1292,118
11941,2182,6,354,145
11942,2182,7,87,60
11943,2182,1,823,54
11944,2182,10,1570,119
11945,2182,4,1313,28
11946,2182,8,1806,70
11947,2183,4,950,162
11948,2183,2,307,139
11949,2183,3,1525,31
11950,2183,9,1581,61
11951,2183,6,114,74
11952,2184,5,1178,44
11953,2185,10,1693,103
11954,2185,2,1057,200
11955,2185,1,1320,46
11956,2185,3,783,196
11957,2185,6,1614,61
11958,2185,7,655,182
11959,2185,5,206,47
11960,2185,8,774,1
11961,2185,4,1419,155
11962,2185,9,764,56
11963,2186,6,1124,38
11964,2186,1,503,171
11965,2186,8,501,66
11966,2186,2,1775,150
11967,2186,3,1352,9
11968,2186,4,961,24
11969,2186,5,458,27
11970,2186,10,249,30
11971,2186,9,593,189
11972,2186,7,1431,181
11973,2187,2,734,190
11974,2187,9,1763,19
11975,2187,3,34,24
11976,2187,1,1409,167
11977,2187,5,555,63
11978,2187,6,1513,51
11979,2187,7,838,128
11980,2188,6,473,8
11981,2188,3,1576,77
11982,2188,5,363,72
11983,2188,1,1910,151
11984,2188,7,963,146
11985,2189,3,1307,155
11986,2189,9,92,45
11987,2189,5,604,102
11988,2189,4,1577,128
11989,2189,7,1935,62
11990,2189,8,983,4
11991,2189,6,650,82
11992,2189,1,1408,181
11993,2189,2,1977,157
11994,2190,2,105,34
11995,2190,3,1610,12
11996,2190,9,327,110
11997,2190,8,315,170
11998,2191,7,1537,179
11999,2191,10,321,115
12000,2191,4,1249,190
12001,2191,2,1594,190
12002,2191,1,681,199
12003,2192,3,1755,124
12004,2192,6,1309,126
12005,2192,2,502,33
12006,2193,1,826,186
12007,2194,2,1406,189
12008,2194,9,281,155
12009,2194,5,1733,101
12010,2194,7,161,55
12011,2194,3,1580,98
12012,2194,4,1131,127
12013,2194,10,1901,196
12014,2195,1,1365,138
12015,2195,7,1860,168
12016,2195,8,256,192
12017,2195,5,690,36
12018,2195,3,1727,38
12019,2195,6,1002,142
12020,2195,10,1851,80
12021,2195,2,242,153
12022,2195,4,440,68
12023,2196,9,930,158
12024,2196,4,840,126
12025,2196,8,2,2
12026,2197,7,1897,96
12027,2197,3,461,127
12028,2197,2,797,184
12029,2197,5,450,130
12030,2197,4,1482,77
12031,2197,10,541,144
12032,2197,9,1167,78
12033,2198,2,5,1
12034,2198,3,1364,59
12035,2199,9,1577,88
12036,2199,3,19,3
12037,2199,4,1470,9
12038,2199,5,303,35
12039,2199,2,1214,65
12040,2200,8,77,2
12041,2200,6,388,181
12042,2200,3,1649,180
12043,2200,1,949,34
12044,2200,2,1826,21
12045,2200,7,658,164
12046,2200,9,1417,56
12047,2201,2,1002,142
12048,2201,9,1843,81
12049,2201,6,1728,64
12050,2201,5,1743,189
12051,2201,4,687,155
12052,2201,8,656,166
12053,2201,3,1433,49
12054,2201,7,404,65
12055,2202,4,1437,0
12056,2202,9,979,169
12057,2203,2,595,18
12058,2203,5,851,3
12059,2203,7,167,148
12060,2203,3,1930,108
12061,2203,1,736,181
12062,2204,1,941,47
12063,2204,9,116,71
12064,2204,8,513,111
12065,2204,3,434,12
12066,2204,6,1690,173
12067,2205,1,64,20
12068,2205,8,521,60
12069,2205,9,306,11
12070,2205,6,971,20
12071,2205,7,393,48
12072,2205,5,1891,128
12073,2205,2,893,77
12074,2205,4,427,111
12075,2205,10,1198,19
12076,2206,6,1767,165
12077,2206,1,1158,183
12078,2206,7,1986,141
12079,2206,10,1270,178
12080,2206,8,1810,35
12081,2206,3,189,158
12082,2206,4,432,180
12083,2206,9,69,37
12084,2206,5,1506,48
12085,2206,2,832,192
12086,2207,4,158,133
12087,2207,8,9,7
12088,2207,7,1676,32
12089,2207,1,1780,15
12090,2208,9,429,132
12091,2208,8,76,33
12092,2208,7,893,138
12093,2209,3,1093,189
12094,2209,9,478,179
12095,2209,7,1750,11
12096,2209,4,267,8
12097,2209,5,870,131
12098,2209,10,1045,52
12099,2209,1,1749,18
12100,2209,6,1826,182
12101,2210,10,371,71
12102,2210,4,1012,182
12103,2210,5,1230,123
12104,2210,6,504,184
12105,2210,7,196,82
12106,2211,2,951,94
12107,2211,7,1026,83
12108,2211,6,1286,99
12109,2211,5,144,89
12110,2211,1,313,67
12111,2212,5,1886,68
12112,2212,2,465,0
12113,2212,8,521,19
12114,2212,6,269,22
12115,2212,7,52,38
12116,2212,10,285,112
12117,2212,9,1897,124
12118,2212,4,847,160
12119,2212,1,1149,176
12120,2213,7,44,28
12121,2214,5,232,161
12122,2214,4,1739,182
12123,2214,8,1553,101
12124,2214,6,230,42
12125,2214,3,957,31
12126,2215,8,1110,98
12127,2216,7,711,100
12128,2216,3,190,132
12129,2216,1,704,25
12130,2216,4,1738,24
12131,2216,10,1965,150
12132,2216,8,1614,177
12133,2216,9,1763,52
12134,2216,5,1865,27
12135,2216,6,1698,112
12136,2216,2,1536,62
12137,2217,10,1286,64
12138,2217,8,1143,50
12139,2217,1,1026,136
12140,2217,2,517,133
12141,2217,7,65,15
12142,2217,6,1426,40
12143,2217,9,1471,191
12144,2217,3,1886,5
12145,2217,4,1122,40
12146,2218,2,1897,10
12147,2218,1,1874,140
12148,2218,7,378,108
12149,2218,10,384,92
12150,2219,8,1587,191
12151,2219,5,653,146
12152,2219,2,1893,176
12153,2219,10,947,160
12154,2219,3,787,164
12155,2219,7,1591,199
12156,2219,9,942,200
12157,2219,1,1615,141
12158,2219,6,1063,154
12159,2220,5,1477,121
12160,2220,2,930,180
12161,2220,4,972,130
12162,2220,7,1296,58
12163,2220,1,1766,7
12164,2220,3,515,185
12165,2220,6,1666,54
12166,2220,10,1602,17
12167,2220,8,1609,97
12168,2221,3,1902,139
12169,2221,1,407,181
12170,2221,6,944,2
12171,2222,2,1868,172
12172,2223,2,602,162
12173,2224,3,1438,59
12174,2224,6,461,152
12175,2224,8,733,73
12176,2224,1,1124,0
12177,2224,7,582,131
12178,2224,2,1211,67
12179,2225,4,612,103
12180,2225,10,1780,129
12181,2225,8,1367,26
12182,2225,7,1529,105
12183,2225,2,1601,4
12184,2225,9,1042,71
12185,2225,6,91,4
12186,2225,5,1542,134
12187,2225,1,1089,2
12188,2225,3,1996,195
12189,2226,6,1980,130
12190,2227,3,508,187
12191,2227,9,1512,193
12192,2227,2,1993,21
12193,2228,3,1033,149
12194,2228,8,232,199
12195,2228,10,435,40
12196,2228,4,1269,71
12197,2228,5,210,187
12198,2228,7,1308,108
12199,2228,6,687,40
12200,2229,2,716,62
12201,2229,4,355,23
12202,2229,9,98,93
12203,2229,10,1940,70
12204,2229,5,1784,31
12205,2229,8,55,54
12206,2229,3,1752,135
12207,2230,1,932,25
12208,2230,10,1780,115
12209,2230,8,91,21
12210,2231,6,329,33
12211,2232,8,1521,61
12212,2232,2,399,159
12213,2232,10,1085,106
12214,2232,7,14,14
12215,2232,5,1818,28
12216,2233,4,1476,7
12217,2233,1,783,98
12218,2233,2,1401,63
12219,2233,7,50,35
12220,2234,6,223,106
12221,2234,4,1354,60
12222,2234,7,1425,46
12223,2234,3,251,163
12224,2234,5,19,9
12225,2234,8,649,111
12226,2235,1,1143,157
12227,2235,8,1783,53
12228,2235,5,300,39
12229,2235,2,1068,47
12230,2236,10,664,148
12231,2236,3,918,185
12232,2236,9,1282,121
12233,2236,5,1482,16
12234,2236,8,1165,0
12235,2236,6,1548,104
12236,2236,2,303,83
12237,2236,1,1585,106
12238,2236,7,1491,131
12239,2237,8,1499,197
12240,2237,5,1500,165
12241,2237,3,696,157
12242,2237,2,1834,170
12243,2237,7,1496,165
12244,2238,2,1006,107
12245,2238,10,884,73
12246,2238,7,1340,111
12247,2238,9,1151,1
12248,2238,3,657,130
12249,2238,8,1412,155
12250,2238,1,1321,131
12251,2238,6,1962,66
12252,2238,5,399,115
12253,2238,4,336,17
12254,2239,1,1868,163
12255,2239,8,1847,120
12256,2239,10,1766,199
12257,2239,2,40,16
12258,2239,5,299,148
12259,2240,2,269,59
12260,2240,10,737,6
12261,2240,6,837,11
12262,2241,10,1184,170
12263,2242,3,641,27
12264,2242,6,1454,45
12265,2242,5,546,176
12266,2242,8,477,2
12267,2242,1,1029,122
12268,2242,2,145,15
12269,2242,10,1432,17
12270,2243,10,17,10
12271,2243,1,478,30
12272,2243,7,1342,73
12273,2243,3,822,88
12274,2243,4,1086,190
12275,2243,5,1826,110
12276,2244,1,304,68
12277,2244,6,1674,95
12278,2244,4,1754,70
12279,2244,8,1870,46
12280,2244,5,1318,103
12281,2244,10,1738,85
12282,2245,10,1512,129
12283,2246,6,386,89
12284,2246,3,226,134
12285,2246,8,829,157
12286,2246,5,1868,109
12287,2246,7,446,136
12288,2246,4,193,100
12289,2246,9,173,12
12290,2246,2,635,37
12291,2246,1,303,102
12292,2247,7,1522,40
12293,2247,2,1545,33
12294,2247,8,1629,166
12295,2247,3,280,13
12296,2247,5,1710,156
12297,2247,9,23,17
12298,2247,1,464,22
12299,2247,6,1346,126
12300,2248,9,1091,187
12301,2248,3,947,46
12302,2248,6,474,77
12303,2248,1,1406,102
12304,2248,4,788,63
12305,2248,2,1438,87
12306,2248,5,1701,132
12307,2248,7,365,131
12308,2249,10,1992,125
12309,2249,1,1792,162
12310,2249,3,341,148
12311,2249,9,1531,108
12312,2249,6,1291,33
12313,2249,2,1189,60
12314,2249,7,480,26
12315,2250,5,995,148
12316,2250,7,1414,184
12317,2250,2,271,158
12318,2250,4,1422,137
12319,2250,3,744,4
12320,2251,10,459,157
12321,2251,5,1795,56
12322,2251,1,361,105
12323,2251,6,198,39
12324,2251,7,82,31
12325,2251,8,910,54
12326,2251,9,1386,4
12327,2252,1,520,31
12328,2252,3,767,90
12329,2252,7,210,105
12330,2252,8,1749,24
12331,2252,6,586,194
12332,2252,4,1677,58
12333,2252,5,1541,121
12334,2252,2,1634,17
12335,2252,10,1487,74
12336,2253,10,925,25
12337,2253,8,756,118
12338,2254,9,1965,73
12339,2254,5,1972,172
12340,2254,4,500,30
12341,2254,1,1411,87
12342,2254,6,1150,178
12343,2254,8,275,60
12344,2254,10,734,97
12345,2254,3,1106,181
12346,2255,8,478,53
12347,2255,2,1640,179
12348,2255,10,144,4
12349,2256,4,867,185
12350,2257,6,1828,60
12351,2257,1,1293,187
12352,2257,3,1937,60
12353,2257,8,949,51
12354,2257,4,969,196
12355,2257,2,1573,123
12356,2257,9,473,126
12357,2257,7,1756,195
12358,2257,10,710,188
12359,2257,5,1413,55
12360,2258,5,63,45
12361,2258,7,1048,12
12362,2258,2,961,184
12363,2258,10,1037,157
12364,2258,3,1753,87
12365,2258,4,48,0
12366,2258,1,176,93
12367,2258,6,1476,127
12368,2258,8,1846,166
12369,2259,4,1454,63
12370,2259,7,1279,188
12371,2259,1,1544,150
12372,2259,10,1612,25
12373,2260,6,1229,55
12374,2260,8,1380,12
12375,2260,5,1173,158
12376,2260,10,658,170
12377,2260,2,1626,25
12378,2260,3,603,13
12379,2260,4,924,167
12380,2261,10,1099,130
12381,2261,9,1554,39
12382,2261,2,1999,58
12383,2261,8,1349,161
12384,2262,10,1251,165
12385,2262,2,539,103
12386,2262,7,706,182
12387,2262,1,1610,20
12388,2262,5,1397,123
12389,2262,6,1631,157
12390,2262,3,1818,138
12391,2262,8,82,50
12392,2263,10,1764,181
12393,2263,3,837,62
12394,2263,4,1973,191
12395,2263,6,216,153
12396,2263,1,1988,123
12397,2263,9,263,68
12398,2263,2,952,153
12399,2263,8,1314,81
12400,2263,7,35,6
12401,2263,5,930,32
12402,2264,2,374,197
12403,2264,6,1410,162
12404,2264,7,1510,148
12405,2264,4,1039,11
12406,2264,3,1570,177
12407,2264,10,927,153
12408,2264,1,1091,193
12409,2264,9,1903,166
12410,2265,5,680,96
12411,2266,10,970,45
12412,2266,1,397,181
12413,2266,4,3,1
12414,2266,8,1621,168
12415,2266,3,1124,155
12416,2266,6,1666,94
12417,2266,9,1662,46
12418,2266,7,936,4
12419,2266,2,1691,91
12420,2267,3,1400,97
12421,2267,2,1275,162
12422,2267,9,1311,77
12423,2267,8,1163,45
12424,2267,5,754,120
12425,2267,10,1946,190
12426,2267,1,311,60
12427,2268,3,1259,10
12428,2268,6,1497,170
12429,2268,2,1228,191
12430,2268,5,1128,126
12431,2268,4,1797,93
12432,2268,7,651,127
12433,2268,1,698,50
12434,2268,8,711,165
12435,2268,9,387,9
12436,2268,10,1481,121
12437,2269,8,1108,181
12438,2269,5,1769,17
12439,2269,2,1064,90
12440,2270,6,1348,132
12441,2270,8,1225,25
12442,2270,5,1393,115
12443,2270,3,1317,157
12444,2271,4,533,192
12445,2272,7,159,42
12446,2272,3,968,113
12447,2272,5,1072,61
12448,2272,1,1056,149
12449,2272,9,339,163
12450,2272,2,942,146
12451,2272,8,929,178
12452,2272,10,1599,4
12453,2273,7,1446,191
12454,2273,2,510,17
12455,2273,10,1114,112
12456,2273,4,1605,190
12457,2274,10,1350,184
12458,2274,1,1368,21
12459,2274,2,410,182
12460,2274,8,4,1
12461,2275,8,781,40
12462,2275,2,573,103
12463,2275,4,642,42
12464,2275,9,1655,105
12465,2275,3,376,121
12466,2276,6,1671,21
12467,2276,7,1149,59
12468,2276,4,117,30
12469,2276,10,459,121
12470,2276,3,967,91
12471,2277,8,29,8
12472,2277,2,650,29
12473,2277,5,623,169
12474,2277,4,1645,194
12475,2277,6,1401,74
12476,2277,9,1707,35
12477,2277,7,1162,7
12478,2277,10,806,127
12479,2277,3,292,156
12480,2277,1,145,73
12481,2278,10,638,24
12482,2278,2,1865,51
12483,2278,5,434,46
12484,2278,3,874,106
12485,2278,1,1453,20
12486,2278,6,118,94
12487,2279,6,1870,173
12488,2279,5,1572,1
12489,2280,9,1322,2
12490,2280,5,1805,130
12491,2280,8,790,63
12492,2280,1,745,35
12493,2280,7,661,0
12494,2280,3,1303,83
12495,2280,10,1248,74
12496,2280,4,1857,143
12497,2280,2,720,115
12498,2280,6,1816,156
12499,2281,8,693,135
12500,2281,3,690,173
12501,2281,1,1254,17
12502,2281,5,909,178
12503,2281,6,1449,12
12504,2281,9,1580,179
12505,2282,2,1101,68
12506,2282,10,811,8
12507,2283,1,823,43
12508,2283,10,1763,182
12509,2283,3,1551,94
12510,2283,7,1829,145
12511,2283,8,1750,126
12512,2283,4,673,175
12513,2283,6,1355,11
12514,2284,10,112,80
12515,2284,2,1912,93
12516,2285,6,1597,23
12517,2285,8,1689,97
12518,2286,6,1508,195
12519,2286,1,768,58
12520,2286,5,825,60
12521,2286,3,1668,142
12522,2286,10,1063,89
12523,2286,4,87,86
12524,2286,2,1306,156
12525,2286,7,849,36
12526,2286,8,681,141
12527,2287,6,1172,5
12528,2287,9,1550,10
12529,2287,2,721,62
12530,2287,4,259,138
12531,2287,1,476,140
12532,2287,8,1929,153
12533,2287,7,275,101
12534,2287,10,1196,22
12535,2288,2,316,164
12536,2288,3,219,9
12537,2288,4,1534,187
12538,2289,7,230,146
12539,2289,3,1910,145
12540,2290,1,656,56
12541,2290,7,1985,112
12542,2290,6,1216,143
12543,2290,8,1890,116
12544,2290,4,1542,70
12545,2291,7,1797,63
12546,2291,5,1000,39
12547,2291,1,1825,133
12548,2291,6,886,44
12549,2291,9,1889,27
12550,2292,4,614,128
12551,2292,2,1048,109
12552,2292,10,1106,26
12553,2292,9,1207,46
12554,2292,8,757,18
12555,2292,3,1302,0
12556,2293,4,104,86
12557,2293,3,1066,192
12558,2293,7,915,132
12559,2293,2,986,149
12560,2294,4,1923,171
12561,2294,6,492,154
12562,2294,8,740,151
12563,2294,7,159,133
12564,2294,10,1006,166
12565,2294,2,1647,53
12566,2294,5,1342,114
12567,2294,1,577,63
12568,2294,9,367,43
12569,2294,3,1745,63
12570,2295,5,34,2
12571,2295,9,1933,30
12572,2295,4,606,152
12573,2295,3,417,175
12574,2295,8,685,137
12575,2295,2,1845,168
12576,2296,7,113,10
12577,2296,10,1017,85
12578,2296,2,1005,107
12579,2296,9,131,38
12580,2296,6,169,89
12581,2296,4,1736,99
12582,2296,5,1001,198
12583,2296,1,584,132
12584,2297,9,1013,162
12585,2297,2,844,97
12586,2297,1,1458,129
12587,2297,10,102,80
12588,2297,5,786,38
12589,2297,6,1844,138
12590,2298,7,204,29
12591,2298,2,60,19
12592,2298,4,1762,15
12593,2298,1,1236,76
12594,2298,5,1468,126
12595,2298,3,1043,31
12596,2298,6,7,0
12597,2298,10,1420,173
12598,2298,8,1785,24
12599,2298,9,1756,107
12600,2299,2,853,148
12601,2300,4,381,76
12602,2300,1,58,22
12603,2300,9,1952,63
12604,2300,3,1218,16
12605,2300,8,218,188
12606,2300,5,1581,98
12607,2301,4,522,155
12608,2301,7,1439,23
12609,2301,5,1711,187
12610,2301,3,1071,91
12611,2301,9,1550,86
12612,2301,10,567,60
12613,2301,2,148,55
12614,2301,1,89,48
12615,2301,6,1976,38
12616,2302,3,264,30
12617,2302,4,1792,197
12618,2302,1,1715,181
12619,2302,5,453,62
12620,2302,10,854,54
12621,2302,7,1687,12
12622,2302,6,1909,119
12623,2303,2,237,145
12624,2303,10,554,169
12625,2303,6,175,83
12626,2303,8,292,71
12627,2303,9,1008,20
12628,2303,7,1048,147
12629,2303,1,1002,27
12630,2303,4,535,136
12631,2303,5,1393,41
12632,2303,3,730,5
12633,2304,6,290,127
12634,2304,10,1241,64
12635,2305,4,388,192
12636,2305,2,295,198
12637,2305,5,1679,150
12638,2306,7,653,152
12639,2306,6,776,35
12640,2306,9,1119,179
12641,2307,6,1370,199
12642,2307,8,926,112
12643,2308,9,1767,185
12644,2308,8,1267,91
12645,2308,10,1910,1
12646,2308,7,970,131
12647,2309,1,452,113
12648,2309,8,192,102
12649,2309,5,1063,184
12650,2309,6,1249,155
12651,2309,10,913,167
12652,2309,3,283,166
12653,2309,4,784,11
12654,2309,9,823,196
12655,2310,1,1982,153
12656,2310,8,465,141
12657,2310,9,1235,22
12658,2310,7,1565,119
12659,2310,2,987,37
12660,2311,10,1306,181
12661,2311,8,468,113
12662,2311,1,850,78
12663,2311,5,1542,176
12664,2312,7,674,164
12665,2313,4,443,59
12666,2313,8,178,17
12667,2313,2,571,135
12668,2313,1,30,18
12669,2313,10,1678,144
12670,2313,6,176,26
12671,2313,7,810,142
12672,2313,5,809,150
12673,2313,9,1285,196
12674,2313,3,341,87
12675,2314,4,627,58
12676,2314,7,1719,122
12677,2314,1,738,37
12678,2314,10,109,22
12679,2314,8,1863,21
12680,2314,3,1519,75
12681,2314,5,1676,104
12682,2314,2,1731,95
12683,2314,6,809,114
12684,2314,9,398,69
12685,2315,10,1873,169
12686,2315,8,679,38
12687,2315,7,294,150
12688,2315,5,1649,7
12689,2315,6,311,85
12690,2315,3,1522,185
12691,2316,2,102,59
12692,2316,7,1759,89
12693,2317,5,1888,38
12694,2317,2,1528,127
12695,2317,7,1167,174
12696,2317,4,0,0
12697,2317,3,1326,18
12698,2317,1,1548,132
12699,2318,6,1288,11
12700,2318,7,1776,105
12701,2318,5,840,52
12702,2318,8,1512,3
12703,2319,3,65,48
12704,2319,1,774,20
12705,2319,7,287,148
12706,2319,8,332,47
12707,2319,4,1434,182
12708,2320,2,176,4
12709,2321,7,908,12
12710,2321,2,314,132
12711,2321,10,623,61
12712,2321,6,507,103
12713,2321,9,1643,61
12714,2321,8,1170,50
12715,2322,5,778,80
12716,2322,2,1128,158
12717,2322,3,828,86
12718,2323,6,382,11
12719,2323,2,1227,11
12720,2324,5,592,168
12721,2324,2,212,192
12722,2324,6,1220,171
12723,2324,3,851,78
12724,2324,10,299,185
12725,2324,1,212,56
12726,2324,8,1305,186
12727,2324,7,1766,96
12728,2324,4,1430,170
12729,2325,5,841,90
12730,2325,8,1089,48
12731,2325,6,314,29
12732,2325,3,564,55
12733,2325,1,321,34
12734,2326,1,164,92
12735,2326,10,794,159
12736,2326,6,706,0
12737,2326,5,1223,156
12738,2327,7,443,79
12739,2327,8,846,0
12740,2327,1,527,50
12741,2327,2,980,0
12742,2327,6,58,54
12743,2327,3,909,166
12744,2327,4,1852,73
12745,2327,5,1583,116
12746,2327,9,385,13
12747,2327,10,1264,87
12748,2328,2,714,21
12749,2328,5,1735,160
12750,2328,4,1484,76
12751,2328,8,978,21
12752,2328,3,381,144
12753,2328,6,1726,14
12754,2328,1,1094,105
12755,2328,10,794,127
12756,2329,5,1613,151
12757,2329,9,329,27
12758,2330,5,589,167
12759,2330,10,468,101
12760,2330,3,13,4
12761,2331,2,935,40
12762,2331,3,88,83
12763,2332,3,323,23
12764,2332,8,1497,147
12765,2333,3,721,5
12766,2333,5,1189,138
12767,2333,10,1793,119
12768,2333,9,1187,190
12769,2333,4,1133,47
12770,2333,1,1000,42
12771,2333,7,584,135
12772,2333,2,675,183
12773,2333,8,1059,71
12774,2334,7,1687,149
12775,2335,4,56,10
12776,2335,2,134,63
12777,2335,3,488,111
12778,2335,10,520,98
12779,2335,6,229,142
12780,2336,9,1366,87
12781,2336,4,954,26
12782,2336,6,1456,7
12783,2336,5,16,13
12784,2336,10,789,125
12785,2336,1,273,184
12786,2336,8,478,188
12787,2336,2,1566,181
12788,2336,3,1873,14
12789,2336,7,1143,43
12790,2337,3,1306,121
12791,2337,5,285,147
12792,2338,4,1719,127
12793,2338,10,1309,192
12794,2338,9,183,99
12795,2338,3,1480,15
12796,2338,1,962,18
12797,2338,6,96,9
12798,2339,6,827,56
12799,2339,8,488,125
12800,2339,4,1573,195
12801,2340,7,1848,42
12802,2340,5,673,7
12803,2340,1,1091,190
12804,2340,8,889,159
12805,2340,10,519,200
12806,2340,3,1370,96
12807,2341,2,91,12
12808,2341,6,913,64
12809,2341,7,575,119
12810,2341,8,1451,16
12811,2341,9,881,114
12812,2342,4,1595,86
12813,2342,10,363,131
12814,2343,1,1612,3
12815,2343,6,870,134
12816,2343,10,383,101
12817,2344,4,1611,92
12818,2344,1,506,62
12819,2344,9,368,13
12820,2345,2,1684,126
12821,2345,10,1451,123
12822,2345,9,133,119
12823,2345,4,1115,40
12824,2345,3,1444,192
12825,2345,1,1216,127
12826,2345,8,1523,36
12827,2346,9,1115,56
12828,2347,6,610,172
12829,2348,9,451,190
12830,2348,8,1698,83
12831,2348,3,191,41
12832,2348,4,1930,65
12833,2349,3,239,53
12834,2349,7,1773,57
12835,2350,7,1607,116
12836,2350,6,1158,46
12837,2350,10,1883,3
12838,2350,1,207,45
12839,2350,8,1221,1
12840,2350,5,1091,42
12841,2350,4,697,73
12842,2350,3,546,141
12843,2350,9,697,185
12844,2351,1,1779,28
12845,2351,10,1976,132
12846,2351,7,1183,70
12847,2351,9,1295,22
12848,2351,2,480,153
12849,2351,6,200,27
12850,2351,8,697,118
12851,2351,4,1052,55
12852,2351,5,274,131
12853,2352,5,792,40
12854,2352,2,18,1
12855,2352,1,1748,11
12856,2352,6,13,6
12857,2352,10,451,86
12858,2352,9,116,82
12859,2352,7,689,120
12860,2352,3,1531,185
12861,2353,7,980,109
12862,2353,2,1965,96
12863,2353,3,1400,154
12864,2353,9,1054,6
12865,2353,8,1024,8
12866,2353,1,1030,135
12867,2353,4,1438,100
12868,2353,5,434,129
12869,2353,6,1673,150
12870,2354,10,813,117
12871,2354,8,1286,51
12872,2355,1,1917,24
12873,2355,5,1546,108
12874,2355,9,1976,183
12875,2355,6,676,107
12876,2355,7,850,71
12877,2355,4,71,5
12878,2355,2,1323,131
12879,2355,10,699,168
12880,2355,3,873,152
12881,2355,8,957,107
12882,2356,5,1764,17
12883,2356,4,1844,173
12884,2357,10,835,107
12885,2357,1,693,147
12886,2357,7,1579,93
12887,2357,8,126,50
12888,2357,4,31,27
12889,2357,6,73,38
12890,2357,3,1155,40
12891,2357,2,1171,48
12892,2357,5,1113,103
12893,2357,9,1603,200
12894,2358,1,829,29
12895,2358,2,1919,166
12896,2358,7,909,9
12897,2358,4,1065,180
12898,2358,8,416,196
12899,2358,10,1493,81
12900,2358,6,514,17
12901,2358,3,954,34
12902,2359,5,1121,12
12903,2359,3,389,79
12904,2359,8,210,115
12905,2359,4,1375,183
12906,2359,9,1577,116
12907,2359,2,831,27
12908,2359,1,644,154
12909,2359,6,1372,28
12910,2359,7,1107,196
12911,2360,6,152,149
12912,2360,10,397,18
12913,2360,3,1953,115
12914,2360,2,1022,121
12915,2360,7,1565,64
12916,2360,8,1112,94
12917,2360,4,902,47
12918,2360,9,189,168
12919,2360,1,1399,122
12920,2361,7,1994,94
12921,2361,2,448,182
12922,2361,8,875,95
12923,2362,3,1118,143
12924,2362,8,560,78
12925,2362,7,1303,55
12926,2362,9,16,5
12927,2362,4,1540,82
12928,2362,2,1510,97
12929,2362,6,318,39
12930,2363,9,1939,79
12931,2363,5,1905,39
12932,2363,10,976,190
12933,2363,4,1849,116
12934,2363,2,475,197
12935,2363,7,1926,15
12936,2363,1,182,176
12937,2364,1,439,80
12938,2365,7,1494,130
12939,2365,6,1130,110
12940,2366,3,1248,195
12941,2367,6,1168,67
12942,2367,7,303,34
12943,2367,3,552,111
12944,2367,9,716,33
12945,2367,8,1643,19
12946,2368,1,488,5
12947,2368,2,843,53
12948,2368,4,191,3
12949,2368,10,217,63
12950,2368,6,968,199
12951,2368,9,1955,85
12952,2368,3,1543,52
12953,2369,8,1766,58
12954,2369,6,1104,86
12955,2370,7,1809,15
12956,2370,2,1954,159
12957,2370,5,1305,140
12958,2370,10,234,126
12959,2370,1,56,52
12960,2370,9,168,133
12961,2370,3,1264,73
12962,2370,8,1178,116
12963,2370,4,465,89
12964,2370,6,1870,172
12965,2371,8,47,44
12966,2372,5,1957,48
12967,2372,4,903,22
12968,2373,10,1255,60
12969,2374,9,1671,117
12970,2374,1,92,33
12971,2374,5,1440,29
12972,2375,6,1259,78
12973,2375,2,544,3
12974,2375,7,1066,83
12975,2375,10,100,23
12976,2375,5,12,7
12977,2375,1,1216,29
12978,2376,9,496,163
12979,2376,10,32,20
12980,2376,5,736,141
12981,2376,7,1292,35
12982,2377,5,729,185
12983,2377,9,506,106
12984,2377,10,913,102
12985,2377,7,1370,170
12986,2377,4,518,20
12987,2377,1,570,180
12988,2377,8,1533,21
12989,2377,3,1662,141
12990,2378,7,717,136
12991,2378,10,442,99
12992,2378,9,1827,198
12993,2378,6,780,188
12994,2378,5,416,120
12995,2378,2,1734,17
12996,2379,9,1817,34
12997,2379,1,404,77
12998,2379,10,1477,185
12999,2380,4,427,170
13000,2380,9,611,193
13001,2381,1,1026,186
13002,2381,4,1450,139
13003,2381,6,456,144
13004,2381,2,1201,141
13005,2381,5,69,11
13006,2381,10,1755,140
13007,2381,3,53,37
13008,2381,8,1187,30
13009,2382,4,1293,83
13010,2382,6,835,139
13011,2382,5,1497,13
13012,2382,10,246,181
13013,2382,8,770,72
13014,2382,7,946,132
13015,2382,1,1021,168
13016,2382,9,1586,32
13017,2382,2,1996,85
13018,2383,4,1761,136
13019,2383,3,1640,141
13020,2383,10,1127,178
13021,2383,7,1351,122
13022,2383,2,897,13
13023,2384,4,502,110
13024,2384,3,1680,124
13025,2384,2,1578,193
13026,2384,6,168,122
13027,2385,2,99,29
13028,2385,1,1079,154
13029,2386,2,1416,107
13030,2386,7,1111,32
13031,2386,1,671,22
13032,2386,10,1843,142
13033,2386,5,659,93
13034,2386,6,587,141
13035,2387,9,1077,18
13036,2388,1,10,6
13037,2388,5,604,120
13038,2389,2,70,51
13039,2389,1,1055,156
13040,2389,9,45,33
13041,2389,4,333,140
13042,2389,7,1762,191
13043,2389,3,1417,30
13044,2389,10,1574,143
13045,2389,6,374,61
13046,2390,1,1793,110
13047,2390,6,658,75
13048,2390,3,41,16
13049,2390,5,1712,102
13050,2391,7,285,8
13051,2391,8,449,69
13052,2391,10,1682,164
13053,2391,3,18,4
13054,2391,6,404,11
13055,2392,2,1433,122
13056,2392,5,1334,50
13057,2392,10,1760,63
13058,2393,5,782,171
13059,2393,3,185,178
13060,2393,1,1422,67
13061,2393,8,306,197
13062,2393,4,1463,154
13063,2393,9,1759,109
13064,2393,2,508,141
13065,2393,7,708,16
13066,2393,10,753,189
13067,2394,3,244,124
13068,2394,8,253,145
13069,2394,9,549,119
13070,2394,6,1545,97
13071,2394,7,1755,157
13072,2394,10,1475,69
13073,2395,7,869,91
13074,2395,3,1308,111
13075,2396,4,720,4
13076,2396,9,15,3
13077,2396,8,257,127
13078,2396,5,1337,125
13079,2396,1,337,118
13080,2396,2,72,5
13081,2396,10,850,163
13082,2397,6,1211,111
13083,2397,7,334,167
13084,2397,2,1922,199
13085,2397,3,1665,199
13086,2397,10,806,188
13087,2397,8,824,62
13088,2397,1,1090,161
13089,2397,9,1297,125
13090,2397,5,8,3
13091,2398,9,613,118
13092,2398,2,1550,21
13093,2398,4,656,151
13094,2398,5,100,42
13095,2398,1,1887,145
13096,2398,3,1658,180
13097,2399,2,105,31
13098,2399,5,467,42
13099,2399,9,1094,46
13100,2400,6,1884,139
13101,2401,2,249,119
13102,2401,7,1837,143
13103,2401,6,1435,160
13104,2401,5,47,35
13105,2401,3,913,62
13106,2401,8,1035,39
13107,2401,9,1309,146
13108,2401,1,1444,141
13109,2401,10,230,89
13110,2401,4,858,190
13111,2402,7,1472,121
13112,2402,6,415,176
13113,2402,9,1091,36
13114,2402,2,1576,114
13115,2402,10,1962,118
13116,2402,5,1063,104
13117,2402,4,1188,112
13118,2403,1,773,49
13119,2403,4,368,47
13120,2403,5,1877,26
13121,2404,1,399,37
13122,2404,8,608,73
13123,2404,6,394,94
13124,2404,7,522,41
13125,2405,8,878,103
13126,2405,3,359,148
13127,2405,5,363,155
13128,2406,4,406,152
13129,2406,8,322,86
13130,2406,5,1896,47
13131,2406,3,1914,98
13132,2406,6,1031,134
13133,2406,2,92,43
13134,2406,10,791,73
13135,2407,3,500,69
13136,2407,4,390,31
13137,2407,10,1582,3
13138,2407,6,80,56
13139,2407,9,14,8
13140,2407,5,1986,1
13141,2407,8,1762,91
13142,2408,6,1913,111
13143,2408,1,1468,116
13144,2408,7,248,152
13145,2408,5,252,23
13146,2408,4,1487,84
13147,2408,3,1030,37
13148,2408,10,1346,3
13149,2408,8,1941,174
13150,2409,3,1613,9
13151,2409,7,451,1
13152,2409,9,1940,145
13153,2409,1,1548,126
13154,2409,4,1681,27
13155,2409,8,852,94
13156,2409,10,273,158
13157,2409,6,1935,141
13158,2409,5,1197,148
13159,2410,4,520,47
13160,2410,3,1626,177
13161,2410,9,1528,47
13162,2410,5,244,43
13163,2410,8,5,0
13164,2411,4,339,137
13165,2411,5,1215,58
13166,2411,1,780,93
13167,2412,10,1327,96
13168,2412,5,752,58
13169,2412,7,242,190
13170,2412,2,1620,47
13171,2412,1,620,104
13172,2412,8,1043,184
13173,2412,6,1574,78
13174,2413,10,1500,10
13175,2413,7,1907,183
13176,2413,5,1628,38
13177,2413,1,113,27
13178,2413,2,1115,100
13179,2413,3,1820,101
13180,2414,1,389,108
13181,2414,4,1867,13
13182,2414,6,1610,22
13183,2414,9,845,14
13184,2414,8,792,181
13185,2414,2,455,149
13186,2414,3,1889,178
13187,2414,5,1442,3
13188,2415,8,1086,10
13189,2415,4,1604,172
13190,2415,10,1919,13
13191,2416,9,1261,136
13192,2416,4,743,25
13193,2416,7,26,1
13194,2416,8,1359,181
13195,2416,6,1334,103
13196,2416,2,87,71
13197,2416,1,1625,77
13198,2416,10,1096,159
13199,2417,4,296,13
13200,2417,6,40,33
13201,2417,8,1388,118
13202,2417,3,741,79
13203,2417,2,1497,17
13204,2417,1,1559,14
13205,2418,2,1071,176
13206,2419,3,590,3
13207,2419,9,1632,174
13208,2419,1,63,14
13209,2419,4,181,160
13210,2419,6,1460,158
13211,2419,10,8,0
13212,2420,7,561,74
13213,2420,3,1136,18
13214,2420,10,1236,197
13215,2420,2,854,78
13216,2420,1,858,120
13217,2420,8,445,47
13218,2420,9,1588,100
13219,2420,4,1284,30
13220,2421,7,639,17
13221,2421,10,336,72
13222,2421,9,259,163
13223,2421,5,1575,44
13224,2421,2,1771,94
13225,2421,8,282,195
13226,2421,6,1495,23
13227,2422,1,36,26
13228,2422,9,1964,134
13229,2422,4,554,139
13230,2422,10,1681,114
13231,2422,3,828,166
13232,2422,7,1608,10
13233,2422,5,1097,123
13234,2422,6,1157,126
13235,2423,4,1081,10
13236,2424,7,173,32
13237,2424,10,1525,179
13238,2425,6,1140,152
13239,2425,8,1995,149
13240,2426,6,1216,76
13241,2426,9,1510,140
13242,2426,8,823,190
13243,2426,1,51,22
13244,2426,3,1545,77
13245,2426,5,1901,191
13246,2426,2,1695,154
13247,2426,10,858,53
13248,2427,6,1140,61
13249,2427,8,1896,155
13250,2427,4,1228,168
13251,2427,7,1801,85
13252,2427,3,1616,72
13253,2427,2,182,60
13254,2428,5,110,51
13255,2428,1,1435,9
13256,2428,10,307,63
13257,2429,8,1054,167
13258,2430,9,1535,123
13259,2430,10,1712,126
13260,2430,3,1188,165
13261,2430,1,1391,199
13262,2430,8,1801,179
13263,2431,9,391,125
13264,2431,7,462,165
13265,2431,8,1932,169
13266,2431,5,575,157
13267,2431,10,535,1
13268,2431,6,1260,115
13269,2431,2,1304,75
13270,2431,1,757,59
13271,2431,4,1826,165
13272,2432,7,1370,9
13273,2432,4,1361,49
13274,2432,10,380,160
13275,2432,9,1842,73
13276,2432,2,17,15
13277,2432,8,51,32
13278,2433,4,734,120
13279,2433,10,1737,15
13280,2433,5,1706,195
13281,2433,3,174,77
13282,2433,7,729,139
13283,2433,8,1053,132
13284,2433,1,1387,48
13285,2433,2,1516,90
13286,2433,9,1700,35
13287,2433,6,339,28
13288,2434,9,1312,178
13289,2434,3,1495,39
13290,2434,10,1180,25
13291,2435,6,40,27
13292,2435,4,1130,90
13293,2435,3,1896,59
13294,2435,8,980,91
13295,2436,2,382,17
13296,2436,3,1198,137
13297,2436,9,652,26
13298,2436,1,931,77
13299,2436,10,937,146
13300,2436,8,1380,84
13301,2436,7,1568,132
13302,2436,6,1523,142
13303,2436,5,231,165
13304,2436,4,948,156
13305,2437,8,185,16
13306,2437,1,508,48
13307,2437,2,220,123
13308,2437,9,90,58
13309,2437,10,1752,52
13310,2437,3,339,9
13311,2437,6,1023,89
13312,2437,7,1324,200
13313,2437,5,1468,198
13314,2438,2,1679,9
13315,2438,10,410,198
13316,2438,1,225,0
13317,2438,6,295,76
13318,2438,8,133,45
13319,2438,3,461,118
13320,2438,4,1564,197
13321,2438,5,746,96
13322,2438,9,663,86
13323,2438,7,601,146
13324,2439,6,646,105
13325,2439,5,1386,2
13326,2439,4,1141,146
13327,2439,10,18,16
13328,2439,2,841,190
13329,2439,3,968,192
13330,2439,7,616,126
13331,2439,8,382,130
13332,2440,9,1667,108
13333,2440,4,20,19
13334,2440,5,722,135
13335,2440,8,602,80
13336,2440,6,1686,31
13337,2440,3,13,10
13338,2440,10,1723,21
13339,2440,7,1650,197
13340,2440,1,159,156
13341,2441,3,1417,79
13342,2441,8,63,36
13343,2441,10,500,83
13344,2441,6,844,49
13345,2442,5,1644,53
13346,2443,6,1618,125
13347,2443,2,590,85
13348,2443,7,1026,62
13349,2443,8,1847,13
13350,2443,1,1124,58
13351,2443,3,543,197
13352,2444,2,1769,39
13353,2444,4,1514,109
13354,2444,9,641,128
13355,2444,5,981,111
13356,2444,3,1027,188
13357,2445,1,445,68
13358,2445,7,1925,182
13359,2446,4,1075,124
13360,2446,10,278,161
13361,2446,6,492,48
13362,2446,8,787,18
13363,2446,9,1813,58
13364,2446,1,1719,123
13365,2446,5,552,173
13366,2446,2,597,127
13367,2446,3,34,14
13368,2447,5,840,54
13369,2448,7,621,119
13370,2448,9,753,33
13371,2448,3,1220,189
13372,2448,2,1616,70
13373,2448,6,959,143
13374,2448,1,548,58
13375,2448,8,431,88
13376,2448,5,605,48
13377,2448,4,138,115
13378,2449,10,67,20
13379,2449,8,1833,15
13380,2449,7,630,170
13381,2449,1,1735,79
13382,2449,6,463,8
13383,2450,2,820,159
13384,2450,1,379,37
13385,2450,3,205,117
13386,2450,8,1855,164
13387,2450,10,616,180
13388,2450,7,1128,104
13389,2450,6,90,32
13390,2451,5,332,92
13391,2451,8,578,114
13392,2451,7,1750,57
13393,2451,1,1128,134
13394,2451,9,1229,87
13395,2451,2,1423,61
13396,2452,9,434,95
13397,2452,2,1023,167
13398,2452,5,804,146
13399,2453,10,1936,148
13400,2453,5,1246,104
13401,2453,1,948,87
13402,2453,7,223,61
13403,2453,6,1026,104
13404,2453,9,1318,27
13405,2453,3,1336,189
13406,2453,2,1120,146
13407,2453,4,280,4
13408,2454,1,1562,3
13409,2454,3,45,44
13410,2454,8,1536,31
13411,2454,4,1811,159
13412,2454,6,1341,53
13413,2454,9,547,116
13414,2454,5,41,24
13415,2454,10,781,103
13416,2454,2,895,120
13417,2454,7,443,86
13418,2455,9,442,66
13419,2455,8,182,160
13420,2455,2,702,146
13421,2455,5,401,71
13422,2456,9,480,31
13423,2457,1,1380,160
13424,2457,7,821,87
13425,2457,10,915,44
13426,2457,2,922,54
13427,2457,4,1994,33
13428,2457,5,1596,145
13429,2457,9,1137,105
13430,2457,3,580,169
13431,2457,6,1844,117
13432,2458,7,476,5
13433,2458,4,646,121
13434,2458,5,1266,76
13435,2458,9,1354,13
13436,2459,3,913,60
13437,2459,6,1548,50
13438,2459,1,484,63
13439,2460,3,694,197
13440,2460,4,110,45
13441,2460,5,208,179
13442,2460,2,1278,131
13443,2460,10,743,53
13444,2460,8,1828,61
13445,2461,5,224,33
13446,2461,6,1833,16
13447,2461,3,952,14
13448,2461,4,395,113
13449,2461,10,1669,40
13450,2461,1,356,68
13451,2461,7,1605,97
13452,2461,2,764,110
13453,2461,9,1585,94
13454,2461,8,171,166
13455,2462,5,1333,21
13456,2462,9,1006,81
13457,2462,1,1605,188
13458,2462,4,1494,137
13459,2462,2,1720,152
13460,2462,6,1510,16
13461,2462,3,225,164
13462,2462,8,1808,61
13463,2462,7,1215,54
13464,2462,10,264,198
13465,2463,3,1378,68
13466,2463,10,818,178
13467,2464,2,1330,125
13468,2464,10,742,83
13469,2464,6,1565,66
13470,2464,5,336,51
13471,2464,9,413,143
13472,2465,6,210,132
13473,2465,2,1798,144
13474,2465,3,1295,96
13475,2465,9,63,50
13476,2465,4,663,114
13477,2465,7,1721,29
13478,2465,8,1078,46
13479,2466,10,1374,11
13480,2467,7,1952,198
13481,2467,2,644,97
13482,2467,6,1202,76
13483,2467,9,873,47
13484,2467,4,1885,23
13485,2467,8,473,98
13486,2467,3,1431,169
13487,2468,5,1571,38
13488,2468,4,1232,97
13489,2468,3,598,153
13490,2468,1,537,47
13491,2468,9,1199,187
13492,2468,8,21,10
13493,2469,9,1988,24
13494,2470,1,728,112
13495,2470,9,13,9
13496,2470,7,1175,92
13497,2470,8,950,8
13498,2470,2,1555,28
13499,2470,10,710,25
13500,2471,1,696,117
13501,2471,5,1198,194
13502,2471,8,1651,36
13503,2471,9,1214,90
13504,2471,2,1119,166
13505,2471,3,1997,124
13506,2471,6,1103,80
13507,2471,7,401,46
13508,2471,10,779,62
13509,2472,7,752,34
13510,2472,6,476,50
13511,2472,2,1897,33
13512,2472,1,1,0
13513,2472,5,955,157
13514,2472,9,581,113
13515,2472,10,51,11
13516,2473,9,1209,30
13517,2473,4,1555,30
13518,2473,8,1538,22
13519,2473,3,1168,31
13520,2473,7,1151,9
13521,2473,10,1035,81
13522,2473,5,1773,132
13523,2473,6,356,161
13524,2473,2,1096,180
13525,2473,1,965,15
13526,2474,1,325,143
13527,2474,10,1086,92
13528,2474,8,104,22
13529,2474,2,1152,63
13530,2475,5,799,22
13531,2475,2,1293,20
13532,2475,3,743,123
13533,2475,9,808,197
13534,2476,7,1747,28
13535,2477,7,1213,45
13536,2478,9,1632,194
13537,2478,4,1814,179
13538,2478,7,1753,38
13539,2478,3,1914,179
13540,2478,8,1041,92
13541,2478,6,0,0
13542,2478,1,239,187
13543,2478,10,1443,181
13544,2478,2,1918,5
13545,2479,4,1110,0
13546,2479,9,1209,122
13547,2479,8,1401,171
13548,2480,2,971,167
13549,2480,1,1454,154
13550,2480,9,107,38
13551,2480,6,1135,30
13552,2480,7,294,156
13553,2481,5,1518,87
13554,2481,1,1724,19
13555,2481,4,947,112
13556,2481,6,223,55
13557,2481,2,1534,50
13558,2482,10,977,141
13559,2482,1,775,131
13560,2482,3,1279,17
13561,2482,7,103,20
13562,2482,6,1741,88
13563,2482,4,1380,35
13564,2482,5,312,57
13565,2482,8,86,68
13566,2482,9,301,120
13567,2482,2,1338,132
13568,2483,1,1724,84
13569,2483,3,1069,198
13570,2483,7,1100,136
13571,2483,6,259,71
13572,2483,10,807,173
13573,2483,8,504,118
13574,2483,4,753,182
13575,2483,5,1710,153
13576,2483,9,27,9
13577,2483,2,1945,195
13578,2484,7,1875,11
13579,2484,5,1044,195
13580,2484,1,859,131
13581,2484,3,1003,131
13582,2484,9,896,101
13583,2484,10,0,0
13584,2484,2,1274,1
13585,2484,4,1304,23
13586,2485,2,594,156
13587,2485,3,443,2
13588,2485,10,946,170
13589,2485,5,865,3
13590,2485,7,976,195
13591,2485,1,1649,0
13592,2485,4,61,46
13593,2485,9,1196,90
13594,2486,5,1118,34
13595,2487,10,1285,101
13596,2487,9,415,197
13597,2487,6,464,191
13598,2487,4,1933,195
13599,2488,9,909,136
13600,2489,5,618,18
13601,2489,1,1139,183
13602,2489,9,1376,100
13603,2489,3,101,59
13604,2489,4,227,162
13605,2490,7,544,129
13606,2490,6,1545,140
13607,2490,2,998,141
13608,2490,10,732,161
13609,2490,3,1007,124
13610,2491,3,146,94
13611,2491,9,1576,70
13612,2491,5,373,194
13613,2492,3,1825,73
13614,2492,2,978,47
13615,2493,7,1911,167
13616,2493,6,1310,44
13617,2493,9,1303,137
13618,2493,3,1728,114
13619,2493,10,73,66
13620,2493,5,1515,50
13621,2493,1,46,22
13622,2493,2,258,72
13623,2493,4,1093,177
13624,2494,1,1945,186
13625,2494,9,817,165
13626,2494,5,1551,5
13627,2494,4,1847,83
13628,2494,3,1605,103
13629,2494,2,425,156
13630,2494,7,908,176
13631,2495,4,1503,123
13632,2495,9,1832,54
13633,2495,7,1328,187
13634,2495,5,541,158
13635,2495,8,310,74
13636,2495,10,1018,114
13637,2495,2,1472,127
13638,2496,7,1449,36
13639,2496,6,407,177
13640,2496,1,211,169
13641,2496,9,97,83
13642,2496,2,1183,174
13643,2496,4,553,89
13644,2496,8,817,174
13645,2497,5,1276,182
13646,2497,9,1710,199
13647,2497,2,1614,134
13648,2497,10,1145,11
13649,2498,10,1656,151
13650,2498,3,4,4
13651,2498,9,960,192
13652,2499,4,792,73
13653,2499,6,1510,21
13654,2499,1,1015,29
13655,2499,10,1885,139
13656,2499,9,62,44
13657,2499,3,1324,161
13658,2499,5,1116,191
13659,2499,8,958,34
13660,2499,2,960,70
13661,2499,7,948,1
13662,2500,1,837,53
13663,2500,5,105,92
13664,2500,9,402,56
13665,2500,3,12,0
13666,2500,10,1613,50
13667,2500,4,1525,189
13668,2500,8,114,49
13669,2500,7,704,80
13670,2500,6,994,194
13671,2500,2,1293,191
13672,2501,3,1342,106
13673,2501,2,139,21
13674,2501,4,1656,61
13675,2501,1,410,16
13676,2502,7,1856,39
13677,2502,3,426,118
13678,2502,10,1349,117
13679,2502,5,179,119
13680,2502,9,1280,166
13681,2502,1,626,61
13682,2502,2,869,91
13683,2503,8,1610,130
13684,2503,1,720,46
13685,2503,5,657,99
13686,2504,3,127,51
13687,2504,4,717,127
13688,2505,8,628,162
13689,2505,4,1412,12
13690,2505,6,656,114
13691,2505,1,1962,158
13692,2505,2,886,191
13693,2505,5,1343,12
13694,2505,10,1290,152
13695,2506,4,456,7
13696,2506,9,1436,28
13697,2506,6,1561,197
13698,2506,8,993,26
13699,2506,5,131,9
13700,2506,2,1865,167
13701,2506,10,883,177
13702,2506,7,542,71
13703,2506,1,1057,127
13704,2507,2,996,122
13705,2507,5,1170,66
13706,2507,8,530,0
13707,2507,3,996,180
13708,2507,6,152,138
13709,2507,7,1128,34
13710,2507,10,1716,125
13711,2507,1,624,21
13712,2507,9,783,26
13713,2508,10,56,56
13714,2508,5,1874,122
13715,2508,3,1800,116
13716,2509,9,897,60
13717,2509,2,79,54
13718,2509,8,1339,36
13719,2509,5,1856,167
13720,2509,1,179,36
13721,2510,1,1366,171
13722,2511,8,1764,100
13723,2511,10,143,69
13724,2511,5,410,81
13725,2512,3,1263,179
13726,2512,4,905,87
13727,2512,5,1850,130
13728,2513,1,487,35
13729,2513,2,1950,197
13730,2513,5,1532,42
13731,2513,4,1979,41
13732,2513,10,1996,117
13733,2513,9,742,122
13734,2513,6,694,118
13735,2514,4,1899,147
13736,2514,8,1875,110
13737,2514,7,1101,31
13738,2514,9,1595,156
13739,2514,1,1561,142
13740,2514,5,414,170
13741,2514,2,1197,64
13742,2515,9,1105,81
13743,2515,6,1658,64
13744,2515,7,15,8
13745,2515,4,39,38
13746,2515,1,975,24
13747,2515,3,153,152
13748,2515,5,1202,140
13749,2515,2,1502,148
13750,2515,10,148,115
13751,2516,7,182,103
13752,2516,3,1831,74
13753,2516,6,1246,42
13754,2516,4,1067,142
13755,2517,9,1975,82
13756,2517,5,1099,129
13757,2517,3,1375,57
13758,2517,4,640,140
13759,2517,10,421,65
13760,2517,1,1505,107
13761,2517,7,1631,92
13762,2517,2,1876,68
13763,2517,6,800,17
13764,2518,5,135,133
13765,2519,6,1739,50
13766,2519,5,219,195
13767,2519,4,765,179
13768,2519,2,801,156
13769,2519,10,1233,161
13770,2519,8,1946,97
13771,2519,3,1380,100
13772,2519,1,1016,23
13773,2520,7,594,142
13774,2520,3,1179,168
13775,2521,2,1993,183
13776,2522,4,1550,188
13777,2522,6,1768,84
13778,2522,5,879,31
13779,2523,3,1869,124
13780,2524,9,1248,97
13781,2524,8,940,109
13782,2524,3,503,33
13783,2524,10,477,43
13784,2524,2,1796,143
13785,2524,4,1537,82
13786,2524,6,139,48
13787,2525,10,1465,111
13788,2525,1,1187,116
13789,2525,3,1614,62
13790,2525,8,449,195
13791,2525,4,359,42
13792,2525,2,1799,157
13793,2525,5,17,8
13794,2526,8,1393,110
13795,2526,6,1967,116
13796,2526,1,1864,58
13797,2526,9,1479,91
13798,2526,4,1764,18
13799,2526,3,1748,66
13800,2526,7,1159,50
13801,2527,9,400,111
13802,2527,1,1887,160
13803,2527,7,891,66
13804,2527,6,1387,82
13805,2527,5,1151,90
13806,2527,4,828,101
13807,2528,10,331,69
13808,2528,2,266,144
13809,2528,6,696,83
13810,2528,4,1022,114
13811,2529,2,1950,164
13812,2530,1,67,44
13813,2530,2,491,49
13814,2530,4,1183,13
13815,2530,3,1929,5
13816,2530,8,479,29
13817,2531,2,1596,161
13818,2532,7,437,85
13819,2532,10,1188,17
13820,2532,9,1114,109
13821,2532,2,3,0
13822,2532,8,669,148
13823,2532,5,733,3
13824,2532,1,1059,134
13825,2532,6,537,61
13826,2532,4,1262,57
13827,2532,3,1940,170
13828,2533,6,596,170
13829,2533,7,1599,193
13830,2533,9,380,93
13831,2534,3,1845,109
13832,2534,7,1407,66
13833,2534,9,1279,27
13834,2534,10,1615,69
13835,2535,8,1589,175
13836,2535,3,1103,185
13837,2535,10,894,167
13838,2535,4,1724,71
13839,2535,6,997,47
13840,2535,5,1594,113
13841,2535,9,1314,157
13842,2535,2,1879,138
13843,2536,4,40,29
13844,2536,10,1520,181
13845,2536,2,1060,140
13846,2536,8,1009,31
13847,2536,9,1363,98
13848,2536,3,1449,190
13849,2536,1,1017,18
13850,2536,6,1129,51
13851,2537,4,1453,153
13852,2537,7,84,59
13853,2537,3,110,15
13854,2537,6,287,85
13855,2537,10,720,131
13856,2538,2,357,146
13857,2538,9,1820,36
13858,2538,6,1457,10
13859,2538,7,1393,172
13860,2538,5,625,8
13861,2538,1,1781,11
13862,2538,3,1890,49
13863,2539,3,1736,13
13864,2539,7,1676,62
13865,2539,5,1285,162
13866,2540,3,1724,177
13867,2540,7,217,21
13868,2540,9,229,82
13869,2540,2,1953,7
13870,2540,10,699,145
13871,2540,4,246,89
13872,2540,1,622,193
13873,2541,7,547,132
13874,2542,10,108,65
13875,2542,9,1794,195
13876,2542,2,1070,61
13877,2542,7,1032,106
13878,2542,1,632,127
13879,2542,5,753,159
13880,2542,3,578,192
13881,2542,6,49,26
13882,2543,5,1182,39
13883,2543,2,1983,25
13884,2543,6,855,97
13885,2543,9,1403,132
13886,2543,4,214,192
13887,2543,8,880,6
13888,2543,10,939,35
13889,2543,7,810,160
13890,2543,1,90,42
13891,2543,3,214,133
13892,2544,6,1125,116
13893,2544,7,686,84
13894,2544,2,847,199
13895,2544,5,1373,27
13896,2544,4,1820,70
13897,2544,8,1037,30
13898,2544,9,67,20
13899,2544,10,120,26
13900,2545,1,1467,74
13901,2545,3,1487,116
13902,2545,5,362,104
13903,2545,7,185,51
13904,2545,2,306,130
13905,2545,9,1221,193
13906,2545,4,1295,70
13907,2545,10,517,71
13908,2545,6,68,65
13909,2545,8,1455,52
13910,2546,8,922,68
13911,2546,2,995,151
13912,2546,4,1460,23
13913,2546,5,163,49
13914,2546,10,1967,126
13915,2546,6,157,77
13916,2546,9,460,109
13917,2546,1,1235,20
13918,2547,10,1296,165
13919,2547,1,235,147
13920,2547,8,1055,40
13921,2548,1,1458,3
13922,2548,7,864,160
13923,2548,5,2000,9
13924,2548,9,1352,30
13925,2548,8,140,127
13926,2549,4,1883,2
13927,2549,6,1565,187
13928,2549,8,936,194
13929,2549,3,1289,151
13930,2550,4,1878,42
13931,2550,10,1822,143
13932,2550,3,712,118
13933,2550,5,1922,196
13934,2550,2,215,154
13935,2551,10,559,78
13936,2551,1,1673,3
13937,2552,1,132,97
13938,2552,8,538,16
13939,2552,4,460,55
13940,2552,6,778,155
13941,2552,10,1166,102
13942,2552,7,1132,25
13943,2552,9,1937,152
13944,2552,2,1554,27
13945,2553,9,823,12
13946,2553,2,1842,42
13947,2553,5,1841,91
13948,2553,3,506,95
13949,2553,8,288,178
13950,2553,4,198,47
13951,2553,10,1419,60
13952,2553,7,1932,82
13953,2553,1,1321,131
13954,2554,6,1480,19
13955,2555,3,1918,90
13956,2555,5,1092,29
13957,2555,2,1904,168
13958,2556,3,1366,55
13959,2556,4,1213,98
13960,2556,7,769,0
13961,2556,2,818,73
13962,2556,9,655,92
13963,2557,8,376,19
13964,2557,4,1634,196
13965,2557,3,508,89
13966,2558,3,1180,132
13967,2558,9,9,6
13968,2558,7,1849,30
13969,2558,6,1317,47
13970,2558,2,1854,68
13971,2558,4,312,163
13972,2558,10,1872,1
13973,2559,1,951,33
13974,2559,5,356,21
13975,2559,7,1049,87
13976,2560,6,1000,74
13977,2560,3,342,31
13978,2561,5,1140,129
13979,2561,2,1643,192
13980,2561,6,1341,54
13981,2561,8,1601,5
13982,2562,5,895,195
13983,2562,2,1675,199
13984,2562,1,1016,62
13985,2562,8,1611,170
13986,2562,9,1235,166
13987,2562,3,1716,82
13988,2562,10,53,30
13989,2562,6,1852,35
13990,2562,4,1821,58
13991,2563,4,1942,92
13992,2563,10,529,4
13993,2563,5,1452,35
13994,2564,4,296,51
13995,2564,5,497,172
13996,2564,2,1490,52
13997,2564,7,976,38
13998,2564,9,645,149
13999,2564,8,462,184
14000,2565,2,879,193
14001,2565,10,1535,105
14002,2565,1,1332,57
14003,2566,7,1649,96
14004,2566,1,705,138
14005,2566,4,238,141
14006,2566,2,1285,19
14007,2566,6,1066,52
14008,2566,5,1050,192
14009,2567,7,775,38
14010,2567,8,83,29
14011,2567,9,1275,143
14012,2567,6,1210,27
14013,2567,5,1218,168
14014,2567,3,1170,138
14015,2567,2,736,24
14016,2567,1,146,52
14017,2568,8,294,56
14018,2568,7,1858,122
14019,2568,5,1261,56
14020,2568,1,191,182
14021,2568,9,586,16
14022,2568,3,940,137
14023,2568,10,1968,15
14024,2568,4,1720,174
14025,2569,8,1293,95
14026,2569,4,277,86
14027,2569,5,528,113
14028,2569,1,1950,51
14029,2569,6,1654,15
14030,2569,9,1805,2
14031,2569,7,1844,64
14032,2569,3,638,55
14033,2569,2,97,11
14034,2569,10,785,107
14035,2570,1,962,34
14036,2570,4,1912,42
14037,2570,9,1696,92
14038,2570,6,824,5
14039,2570,10,957,27
14040,2570,2,757,70
14041,2570,8,1180,93
14042,2571,9,553,5
14043,2571,1,782,129
14044,2571,10,1420,40
14045,2571,4,1194,166
14046,2571,2,1095,145
14047,2571,6,131,33
14048,2571,5,1443,154
14049,2571,8,475,184
14050,2571,3,672,155
14051,2571,7,1099,96
14052,2572,1,737,70
14053,2572,2,1248,116
14054,2572,4,1051,157
14055,2573,5,1545,41
14056,2573,2,1381,198
14057,2573,3,1575,108
14058,2573,1,2,0
14059,2573,4,242,27
14060,2574,5,480,7
14061,2574,4,92,45
14062,2574,9,217,5
14063,2574,6,1736,45
14064,2574,7,1084,187
14065,2574,10,1797,80
14066,2574,3,1008,185
14067,2575,5,33,8
14068,2575,7,1731,2
14069,2575,3,1677,95
14070,2575,8,1109,113
14071,2575,4,1010,33
14072,2575,10,1561,123
14073,2575,9,1262,94
14074,2576,10,418,160
14075,2576,5,1454,152
14076,2576,8,1992,98
14077,2576,3,1405,164
14078,2576,9,1847,120
14079,2576,6,1957,179
14080,2576,7,1691,59
14081,2577,8,1046,116
14082,2578,4,1263,130
14083,2578,8,308,149
14084,2578,9,1093,116
14085,2578,3,530,92
14086,2578,6,1676,165
14087,2578,10,286,157
14088,2578,5,1610,81
14089,2578,7,1628,60
14090,2578,1,487,141
14091,2578,2,1419,80
14092,2579,1,1086,113
14093,2579,2,1588,184
14094,2579,4,232,46
14095,2580,9,998,78
14096,2580,10,1119,53
14097,2580,7,1725,114
14098,2580,2,732,128
14099,2580,3,1416,123
14100,2580,6,450,104
14101,2580,5,284,21
14102,2580,8,559,146
14103,2581,2,1692,157
14104,2581,5,1023,104
14105,2581,10,309,123
14106,2581,7,1604,83
14107,2581,9,1490,174
14108,2581,8,1177,162
14109,2581,3,1542,134
14110,2582,1,1685,90
14111,2582,4,1034,52
14112,2583,10,852,89
14113,2583,5,1931,0
14114,2583,1,278,99
14115,2583,7,238,107
14116,2583,6,943,103
14117,2583,9,1258,91
14118,2583,4,56,45
14119,2583,2,1194,158
14120,2584,5,283,116
14121,2584,8,71,36
14122,2584,10,64,61
14123,2584,1,205,186
14124,2585,3,1454,33
14125,2585,2,1324,166
14126,2586,9,1619,55
14127,2586,7,1565,99
14128,2586,2,1551,58
14129,2586,5,16,7
14130,2586,10,1286,167
14131,2586,6,1491,119
14132,2586,4,1469,66
14133,2586,3,213,43
14134,2586,8,39,0
14135,2586,1,1762,169
14136,2587,9,1105,181
14137,2587,2,1517,100
14138,2587,7,600,28
14139,2587,10,134,67
14140,2587,4,225,72
14141,2587,3,1205,65
14142,2588,10,959,62
14143,2588,7,117,13
14144,2588,4,1012,55
14145,2588,3,1819,11
14146,2588,9,439,142
14147,2588,2,783,181
14148,2588,6,110,33
14149,2588,1,164,78
14150,2588,5,1340,10
14151,2588,8,649,165
14152,2589,8,744,142
14153,2589,4,74,58
14154,2589,2,1220,93
14155,2589,1,520,65
14156,2589,10,392,183
14157,2590,8,1002,44
14158,2590,10,1393,100
14159,2590,7,1176,63
14160,2590,6,1533,117
14161,2590,5,424,127
14162,2591,9,1717,95
14163,2591,2,1595,30
14164,2591,7,512,96
14165,2591,10,645,47
14166,2591,1,1329,37
14167,2591,3,1637,76
14168,2591,8,1124,72
14169,2591,5,12,1
14170,2591,6,1026,6
14171,2592,7,1719,104
14172,2592,3,757,56
14173,2592,2,1444,84
14174,2592,1,975,114
14175,2592,6,212,185
14176,2592,4,802,63
14177,2593,8,968,144
14178,2593,10,508,195
14179,2593,9,558,185
14180,2593,5,1698,75
14181,2593,7,1138,152
14182,2594,4,1437,80
14183,2594,7,70,52
14184,2594,10,1947,49
14185,2595,10,1446,35
14186,2596,6,1661,188
14187,2596,8,1916,21
14188,2596,7,909,31
14189,2596,1,714,96
14190,2596,9,1057,147
14191,2596,10,29,26
14192,2596,4,684,0
14193,2596,2,1929,184
14194,2597,2,1738,48
14195,2597,1,877,40
14196,2597,7,1110,79
14197,2597,5,1426,73
14198,2597,10,254,37
14199,2597,9,83,83
14200,2597,6,43,3
14201,2598,10,1512,97
14202,2598,5,289,189
14203,2598,8,406,59
14204,2598,4,213,5
14205,2598,9,1434,154
14206,2598,2,273,142
14207,2598,1,1930,116
14208,2599,7,423,114
14209,2599,4,1624,132
14210,2599,9,970,134
14211,2600,8,1356,31
14212,2601,4,1639,142
14213,2601,8,934,135
14214,2601,9,1487,193
14215,2602,2,688,190
14216,2602,7,1626,54
14217,2603,4,1826,115
14218,2604,7,869,12
14219,2604,1,1480,118
14220,2605,4,339,181
14221,2606,5,1436,71
14222,2606,4,1506,114
14223,2607,4,1790,7
14224,2607,1,332,129
14225,2607,2,444,114
14226,2607,10,1748,112
14227,2607,6,675,17
14228,2607,5,614,180
14229,2607,7,284,58
14230,2607,3,1821,98
14231,2608,5,1142,194
14232,2608,2,698,29
14233,2608,6,69,69
14234,2608,8,535,84
14235,2608,10,147,64
14236,2608,9,947,195
14237,2608,7,1706,82
14238,2608,1,1417,173
14239,2608,3,1092,131
14240,2609,2,1228,109
14241,2609,7,273,48
14242,2609,4,126,16
14243,2609,5,1741,141
14244,2609,8,1622,167
14245,2609,9,1799,160
14246,2609,1,1599,135
14247,2609,6,318,81
14248,2609,10,267,50
14249,2610,6,116,95
14250,2610,1,400,74
14251,2610,7,966,155
14252,2610,2,1986,121
14253,2610,9,984,175
14254,2610,10,1109,132
14255,2610,3,635,188
14256,2610,8,1645,64
14257,2611,4,1116,83
14258,2611,8,253,124
14259,2611,2,101,83
14260,2611,1,1791,60
14261,2611,3,1933,123
14262,2611,5,1554,142
14263,2612,4,972,174
14264,2612,2,549,32
14265,2612,10,568,87
14266,2612,8,553,160
14267,2612,1,178,78
14268,2612,3,52,0
14269,2612,6,1114,170
14270,2612,5,1000,179
14271,2613,4,740,130
14272,2614,1,487,141
14273,2614,9,1419,102
14274,2614,7,1289,20
14275,2614,10,1126,38
14276,2614,5,1140,11
14277,2615,9,585,116
14278,2615,5,1562,92
14279,2615,1,711,153
14280,2616,1,443,30
14281,2616,8,686,76
14282,2616,10,1402,109
14283,2616,4,1655,47
14284,2616,5,1775,60
14285,2616,2,470,59
14286,2617,6,592,39
14287,2617,9,1855,162
14288,2617,1,1097,65
14289,2617,5,935,86
14290,2617,4,1112,128
14291,2617,10,1583,100
14292,2618,8,1784,172
14293,2618,1,1420,200
14294,2618,9,866,59
14295,2618,5,675,13
14296,2618,10,549,98
14297,2618,7,1487,131
14298,2618,6,1848,52
14299,2619,9,519,194
14300,2619,3,1174,167
14301,2619,4,443,146
14302,2620,4,409,152
14303,2620,10,130,107
14304,2620,5,252,156
14305,2620,2,89,49
14306,2620,8,520,186
14307,2620,9,1438,100
14308,2621,1,1111,192
14309,2621,4,1096,190
14310,2621,10,684,181
14311,2621,9,1328,82
14312,2621,5,972,40
14313,2621,8,1605,109
14314,2621,2,518,150
14315,2621,7,464,141
14316,2621,3,1384,108
14317,2622,5,1501,10
14318,2622,8,440,136
14319,2623,4,554,92
14320,2623,9,217,143
14321,2623,2,1299,200
14322,2623,5,940,12
14323,2624,7,1482,142
14324,2624,1,94,72
14325,2624,5,568,164
14326,2624,2,495,53
14327,2624,9,8,4
14328,2624,4,619,19
14329,2624,3,457,62
14330,2624,10,387,91
14331,2624,6,557,153
14332,2625,9,1185,200
14333,2625,8,1611,59
14334,2625,7,1500,158
14335,2625,5,42,40
14336,2625,10,1598,159
14337,2625,1,1749,167
14338,2625,6,1790,83
14339,2625,4,524,81
14340,2625,3,1491,140
14341,2626,1,1602,87
14342,2626,4,324,34
14343,2626,10,1306,112
14344,2626,8,1268,195
14345,2626,9,1399,14
14346,2627,6,280,72
14347,2627,8,1437,81
14348,2627,4,1529,0
14349,2627,9,728,58
14350,2627,3,382,188
14351,2627,1,206,120
14352,2627,10,51,30
14353,2628,6,29,4
14354,2628,5,631,90
14355,2628,3,313,64
14356,2628,2,1717,184
14357,2628,7,1370,170
14358,2628,9,1269,192
14359,2628,1,844,135
14360,2629,7,1910,52
14361,2629,8,1851,183
14362,2629,6,6,5
14363,2629,5,1612,154
14364,2629,3,1532,97
14365,2629,2,1370,21
14366,2629,1,1630,147
14367,2629,10,1945,150
14368,2629,9,695,161
14369,2630,6,630,67
14370,2630,4,1163,85
14371,2630,2,1001,87
14372,2630,8,800,17
14373,2630,9,185,58
14374,2630,10,537,151
14375,2630,5,634,57
14376,2631,8,1275,141
14377,2631,10,1197,136
14378,2631,9,760,87
14379,2631,2,562,132
14380,2631,4,601,121
14381,2631,1,1123,60
14382,2632,10,428,52
14383,2632,7,236,123
14384,2632,8,763,61
14385,2632,2,411,62
14386,2632,6,1413,91
14387,2632,1,549,152
14388,2632,5,714,142
14389,2633,9,1664,182
14390,2633,2,1469,43
14391,2633,8,1689,106
14392,2633,3,1260,141
14393,2633,5,1514,140
14394,2633,10,595,45
14395,2633,4,1076,120
14396,2633,6,944,182
14397,2634,7,176,105
14398,2634,9,1056,141
14399,2634,4,1572,18
14400,2634,8,320,105
14401,2635,6,826,182
14402,2636,6,557,171
14403,2637,4,427,147
14404,2637,1,63,2
14405,2637,9,854,93
14406,2637,6,1544,128
14407,2637,2,1501,173
14408,2637,8,632,7
14409,2637,3,1881,174
14410,2637,7,672,84
14411,2637,10,1323,110
14412,2637,5,12,0
14413,2638,1,970,147
14414,2638,3,1300,42
14415,2638,2,809,37
14416,2638,4,1549,165
14417,2638,5,1114,29
14418,2638,8,468,92
14419,2639,5,233,122
14420,2639,9,885,17
14421,2639,2,1592,94
14422,2639,7,185,39
14423,2639,6,69,49
14424,2639,10,1752,99
14425,2639,8,260,8
14426,2639,3,667,82
14427,2639,4,1631,153
14428,2639,1,128,27
14429,2640,3,587,187
14430,2640,4,1481,17
14431,2640,6,1612,120
14432,2640,2,220,149
14433,2640,1,1788,153
14434,2640,7,233,147
14435,2640,10,518,59
14436,2640,8,1581,119
14437,2640,5,1988,50
14438,2640,9,1899,174
14439,2641,9,1532,196
14440,2641,8,1191,148
14441,2641,10,1597,192
14442,2641,2,684,9
14443,2641,1,1061,188
14444,2641,3,1812,138
14445,2641,6,112,1
14446,2641,5,375,155
14447,2641,4,916,34
14448,2641,7,709,153
14449,2642,10,1117,170
14450,2642,7,1838,50
14451,2643,3,1913,98
14452,2643,10,591,175
14453,2643,1,1997,67
14454,2643,6,1809,179
14455,2643,7,464,199
14456,2643,5,1788,130
14457,2643,9,1974,7
14458,2643,2,1352,113
14459,2643,8,1025,75
14460,2644,7,1415,45
14461,2644,2,574,86
14462,2644,6,263,80
14463,2644,3,672,103
14464,2645,8,1636,88
14465,2646,4,1060,130
14466,2646,2,483,13
14467,2646,10,1173,89
14468,2646,5,36,15
14469,2646,6,965,10
14470,2646,9,232,137
14471,2646,3,1849,6
14472,2646,8,1259,99
14473,2647,7,863,102
14474,2647,6,1920,151
14475,2647,4,380,185
14476,2647,2,624,187
14477,2647,3,1173,109
14478,2647,8,8,4
14479,2647,1,118,41
14480,2647,9,939,25
14481,2647,5,1523,172
14482,2647,10,967,9
14483,2648,8,491,185
14484,2648,10,8,3
14485,2648,9,967,154
14486,2648,1,1802,53
14487,2648,4,1747,64
14488,2648,2,215,48
14489,2648,6,920,33
14490,2648,3,550,128
14491,2648,7,1953,93
14492,2649,10,110,45
14493,2649,8,20,9
14494,2649,3,1011,159
14495,2649,7,1603,132
14496,2649,4,1671,139
14497,2649,5,423,140
14498,2649,6,772,78
14499,2650,5,1090,160
14500,2650,8,386,164
14501,2650,4,1683,193
14502,2650,9,377,173
14503,2650,2,961,108
14504,2650,1,641,45
14505,2651,5,357,29
14506,2651,1,1205,177
14507,2651,3,827,17
14508,2651,7,673,97
14509,2651,8,2,0
14510,2651,2,22,0
14511,2652,5,72,58
14512,2652,2,1273,146
14513,2652,9,334,77
14514,2652,8,1671,91
14515,2653,9,1518,169
14516,2653,4,1600,135
14517,2653,5,1639,191
14518,2653,8,837,3
14519,2653,10,1091,41
14520,2653,7,530,80
14521,2653,3,1522,0
14522,2653,6,611,128
14523,2653,1,821,26
14524,2653,2,1184,199
14525,2654,4,228,19
14526,2654,10,1203,90
14527,2654,5,721,126
14528,2654,2,1182,57
14529,2654,1,685,182
14530,2654,6,724,7
14531,2654,3,954,78
14532,2655,9,1474,77
14533,2655,5,117,93
14534,2655,6,839,76
14535,2655,10,1108,67
14536,2655,2,881,106
14537,2655,1,1901,119
14538,2655,7,1560,83
14539,2655,8,407,19
14540,2655,3,1795,197
14541,2655,4,1946,71
14542,2656,5,1604,128
14543,2656,7,1006,190
14544,2656,1,1300,67
14545,2656,3,1852,74
14546,2656,8,1041,65
14547,2656,6,1522,53
14548,2656,10,1911,106
14549,2656,4,490,83
14550,2656,9,1689,70
14551,2656,2,1647,11
14552,2657,6,1085,184
14553,2657,1,1087,188
14554,2658,7,864,83
14555,2658,8,1003,27
14556,2658,2,1292,13
14557,2658,1,1276,143
14558,2658,6,574,151
14559,2659,4,4,0
14560,2659,2,346,188
14561,2659,5,234,54
14562,2659,9,1802,164
14563,2660,2,1824,47
14564,2660,7,1281,177
14565,2660,1,1668,158
14566,2660,5,1986,20
14567,2660,6,11,11
14568,2660,10,634,124
14569,2660,8,1124,61
14570,2660,3,101,56
14571,2660,9,1834,146
14572,2661,5,585,182
14573,2661,9,191,66
14574,2661,2,1097,75
14575,2661,1,1143,109
14576,2662,4,1687,166
14577,2662,8,549,0
14578,2662,3,79,70
14579,2662,1,1469,65
14580,2662,6,1320,65
14581,2662,7,1910,52
14582,2663,6,85,66
14583,2663,3,1428,168
14584,2663,8,1333,127
14585,2663,7,431,172
14586,2663,4,481,186
14587,2663,1,1291,108
14588,2663,10,303,78
14589,2663,2,681,53
14590,2664,7,813,34
14591,2664,10,350,86
14592,2664,4,1097,123
14593,2664,5,1557,105
14594,2664,1,328,84
14595,2664,2,1880,45
14596,2664,8,149,137
14597,2664,6,757,88
14598,2665,6,1787,26
14599,2665,2,1087,181
14600,2665,3,1178,167
14601,2665,7,1886,67
14602,2666,10,453,135
14603,2666,5,108,74
14604,2666,2,1955,151
14605,2666,1,1352,62
14606,2666,8,129,73
14607,2666,7,51,51
14608,2666,6,1907,1
14609,2666,4,1292,148
14610,2667,1,205,152
14611,2667,8,234,48
14612,2667,7,662,105
14613,2667,3,1761,74
14614,2667,9,1424,15
14615,2667,6,592,145
14616,2667,4,15,7
14617,2667,5,526,12
14618,2667,2,105,30
14619,2668,6,1522,8
14620,2668,7,1512,10
14621,2668,4,667,182
14622,2668,8,1477,145
14623,2669,10,1558,88
14624,2669,7,680,44
14625,2669,4,599,32
14626,2670,9,377,93
14627,2670,7,840,178
14628,2670,2,837,108
14629,2670,6,1249,172
14630,2670,3,368,104
14631,2670,8,1267,161
14632,2670,10,720,75
14633,2671,1,1482,24
14634,2671,3,314,173
14635,2671,5,1518,139
14636,2671,10,862,7
14637,2671,8,1819,109
14638,2672,7,359,51
14639,2672,6,95,51
14640,2672,1,561,169
14641,2672,8,1341,18
14642,2672,3,1873,139
14643,2673,8,436,121
14644,2673,6,832,25
14645,2673,7,966,169
14646,2674,6,1279,8
14647,2674,8,1212,73
14648,2674,5,1483,101
14649,2674,3,1703,101
14650,2674,1,296,181
14651,2674,10,1206,4
14652,2674,4,1517,197
14653,2674,7,588,99
14654,2674,2,1721,88
14655,2675,8,1762,94
14656,2676,6,991,66
14657,2676,2,1793,46
14658,2676,3,1083,18
14659,2676,8,1423,177
14660,2676,5,1618,86
14661,2676,7,78,15
14662,2676,9,1082,19
14663,2676,4,1441,10
14664,2677,7,1943,187
14665,2677,10,486,108
14666,2677,5,44,44
14667,2677,1,1701,38
14668,2677,2,1063,66
14669,2677,3,1574,111
14670,2678,6,1549,36
14671,2678,3,506,10
14672,2678,2,884,50
14673,2678,5,1241,174
14674,2678,1,116,28
14675,2678,10,250,21
14676,2678,4,439,174
14677,2678,9,351,46
14678,2679,2,1035,165
14679,2679,1,1515,143
14680,2679,4,1735,17
14681,2679,8,1976,182
14682,2679,3,437,61
14683,2679,6,51,33
14684,2679,10,1022,114
14685,2679,9,369,199
14686,2680,10,1558,82
14687,2680,8,4,4
14688,2680,3,311,58
14689,2680,9,1,0
14690,2680,1,416,1
14691,2680,7,1435,159
14692,2680,5,1445,190
14693,2680,6,1705,66
14694,2680,2,1101,97
14695,2680,4,184,58
14696,2681,9,1227,82
14697,2681,3,1620,86
14698,2681,6,1670,56
14699,2681,5,1300,80
14700,2681,8,30,21
14701,2682,4,1510,10
14702,2682,9,1478,4
14703,2682,2,1878,199
14704,2682,10,1714,46
14705,2682,6,1218,142
14706,2683,1,726,59
14707,2683,8,705,157
14708,2683,3,1007,145
14709,2683,2,1121,60
14710,2683,9,787,116
14711,2684,5,992,104
14712,2685,5,846,142
14713,2685,4,1436,100
14714,2685,6,824,198
14715,2686,10,1444,118
14716,2686,6,1303,137
14717,2686,2,1400,137
14718,2686,3,1430,58
14719,2686,1,402,191
14720,2686,7,294,17
14721,2686,4,1313,113
14722,2686,9,267,131
14723,2686,5,1290,194
14724,2686,8,1761,109
14725,2687,10,140,117
14726,2687,6,1689,148
14727,2687,3,757,93
14728,2687,2,1856,185
14729,2687,8,1426,165
14730,2688,10,278,84
14731,2688,1,1805,14
14732,2688,6,1133,43
14733,2689,8,1275,180
14734,2689,5,485,44
14735,2689,1,18,16
14736,2689,7,1895,164
14737,2689,2,1922,188
14738,2689,4,510,162
14739,2689,3,222,77
14740,2689,10,1265,7
14741,2689,6,543,56
14742,2690,4,159,33
14743,2691,2,528,75
14744,2691,3,781,113
14745,2691,10,1469,58
14746,2691,4,200,94
14747,2692,4,1295,28
14748,2692,2,830,75
14749,2692,3,213,152
14750,2692,6,1731,77
14751,2692,7,974,26
14752,2692,5,1374,54
14753,2692,9,634,145
14754,2692,10,741,188
14755,2692,1,1270,4
14756,2692,8,1506,118
14757,2693,2,1879,144
14758,2693,9,1785,64
14759,2693,4,996,178
14760,2693,8,1559,68
14761,2693,3,50,20
14762,2693,1,273,133
14763,2693,6,821,81
14764,2693,7,906,11
14765,2693,10,1990,197
14766,2693,5,1902,198
14767,2694,9,1366,185
14768,2694,4,1619,125
14769,2694,2,349,51
14770,2694,5,147,31
14771,2694,3,1195,66
14772,2694,7,1400,100
14773,2694,10,1043,191
14774,2695,2,1067,23
14775,2695,4,311,119
14776,2695,5,1665,167
14777,2696,10,121,70
14778,2696,9,129,124
14779,2696,8,573,7
14780,2696,3,1820,68
14781,2696,2,213,94
14782,2696,1,1754,29
14783,2696,4,814,1
14784,2696,6,1222,163
14785,2696,5,646,40
14786,2696,7,1763,34
14787,2697,6,162,5
14788,2697,5,1391,175
14789,2697,3,1486,119
14790,2697,9,913,101
14791,2697,1,1238,118
14792,2697,4,337,66
14793,2697,7,417,1
14794,2697,10,552,118
14795,2698,1,1805,2
14796,2698,9,1006,95
14797,2698,6,1779,0
14798,2698,5,1518,9
14799,2698,8,809,90
14800,2698,2,736,49
14801,2699,1,1781,94
14802,2699,6,1336,134
14803,2700,6,1646,77
14804,2700,7,827,4
14805,2700,3,71,7
14806,2701,4,1340,186
14807,2701,9,1525,196
14808,2702,6,836,17
14809,2702,3,1500,7
14810,2702,9,839,155
14811,2702,1,1181,160
14812,2702,7,948,24
14813,2702,8,1550,78
14814,2702,4,1405,69
14815,2702,10,261,75
14816,2702,5,1481,186
14817,2703,7,1142,145
14818,2703,1,414,62
14819,2703,4,1070,24
14820,2703,2,1703,80
14821,2703,6,1999,140
14822,2703,9,317,133
14823,2703,5,1036,133
14824,2703,3,946,168
14825,2704,9,1968,2
14826,2704,5,447,116
14827,2704,4,413,30
14828,2704,6,1137,119
14829,2704,7,164,127
14830,2704,2,371,123
14831,2704,3,897,153
14832,2704,10,418,198
14833,2705,8,568,24
14834,2705,7,1199,33
14835,2705,9,1485,123
14836,2705,6,910,12
14837,2705,1,667,104
14838,2705,2,463,39
14839,2705,4,537,196
14840,2706,4,1518,77
14841,2706,8,482,161
14842,2706,3,1856,102
14843,2706,2,1356,92
14844,2706,5,481,130
14845,2706,6,61,54
14846,2707,10,117,104
14847,2707,1,751,184
14848,2707,9,1120,45
14849,2707,2,962,130
14850,2707,3,306,47
14851,2707,8,118,72
14852,2707,5,1771,4
14853,2708,5,977,187
14854,2708,1,1938,152
14855,2709,2,741,176
14856,2709,8,1546,152
14857,2709,10,1188,70
14858,2710,4,1125,19
14859,2710,3,104,84
14860,2710,5,327,114
14861,2710,2,1720,138
14862,2710,1,1830,80
14863,2710,7,1412,134
14864,2710,6,58,21
14865,2710,10,1788,166
14866,2710,9,573,198
14867,2711,8,1464,92
14868,2711,10,1224,99
14869,2711,7,894,131
14870,2711,6,198,196
14871,2711,3,365,25
14872,2711,2,62,59
14873,2712,9,603,191
14874,2712,5,1345,19
14875,2712,1,1287,116
14876,2712,4,895,117
14877,2712,7,583,190
14878,2713,8,50,36
14879,2713,1,1326,174
14880,2714,3,1691,116
14881,2714,10,70,49
14882,2714,2,1268,9
14883,2714,5,195,77
14884,2714,6,214,49
14885,2715,1,965,172
14886,2715,8,478,6
14887,2716,9,312,122
14888,2716,4,1316,192
14889,2716,2,723,184
14890,2716,3,130,14
14891,2716,1,996,75
14892,2716,7,223,101
14893,2717,6,742,100
14894,2717,3,73,57
14895,2717,7,1727,67
14896,2717,1,956,36
14897,2717,9,1485,58
14898,2717,2,826,4
14899,2717,8,1393,96
14900,2718,5,753,44
14901,2718,8,229,34
14902,2718,10,601,129
14903,2718,9,1193,36
14904,2718,4,1520,47
14905,2718,7,1282,188
14906,2718,1,1884,196
14907,2718,2,1797,141
14908,2718,6,1661,194
14909,2719,1,985,42
14910,2719,4,1312,108
14911,2719,6,1479,130
14912,2719,10,1650,106
14913,2720,6,1728,84
14914,2720,10,1489,78
14915,2721,9,617,104
14916,2722,7,1658,30
14917,2722,3,97,23
14918,2722,5,72,5
14919,2722,9,417,198
14920,2722,8,866,176
14921,2723,4,1457,24
14922,2723,2,1667,39
14923,2723,10,95,10
14924,2723,1,1304,147
14925,2723,7,373,178
14926,2723,3,1175,112
14927,2723,8,492,170
14928,2723,9,578,149
14929,2723,6,1315,115
14930,2724,1,1067,187
14931,2724,10,83,14
14932,2724,3,748,171
14933,2724,9,768,29
14934,2724,7,1459,171
14935,2724,8,1847,141
14936,2724,4,782,190
14937,2724,2,976,8
14938,2725,8,859,135
14939,2726,2,1817,161
14940,2726,9,561,128
14941,2726,5,297,199
14942,2726,8,846,187
14943,2726,6,1029,97
14944,2726,3,846,198
14945,2726,1,49,25
14946,2726,4,955,82
14947,2726,7,1953,26
14948,2726,10,719,133
14949,2727,9,1621,126
14950,2727,4,21,19
14951,2727,5,1109,122
14952,2727,2,177,52
14953,2727,6,113,52
14954,2727,1,685,111
14955,2727,10,699,30
14956,2727,7,1364,97
14957,2728,8,635,96
14958,2728,7,1213,120
14959,2728,10,1157,160
14960,2728,9,383,47
14961,2729,10,1593,179
14962,2730,4,551,88
14963,2730,5,1454,130
14964,2730,8,855,16
14965,2730,2,311,140
14966,2730,7,441,169
14967,2730,3,81,2
14968,2730,6,1465,142
14969,2730,9,1087,139
14970,2730,10,579,107
14971,2731,9,1258,69
14972,2731,2,1618,74
14973,2731,1,1219,147
14974,2731,3,1805,11
14975,2731,10,332,35
14976,2732,3,873,3
14977,2732,1,743,117
14978,2732,4,1906,21
14979,2733,10,1785,145
14980,2733,7,1756,33
14981,2734,10,1267,199
14982,2734,7,1972,80
14983,2734,6,1494,172
14984,2734,9,1534,184
14985,2734,4,567,157
14986,2734,5,1326,109
14987,2734,1,1898,130
14988,2734,3,98,82
14989,2734,8,826,150
14990,2735,7,820,165
14991,2735,9,1506,37
14992,2735,6,802,197
14993,2735,2,1418,152
14994,2735,3,1360,179
14995,2735,5,1451,128
14996,2736,1,1879,51
14997,2736,9,1433,147
14998,2736,4,774,96
14999,2736,6,263,167
15000,2736,8,1102,106
15001,2736,2,470,26
15002,2736,3,428,40
15003,2736,10,856,9
15004,2736,7,1863,9
15005,2737,4,1994,146
15006,2737,6,1663,197
15007,2737,1,1976,110
15008,2737,2,1099,91
15009,2738,10,269,147
15010,2738,6,1642,164
15011,2738,9,982,79
15012,2738,8,80,36
15013,2738,5,28,9
15014,2738,7,34,10
15015,2738,4,1376,50
15016,2738,3,418,53
15017,2738,1,563,24
15018,2738,2,142,61
15019,2739,10,963,40
15020,2739,6,918,38
15021,2739,9,973,167
15022,2739,5,1314,164
15023,2740,8,156,9
15024,2740,5,520,178
15025,2740,9,171,73
15026,2741,10,1162,176
15027,2741,9,124,77
15028,2741,3,195,33
15029,2741,5,1640,131
15030,2741,2,608,147
15031,2741,4,865,106
15032,2742,8,845,33
15033,2742,6,1004,37
15034,2742,4,1952,100
15035,2742,2,325,7
15036,2743,5,167,40
15037,2743,4,172,158
15038,2743,10,1893,51
15039,2743,9,1444,150
15040,2743,2,934,108
15041,2743,1,1793,21
15042,2744,4,181,124
15043,2744,3,87,25
15044,2744,6,240,114
15045,2745,1,1194,63
15046,2745,8,490,97
15047,2745,2,1955,99
15048,2745,9,286,162
15049,2745,5,1233,88
15050,2745,7,1467,136
15051,2745,10,1184,164
15052,2746,9,259,119
15053,2746,8,1445,135
15054,2746,7,21,6
15055,2747,1,842,27
15056,2747,3,104,16
15057,2747,4,302,108
15058,2747,5,1351,161
15059,2747,6,1863,133
15060,2747,8,252,200
15061,2748,5,1476,183
15062,2748,7,1457,182
15063,2748,6,761,196
15064,2748,1,1483,35
15065,2748,4,98,70
15066,2748,8,1551,6
15067,2748,3,987,121
15068,2749,7,1501,158
15069,2749,5,884,80
15070,2749,4,503,136
15071,2749,3,1742,162
15072,2749,2,761,90
15073,2749,1,1151,182
15074,2749,8,1899,72
15075,2749,9,539,166
15076,2750,3,1462,59
15077,2751,1,156,61
15078,2751,5,570,177
15079,2751,2,1008,83
15080,2751,10,802,26
15081,2751,7,143,0
15082,2751,6,1829,90
15083,2751,9,701,142
15084,2751,3,475,150
15085,2751,4,208,38
15086,2751,8,406,90
15087,2752,2,818,97
15088,2752,8,34,3
15089,2752,9,300,33
15090,2752,1,1516,25
15091,2752,4,1103,124
15092,2752,5,1675,74
15093,2753,9,529,45
15094,2753,1,1464,106
15095,2753,8,1962,150
15096,2754,4,85,41
15097,2755,1,384,140
15098,2755,2,1805,58
15099,2755,4,189,174
15100,2755,9,1874,0
15101,2755,7,1025,81
15102,2755,5,103,19
15103,2755,8,173,130
15104,2756,9,1423,156
15105,2756,2,1061,24
15106,2757,8,538,7
15107,2757,1,1160,28
15108,2757,2,1202,20
15109,2757,10,985,75
15110,2757,7,804,65
15111,2757,9,1912,116
15112,2758,1,1573,133
15113,2758,9,1097,84
15114,2758,2,1,0
15115,2759,2,240,149
15116,2759,8,1381,45
15117,2759,3,1372,24
15118,2759,7,1009,34
15119,2760,5,1757,120
15120,2760,8,654,20
15121,2760,9,1707,96
15122,2761,6,1297,168
15123,2761,2,610,79
15124,2761,9,723,132
15125,2761,3,1585,149
15126,2761,10,989,91
15127,2761,1,1961,135
15128,2761,8,1681,60
15129,2761,5,51,40
15130,2761,7,1562,36
15131,2762,10,1146,30
15132,2762,4,554,160
15133,2762,7,322,165
15134,2762,6,850,196
15135,2762,2,683,124
15136,2762,1,331,144
15137,2762,3,645,47
15138,2762,8,1708,172
15139,2763,1,1912,169
15140,2763,6,483,78
15141,2763,3,1472,47
15142,2763,9,1983,10
15143,2763,8,1040,2
15144,2763,10,1149,189
15145,2763,4,1662,115
15146,2763,2,642,104
15147,2763,5,1547,156
15148,2764,8,1837,33
15149,2764,9,1447,22
15150,2764,7,1501,4
15151,2764,2,1339,175
15152,2764,10,483,97
15153,2764,4,977,193
15154,2764,6,259,81
15155,2764,5,636,63
15156,2764,3,1585,147
15157,2765,4,495,101
15158,2765,2,807,105
15159,2765,7,1815,28
15160,2766,3,783,0
15161,2766,1,1318,22
15162,2766,6,546,98
15163,2766,2,1962,179
15164,2766,5,1270,76
15165,2766,10,924,15
15166,2766,4,687,179
15167,2767,3,1111,19
15168,2767,5,886,5
15169,2767,8,281,101
15170,2767,10,1412,128
15171,2767,1,753,100
15172,2767,4,430,192
15173,2767,6,517,50
15174,2767,2,1457,32
15175,2768,2,1695,186
15176,2768,3,1123,116
15177,2768,1,1992,47
15178,2768,10,1486,9
15179,2768,8,1662,19
15180,2768,7,834,57
15181,2768,6,78,65
15182,2768,9,475,10
15183,2768,5,478,60
15184,2769,3,307,41
15185,2769,4,935,1
15186,2769,7,1622,95
15187,2769,10,1778,104
15188,2770,2,1381,12
15189,2771,8,1387,187
15190,2771,9,578,31
15191,2771,10,1790,168
15192,2771,6,1710,160
15193,2771,1,1461,116
15194,2771,7,420,50
15195,2771,2,1418,164
15196,2772,4,1365,197
15197,2772,7,909,38
15198,2772,8,1245,123
15199,2772,6,1648,37
15200,2772,10,1608,16
15201,2773,8,1183,166
15202,2773,4,1544,79
15203,2773,7,1927,16
15204,2773,10,1989,157
15205,2774,10,1720,23
15206,2774,7,1914,146
15207,2774,4,862,27
15208,2774,2,1755,192
15209,2774,9,745,13
15210,2774,3,755,100
15211,2774,1,1046,189
15212,2774,8,11,7
15213,2775,2,391,15
15214,2775,4,656,2
15215,2775,8,1012,37
15216,2775,7,1752,147
15217,2775,10,169,25
15218,2776,6,1685,171
15219,2776,3,535,6
15220,2776,8,1214,197
15221,2776,7,1938,108
15222,2777,7,1247,184
15223,2777,2,887,62
15224,2777,1,1104,90
15225,2778,9,934,139
15226,2778,1,253,163
15227,2778,4,809,195
15228,2778,10,854,178
15229,2778,6,1797,72
15230,2778,7,1422,8
15231,2778,3,1127,143
15232,2778,5,1308,141
15233,2778,2,1652,32
15234,2779,7,56,40
15235,2779,9,1789,196
15236,2779,6,480,17
15237,2779,8,258,145
15238,2779,1,1423,153
15239,2779,3,928,126
15240,2779,5,1753,144
15241,2779,4,549,175
15242,2779,2,1896,28
15243,2780,4,919,149
15244,2780,6,1982,152
15245,2781,7,95,67
15246,2781,3,770,198
15247,2781,4,461,140
15248,2781,8,1770,89
15249,2782,5,893,159
15250,2782,8,760,15
15251,2782,1,1177,81
15252,2782,2,1865,109
15253,2782,10,23,17
15254,2782,9,637,107
15255,2782,7,1991,6
15256,2783,7,286,6
15257,2783,3,1737,6
15258,2783,1,122,71
15259,2783,4,428,185
15260,2783,2,1039,151
15261,2783,10,1381,144
15262,2783,8,495,148
15263,2783,5,735,52
15264,2784,8,609,146
15265,2784,6,1724,13
15266,2784,3,1159,42
15267,2784,4,1286,125
15268,2784,1,950,94
15269,2784,5,743,66
15270,2784,10,797,7
15271,2784,9,304,164
15272,2784,7,774,34
15273,2785,6,1048,126
15274,2785,1,906,156
15275,2786,10,1553,104
15276,2786,6,521,0
15277,2787,8,1314,81
15278,2787,1,1735,88
15279,2787,3,1227,199
15280,2788,3,153,8
15281,2788,2,1511,45
15282,2788,5,1516,54
15283,2788,10,692,188
15284,2789,1,29,0
15285,2789,8,1552,74
15286,2790,2,1924,8
15287,2790,6,920,123
15288,2790,10,277,72
15289,2790,8,1428,198
15290,2790,7,498,94
15291,2790,9,1771,12
15292,2790,1,246,79
15293,2790,3,1095,79
15294,2790,4,670,126
15295,2791,6,492,184
15296,2792,8,1348,18
15297,2792,1,199,65
15298,2792,7,1144,41
15299,2792,9,1610,105
15300,2792,5,1126,152
15301,2792,3,1092,8
15302,2792,6,81,71
15303,2792,2,1846,163
15304,2792,10,542,14
15305,2792,4,1853,160
15306,2793,1,425,13
15307,2793,5,5,0
15308,2793,3,1820,135
15309,2793,4,1421,57
15310,2793,8,1026,153
15311,2794,10,83,74
15312,2794,7,360,163
15313,2794,4,181,92
15314,2794,9,20,1
15315,2794,1,1504,115
15316,2795,3,1865,164
15317,2795,9,626,21
15318,2795,1,1856,103
15319,2796,7,1988,37
15320,2796,3,1239,96
15321,2796,10,585,128
15322,2796,9,1683,95
15323,2796,5,77,34
15324,2797,7,174,50
15325,2797,2,387,61
15326,2797,3,1135,43
15327,2797,4,1570,11
15328,2797,1,651,19
15329,2798,4,802,196
15330,2798,2,1343,29
15331,2798,6,598,96
15332,2798,5,71,52
15333,2798,10,980,171
15334,2798,3,1205,102
15335,2798,1,1913,53
15336,2799,7,608,128
15337,2799,9,723,13
15338,2799,8,1393,189
15339,2799,6,1674,167
15340,2799,2,1731,97
15341,2799,3,498,193
15342,2799,5,549,155
15343,2799,4,323,61
15344,2799,10,375,63
15345,2799,1,1928,52
15346,2800,8,1381,100
15347,2800,10,450,70
15348,2800,9,759,170
15349,2801,3,1878,58
15350,2801,10,1242,35
15351,2801,2,1245,16
15352,2801,5,1119,141
15353,2801,4,261,184
15354,2801,1,174,111
15355,2801,8,854,174
15356,2801,7,1231,189
15357,2802,6,863,87
15358,2802,7,826,44
15359,2802,2,684,108
15360,2802,3,657,29
15361,2803,10,1252,49
15362,2803,9,137,87
15363,2803,8,1331,11
15364,2803,7,552,28
15365,2803,6,310,15
15366,2803,4,371,175
15367,2803,3,1486,181
15368,2803,2,857,38
15369,2803,5,1062,34
15370,2804,2,351,98
15371,2804,3,1592,88
15372,2804,9,533,75
15373,2804,1,1753,193
15374,2804,7,399,141
15375,2804,10,1425,38
15376,2804,4,971,78
15377,2804,5,228,21
15378,2805,10,1999,49
15379,2805,6,938,68
15380,2805,5,109,28
15381,2805,4,249,26
15382,2805,3,142,49
15383,2805,9,1005,96
15384,2806,9,894,24
15385,2807,1,950,166
15386,2807,9,1533,31
15387,2807,7,1169,178
15388,2807,2,220,8
15389,2807,3,313,164
15390,2807,4,575,159
15391,2808,3,1733,138
15392,2808,9,1850,151
15393,2809,8,320,3
15394,2809,7,789,122
15395,2809,4,1641,198
15396,2809,1,135,84
15397,2809,2,1887,40
15398,2809,3,1275,159
15399,2809,6,1750,95
15400,2809,10,1666,53
15401,2809,9,611,164
15402,2810,10,1277,188
15403,2810,3,938,127
15404,2810,6,1012,54
15405,2810,7,1405,62
15406,2810,1,787,8
15407,2811,7,1973,196
15408,2812,10,299,115
15409,2812,4,1942,16
15410,2812,5,682,37
15411,2813,4,673,41
15412,2813,7,1729,58
15413,2813,1,1609,70
15414,2813,6,435,112
15415,2813,3,1413,64
15416,2813,5,569,171
15417,2813,2,799,193
15418,2814,3,974,150
15419,2814,8,101,14
15420,2814,4,1506,161
15421,2814,1,1817,16
15422,2814,2,1294,44
15423,2814,10,642,93
15424,2814,9,749,1
15425,2814,5,319,177
15426,2814,6,1868,88
15427,2815,5,8,7
15428,2815,8,1915,5
15429,2815,1,1621,170
15430,2815,6,1989,127
15431,2815,2,1048,90
15432,2815,4,561,130
15433,2815,10,210,77
15434,2815,9,718,186
15435,2815,7,160,3
15436,2815,3,968,146
15437,2816,8,658,80
15438,2816,2,1528,179
15439,2816,1,1669,63
15440,2817,6,1928,193
15441,2817,7,1781,108
15442,2817,1,1828,105
15443,2817,8,910,10
15444,2817,2,1449,185
15445,2817,3,1825,10
15446,2817,4,1503,31
15447,2817,10,1619,48
15448,2817,5,113,90
15449,2818,4,1403,134
15450,2818,2,1409,37
15451,2818,7,521,87
15452,2818,3,271,120
15453,2818,9,1746,35
15454,2818,6,1102,145
15455,2818,1,1978,93
15456,2818,5,1247,5
15457,2818,10,1546,124
15458,2818,8,1000,26
15459,2819,9,825,150
15460,2819,8,408,19
15461,2819,5,1417,45
15462,2819,6,1904,15
15463,2819,7,1953,99
15464,2819,1,1372,135
15465,2819,4,1457,190
15466,2819,2,494,27
15467,2819,3,649,34
15468,2820,7,1172,5
15469,2820,1,552,138
15470,2820,5,168,50
15471,2820,10,1252,199
15472,2820,9,1424,182
15473,2820,2,1536,78
15474,2821,2,366,102
15475,2821,4,605,105
15476,2821,10,314,180
15477,2821,1,1412,71
15478,2821,5,1616,184
15479,2821,8,789,21
15480,2821,7,1691,81
15481,2821,6,1691,150
15482,2821,3,1467,56
15483,2821,9,43,21
15484,2822,5,803,134
15485,2822,6,1741,106
15486,2822,9,1925,61
15487,2822,7,96,36
15488,2822,10,1288,59
15489,2822,1,846,160
15490,2822,2,839,2
15491,2822,8,1029,46
15492,2823,10,331,154
15493,2823,4,600,3
15494,2824,1,139,46
15495,2824,8,1218,105
15496,2824,10,1418,104
15497,2824,9,1868,45
15498,2824,2,409,132
15499,2824,4,1000,29
15500,2824,7,313,198
15501,2824,6,528,189
15502,2825,1,450,98
15503,2825,3,1326,3
15504,2825,7,365,83
15505,2825,6,1575,149
15506,2825,8,1939,195
15507,2825,4,203,181
15508,2825,2,317,121
15509,2825,10,959,180
15510,2825,5,1276,150
15511,2826,4,401,100
15512,2826,7,1994,103
15513,2827,1,1381,111
15514,2828,8,170,144
15515,2828,5,623,0
15516,2828,4,1779,14
15517,2829,10,1560,188
15518,2829,8,1432,36
15519,2829,3,987,91
15520,2829,7,1871,44
15521,2829,1,1844,95
15522,2829,6,1697,135
15523,2829,5,1240,110
15524,2829,9,776,70
15525,2829,2,1800,14
15526,2830,1,11,1
15527,2830,6,782,43
15528,2830,4,1349,66
15529,2831,6,1520,25
15530,2831,3,1906,47
15531,2831,8,1995,114
15532,2831,9,755,175
15533,2831,4,1374,23
15534,2831,1,1194,120
15535,2831,5,1660,68
15536,2832,6,1023,81
15537,2832,7,875,193
15538,2832,8,956,78
15539,2832,10,41,27
15540,2832,9,1293,53
15541,2832,3,1215,155
15542,2832,5,35,24
15543,2832,4,1466,185
15544,2832,1,553,12
15545,2833,8,1662,151
15546,2833,3,1916,147
15547,2833,7,1111,126
15548,2834,5,640,128
15549,2834,2,1452,145
15550,2834,6,1255,70
15551,2834,10,871,183
15552,2834,9,1230,16
15553,2834,3,523,156
15554,2834,7,1109,155
15555,2834,8,408,77
15556,2835,5,459,108
15557,2835,9,401,131
15558,2835,3,1132,160
15559,2835,1,479,39
15560,2835,8,357,15
15561,2835,4,233,111
15562,2835,7,975,147
15563,2835,2,485,29
15564,2835,6,1287,104
15565,2835,10,1085,29
15566,2836,7,1788,7
15567,2836,1,1336,10
15568,2837,6,475,72
15569,2837,9,20,16
15570,2837,5,60,9
15571,2838,10,1600,127
15572,2838,9,1615,49
15573,2838,4,1720,171
15574,2838,8,1619,10
15575,2838,2,109,107
15576,2838,1,1674,196
15577,2839,4,1704,25
15578,2839,5,146,118
15579,2839,2,699,182
15580,2839,8,323,114
15581,2839,6,1173,2
15582,2840,4,1897,116
15583,2840,9,705,8
15584,2840,8,1420,62
15585,2840,10,961,168
15586,2840,1,1477,108
15587,2840,2,1964,64
15588,2840,3,1840,43
15589,2840,7,297,182
15590,2840,5,834,61
15591,2841,9,0,0
15592,2841,8,750,61
15593,2841,10,545,125
15594,2841,7,555,136
15595,2841,4,984,48
15596,2841,6,651,145
15597,2841,1,987,33
15598,2841,5,1060,14
15599,2841,2,1632,23
15600,2841,3,1038,151
15601,2842,8,1242,132
15602,2842,3,1839,47
15603,2842,1,746,192
15604,2842,6,1187,13
15605,2842,2,1416,146
15606,2842,5,1622,137
15607,2843,2,182,18
15608,2843,3,1733,48
15609,2844,8,533,172
15610,2844,7,445,164
15611,2844,6,1797,180
15612,2844,10,1343,142
15613,2844,1,1529,67
15614,2844,5,241,18
15615,2845,1,319,128
15616,2846,6,1555,40
15617,2846,3,1044,10
15618,2846,9,894,82
15619,2846,8,1093,38
15620,2846,7,894,154
15621,2846,2,1771,198
15622,2846,5,1355,146
15623,2847,9,1108,143
15624,2847,6,1320,166
15625,2847,3,720,32
15626,2847,1,1464,186
15627,2848,1,933,39
15628,2849,10,619,180
15629,2849,7,64,9
15630,2849,1,618,143
15631,2849,4,1645,184
15632,2849,8,17,17
15633,2849,3,1843,7
15634,2850,4,826,43
15635,2850,9,1541,173
15636,2851,5,992,180
15637,2851,1,1631,41
15638,2851,3,1529,163
15639,2851,4,618,181
15640,2851,6,1834,50
15641,2851,2,652,15
15642,2851,10,1232,117
15643,2851,8,1385,69
15644,2851,9,920,121
15645,2851,7,878,69
15646,2852,5,648,154
15647,2852,2,625,152
15648,2852,8,1658,18
15649,2852,3,273,177
15650,2852,7,1082,104
15651,2852,6,1593,18
15652,2852,4,1546,174
15653,2852,1,884,53
15654,2853,7,1992,19
15655,2853,8,725,59
15656,2853,5,237,126
15657,2853,3,853,184
15658,2853,2,885,104
15659,2853,4,113,65
15660,2853,6,331,189
15661,2854,10,1770,19
15662,2854,7,1452,171
15663,2854,1,862,40
15664,2854,3,1519,138
15665,2855,10,1572,84
15666,2855,6,1933,155
15667,2855,1,94,69
15668,2855,9,78,64
15669,2855,4,907,112
15670,2855,8,846,134
15671,2855,7,1211,32
15672,2855,3,1301,90
15673,2856,5,1280,143
15674,2856,7,756,196
15675,2856,6,1522,38
15676,2857,8,835,147
15677,2858,10,224,79
15678,2858,3,1458,20
15679,2858,6,563,145
15680,2858,7,632,171
15681,2859,8,382,20
15682,2859,7,1365,89
15683,2859,4,1519,66
15684,2859,9,1974,186
15685,2859,1,1577,153
15686,2859,10,32,30
15687,2859,5,1466,121
15688,2859,2,245,166
15689,2860,4,984,127
15690,2860,3,1311,71
15691,2860,7,1507,25
15692,2861,4,1115,143
15693,2861,6,1928,168
15694,2861,9,43,42
15695,2861,3,373,114
15696,2861,8,899,111
15697,2861,5,117,24
15698,2861,1,531,3
15699,2861,2,1744,42
15700,2862,10,851,44
15701,2862,2,1696,178
15702,2863,5,228,10
15703,2864,6,916,109
15704,2864,4,1632,55
15705,2864,3,390,159
15706,2864,9,1567,172
15707,2865,8,1964,90
15708,2865,5,678,116
15709,2865,2,167,152
15710,2866,10,863,32
15711,2866,9,489,30
15712,2866,8,1581,137
15713,2866,7,549,1
15714,2867,1,1112,83
15715,2867,10,1760,26
15716,2867,3,1357,111
15717,2867,5,292,163
15718,2868,2,1126,1
15719,2868,8,1273,72
15720,2868,10,481,179
15721,2868,7,1447,173
15722,2868,5,486,92
15723,2868,3,1492,142
15724,2868,1,836,16
15725,2868,9,344,27
15726,2868,6,79,76
15727,2869,3,954,168
15728,2869,4,1655,12
15729,2869,2,929,160
15730,2869,6,525,179
15731,2869,1,1499,200
15732,2869,10,1267,147
15733,2870,10,224,78
15734,2870,8,1414,141
15735,2870,1,1033,82
15736,2870,3,1453,192
15737,2870,2,172,23
15738,2870,5,929,88
15739,2870,7,1387,146
15740,2870,6,1734,28
15741,2870,4,1500,8
15742,2871,2,1611,148
15743,2871,6,1495,190
15744,2871,4,679,35
15745,2871,9,498,144
15746,2871,1,395,187
15747,2871,8,1537,72
15748,2871,10,737,92
15749,2872,1,1225,114
15750,2872,3,913,25
15751,2872,9,779,126
15752,2872,10,316,77
15753,2872,5,1607,104
15754,2872,2,1928,166
15755,2872,8,1059,69
15756,2872,6,1113,125
15757,2873,6,290,88
15758,2874,7,1919,101
15759,2874,2,1483,24
15760,2874,4,107,77
15761,2874,6,1743,113
15762,2874,8,284,116
15763,2875,8,479,68
15764,2875,7,1481,138
15765,2876,1,1086,144
15766,2876,2,870,108
15767,2876,10,1630,63
15768,2876,5,928,40
15769,2876,7,409,96
15770,2876,3,808,94
15771,2877,10,104,30
15772,2877,5,1462,48
15773,2878,1,1778,167
15774,2878,10,362,96
15775,2879,5,1677,44
15776,2879,4,1927,3
15777,2879,1,1887,103
15778,2880,10,473,51
15779,2880,1,1294,109
15780,2880,9,1271,141
15781,2880,5,850,177
15782,2880,6,649,178
15783,2880,4,866,110
15784,2880,7,1549,44
15785,2880,3,668,24
15786,2881,6,1546,82
15787,2882,1,635,167
15788,2882,10,283,9
15789,2882,6,1390,119
15790,2882,3,1102,169
15791,2882,7,893,67
15792,2882,2,144,59
15793,2882,4,120,37
15794,2882,5,1372,145
15795,2882,9,53,26
15796,2883,5,301,193
15797,2883,2,851,178
15798,2883,3,1294,186
15799,2883,8,1451,135
15800,2883,6,466,123
15801,2884,5,162,40
15802,2884,7,1891,185
15803,2884,1,959,7
15804,2884,10,1605,6
15805,2884,2,194,193
15806,2884,8,318,163
15807,2884,3,786,61
15808,2884,4,440,66
15809,2884,9,901,118
15810,2885,1,773,11
15811,2885,6,1441,128
15812,2885,9,310,199
15813,2886,5,787,65
15814,2886,7,631,37
15815,2886,10,769,34
15816,2886,8,981,194
15817,2886,3,1880,149
15818,2886,6,204,99
15819,2886,1,530,93
15820,2887,5,955,19
15821,2887,2,1468,0
15822,2887,7,410,102
15823,2887,1,1667,30
15824,2887,3,342,110
15825,2887,4,767,193
15826,2887,9,1722,63
15827,2887,8,323,76
15828,2887,10,997,153
15829,2888,1,1984,141
15830,2888,2,986,43
15831,2888,6,987,1
15832,2888,3,1985,199
15833,2888,7,640,160
15834,2888,8,405,91
15835,2888,5,835,101
15836,2888,9,181,10
15837,2888,4,160,60
15838,2888,10,1938,156
15839,2889,6,1913,115
15840,2889,8,1254,79
15841,2889,1,690,47
15842,2889,3,116,78
15843,2889,9,1540,4
15844,2889,5,2,2
15845,2889,10,1824,148
15846,2889,2,1752,47
15847,2889,4,795,75
15848,2889,7,1084,198
15849,2890,7,400,103
15850,2890,3,447,161
15851,2890,5,1499,39
15852,2890,4,1038,69
15853,2890,9,1493,114
15854,2890,6,1465,30
15855,2890,10,529,22
15856,2890,8,1760,77
15857,2890,2,162,36
15858,2891,3,1609,107
15859,2891,5,74,1
15860,2891,7,1478,121
15861,2891,10,1422,117
15862,2891,9,1169,161
15863,2891,2,508,73
15864,2891,1,184,80
15865,2891,4,1725,177
15866,2891,6,882,118
15867,2891,8,1707,134
15868,2892,6,637,136
15869,2892,7,177,100
15870,2892,4,1048,91
15871,2892,8,1874,113
15872,2892,5,1990,111
15873,2892,2,482,177
15874,2892,9,1944,196
15875,2892,10,855,19
15876,2893,3,1054,130
15877,2893,4,1690,6
15878,2893,9,189,149
15879,2893,6,1625,162
15880,2893,8,1562,159
15881,2893,10,1785,48
15882,2894,5,581,54
15883,2894,2,995,57
15884,2894,9,629,104
15885,2895,5,1789,23
15886,2895,2,1011,70
15887,2895,7,70,31
15888,2895,8,1859,177
15889,2895,10,614,30
15890,2895,6,421,157
15891,2895,4,1451,82
15892,2896,1,1575,199
15893,2896,7,1854,58
15894,2896,4,409,167
15895,2896,9,1347,189
15896,2896,8,1077,49
15897,2896,6,633,47
15898,2896,5,185,154
15899,2896,2,956,97
15900,2896,3,757,4
15901,2896,10,472,164
15902,2897,9,879,181
15903,2897,1,1553,175
15904,2897,5,153,121
15905,2897,2,645,136
15906,2897,4,773,157
15907,2897,7,1702,179
15908,2897,8,841,162
15909,2897,3,300,129
15910,2897,10,497,168
15911,2898,4,226,78
15912,2898,3,384,51
15913,2898,6,463,190
15914,2899,4,1957,186
15915,2899,1,1559,114
15916,2899,10,1629,44
15917,2899,2,1708,143
15918,2899,7,168,69
15919,2899,6,1878,191
15920,2900,5,1095,40
15921,2900,7,1815,88
15922,2900,9,826,178
15923,2900,1,976,58
15924,2900,4,1419,164
15925,2900,2,1909,69
15926,2900,8,25,2
15927,2900,10,163,123
15928,2901,2,1361,155
15929,2901,4,559,182
15930,2901,6,1727,104
15931,2901,7,738,60
15932,2902,4,1432,101
15933,2902,6,642,165
15934,2903,5,1299,161
15935,2903,1,1056,35
15936,2903,8,50,5
15937,2903,6,77,75
15938,2903,9,1692,43
15939,2904,9,940,152
15940,2904,1,1868,60
15941,2904,2,1723,189
15942,2904,8,849,110
15943,2904,6,806,141
15944,2905,10,661,61
15945,2905,7,1518,11
15946,2905,6,1880,138
15947,2905,3,1327,136
15948,2905,1,183,33
15949,2905,8,11,7
15950,2905,4,1719,57
15951,2905,2,1899,159
15952,2906,5,1767,161
15953,2907,5,1688,39
15954,2907,10,1868,156
15955,2908,7,360,158
15956,2909,9,1688,157
15957,2909,1,1324,44
15958,2909,2,482,185
15959,2909,10,541,113
15960,2909,5,1438,128
15961,2909,7,699,34
15962,2909,6,945,158
15963,2909,4,1145,185
15964,2909,3,320,160
15965,2910,5,355,142
15966,2910,6,1054,106
15967,2910,3,777,57
15968,2910,4,925,0
15969,2910,9,1349,19
15970,2910,2,1923,115
15971,2910,8,681,26
15972,2911,8,37,31
15973,2911,5,1615,26
15974,2911,6,237,46
15975,2911,9,809,6
15976,2911,4,432,181
15977,2911,3,1835,66
15978,2911,2,1254,17
15979,2911,7,1960,126
15980,2911,10,915,54
15981,2911,1,1934,132
15982,2912,7,1033,9
15983,2913,10,1522,11
15984,2913,2,62,51
15985,2913,6,1132,154
15986,2913,5,774,117
15987,2913,7,1031,60
15988,2913,1,1133,4
15989,2914,5,468,120
15990,2914,9,1954,141
15991,2914,4,287,60
15992,2914,3,1389,67
15993,2915,7,1409,137
15994,2915,8,1589,196
15995,2915,9,529,36
15996,2916,7,862,142
15997,2916,9,1697,129
15998,2916,8,495,50
15999,2916,5,685,96
16000,2916,1,1965,126
16001,2916,3,1071,101
16002,2916,6,1027,113
16003,2916,4,1464,93
16004,2916,2,87,25
16005,2917,5,197,23
16006,2917,1,550,1
16007,2917,6,1367,80
16008,2917,4,601,96
16009,2917,8,1304,140
16010,2917,7,1079,17
16011,2918,4,1150,162
16012,2918,5,833,177
16013,2918,2,135,84
16014,2918,9,1796,113
16015,2918,6,813,191
16016,2918,1,47,45
16017,2919,2,133,86
16018,2919,7,1218,33
16019,2919,4,335,177
16020,2919,9,1430,6
16021,2919,8,1373,120
16022,2919,1,1549,187
16023,2919,3,1795,153
16024,2920,1,181,177
16025,2921,9,119,8
16026,2921,8,1494,55
16027,2921,5,767,188
16028,2921,10,575,196
16029,2921,1,1888,93
16030,2921,6,1983,158
16031,2921,3,1166,187
16032,2921,2,591,26
16033,2921,7,1032,98
16034,2922,9,605,175
16035,2922,2,1536,142
16036,2922,8,1945,92
16037,2922,7,904,140
16038,2922,10,864,154
16039,2923,9,314,114
16040,2923,10,413,61
16041,2923,5,394,11
16042,2923,4,1827,190
16043,2923,2,127,42
16044,2923,8,870,37
16045,2924,8,697,118
16046,2924,7,1810,45
16047,2924,5,36,3
16048,2924,3,1922,63
16049,2924,1,1091,7
16050,2924,10,245,91
16051,2924,9,142,129
16052,2924,6,1411,90
16053,2925,4,1368,47
16054,2925,2,115,46
16055,2925,5,1960,108
16056,2925,7,1360,59
16057,2925,6,1778,171
16058,2925,1,981,57
16059,2925,3,1073,43
16060,2925,9,1028,13
16061,2926,9,1961,96
16062,2926,8,1915,88
16063,2927,4,417,31
16064,2927,7,1393,98
16065,2927,8,1878,103
16066,2928,5,924,99
16067,2928,9,255,126
16068,2928,1,1531,57
16069,2928,7,192,144
16070,2928,6,947,64
16071,2928,2,885,86
16072,2928,3,1962,7
16073,2929,2,975,20
16074,2929,6,603,29
16075,2929,7,615,74
16076,2929,5,555,200
16077,2929,3,790,1
16078,2929,10,392,22
16079,2930,3,1329,160
16080,2930,5,1634,20
16081,2930,1,424,143
16082,2930,2,811,175
16083,2930,6,743,170
16084,2930,4,81,81
16085,2930,9,399,28
16086,2931,7,1494,92
16087,2931,6,713,176
16088,2931,5,1133,11
16089,2932,4,746,32
16090,2933,4,346,72
16091,2933,2,1112,32
16092,2933,5,545,100
16093,2933,3,797,173
16094,2933,6,472,149
16095,2933,10,1072,142
16096,2933,8,1814,131
16097,2934,3,833,185
16098,2934,2,1008,166
16099,2934,1,375,186
16100,2934,10,1591,25
16101,2934,6,785,124
16102,2934,5,1638,197
16103,2934,7,1802,197
16104,2934,9,203,22
16105,2934,4,769,186
16106,2934,8,1650,61
16107,2935,4,276,49
16108,2935,7,271,18
16109,2935,5,72,39
16110,2935,2,1873,7
16111,2935,10,1556,24
16112,2935,9,651,139
16113,2935,8,1866,132
16114,2935,1,1230,53
16115,2935,6,1602,125
16116,2936,9,319,14
16117,2937,6,1713,90
16118,2937,10,1359,185
16119,2937,4,996,145
16120,2937,7,714,68
16121,2937,5,1775,104
16122,2937,8,976,22
16123,2937,9,314,79
16124,2937,2,618,4
16125,2937,3,775,134
16126,2937,1,1574,160
16127,2938,10,1270,71
16128,2938,1,1551,57
16129,2938,8,1629,86
16130,2938,5,905,97
16131,2938,6,1566,92
16132,2938,3,47,15
16133,2938,4,776,155
16134,2939,4,1650,91
16135,2939,8,53,22
16136,2939,1,1739,81
16137,2939,5,1839,8
16138,2939,2,123,55
16139,2939,7,1152,46
16140,2939,3,700,72
16141,2939,9,974,139
16142,2939,6,325,108
16143,2939,10,1934,181
16144,2940,1,117,45
16145,2940,8,235,44
16146,2940,9,1285,175
16147,2940,7,99,54
16148,2940,4,1273,152
16149,2940,6,1762,107
16150,2940,10,1087,68
16151,2940,5,1198,79
16152,2941,2,1282,43
16153,2941,3,10,1
16154,2941,10,303,65
16155,2941,8,998,109
16156,2941,7,1369,184
16157,2941,5,260,199
16158,2941,4,1323,39
16159,2941,1,593,154
16160,2941,6,1715,149
16161,2942,4,469,28
16162,2942,9,1506,98
16163,2942,1,265,132
16164,2942,5,1837,154
16165,2942,7,225,114
16166,2942,6,242,188
16167,2942,8,910,191
16168,2942,10,1214,90
16169,2942,2,1813,179
16170,2943,6,1414,77
16171,2943,5,912,184
16172,2943,3,8,3
16173,2944,8,1545,156
16174,2944,5,1775,82
16175,2944,10,600,8
16176,2944,1,484,96
16177,2945,8,671,100
16178,2946,4,1908,57
16179,2946,1,1463,159
16180,2946,2,201,31
16181,2946,8,1082,26
16182,2946,7,711,92
16183,2946,3,120,13
16184,2946,6,1803,9
16185,2946,10,1240,37
16186,2946,5,728,58
16187,2947,10,536,106
16188,2947,9,187,112
16189,2947,5,723,119
16190,2947,6,803,143
16191,2947,4,837,139
16192,2947,8,1332,191
16193,2947,7,1135,4
16194,2947,2,1139,1
16195,2947,3,1153,75
16196,2948,4,909,91
16197,2948,10,1582,28
16198,2948,7,1499,174
16199,2948,2,875,83
16200,2948,9,93,52
16201,2948,1,1845,13
16202,2948,8,594,29
16203,2949,9,1106,168
16204,2949,4,558,44
16205,2950,9,1060,30
16206,2950,8,843,24
16207,2951,2,878,116
16208,2951,9,367,101
16209,2951,1,916,57
16210,2951,5,604,127
16211,2951,6,593,125
16212,2952,9,1463,196
16213,2952,4,506,95
16214,2952,8,186,55
16215,2952,1,465,52
16216,2952,5,443,70
16217,2952,10,1528,176
16218,2952,7,1674,78
16219,2953,2,1369,67
16220,2953,7,1103,6
16221,2953,1,322,114
16222,2953,5,298,141
16223,2953,3,1686,47
16224,2953,10,1978,175
16225,2954,5,1166,85
16226,2954,9,1801,177
16227,2954,3,756,23
16228,2954,8,234,65
16229,2954,2,1706,125
16230,2954,10,777,14
16231,2955,10,638,181
16232,2955,1,1165,185
16233,2955,7,1096,79
16234,2955,8,221,199
16235,2955,3,937,177
16236,2955,5,1042,81
16237,2955,6,405,11
16238,2955,2,1075,1
16239,2955,4,34,18
16240,2955,9,683,55
16241,2956,3,963,56
16242,2956,6,51,13
16243,2956,9,1497,198
16244,2956,2,1832,135
16245,2956,1,7,0
16246,2956,8,1684,141
16247,2956,10,287,24
16248,2956,5,1460,38
16249,2956,7,1838,78
16250,2956,4,1500,19
16251,2957,7,1993,35
16252,2957,10,1099,79
16253,2957,1,645,187
16254,2957,6,128,82
16255,2957,2,918,164
16256,2957,3,246,94
16257,2958,7,245,116
16258,2958,6,730,146
16259,2958,9,1631,90
16260,2958,8,485,52
16261,2958,2,1641,53
16262,2958,10,311,170
16263,2958,4,1383,86
16264,2958,3,1601,79
16265,2958,5,735,31
16266,2958,1,1218,61
16267,2959,1,26,20
16268,2959,3,1526,52
16269,2959,6,127,35
16270,2959,8,1699,28
16271,2959,10,1015,136
16272,2959,2,165,156
16273,2959,7,1973,193
16274,2959,4,1254,194
16275,2959,9,109,107
16276,2959,5,873,23
16277,2960,4,906,35
16278,2960,7,674,13
16279,2960,10,633,53
16280,2960,3,557,135
16281,2960,9,1632,3
16282,2960,8,312,114
16283,2960,5,1371,189
16284,2961,2,773,127
16285,2961,8,61,46
16286,2961,5,1164,145
16287,2961,3,1065,68
16288,2961,4,284,196
16289,2962,2,1963,56
16290,2962,7,1008,80
16291,2962,1,1463,144
16292,2962,8,1481,166
16293,2962,4,997,138
16294,2962,9,1334,25
16295,2962,5,1964,23
16296,2962,6,62,19
16297,2962,3,897,108
16298,2963,9,1812,134
16299,2963,5,1688,34
16300,2964,8,1737,19
16301,2964,2,1840,38
16302,2964,10,1822,184
16303,2964,6,1207,40
16304,2964,3,1546,142
16305,2964,7,181,176
16306,2964,1,322,46
16307,2964,9,1359,133
16308,2964,5,1163,170
16309,2964,4,1692,27
16310,2965,3,425,138
16311,2965,10,1966,75
16312,2965,4,1253,79
16313,2965,1,504,65
16314,2965,9,444,36
16315,2965,5,392,19
16316,2965,6,1391,55
16317,2966,7,1937,67
16318,2966,8,395,31
16319,2966,6,1315,179
16320,2966,4,696,77
16321,2966,10,1969,94
16322,2966,9,1036,34
16323,2967,6,69,53
16324,2967,4,1199,67
16325,2967,5,893,137
16326,2967,7,1644,82
16327,2967,2,605,179
16328,2967,9,1625,181
16329,2967,1,1201,115
16330,2967,3,1460,123
16331,2967,10,648,114
16332,2968,3,817,119
16333,2968,1,809,185
16334,2968,6,332,25
16335,2968,9,620,103
16336,2968,8,1449,113
16337,2968,4,1015,22
16338,2968,5,154,30
16339,2968,10,1903,52
16340,2969,9,1650,200
16341,2969,5,1241,71
16342,2969,2,898,19
16343,2969,1,1555,141
16344,2969,3,14,11
16345,2969,10,615,5
16346,2969,8,817,71
16347,2969,4,1221,158
16348,2969,6,1854,29
16349,2970,5,1829,79
16350,2970,2,1389,13
16351,2970,9,1189,110
16352,2970,7,1984,123
16353,2970,4,318,141
16354,2971,3,1818,7
16355,2971,4,1190,112
16356,2972,3,1148,133
16357,2972,10,1839,175
16358,2972,8,1646,81
16359,2972,7,104,69
16360,2972,2,1718,184
16361,2972,4,1286,80
16362,2972,9,698,153
16363,2972,1,45,35
16364,2973,2,18,8
16365,2973,3,1840,60
16366,2974,1,258,156
16367,2974,9,360,181
16368,2974,4,1650,100
16369,2974,8,1154,18
16370,2974,7,1295,120
16371,2974,2,855,101
16372,2974,10,1653,29
16373,2975,2,1023,170
16374,2975,1,407,60
16375,2976,3,25,15
16376,2977,9,142,16
16377,2978,8,1524,4
16378,2978,6,587,47
16379,2978,1,77,68
16380,2979,8,181,127
16381,2979,2,1460,3
16382,2979,5,1834,124
16383,2980,3,844,84
16384,2980,1,1571,121
16385,2980,5,104,1
16386,2980,10,1173,178
16387,2980,6,1498,105
16388,2980,8,1487,52
16389,2980,9,1732,143
16390,2980,4,1079,69
16391,2981,7,72,16
16392,2981,5,374,42
16393,2981,3,1319,198
16394,2981,2,37,33
16395,2981,9,1885,108
16396,2981,8,267,17
16397,2981,1,221,20
16398,2981,6,11,4
16399,2981,4,680,73
16400,2982,9,1491,136
16401,2982,10,779,45
16402,2982,6,100,92
16403,2982,4,1367,94
16404,2982,2,792,174
16405,2982,3,651,190
16406,2982,1,85,71
16407,2982,5,41,0
16408,2982,7,626,148
16409,2982,8,317,170
16410,2983,2,1332,158
16411,2983,6,751,88
16412,2983,3,683,106
16413,2983,7,1059,152
16414,2983,8,1623,95
16415,2983,4,256,92
16416,2983,9,794,91
16417,2983,5,1649,16
16418,2983,1,1397,167
16419,2983,10,1329,71
16420,2984,2,52,27
16421,2984,7,235,137
16422,2984,9,1535,196
16423,2984,3,1846,36
16424,2984,4,1500,34
16425,2984,5,1942,194
16426,2984,6,928,120
16427,2984,8,913,20
16428,2985,2,977,101
16429,2986,6,1683,72
16430,2986,5,753,188
16431,2986,4,630,197
16432,2986,10,742,111
16433,2986,7,1091,115
16434,2986,2,1876,178
16435,2986,3,527,21
16436,2986,9,924,189
16437,2986,1,1427,112
16438,2987,6,1170,91
16439,2987,10,1853,37
16440,2988,7,742,160
16441,2988,8,335,105
16442,2988,9,85,81
16443,2988,4,677,50
16444,2988,2,1650,89
16445,2988,6,1874,43
16446,2988,1,432,180
16447,2989,7,1832,124
16448,2990,6,454,160
16449,2990,5,1777,132
16450,2990,10,402,70
16451,2990,3,1198,47
16452,2990,9,109,59
16453,2991,1,1744,103
16454,2991,10,448,160
16455,2991,2,1306,168
16456,2992,8,353,31
16457,2992,6,1300,145
16458,2992,5,1439,172
16459,2992,2,1463,124
16460,2992,7,881,197
16461,2992,3,744,89
16462,2992,4,363,42
16463,2992,9,1484,195
16464,2992,10,612,179
16465,2992,1,1068,187
16466,2993,5,824,107
16467,2993,3,1210,189
16468,2993,9,1738,143
16469,2993,4,1665,64
16470,2993,6,1574,78
16471,2993,8,1931,75
16472,2993,7,1932,14
16473,2994,5,1814,194
16474,2994,9,127,91
16475,2994,4,1910,151
16476,2994,1,1590,51
16477,2994,10,750,40
16478,2994,2,1560,52
16479,2994,3,288,122
16480,2994,7,1985,157
16481,2995,1,1329,61
16482,2995,3,1628,165
16483,2995,5,681,177
16484,2995,7,1191,3
16485,2995,2,44,15
16486,2995,10,1840,185
16487,2995,6,609,119
16488,2995,8,1222,42
16489,2996,5,462,129
16490,2996,8,87,53
16491,2996,1,1043,149
16492,2996,10,1914,42
16493,2996,3,315,0
16494,2996,4,1817,69
16495,2997,8,220,118
16496,2997,3,1561,27
16497,2997,9,0,0
16498,2997,2,1729,116
16499,2997,1,632,62
16500,2997,7,1318,115
16501,2997,5,861,194
16502,2997,10,1783,176
16503,2997,6,1615,149
16504,2997,4,1840,51
16505,2998,2,1751,28
16506,2999,3,1248,143
16507,2999,2,389,31
16508,2999,8,310,98
16509,2999,6,746,155
16510,3000,10,945,175
16511,3000,7,1790,22
16512,3001,5,1915,81
16513,3001,1,1961,69
16514,3001,7,578,170
16515,3002,9,197,12
16516,3003,1,51,12
16517,3003,7,357,99
16518,3003,2,282,40
16519,3004,7,1399,66
16520,3004,6,1744,79
16521,3004,5,1790,183
16522,3004,2,944,97
16523,3004,1,189,92
16524,3004,3,991,144
16525,3005,3,928,47
16526,3005,2,302,173
16527,3005,9,368,0
16528,3005,4,1449,173
16529,3005,10,694,63
16530,3005,1,1112,13
16531,3005,6,475,174
16532,3005,7,1336,161
16533,3006,5,1962,45
16534,3006,3,1724,62
16535,3006,10,860,97
16536,3006,8,533,94
16537,3006,7,507,44
16538,3007,3,1378,200
16539,3007,1,1771,110
16540,3007,7,1532,33
16541,3007,10,1610,86
16542,3007,4,1345,138
16543,3008,10,34,3
16544,3008,6,154,14
16545,3008,5,556,161
16546,3008,9,610,127
16547,3008,8,107,69
16548,3008,7,1853,20
16549,3008,4,1019,60
16550,3009,6,368,196
16551,3009,7,140,120
16552,3009,8,1488,159
16553,3009,4,1522,121
16554,3009,1,1344,120
16555,3009,3,1863,73
16556,3009,9,1360,159
16557,3009,10,291,110
16558,3009,2,317,44
16559,3009,5,1987,126
16560,3010,4,241,5
16561,3011,6,1567,99
16562,3011,7,1947,86
16563,3011,3,727,116
16564,3011,9,584,69
16565,3011,8,1198,127
16566,3012,6,765,95
16567,3012,9,744,200
16568,3012,4,1524,193
16569,3012,8,544,153
16570,3012,10,604,43
16571,3012,5,271,193
16572,3012,7,1916,170
16573,3012,2,1968,138
16574,3013,7,996,18
16575,3013,5,1606,134
16576,3014,8,406,94
16577,3014,2,1861,128
16578,3014,5,1318,112
16579,3014,10,136,16
16580,3014,9,1909,154
16581,3014,3,867,74
16582,3015,7,1797,104
16583,3015,9,319,86
16584,3015,4,135,27
16585,3015,2,289,129
16586,3015,1,1353,54
16587,3015,8,994,89
16588,3015,5,681,131
16589,3016,5,200,80
16590,3016,9,629,10
16591,3016,1,1861,3
16592,3016,8,1265,200
16593,3016,3,1329,197
16594,3016,10,930,72
16595,3016,7,1671,134
16596,3017,1,189,106
16597,3017,3,1966,102
16598,3017,7,726,121
16599,3017,6,995,79
16600,3017,4,1571,8
16601,3017,10,629,67
16602,3018,10,113,38
16603,3018,6,857,125
16604,3018,5,185,85
16605,3018,3,1434,162
16606,3018,1,854,73
16607,3019,3,1355,69
16608,3019,1,1440,20
16609,3019,10,248,153
16610,3019,4,1648,160
16611,3019,5,1347,159
16612,3019,2,1674,115
16613,3020,8,1605,144
16614,3020,5,814,44
16615,3020,1,197,153
16616,3020,4,433,135
16617,3021,9,1457,146
16618,3021,10,1063,194
16619,3022,8,717,62
16620,3022,10,1691,195
16621,3023,1,1910,24
16622,3023,3,751,75
16623,3023,8,863,137
16624,3023,2,498,114
16625,3023,10,1384,129
16626,3023,9,143,88
16627,3024,4,68,59
16628,3024,9,485,189
16629,3024,8,1699,152
16630,3024,2,28,15
16631,3025,5,383,86
16632,3025,9,462,164
16633,3025,6,1638,7
16634,3025,1,1169,152
16635,3025,10,1969,88
16636,3025,2,537,173
16637,3026,10,607,36
16638,3026,1,641,161
16639,3026,7,1036,54
16640,3026,2,298,195
16641,3026,4,989,7
16642,3026,6,604,102
16643,3026,9,897,141
16644,3026,5,1674,10
16645,3027,1,577,3
16646,3027,5,1266,173
16647,3027,4,1497,18
16648,3028,4,972,49
16649,3028,3,1283,160
16650,3028,2,1607,94
16651,3028,5,1306,23
16652,3028,1,476,148
16653,3029,7,1866,27
16654,3030,3,1732,60
16655,3030,9,1044,135
16656,3030,6,1681,112
16657,3030,7,47,17
16658,3030,8,530,90
16659,3030,1,586,155
16660,3030,2,196,181
16661,3030,5,1808,134
16662,3030,10,323,98
16663,3031,3,1950,181
16664,3032,2,459,18
16665,3032,3,96,5
16666,3032,10,275,169
16667,3032,6,1150,57
16668,3033,10,1057,164
16669,3033,9,1561,2
16670,3033,1,122,115
16671,3033,7,1448,139
16672,3034,2,1516,154
16673,3034,10,534,107
16674,3034,3,618,92
16675,3034,8,1578,55
16676,3034,1,660,57
16677,3034,7,143,8
16678,3034,5,636,78
16679,3034,6,1467,40
16680,3034,9,1844,67
16681,3035,2,427,199
16682,3035,8,930,177
16683,3035,3,1105,132
16684,3035,9,50,8
16685,3035,10,1988,191
16686,3035,7,315,108
16687,3036,1,570,45
16688,3036,5,1706,103
16689,3036,4,963,128
16690,3036,8,871,173
16691,3036,9,1067,128
16692,3036,6,1419,108
16693,3036,7,1781,5
16694,3036,2,1220,51
16695,3036,3,1477,196
16696,3037,10,65,20
16697,3037,5,1679,193
16698,3037,9,1464,171
16699,3037,6,727,187
16700,3037,3,1222,137
16701,3037,4,1567,198
16702,3037,8,908,167
16703,3037,1,847,180
16704,3038,1,1111,87
16705,3038,8,1724,131
16706,3038,5,998,188
16707,3038,2,1713,2
16708,3038,7,1631,90
16709,3038,6,1589,175
16710,3038,10,522,149
16711,3038,3,1778,109
16712,3039,4,1375,92
16713,3039,1,1774,111
16714,3039,10,961,138
16715,3039,9,1541,75
16716,3039,3,358,147
16717,3039,6,392,176
16718,3039,8,76,58
16719,3039,2,499,172
16720,3040,9,854,105
16721,3040,5,998,198
16722,3040,2,655,87
16723,3040,1,631,157
16724,3040,7,1974,155
16725,3040,6,1163,11
16726,3040,10,894,122
16727,3041,10,1828,192
16728,3041,5,516,45
16729,3041,1,1177,13
16730,3041,4,1205,21
16731,3041,8,1785,128
16732,3041,6,1806,15
16733,3042,2,228,161
16734,3042,3,976,32
16735,3043,8,1696,135
16736,3043,2,1336,123
16737,3043,9,945,196
16738,3044,6,723,14
16739,3044,4,717,166
16740,3044,1,302,66
16741,3044,3,909,148
16742,3044,10,1664,100
16743,3044,2,673,191
16744,3044,8,98,92
16745,3044,7,773,158
16746,3044,5,657,91
16747,3045,2,1793,100
16748,3045,6,376,118
16749,3045,4,1409,98
16750,3045,5,1904,107
16751,3046,6,518,22
16752,3046,8,631,143
16753,3046,4,480,180
16754,3046,7,365,194
16755,3046,5,863,156
16756,3046,3,1154,70
16757,3046,10,659,36
16758,3047,9,1522,140
16759,3047,7,1612,111
16760,3047,2,1333,54
16761,3047,8,1587,151
16762,3047,1,282,2
16763,3047,3,257,80
16764,3047,10,595,87
16765,3047,6,1461,133
16766,3047,5,1761,156
16767,3047,4,529,130
16768,3048,8,659,58
16769,3048,7,7,3
16770,3049,9,1633,53
16771,3049,7,1691,58
16772,3049,8,1146,131
16773,3049,5,721,137
16774,3049,3,1541,86
16775,3049,6,1881,41
16776,3049,4,1644,39
16777,3050,2,623,37
16778,3050,9,128,97
16779,3050,3,1783,102
16780,3050,1,1469,160
16781,3050,5,701,52
16782,3050,10,265,179
16783,3050,4,1441,11
16784,3050,7,1815,19
16785,3051,4,1662,139
16786,3051,3,1630,7
16787,3051,8,544,68
16788,3051,6,144,144
16789,3051,10,437,70
16790,3051,2,545,107
16791,3051,7,574,100
16792,3051,9,1014,75
16793,3052,2,1211,21
16794,3052,3,710,122
16795,3052,4,859,66
16796,3052,1,1881,143
16797,3052,9,642,51
16798,3052,10,1051,114
16799,3052,7,140,22
16800,3052,8,290,177
16801,3053,2,578,73
16802,3053,1,1779,133
16803,3053,4,1799,169
16804,3053,7,1823,63
16805,3053,6,601,158
16806,3054,10,1647,44
16807,3054,5,1973,64
16808,3054,3,1338,27
16809,3054,6,47,44
16810,3054,9,1368,109
16811,3055,9,331,94
16812,3055,2,1060,185
16813,3055,3,170,136
16814,3055,1,237,13
16815,3055,5,1187,149
16816,3056,4,1101,101
16817,3057,3,707,82
16818,3058,6,710,96
16819,3058,4,1076,123
16820,3058,8,1703,31
16821,3059,8,1603,119
16822,3059,1,1684,79
16823,3059,10,1499,75
16824,3059,3,301,157
16825,3060,10,1983,172
16826,3060,1,1180,82
16827,3060,8,129,11
16828,3060,4,615,140
16829,3060,2,1284,71
16830,3060,9,773,168
16831,3060,7,938,192
16832,3060,5,1919,155
16833,3060,3,144,44
16834,3060,6,367,165
16835,3061,3,528,68
16836,3061,6,1273,26
16837,3062,9,376,126
16838,3063,2,419,57
16839,3063,4,1802,47
16840,3063,6,1175,88
16841,3064,3,928,71
16842,3064,10,1468,46
16843,3064,5,936,136
16844,3064,2,822,14
16845,3064,9,1106,144
16846,3064,8,1867,148
16847,3064,4,1374,116
16848,3064,6,1465,119
16849,3064,7,767,194
16850,3064,1,1096,7
16851,3065,8,463,18
16852,3065,2,619,29
16853,3065,6,1377,64
16854,3065,3,1599,51
16855,3065,9,1640,162
16856,3065,4,893,67
16857,3065,1,1482,61
16858,3065,5,730,15
16859,3065,10,232,107
16860,3065,7,508,108
16861,3066,10,1446,4
16862,3066,1,506,23
16863,3066,6,707,47
16864,3066,9,1892,13
16865,3067,5,907,121
16866,3067,2,572,147
16867,3067,6,1545,92
16868,3067,9,697,19
16869,3067,4,355,16
16870,3067,3,827,97
16871,3067,8,293,28
16872,3067,7,1889,81
16873,3068,8,1293,41
16874,3068,9,839,64
16875,3068,7,473,107
16876,3068,1,1684,48
16877,3068,3,450,136
16878,3068,4,1430,170
16879,3068,2,506,121
16880,3069,6,322,117
16881,3070,8,531,191
16882,3070,4,1911,16
16883,3071,9,376,32
16884,3071,7,1709,74
16885,3071,5,660,102
16886,3071,4,1168,22
16887,3071,1,265,179
16888,3071,10,506,102
16889,3071,6,909,123
16890,3071,2,1320,162
16891,3071,3,590,52
16892,3072,1,7,1
16893,3072,3,1408,198
16894,3072,2,1606,56
16895,3072,9,90,37
16896,3072,8,966,159
16897,3072,10,1642,84
16898,3072,4,1525,57
16899,3072,7,457,11
16900,3073,6,1753,113
16901,3073,2,247,122
16902,3073,5,1902,134
16903,3073,9,112,25
16904,3073,7,987,39
16905,3073,1,1850,94
16906,3073,4,1409,192
16907,3074,2,1221,200
16908,3074,10,140,54
16909,3075,9,1511,156
16910,3075,10,1352,188
16911,3075,2,1734,160
16912,3075,6,135,124
16913,3076,4,578,139
16914,3076,10,1211,130
16915,3076,6,1753,32
16916,3076,8,1465,10
16917,3076,5,72,50
16918,3076,7,1674,57
16919,3076,9,184,36
16920,3077,8,1439,21
16921,3077,2,800,145
16922,3077,9,1104,184
16923,3077,3,1847,154
16924,3077,1,414,16
16925,3077,6,1208,63
16926,3077,10,881,12
16927,3077,7,964,197
16928,3077,5,628,41
16929,3077,4,185,182
16930,3078,9,637,145
16931,3078,10,248,48
16932,3078,4,256,163
16933,3078,3,38,10
16934,3078,7,1095,9
16935,3078,5,1344,53
16936,3078,8,1542,93
16937,3078,2,460,76
16938,3078,1,1616,184
16939,3079,5,1895,62
16940,3079,9,1086,54
16941,3079,2,65,18
16942,3079,8,1779,183
16943,3079,10,132,32
16944,3079,4,694,5
16945,3079,7,1693,23
16946,3079,1,390,14
16947,3080,6,1711,119
16948,3080,7,1220,62
16949,3080,8,1919,88
16950,3080,5,323,148
16951,3080,2,1898,139
16952,3080,1,1400,107
16953,3081,6,1532,38
16954,3081,10,419,189
16955,3082,10,1119,180
16956,3082,7,223,115
16957,3082,1,1043,15
16958,3082,5,378,47
16959,3082,8,1753,48
16960,3083,6,1819,196
16961,3083,10,283,35
16962,3084,8,218,121
16963,3084,9,1755,107
16964,3084,6,831,38
16965,3084,5,69,58
16966,3085,5,192,103
16967,3086,6,1910,42
16968,3086,1,411,170
16969,3086,5,1013,179
16970,3086,4,1176,55
16971,3086,2,648,143
16972,3087,10,375,76
16973,3087,8,457,121
16974,3087,7,1762,84
16975,3087,1,1032,173
16976,3088,1,1413,166
16977,3088,5,405,175
16978,3089,8,210,166
16979,3090,3,192,67
16980,3090,5,1153,166
16981,3090,9,912,47
16982,3090,10,1304,110
16983,3090,2,141,24
16984,3090,4,762,110
16985,3090,8,27,11
16986,3090,7,186,81
16987,3091,4,563,119
16988,3091,9,331,91
16989,3091,2,96,72
16990,3091,7,1162,136
16991,3091,5,944,74
16992,3092,1,1802,155
16993,3092,4,855,14
16994,3092,8,1089,76
16995,3092,3,1,0
16996,3092,9,830,17
16997,3093,3,1440,90
16998,3093,2,1268,14
16999,3093,7,1026,92
17000,3093,10,1825,166
17001,3093,6,1060,165
17002,3094,8,1409,47
17003,3094,3,357,119
17004,3094,1,508,16
17005,3094,2,251,140
17006,3094,5,1691,72
17007,3094,6,1153,152
17008,3095,7,1900,129
17009,3095,1,255,144
17010,3096,7,1221,74
17011,3096,4,1024,165
17012,3096,8,1435,56
17013,3096,2,105,42
17014,3096,5,1958,61
17015,3096,10,1498,7
17016,3096,1,566,175
17017,3096,3,1813,177
17018,3096,6,1688,68
17019,3096,9,952,123
17020,3097,2,1432,191
17021,3097,3,1382,87
17022,3097,9,1974,196
17023,3097,6,776,2
17024,3098,9,530,127
17025,3098,6,795,188
17026,3098,2,802,93
17027,3099,3,79,53
17028,3099,7,1547,60
17029,3099,10,1445,141
17030,3099,8,775,175
17031,3099,2,1907,100
17032,3100,7,1585,137
17033,3100,4,1544,38
17034,3100,2,453,22
17035,3100,10,1549,57
17036,3100,3,513,149
17037,3100,5,164,6
17038,3100,8,262,62
17039,3100,9,1518,93
17040,3100,6,817,190
17041,3100,1,1626,38
17042,3101,10,223,25
17043,3101,9,689,70
17044,3101,4,513,172
17045,3101,3,1576,75
17046,3101,5,209,134
17047,3101,7,1931,25
17048,3101,8,1513,103
17049,3102,5,346,72
17050,3102,9,86,34
17051,3102,1,1163,144
17052,3102,10,1777,87
17053,3102,2,1962,86
17054,3102,7,505,132
17055,3102,6,54,23
17056,3102,4,450,84
17057,3103,8,1287,32
17058,3103,6,1576,95
17059,3103,7,1211,33
17060,3103,10,918,82
17061,3103,4,406,196
17062,3103,3,843,146
17063,3103,9,1606,148
17064,3104,9,156,71
17065,3104,8,1058,78
17066,3104,1,1782,186
17067,3104,4,1564,156
17068,3104,3,1250,48
17069,3105,6,235,15
17070,3105,9,1584,171
17071,3105,10,619,166
17072,3105,3,294,138
17073,3105,2,728,77
17074,3105,4,253,50
17075,3105,7,1564,128
17076,3105,1,1821,196
17077,3105,8,311,117
17078,3106,7,273,197
17079,3106,6,311,196
17080,3106,1,1310,7
17081,3106,2,1649,43
17082,3106,8,139,50
17083,3106,9,448,8
17084,3106,10,1962,15
17085,3106,3,418,109
17086,3106,5,1020,173
17087,3107,2,101,100
17088,3107,3,270,34
17089,3107,7,1093,192
17090,3107,8,1897,10
17091,3107,10,1913,129
17092,3107,1,1474,118
17093,3108,5,864,46
17094,3108,4,1285,190
17095,3108,3,815,149
17096,3108,10,221,197
17097,3108,7,1336,10
17098,3108,9,1352,131
17099,3108,8,1026,19
17100,3109,6,1891,105
17101,3109,5,1010,49
17102,3109,2,287,154
17103,3109,10,1961,17
17104,3109,1,86,5
17105,3110,2,415,106
17106,3111,8,312,70
17107,3111,2,262,148
17108,3111,7,142,127
17109,3111,1,423,165
17110,3111,9,1723,62
17111,3111,5,446,71
17112,3111,10,1721,163
17113,3112,5,1027,188
17114,3112,8,308,186
17115,3113,7,1093,12
17116,3113,10,520,12
17117,3113,6,707,127
17118,3113,9,1446,105
17119,3113,5,1036,180
17120,3113,3,141,57
17121,3113,8,30,6
17122,3113,1,161,108
17123,3113,4,768,186
17124,3114,1,1017,105
17125,3114,7,952,181
17126,3114,9,1403,12
17127,3114,8,678,132
17128,3115,5,366,114
17129,3115,8,454,96
17130,3115,3,852,27
17131,3115,9,1023,13
17132,3116,9,124,18
17133,3116,2,1238,190
17134,3116,7,1880,139
17135,3116,5,616,32
17136,3117,1,398,97
17137,3117,5,921,97
17138,3118,10,883,182
17139,3118,7,1916,53
17140,3118,5,772,147
17141,3118,8,1628,6
17142,3119,4,935,6
17143,3119,8,785,142
17144,3119,1,330,124
17145,3119,6,124,33
17146,3119,2,1275,20
17147,3119,10,333,196
17148,3119,5,1948,71
17149,3119,9,161,49
17150,3120,1,477,166
17151,3120,5,1745,35
17152,3120,10,1896,97
17153,3121,2,624,127
17154,3121,3,1242,173
17155,3121,10,1552,8
17156,3121,8,1723,42
17157,3121,9,651,51
17158,3121,7,1440,145
17159,3121,1,359,134
17160,3122,7,1760,10
17161,3122,5,289,48
17162,3122,6,560,72
17163,3122,10,1559,155
17164,3122,2,347,119
17165,3123,5,1467,46
17166,3123,8,1706,152
17167,3123,3,1087,32
17168,3123,10,1671,17
17169,3123,6,693,165
17170,3123,7,503,53
17171,3123,1,569,130
17172,3123,2,1139,189
17173,3123,4,324,32
17174,3123,9,921,121
17175,3124,8,975,172
17176,3124,1,1868,15
17177,3124,2,1405,55
17178,3124,5,612,154
17179,3125,2,787,29
17180,3125,6,1469,123
17181,3125,3,560,31
17182,3125,5,416,128
17183,3125,1,205,119
17184,3125,8,292,198
17185,3125,7,1220,109
17186,3125,4,809,177
17187,3125,10,1685,193
17188,3125,9,1861,150
17189,3126,7,1207,152
17190,3126,1,1095,129
17191,3126,9,1562,130
17192,3126,4,1246,193
17193,3126,5,601,150
17194,3126,10,45,25
17195,3126,2,1353,115
17196,3126,8,669,26
17197,3127,5,1229,92
17198,3128,5,1053,180
17199,3128,6,1240,115
17200,3128,8,1796,131
17201,3129,3,339,87
17202,3129,1,718,52
17203,3129,9,1518,128
17204,3129,10,1025,49
17205,3129,6,420,84
17206,3130,6,1181,71
17207,3130,1,1236,187
17208,3130,10,523,36
17209,3130,5,1608,84
17210,3130,9,781,38
17211,3130,2,1330,100
17212,3130,8,1448,42
17213,3130,7,1082,68
17214,3131,2,590,177
17215,3131,1,705,89
17216,3131,4,1258,42
17217,3131,6,1411,51
17218,3132,10,1657,53
17219,3132,1,1421,39
17220,3133,5,1038,141
17221,3133,9,1709,60
17222,3133,2,1927,67
17223,3133,4,272,145
17224,3133,10,1292,47
17225,3134,7,1078,18
17226,3134,9,358,79
17227,3134,4,1778,67
17228,3134,5,1883,77
17229,3134,10,750,127
17230,3134,1,1783,177
17231,3134,3,1138,15
17232,3134,6,811,120
17233,3134,2,1069,54
17234,3135,5,989,68
17235,3135,8,459,40
17236,3135,10,705,137
17237,3135,6,1569,33
17238,3135,2,14,14
17239,3136,5,1389,94
17240,3136,6,1510,93
17241,3136,2,55,40
17242,3136,1,610,22
17243,3136,4,1180,147
17244,3137,4,1030,22
17245,3137,1,1193,34
17246,3137,7,1998,78
17247,3137,2,554,142
17248,3137,10,1261,195
17249,3137,5,816,185
17250,3138,2,781,153
17251,3138,10,949,95
17252,3138,3,710,7
17253,3138,5,406,54
17254,3138,9,1389,164
17255,3138,6,269,171
17256,3138,7,1766,51
17257,3138,8,954,60
17258,3138,4,524,76
17259,3138,1,131,124
17260,3139,1,1852,143
17261,3139,4,1807,112
17262,3139,3,664,199
17263,3139,9,22,21
17264,3139,7,1991,133
17265,3139,10,1034,75
17266,3139,5,975,188
17267,3139,8,1556,44
17268,3139,6,1565,52
17269,3140,6,434,40
17270,3140,1,1107,175
17271,3140,2,509,145
17272,3140,5,1641,75
17273,3140,7,1856,141
17274,3140,4,1834,52
17275,3140,8,1056,88
17276,3140,3,135,37
17277,3141,9,739,172
17278,3141,3,1443,195
17279,3141,8,1087,92
17280,3141,1,1564,72
17281,3141,7,1122,162
17282,3141,10,1401,11
17283,3141,5,118,68
17284,3141,4,381,24
17285,3141,2,1028,150
17286,3142,2,1108,116
17287,3142,10,1156,129
17288,3142,7,1374,148
17289,3142,6,1431,31
17290,3142,1,482,89
17291,3142,8,1013,95
17292,3143,3,825,33
17293,3143,1,165,91
17294,3143,2,535,112
17295,3143,10,1404,67
17296,3143,5,1085,99
17297,3143,8,1948,176
17298,3144,4,935,152
17299,3144,6,1717,37
17300,3145,7,564,200
17301,3145,6,484,79
17302,3145,4,1343,99
17303,3145,8,751,162
17304,3145,5,385,13
17305,3145,10,753,157
17306,3145,1,1487,83
17307,3145,9,1872,93
17308,3145,3,1593,9
17309,3145,2,509,88
17310,3146,7,115,72
17311,3147,7,1670,5
17312,3147,4,1521,140
17313,3148,3,862,60
17314,3148,10,544,38
17315,3148,6,254,179
17316,3148,4,934,40
17317,3148,1,1349,200
17318,3149,2,999,114
17319,3149,4,676,103
17320,3149,6,815,119
17321,3149,3,1165,134
17322,3149,5,159,99
17323,3149,8,1868,137
17324,3150,2,1987,24
17325,3150,10,1699,57
17326,3150,9,392,61
17327,3150,6,1854,86
17328,3150,5,1505,44
17329,3150,3,1075,131
17330,3150,8,905,141
17331,3150,7,1157,141
17332,3150,1,871,136
17333,3150,4,1893,193
17334,3151,2,160,59
17335,3151,5,832,158
17336,3151,9,1596,71
17337,3152,2,417,24
17338,3153,2,1520,187
17339,3154,9,720,176
17340,3154,1,990,59
17341,3154,10,1444,137
17342,3154,8,1552,159
17343,3154,4,433,163
17344,3154,2,852,33
17345,3154,7,1769,59
17346,3155,4,1027,185
17347,3155,8,1862,127
17348,3155,2,245,166
17349,3155,1,1465,189
17350,3155,3,1272,49
17351,3155,5,1552,90
17352,3155,10,1414,62
17353,3155,7,1504,113
17354,3156,5,312,124
17355,3156,9,1009,41
17356,3156,7,118,30
17357,3156,3,347,16
17358,3157,2,912,104
17359,3158,8,1208,141
17360,3158,5,862,168
17361,3158,6,397,44
17362,3158,2,1198,199
17363,3159,1,1342,7
17364,3159,10,731,29
17365,3159,7,1457,100
17366,3160,10,879,39
17367,3160,4,1062,167
17368,3160,1,1465,111
17369,3160,9,547,120
17370,3161,3,1547,155
17371,3162,5,384,25
17372,3162,1,1540,126
17373,3162,8,83,61
17374,3162,7,889,34
17375,3162,4,1725,128
17376,3162,9,1047,163
17377,3162,10,1666,57
17378,3162,2,1602,141
17379,3162,3,1755,158
17380,3162,6,594,189
17381,3163,2,698,149
17382,3163,4,961,36
17383,3163,9,213,139
17384,3163,1,183,98
17385,3163,10,156,42
17386,3163,8,1832,130
17387,3163,6,1901,79
17388,3163,3,82,64
17389,3163,5,1009,17
17390,3164,2,528,24
17391,3164,4,1498,48
17392,3164,3,1371,142
17393,3164,10,1416,180
17394,3164,9,1956,43
17395,3164,7,352,140
17396,3164,6,151,89
17397,3164,5,1219,32
17398,3165,7,655,141
17399,3165,8,1400,135
17400,3165,1,1518,19
17401,3165,10,946,173
17402,3165,5,479,111
17403,3165,2,743,199
17404,3165,9,908,64
17405,3165,4,1502,60
17406,3165,6,888,162
17407,3165,3,237,54
17408,3166,1,815,9
17409,3166,4,77,26
17410,3166,6,1569,124
17411,3166,3,1529,119
17412,3166,2,1525,172
17413,3166,7,1716,164
17414,3166,10,597,188
17415,3167,2,1931,2
17416,3167,8,795,89
17417,3167,3,750,146
17418,3167,1,1026,164
17419,3167,10,1549,137
17420,3167,4,1276,157
17421,3167,5,1019,66
17422,3168,9,1620,91
17423,3168,1,550,74
17424,3168,4,641,135
17425,3168,3,1169,106
17426,3168,5,1146,182
17427,3168,10,1871,99
17428,3168,2,298,25
17429,3168,8,900,150
17430,3169,6,268,69
17431,3169,1,1398,198
17432,3169,5,789,119
17433,3169,2,709,6
17434,3169,9,1169,73
17435,3169,10,1068,78
17436,3169,3,1067,19
17437,3169,8,584,148
17438,3169,7,860,96
17439,3169,4,815,187
17440,3170,7,1465,153
17441,3170,3,1287,70
17442,3170,5,1810,135
17443,3170,6,194,165
17444,3170,4,927,84
17445,3170,9,409,122
17446,3171,4,1700,40
17447,3171,5,131,131
17448,3171,3,1297,126
17449,3171,8,117,53
17450,3171,10,1621,177
17451,3171,6,1745,143
17452,3171,7,1908,180
17453,3171,9,1938,104
17454,3172,4,1120,5
17455,3172,10,855,173
17456,3172,9,1797,154
17457,3173,4,1629,71
17458,3174,2,1406,192
17459,3174,6,226,13
17460,3174,4,1605,157
17461,3174,5,1777,162
17462,3174,1,89,74
17463,3174,10,991,145
17464,3174,3,647,77
17465,3174,7,1204,3
17466,3174,9,1410,152
17467,3175,10,1738,1
17468,3175,7,1901,169
17469,3175,4,1779,138
17470,3175,3,1238,114
17471,3175,2,1457,2
17472,3176,6,244,44
17473,3176,4,1598,36
17474,3176,10,1683,147
17475,3176,7,790,82
17476,3176,3,1278,129
17477,3176,9,776,37
17478,3176,8,463,9
17479,3176,1,1996,76
17480,3176,2,1744,173
17481,3176,5,1144,76
17482,3177,10,1671,136
17483,3177,9,1638,121
17484,3177,2,568,76
17485,3177,1,434,34
17486,3177,4,1393,46
17487,3177,3,45,3
17488,3178,5,1816,66
17489,3178,9,723,0
17490,3178,1,1355,76
17491,3178,4,281,169
17492,3178,7,325,9
17493,3178,3,718,77
17494,3178,8,1114,40
17495,3178,2,736,24
17496,3178,6,1766,85
17497,3178,10,1317,8
17498,3179,6,1139,118
17499,3180,8,618,11
17500,3180,4,1741,14
17501,3180,2,583,200
17502,3181,5,1848,24
17503,3181,7,1497,165
17504,3181,8,1321,86
17505,3181,1,1847,163
17506,3181,6,347,192
17507,3181,10,868,198
17508,3181,2,1229,163
17509,3181,3,555,77
17510,3182,7,333,111
17511,3182,5,384,165
17512,3182,1,676,13
17513,3182,3,1063,128
17514,3182,9,1285,138
17515,3183,10,825,90
17516,3183,7,1160,152
17517,3183,5,1780,53
17518,3183,6,102,5
17519,3183,8,105,58
17520,3184,3,357,83
17521,3184,2,930,162
17522,3184,10,280,197
17523,3184,4,201,53
17524,3184,5,1875,157
17525,3184,1,1779,178
17526,3184,6,1053,64
17527,3185,2,1543,148
17528,3185,10,1601,120
17529,3185,7,1949,171
17530,3185,9,758,174
17531,3186,3,22,16
17532,3186,10,1268,194
17533,3186,9,1713,50
17534,3186,5,666,131
17535,3187,5,206,85
17536,3187,10,1144,7
17537,3187,8,1326,8
17538,3188,8,1153,56
17539,3188,6,576,104
17540,3188,4,297,48
17541,3188,3,585,171
17542,3188,10,1762,169
17543,3188,7,1393,188
17544,3188,9,652,144
17545,3189,9,1028,86
17546,3189,6,96,71
17547,3189,2,532,187
17548,3189,1,79,41
17549,3189,5,674,103
17550,3189,8,128,25
17551,3189,7,762,150
17552,3189,10,302,32
17553,3189,4,1366,166
17554,3189,3,1450,186
17555,3190,4,1343,85
17556,3190,6,1040,100
17557,3190,10,490,157
17558,3190,3,1103,60
17559,3190,7,1267,54
17560,3190,2,923,21
17561,3190,8,1363,197
17562,3190,1,1261,39
17563,3190,5,1974,84
17564,3190,9,45,18
17565,3191,3,1657,36
17566,3191,4,455,42
17567,3191,8,1469,192
17568,3191,1,792,120
17569,3191,2,1267,191
17570,3191,10,227,185
17571,3191,6,52,46
17572,3191,9,1617,147
17573,3192,8,444,154
17574,3192,2,1609,37
17575,3192,5,493,12
17576,3192,3,1630,139
17577,3192,9,860,81
17578,3193,7,603,79
17579,3193,6,1147,140
17580,3193,10,1313,13
17581,3193,1,253,123
17582,3193,9,551,173
17583,3193,5,1344,77
17584,3194,2,798,80
17585,3194,7,9,0
17586,3194,5,288,10
17587,3195,6,1895,170
17588,3195,4,1665,63
17589,3195,7,1622,27
17590,3195,1,1493,45
17591,3195,8,188,171
17592,3195,9,1160,188
17593,3196,2,1740,125
17594,3196,10,906,14
17595,3196,7,94,60
17596,3197,3,581,170
17597,3197,8,212,84
17598,3197,10,1093,142
17599,3197,7,666,91
17600,3197,1,726,111
17601,3197,4,1406,103
17602,3197,9,349,22
17603,3198,3,1449,151
17604,3198,2,791,156
17605,3198,6,765,183
17606,3198,9,123,101
17607,3198,1,804,106
17608,3198,4,927,19
17609,3198,7,917,86
17610,3199,5,1306,56
17611,3200,9,1100,68
17612,3200,2,1728,126
17613,3200,10,144,91
17614,3200,8,1764,114
17615,3200,1,1482,158
17616,3201,10,131,111
17617,3201,6,186,139
17618,3201,5,1346,43
17619,3201,1,1735,23
17620,3201,9,771,43
17621,3201,7,737,41
17622,3201,8,773,110
17623,3201,3,547,131
17624,3202,1,3,1
17625,3202,6,1479,191
17626,3202,7,566,127
17627,3202,3,1785,88
17628,3202,10,1305,136
17629,3202,5,1684,24
17630,3203,1,422,104
17631,3203,8,1785,176
17632,3203,9,1930,83
17633,3204,10,1048,172
17634,3204,2,1173,52
17635,3205,10,60,48
17636,3205,7,1860,5
17637,3205,2,802,82
17638,3205,8,1477,44
17639,3205,1,352,81
17640,3206,3,322,90
17641,3206,5,1195,68
17642,3206,6,1506,16
17643,3206,9,1748,174
17644,3206,10,195,29
17645,3206,2,411,148
17646,3207,3,366,76
17647,3207,8,470,195
17648,3207,5,270,155
17649,3207,6,1787,136
17650,3207,4,1373,132
17651,3207,10,251,46
17652,3207,2,5,5
17653,3207,7,1327,153
17654,3207,9,626,64
17655,3208,5,1081,44
17656,3208,3,141,26
17657,3208,2,1240,98
17658,3208,7,680,200
17659,3208,4,739,7
17660,3208,9,163,79
17661,3208,1,451,96
17662,3208,10,166,9
17663,3208,8,1284,81
17664,3208,6,446,168
17665,3209,7,1627,116
17666,3210,7,706,59
17667,3210,1,555,70
17668,3210,8,105,97
17669,3210,4,1534,102
17670,3210,3,131,72
17671,3210,10,1813,191
17672,3210,5,1226,106
17673,3210,2,1265,104
17674,3210,6,760,143
17675,3211,8,546,173
17676,3211,1,1750,63
17677,3211,6,147,109
17678,3211,5,1382,190
17679,3211,2,1859,15
17680,3211,7,708,27
17681,3211,3,224,195
17682,3211,9,1145,74
17683,3211,10,595,63
17684,3211,4,759,93
17685,3212,3,1287,5
17686,3212,4,142,18
17687,3212,10,619,171
17688,3212,1,461,154
17689,3212,5,408,156
17690,3212,7,1266,188
17691,3212,2,476,78
17692,3212,6,319,77
17693,3213,1,726,79
17694,3213,4,957,106
17695,3213,8,1584,155
17696,3213,7,371,187
17697,3213,5,809,173
17698,3213,3,1064,73
17699,3213,10,653,179
17700,3214,7,107,96
17701,3214,4,1898,23
17702,3214,2,292,74
17703,3215,10,598,128
17704,3215,7,932,108
17705,3215,1,479,186
17706,3215,9,680,32
17707,3215,3,750,144
17708,3215,6,404,147
17709,3216,9,714,176
17710,3216,4,1538,200
17711,3216,6,1054,48
17712,3216,5,262,22
17713,3216,2,369,116
17714,3216,8,59,46
17715,3216,10,1419,82
17716,3216,7,300,165
17717,3216,1,523,90
17718,3216,3,598,93
17719,3217,8,536,90
17720,3217,10,1708,167
17721,3217,3,763,97
17722,3217,5,1831,35
17723,3217,4,1054,25
17724,3217,2,737,193
17725,3218,8,698,34
17726,3218,4,291,44
17727,3218,9,852,47
17728,3218,5,106,63
17729,3218,2,1167,139
17730,3218,1,1297,119
17731,3218,10,664,143
17732,3218,7,1971,169
17733,3218,6,1553,38
17734,3219,5,194,119
17735,3219,10,1263,46
17736,3219,9,1956,133
17737,3219,4,1084,186
17738,3219,7,227,39
17739,3219,3,1663,43
17740,3219,2,301,2
17741,3219,6,1813,3
17742,3220,4,879,63
17743,3220,5,1448,47
17744,3221,2,51,13
17745,3221,9,530,57
17746,3221,4,1508,153
17747,3222,10,1144,2
17748,3222,7,1090,108
17749,3222,4,1249,96
17750,3222,5,1038,94
17751,3222,3,763,166
17752,3223,4,1515,56
17753,3223,5,182,30
17754,3223,9,1150,122
17755,3223,2,12,1
17756,3223,10,1688,131
17757,3223,3,1652,119
17758,3223,7,1528,144
17759,3223,6,1723,78
17760,3223,1,59,32
17761,3224,9,64,5
17762,3224,1,1133,178
17763,3224,10,287,141
17764,3224,7,959,196
17765,3224,8,412,76
17766,3225,8,399,161
17767,3225,7,20,12
17768,3225,2,837,118
17769,3225,5,782,131
17770,3225,4,442,58
17771,3225,10,1883,97
17772,3225,6,1937,61
17773,3225,3,1766,113
17774,3225,1,1491,174
17775,3225,9,1621,32
17776,3226,5,614,71
17777,3226,2,889,165
17778,3226,8,1666,144
17779,3226,3,330,30
17780,3226,4,401,189
17781,3226,7,1802,194
17782,3227,1,1761,32
17783,3227,6,203,129
17784,3227,10,1685,126
17785,3227,4,1459,57
17786,3227,2,21,18
17787,3227,3,1580,27
17788,3227,9,1003,109
17789,3227,7,1177,51
17790,3227,8,16,8
17791,3227,5,470,161
17792,3228,5,1312,137
17793,3228,9,956,129
17794,3228,6,1174,174
17795,3229,1,898,56
17796,3229,5,1617,153
17797,3229,10,1670,124
17798,3229,9,793,100
17799,3229,7,1300,107
17800,3229,6,1845,18
17801,3229,8,464,23
17802,3230,6,360,47
17803,3231,3,326,74
17804,3231,5,1118,6
17805,3231,8,710,64
17806,3232,8,1284,179
17807,3232,6,1044,169
17808,3232,7,359,28
17809,3232,2,1455,51
17810,3232,4,1965,78
17811,3233,6,943,53
17812,3233,4,1138,196
17813,3233,3,723,171
17814,3233,1,526,169
17815,3233,9,473,147
17816,3233,7,1006,161
17817,3233,10,1900,133
17818,3233,2,1698,132
17819,3234,10,1313,150
17820,3234,3,314,39
17821,3234,7,1880,6
17822,3234,9,1056,48
17823,3234,4,1306,100
17824,3234,8,767,145
17825,3234,1,387,20
17826,3234,2,1199,121
17827,3235,10,551,190
17828,3235,4,1947,102
17829,3236,6,1572,1
17830,3236,10,1540,104
17831,3237,3,938,81
17832,3237,7,1470,132
17833,3237,1,722,98
17834,3237,10,283,2
17835,3238,4,1182,152
17836,3238,5,786,139
17837,3238,9,475,66
17838,3238,3,1461,2
17839,3238,10,614,83
17840,3238,2,158,79
17841,3238,6,1426,76
17842,3238,8,1245,176
17843,3238,1,1648,40
17844,3238,7,286,11
17845,3239,8,1972,175
17846,3240,4,794,105
17847,3240,2,1809,178
17848,3241,7,647,85
17849,3241,3,930,73
17850,3241,10,11,6
17851,3241,8,755,86
17852,3241,9,1599,173
17853,3241,2,678,145
17854,3242,3,1081,126
17855,3242,10,1488,159
17856,3242,6,641,140
17857,3242,9,779,77
17858,3242,2,759,7
17859,3242,4,86,39
17860,3242,7,1944,26
17861,3242,1,1946,114
17862,3243,2,927,162
17863,3243,8,1014,164
17864,3243,9,1884,81
17865,3243,5,1281,35
17866,3243,6,1266,63
17867,3243,7,1180,4
17868,3243,3,1216,137
17869,3243,10,697,182
17870,3243,4,1215,42
17871,3244,3,1618,109
17872,3244,9,1455,147
17873,3244,1,585,62
17874,3244,2,1262,117
17875,3244,5,59,17
17876,3244,6,404,67
17877,3244,10,609,180
17878,3244,4,399,155
17879,3244,7,1635,37
17880,3244,8,810,119
17881,3245,5,1176,167
17882,3246,9,1997,62
17883,3246,10,57,8
17884,3246,8,796,31
17885,3246,3,474,135
17886,3246,2,985,193
17887,3246,7,44,35
17888,3246,5,315,25
17889,3246,4,1261,95
17890,3246,1,1289,111
17891,3247,2,655,148
17892,3247,7,830,55
17893,3247,10,607,17
17894,3247,1,1882,199
17895,3247,4,1788,150
17896,3247,9,727,20
17897,3247,3,1209,195
17898,3247,5,592,115
17899,3247,6,204,137
17900,3247,8,540,25
17901,3248,4,1455,156
17902,3248,5,422,136
17903,3248,7,1334,92
17904,3248,2,111,0
17905,3249,2,1694,5
17906,3249,6,191,12
17907,3249,1,499,13
17908,3249,7,1409,14
17909,3249,8,1227,78
17910,3249,4,199,55
17911,3249,3,796,17
17912,3249,9,663,33
17913,3249,10,1937,116
17914,3250,9,1491,25
17915,3251,5,509,194
17916,3252,6,798,20
17917,3252,10,247,198
17918,3252,4,1595,115
17919,3252,2,1357,200
17920,3252,1,799,178
17921,3252,3,1475,84
17922,3252,9,398,161
17923,3252,7,1988,9
17924,3253,10,436,172
17925,3253,2,1162,101
17926,3253,9,143,5
17927,3253,7,557,168
17928,3253,3,166,136
17929,3253,6,443,57
17930,3253,8,1676,170
17931,3253,1,255,72
17932,3254,10,168,141
17933,3254,8,715,156
17934,3254,2,1758,98
17935,3254,7,1518,101
17936,3254,1,230,130
17937,3254,3,415,3
17938,3254,6,1396,73
17939,3254,9,1172,176
17940,3254,5,1912,135
17941,3255,4,1479,129
17942,3255,6,1376,58
17943,3255,7,606,156
17944,3255,10,684,110
17945,3255,5,1798,13
17946,3255,1,747,146
17947,3255,2,333,46
17948,3255,9,822,158
17949,3255,3,1041,106
17950,3256,7,1915,48
17951,3257,8,399,183
17952,3257,3,701,35
17953,3257,10,1469,87
17954,3258,8,1049,109
17955,3258,10,379,195
17956,3258,7,712,115
17957,3258,2,567,90
17958,3258,3,417,111
17959,3259,3,978,41
17960,3259,10,888,33
17961,3259,8,156,17
17962,3259,1,436,83
17963,3259,4,2000,80
17964,3259,7,1354,104
17965,3259,5,32,15
17966,3259,6,34,12
17967,3260,5,1113,149
17968,3260,4,1229,11
17969,3260,3,1957,155
17970,3260,10,476,32
17971,3260,9,221,46
17972,3260,6,375,14
17973,3260,2,314,89
17974,3260,8,134,98
17975,3261,6,1260,145
17976,3261,3,608,5
17977,3261,5,826,27
17978,3261,4,1230,65
17979,3261,7,1663,35
17980,3261,9,718,9
17981,3261,8,525,86
17982,3261,10,460,14
17983,3262,7,1056,134
17984,3263,9,1019,181
17985,3263,5,1251,174
17986,3263,8,1764,159
17987,3263,2,520,199
17988,3263,6,1240,85
17989,3263,10,745,97
17990,3263,3,1351,126
17991,3263,7,414,104
17992,3263,4,159,118
17993,3263,1,847,110
17994,3264,3,1131,58
17995,3265,9,236,155
17996,3265,10,945,137
17997,3265,7,989,87
17998,3266,1,1064,71
17999,3266,6,494,181
18000,3266,10,43,8
18001,3266,5,1224,174
18002,3266,8,790,141
18003,3266,7,662,74
18004,3266,9,1439,132
18005,3266,3,730,114
18006,3266,2,1467,96
18007,3267,9,1363,165
18008,3268,8,974,51
18009,3268,7,1570,107
18010,3268,2,62,35
18011,3269,3,1819,141
18012,3269,8,697,32
18013,3269,4,1711,30
18014,3269,7,826,156
18015,3269,9,981,103
18016,3269,6,570,55
18017,3269,10,1262,28
18018,3269,2,338,58
18019,3269,1,1579,36
18020,3269,5,294,166
18021,3270,10,1646,0
18022,3270,8,1503,182
18023,3270,2,1264,74
18024,3270,9,915,184
18025,3270,1,612,160
18026,3270,7,1570,61
18027,3271,1,1243,115
18028,3271,5,376,151
18029,3271,4,1420,5
18030,3271,7,851,179
18031,3271,3,290,92
18032,3272,6,101,37
18033,3273,4,1306,116
18034,3273,8,966,14
18035,3274,1,547,155
18036,3274,8,1105,53
18037,3275,3,1074,199
18038,3275,4,1301,140
18039,3275,10,1585,174
18040,3275,1,199,160
18041,3275,5,1698,61
18042,3276,4,1348,36
18043,3277,3,797,1
18044,3277,6,1994,4
18045,3277,1,1343,150
18046,3277,5,1674,90
18047,3277,2,1202,22
18048,3278,1,1739,148
18049,3278,7,480,105
18050,3278,5,362,70
18051,3278,2,1332,108
18052,3278,10,757,45
18053,3279,5,715,23
18054,3279,10,1679,32
18055,3279,2,150,56
18056,3279,7,1002,44
18057,3279,9,410,29
18058,3279,1,1312,160
18059,3280,4,399,0
18060,3280,8,162,45
18061,3280,3,1176,156
18062,3280,9,1894,88
18063,3281,4,1159,59
18064,3281,3,1133,124
18065,3281,8,1082,132
18066,3281,5,214,173
18067,3281,7,257,185
18068,3281,2,120,46
18069,3281,1,1214,105
18070,3281,9,737,88
18071,3281,6,940,19
18072,3281,10,901,92
18073,3282,7,1521,32
18074,3282,8,243,41
18075,3282,9,1148,167
18076,3282,2,1992,44
18077,3282,3,457,2
18078,3283,3,1013,19
18079,3284,3,1680,102
18080,3285,7,765,81
18081,3285,5,127,114
18082,3285,3,1824,194
18083,3285,10,193,186
18084,3285,1,449,46
18085,3285,6,634,150
18086,3285,2,432,17
18087,3285,9,1114,46
18088,3286,8,1062,80
18089,3286,9,985,185
18090,3286,2,908,4
18091,3286,5,1743,27
18092,3286,10,1939,94
18093,3286,3,1048,117
18094,3286,7,762,163
18095,3286,6,796,12
18096,3286,1,1845,20
18097,3286,4,331,168
18098,3287,9,1481,68
18099,3287,7,321,52
18100,3287,1,766,12
18101,3287,2,1926,110
18102,3287,4,277,175
18103,3287,8,370,78
18104,3288,7,1635,192
18105,3288,8,453,0
18106,3288,5,1095,112
18107,3288,6,123,3
18108,3288,10,1879,6
18109,3288,9,1478,33
18110,3288,4,1943,137
18111,3288,1,863,130
18112,3288,3,1165,182
18113,3288,2,1755,199
18114,3289,1,810,79
18115,3290,6,966,155
18116,3290,9,1678,83
18117,3290,10,741,117
18118,3291,5,70,27
18119,3291,3,1030,112
18120,3291,4,1439,49
18121,3291,2,786,35
18122,3291,9,1078,10
18123,3291,8,94,44
18124,3291,10,1544,177
18125,3291,1,636,179
18126,3292,9,251,57
18127,3292,2,599,89
18128,3292,6,1389,137
18129,3292,5,163,3
18130,3292,10,543,105
18131,3293,2,1880,196
18132,3293,5,308,86
18133,3293,9,160,34
18134,3293,8,855,49
18135,3293,6,386,54
18136,3293,7,111,26
18137,3293,1,369,18
18138,3293,4,967,68
18139,3293,10,1316,150
18140,3294,1,1990,122
18141,3294,9,1336,178
18142,3294,5,1112,73
18143,3294,4,1881,155
18144,3295,5,1111,3
18145,3295,3,290,77
18146,3295,1,987,79
18147,3296,8,111,75
18148,3296,6,234,158
18149,3296,9,1690,26
18150,3296,5,594,46
18151,3296,1,1193,167
18152,3296,10,997,18
18153,3296,4,1896,170
18154,3296,7,1833,60
18155,3296,2,1779,32
18156,3296,3,1849,174
18157,3297,10,632,164
18158,3297,5,534,100
18159,3297,6,1984,130
18160,3298,2,1962,20
18161,3298,1,758,101
18162,3298,6,755,25
18163,3298,3,1274,51
18164,3298,4,30,6
18165,3299,3,1232,150
18166,3299,10,704,132
18167,3299,8,330,175
18168,3299,2,902,14
18169,3299,9,548,70
18170,3299,5,797,175
18171,3300,9,1870,69
18172,3300,4,1030,180
18173,3300,8,827,91
18174,3300,2,746,15
18175,3300,7,518,197
18176,3300,3,155,25
18177,3301,9,1115,17
18178,3301,2,791,151
18179,3301,1,1479,129
18180,3301,8,1957,100
18181,3301,7,1958,46
18182,3301,5,189,50
18183,3301,4,402,57
18184,3301,6,91,84
18185,3302,2,1408,195
18186,3302,7,1558,87
18187,3302,3,382,14
18188,3302,1,122,81
18189,3302,8,1793,130
18190,3302,9,936,86
18191,3302,5,344,18
18192,3302,4,1090,95
18193,3303,1,1935,66
18194,3303,2,1272,103
18195,3304,8,1281,75
18196,3304,7,1529,197
18197,3304,3,996,130
18198,3304,10,731,132
18199,3305,2,1983,133
18200,3305,4,1269,187
18201,3305,10,45,17
18202,3305,9,1692,198
18203,3305,6,1789,81
18204,3306,1,1755,35
18205,3306,8,1582,2
18206,3307,9,141,34
18207,3307,5,327,66
18208,3307,6,1958,22
18209,3307,8,1334,174
18210,3307,4,1982,129
18211,3307,10,1573,10
18212,3308,10,704,43
18213,3308,4,1577,150
18214,3308,8,1390,150
18215,3308,7,1296,119
18216,3308,9,1602,110
18217,3308,6,1238,11
18218,3309,9,1247,83
18219,3309,1,381,23
18220,3309,6,905,70
18221,3309,3,536,62
18222,3309,4,911,3
18223,3309,5,1863,78
18224,3309,2,1592,137
18225,3309,10,1313,150
18226,3309,8,971,78
18227,3309,7,1726,191
18228,3310,6,988,2
18229,3310,3,1538,30
18230,3310,8,1033,198
18231,3310,10,1490,111
18232,3310,2,1311,37
18233,3310,5,35,14
18234,3310,7,174,58
18235,3311,1,1654,164
18236,3311,2,1717,113
18237,3311,6,1662,128
18238,3311,4,218,51
18239,3311,9,542,57
18240,3311,7,1492,5
18241,3311,5,1657,184
18242,3311,8,1234,169
18243,3311,3,1438,151
18244,3312,10,913,5
18245,3312,4,540,125
18246,3312,8,19,7
18247,3312,7,402,145
18248,3312,5,1780,49
18249,3312,9,1548,81
18250,3313,8,1712,133
18251,3313,5,963,177
18252,3313,3,1529,119
18253,3313,4,386,45
18254,3313,1,427,3
18255,3313,2,1359,160
18256,3313,9,1456,138
18257,3313,7,1950,195
18258,3314,5,781,167
18259,3314,9,1025,97
18260,3314,2,350,140
18261,3315,10,822,106
18262,3315,9,253,23
18263,3315,3,641,25
18264,3315,6,437,37
18265,3315,4,269,158
18266,3315,7,598,98
18267,3315,2,1567,31
18268,3315,5,1443,3
18269,3316,7,88,74
18270,3316,5,60,14
18271,3316,9,487,102
18272,3316,6,1905,161
18273,3316,10,500,149
18274,3316,8,582,76
18275,3316,2,564,182
18276,3316,1,1706,58
18277,3316,4,1541,10
18278,3317,4,1184,5
18279,3317,2,1867,15
18280,3317,9,629,120
18281,3318,7,665,87
18282,3318,6,1647,185
18283,3318,4,1262,189
18284,3319,5,83,26
18285,3319,7,572,53
18286,3319,8,1401,101
18287,3320,10,1155,189
18288,3320,8,579,112
18289,3320,2,610,69
18290,3320,4,1520,93
18291,3321,5,1718,19
18292,3321,4,710,34
18293,3321,10,1460,19
18294,3321,9,665,52
18295,3321,8,213,135
18296,3321,3,215,160
18297,3321,6,1373,110
18298,3322,4,377,89
18299,3322,6,1886,187
18300,3322,7,1343,51
18301,3322,9,1434,181
18302,3323,1,1404,187
18303,3323,9,1774,47
18304,3323,10,698,8
18305,3323,3,1297,42
18306,3323,8,1910,23
18307,3324,5,1211,1
18308,3324,1,261,150
18309,3324,3,936,196
18310,3324,9,1591,19
18311,3324,7,536,97
18312,3324,4,1958,121
18313,3325,10,580,80
18314,3325,3,1106,187
18315,3325,2,1637,135
18316,3325,4,1056,151
18317,3325,7,506,2
18318,3325,8,118,88
18319,3325,1,1486,95
18320,3325,9,671,5
18321,3325,5,742,13
18322,3326,5,1266,44
18323,3326,3,169,70
18324,3326,6,1194,86
18325,3326,4,1632,12
18326,3326,9,809,104
18327,3327,1,286,48
18328,3327,4,806,92
18329,3327,5,440,33
18330,3327,10,1923,157
18331,3327,6,630,73
18332,3327,9,234,32
18333,3327,8,1672,178
18334,3328,4,1418,156
18335,3328,3,839,56
18336,3328,10,1731,163
18337,3328,2,250,85
18338,3328,9,308,109
18339,3328,1,1281,109
18340,3328,6,548,30
18341,3329,7,670,30
18342,3329,8,885,177
18343,3330,5,418,41
18344,3331,7,1836,14
18345,3331,4,864,131
18346,3331,5,819,35
18347,3331,1,611,109
18348,3331,10,195,54
18349,3331,2,1765,38
18350,3331,8,466,179
18351,3331,6,1087,191
18352,3331,9,1075,63
18353,3331,3,31,31
18354,3332,10,1644,189
18355,3332,7,491,22
18356,3332,6,1498,26
18357,3332,5,1504,163
18358,3333,6,117,67
18359,3333,2,1744,192
18360,3333,9,1472,83
18361,3333,4,1718,52
18362,3333,3,763,194
18363,3333,1,311,153
18364,3333,7,1471,171
18365,3333,5,1698,7
18366,3334,9,168,130
18367,3334,1,649,29
18368,3334,6,1702,175
18369,3334,7,1327,115
18370,3334,5,965,45
18371,3335,5,1621,52
18372,3335,7,1189,34
18373,3335,3,1337,116
18374,3335,4,802,194
18375,3335,1,1224,0
18376,3335,10,782,190
18377,3336,4,594,21
18378,3336,10,1272,32
18379,3336,5,1160,185
18380,3337,1,663,111
18381,3337,4,673,81
18382,3337,7,1342,135
18383,3337,5,15,11
18384,3337,6,1555,101
18385,3337,9,890,141
18386,3337,3,798,60
18387,3337,8,828,34
18388,3338,1,88,32
18389,3339,10,1032,104
18390,3339,9,1961,89
18391,3340,2,559,150
18392,3340,9,217,91
18393,3340,4,1125,27
18394,3340,8,1259,102
18395,3340,7,1964,164
18396,3341,4,1282,112
18397,3341,8,379,139
18398,3341,2,45,35
18399,3342,4,847,171
18400,3342,7,557,181
18401,3342,6,1037,125
18402,3342,2,879,140
18403,3342,10,801,30
18404,3342,1,1209,6
18405,3342,5,914,25
18406,3342,8,1733,183
18407,3342,3,18,14
18408,3342,9,1245,128
18409,3343,7,167,63
18410,3343,4,1321,20
18411,3343,3,321,147
18412,3343,5,542,26
18413,3343,8,590,34
18414,3343,2,608,11
18415,3344,10,477,118
18416,3344,7,198,99
18417,3345,1,1782,15
18418,3346,10,66,45
18419,3347,3,902,46
18420,3347,6,1360,52
18421,3347,2,1727,27
18422,3347,1,836,167
18423,3347,9,1851,99
18424,3347,4,98,25
18425,3347,7,338,197
18426,3347,8,541,157
18427,3348,2,832,62
18428,3348,1,748,8
18429,3348,5,571,147
18430,3349,5,1792,6
18431,3349,6,613,128
18432,3349,3,606,73
18433,3349,4,1062,131
18434,3349,8,1414,49
18435,3349,2,634,16
18436,3350,5,1700,153
18437,3350,10,1324,167
18438,3350,1,1454,159
18439,3351,5,201,175
18440,3351,6,1367,76
18441,3351,4,1682,19
18442,3351,3,800,149
18443,3351,7,928,160
18444,3352,10,1974,177
18445,3352,7,1504,73
18446,3352,1,480,120
18447,3352,2,1425,51
18448,3352,8,1019,11
18449,3352,3,1008,36
18450,3352,6,1080,76
18451,3352,5,1374,17
18452,3352,4,222,8
18453,3353,5,336,8
18454,3353,10,1376,20
18455,3353,9,826,82
18456,3353,8,947,88
18457,3353,7,370,36
18458,3353,1,1442,19
18459,3354,5,392,72
18460,3354,2,130,113
18461,3354,9,348,152
18462,3354,6,418,149
18463,3354,1,276,78
18464,3354,10,640,11
18465,3354,8,1545,0
18466,3354,4,379,18
18467,3355,4,363,51
18468,3355,7,27,9
18469,3355,6,1841,104
18470,3355,9,1949,21
18471,3355,8,683,14
18472,3355,5,930,24
18473,3355,10,198,134
18474,3356,2,1334,107
18475,3357,6,295,111
18476,3357,4,144,24
18477,3357,2,436,160
18478,3357,5,151,100
18479,3358,2,1422,92
18480,3358,5,1930,149
18481,3359,2,289,27
18482,3359,10,638,106
18483,3360,6,388,122
18484,3360,1,1614,2
18485,3360,10,11,3
18486,3360,8,1669,165
18487,3361,4,1853,143
18488,3361,8,1353,2
18489,3361,2,1935,89
18490,3361,1,1517,132
18491,3361,9,3,1
18492,3362,1,911,106
18493,3362,10,879,9
18494,3362,9,497,14
18495,3362,7,1683,195
18496,3362,6,582,106
18497,3362,8,1520,159
18498,3362,5,876,15
18499,3363,9,615,28
18500,3363,7,538,154
18501,3364,4,69,28
18502,3364,9,1718,53
18503,3364,2,983,118
18504,3364,5,681,97
18505,3365,9,1902,66
18506,3365,4,1192,170
18507,3365,6,593,177
18508,3365,2,1637,163
18509,3365,10,263,8
18510,3365,7,1344,149
18511,3365,5,1638,158
18512,3365,8,1442,94
18513,3365,1,1167,43
18514,3365,3,641,43
18515,3366,6,1870,162
18516,3366,9,1805,154
18517,3366,4,1226,110
18518,3366,1,1467,175
18519,3366,2,1867,76
18520,3366,3,1956,95
18521,3366,7,1157,151
18522,3366,8,1747,9
18523,3366,10,802,4
18524,3366,5,111,72
18525,3367,2,645,72
18526,3367,3,709,42
18527,3367,7,1423,36
18528,3367,1,1566,43
18529,3367,8,1553,143
18530,3368,4,1839,55
18531,3368,6,465,132
18532,3368,5,218,85
18533,3368,1,535,147
18534,3368,3,1788,138
18535,3368,8,1467,114
18536,3369,4,262,21
18537,3369,3,1586,29
18538,3369,9,40,17
18539,3369,8,1788,180
18540,3369,10,1215,34
18541,3369,5,551,132
18542,3369,1,409,110
18543,3369,2,1075,155
18544,3370,4,8,3
18545,3370,1,176,68
18546,3370,7,679,167
18547,3370,5,1169,194
18548,3371,7,1921,48
18549,3371,9,1378,29
18550,3371,1,128,122
18551,3372,2,24,15
18552,3372,5,1350,14
18553,3373,6,1266,171
18554,3373,1,1355,13
18555,3373,2,1984,42
18556,3373,7,926,141
18557,3373,10,1234,19
18558,3373,9,466,55
18559,3373,8,795,117
18560,3373,5,860,63
18561,3374,4,331,180
18562,3374,5,1484,195
18563,3374,3,611,75
18564,3374,10,1446,166
18565,3374,6,722,22
18566,3374,7,662,187
18567,3374,9,609,144
18568,3374,8,1924,132
18569,3375,6,549,72
18570,3376,1,395,54
18571,3376,7,572,52
18572,3376,5,1753,128
18573,3376,8,1415,7
18574,3376,9,1729,162
18575,3376,3,1259,161
18576,3376,4,2000,75
18577,3376,6,1685,155
18578,3377,6,108,57
18579,3377,3,734,54
18580,3377,2,815,197
18581,3377,1,1171,185
18582,3377,7,481,120
18583,3377,4,274,196
18584,3377,5,101,98
18585,3377,10,956,68
18586,3378,1,52,7
18587,3379,6,1516,187
18588,3380,6,522,150
18589,3380,2,1526,37
18590,3380,3,1719,57
18591,3380,4,1706,177
18592,3380,5,774,73
18593,3380,7,1840,26
18594,3380,1,1256,125
18595,3380,8,1413,176
18596,3381,7,310,149
18597,3382,7,1987,147
18598,3382,6,413,4
18599,3382,9,377,118
18600,3382,2,557,168
18601,3382,8,1308,76
18602,3383,2,1012,136
18603,3383,5,209,50
18604,3383,7,1245,92
18605,3383,1,598,108
18606,3383,4,530,15
18607,3383,3,1366,62
18608,3383,9,1782,111
18609,3384,8,700,148
18610,3384,5,980,30
18611,3384,1,337,34
18612,3384,6,853,53
18613,3384,10,403,140
18614,3384,7,782,60
18615,3384,4,1723,195
18616,3384,2,51,34
18617,3385,6,1054,105
18618,3385,3,1138,121
18619,3385,10,1137,80
18620,3385,7,1799,114
18621,3385,8,951,69
18622,3385,4,1464,125
18623,3385,2,0,0
18624,3386,5,1737,147
18625,3386,9,1520,99
18626,3386,7,535,10
18627,3386,10,1184,183
18628,3386,6,438,192
18629,3386,8,1460,140
18630,3386,2,1379,168
18631,3387,1,1717,66
18632,3387,9,1957,174
18633,3387,2,1564,126
18634,3388,7,63,27
18635,3388,4,1323,13
18636,3389,3,638,95
18637,3390,6,840,27
18638,3391,1,924,182
18639,3391,5,383,62
18640,3391,10,719,103
18641,3391,4,608,141
18642,3391,9,160,62
18643,3391,3,1873,175
18644,3391,7,557,67
18645,3391,8,1441,154
18646,3391,2,1142,178
18647,3391,6,1729,109
18648,3392,5,687,82
18649,3392,10,34,1
18650,3392,7,293,173
18651,3392,2,1598,15
18652,3392,3,1103,122
18653,3392,8,1226,128
18654,3393,8,1411,120
18655,3393,7,1750,50
18656,3393,10,1300,42
18657,3393,2,691,63
18658,3393,3,1110,183
18659,3393,1,239,132
18660,3393,9,351,96
18661,3393,5,584,126
18662,3394,3,989,90
18663,3394,7,1019,69
18664,3394,2,913,33
18665,3394,1,135,119
18666,3394,9,977,191
18667,3394,4,1620,12
18668,3394,8,1795,156
18669,3395,9,362,12
18670,3395,5,1059,133
18671,3395,2,1123,58
18672,3395,8,375,131
18673,3395,1,499,155
18674,3395,3,569,174
18675,3396,7,1362,172
18676,3396,10,308,28
18677,3397,5,960,9
18678,3398,9,1618,199
18679,3398,6,1649,106
18680,3398,8,654,55
18681,3398,10,14,11
18682,3398,3,1069,63
18683,3398,2,1971,68
18684,3398,7,79,3
18685,3398,1,1630,198
18686,3398,4,1719,26
18687,3398,5,1706,199
18688,3399,5,1965,81
18689,3400,9,568,136
18690,3400,10,1526,66
18691,3401,3,1357,48
18692,3401,7,1697,122
18693,3401,1,1034,5
18694,3401,4,80,78
18695,3401,2,1122,13
18696,3401,6,498,15
18697,3401,5,181,70
18698,3401,9,964,56
18699,3402,3,1656,59
18700,3402,2,173,165
18701,3402,8,883,70
18702,3402,5,1096,197
18703,3402,4,1978,133
18704,3402,9,25,23
18705,3403,5,1460,79
18706,3403,7,1250,10
18707,3404,4,477,162
18708,3404,10,1040,82
18709,3404,8,1437,195
18710,3405,5,406,28
18711,3405,4,614,19
18712,3405,2,485,112
18713,3405,10,1844,71
18714,3405,9,98,85
18715,3405,8,45,36
18716,3405,1,1253,196
18717,3406,7,882,1
18718,3406,10,192,19
18719,3406,1,209,76
18720,3406,5,1170,93
18721,3406,8,565,193
18722,3406,6,1578,130
18723,3406,3,843,162
18724,3406,2,1255,121
18725,3406,4,631,42
18726,3406,9,995,60
18727,3407,6,379,85
18728,3407,9,1434,21
18729,3407,2,1166,103
18730,3407,10,585,20
18731,3407,4,1748,38
18732,3407,5,908,76
18733,3407,7,973,43
18734,3408,4,207,143
18735,3408,8,1017,44
18736,3408,1,201,79
18737,3408,9,247,8
18738,3408,6,1071,36
18739,3408,2,438,74
18740,3408,10,1844,54
18741,3409,1,1031,158
18742,3409,5,1288,99
18743,3409,8,1497,167
18744,3409,3,1520,105
18745,3409,7,1075,62
18746,3409,4,190,75
18747,3409,9,1765,68
18748,3409,10,1119,16
18749,3409,2,188,66
18750,3409,6,984,170
18751,3410,9,786,132
18752,3410,7,1087,190
18753,3410,6,898,168
18754,3410,5,1114,57
18755,3410,10,611,176
18756,3410,8,1542,34
18757,3410,3,611,6
18758,3411,10,688,127
18759,3411,8,1627,45
18760,3411,7,378,104
18761,3411,1,1747,192
18762,3411,2,878,84
18763,3411,9,671,178
18764,3411,6,902,147
18765,3411,3,1596,41
18766,3411,5,1924,5
18767,3412,3,1934,105
18768,3412,8,1197,195
18769,3412,7,1495,65
18770,3412,5,351,191
18771,3413,10,1725,122
18772,3413,7,1769,84
18773,3413,6,259,56
18774,3413,4,1682,62
18775,3413,8,1712,153
18776,3413,5,648,163
18777,3413,1,1518,32
18778,3413,2,1789,182
18779,3414,9,1260,42
18780,3414,2,1020,186
18781,3415,4,276,92
18782,3415,9,1800,89
18783,3415,1,957,108
18784,3415,6,1976,100
18785,3415,2,1347,98
18786,3415,8,1308,42
18787,3415,5,641,197
18788,3416,5,1962,187
18789,3416,3,193,98
18790,3416,9,1684,200
18791,3416,4,1222,163
18792,3417,3,1244,108
18793,3417,10,1405,76
18794,3417,4,941,57
18795,3417,9,1515,86
18796,3417,1,415,143
18797,3417,7,1054,171
18798,3417,8,441,11
18799,3417,2,1582,198
18800,3417,6,1254,57
18801,3418,7,1015,72
18802,3418,5,438,166
18803,3418,4,247,155
18804,3418,1,199,173
18805,3418,3,1881,176
18806,3418,9,1124,164
18807,3418,10,180,28
18808,3418,6,1344,141
18809,3418,8,476,143
18810,3419,7,1172,117
18811,3419,5,432,21
18812,3420,6,1537,142
18813,3420,9,1762,187
18814,3420,5,468,43
18815,3420,4,1361,186
18816,3420,8,1461,67
18817,3420,3,1004,159
18818,3420,2,251,149
18819,3420,10,483,67
18820,3420,7,1388,150
18821,3420,1,327,125
18822,3421,6,486,6
18823,3421,9,35,27
18824,3421,2,1115,60
18825,3421,8,780,153
18826,3421,10,1908,147
18827,3421,5,240,107
18828,3421,4,1378,39
18829,3422,10,1190,120
18830,3423,6,1253,171
18831,3423,2,708,15
18832,3423,1,962,138
18833,3423,10,381,194
18834,3423,5,1893,134
18835,3423,8,1271,109
18836,3423,9,1560,136
18837,3423,7,943,122
18838,3423,4,274,105
18839,3423,3,1045,131
18840,3424,9,17,8
18841,3424,5,137,120
18842,3424,2,1398,119
18843,3424,6,1245,85
18844,3424,4,1549,119
18845,3425,3,1322,174
18846,3425,7,907,25
18847,3425,5,1711,194
18848,3425,10,1600,93
18849,3425,6,1701,87
18850,3426,3,318,182
18851,3426,8,361,49
18852,3426,2,828,25
18853,3427,2,606,156
18854,3427,3,1007,100
18855,3427,8,1577,136
18856,3427,10,744,139
18857,3428,5,1092,107
18858,3428,3,1412,166
18859,3428,6,934,19
18860,3428,7,1099,8
18861,3428,10,1074,59
18862,3428,4,1679,108
18863,3428,2,399,59
18864,3428,1,935,112
18865,3428,9,1207,116
18866,3428,8,372,14
18867,3429,3,1776,13
18868,3429,9,406,152
18869,3429,2,1761,53
18870,3429,10,933,177
18871,3429,8,752,168
18872,3429,1,1301,185
18873,3429,5,1254,12
18874,3429,4,459,63
18875,3430,4,1322,47
18876,3430,2,1000,119
18877,3431,4,606,154
18878,3431,1,839,61
18879,3432,5,1663,76
18880,3433,9,186,147
18881,3433,6,1186,154
18882,3433,1,963,72
18883,3433,5,558,152
18884,3433,8,427,160
18885,3433,7,1971,3
18886,3433,10,200,14
18887,3434,10,102,44
18888,3434,7,995,164
18889,3434,8,570,70
18890,3434,2,1059,172
18891,3434,9,1949,3
18892,3434,5,1137,75
18893,3434,1,530,20
18894,3434,4,1745,66
18895,3434,6,1294,153
18896,3434,3,570,170
18897,3435,3,441,122
18898,3436,1,1779,88
18899,3436,5,709,161
18900,3436,6,1312,55
18901,3436,8,923,1
18902,3436,4,1815,67
18903,3436,10,1728,9
18904,3437,9,110,106
18905,3437,5,1431,152
18906,3437,3,1634,157
18907,3437,2,65,17
18908,3438,10,1772,142
18909,3438,6,1280,27
18910,3438,1,1089,76
18911,3438,8,989,74
18912,3438,2,1983,143
18913,3438,7,792,139
18914,3438,4,637,12
18915,3439,3,797,67
18916,3440,8,146,126
18917,3440,4,1371,115
18918,3440,1,1614,159
18919,3440,10,553,93
18920,3440,3,1700,139
18921,3440,5,660,175
18922,3440,9,751,119
18923,3440,6,1302,88
18924,3441,5,1826,65
18925,3441,3,887,140
18926,3441,4,1301,91
18927,3441,6,1637,45
18928,3441,2,819,115
18929,3441,7,73,36
18930,3442,4,1220,112
18931,3442,9,1819,32
18932,3443,4,933,54
18933,3443,10,1505,49
18934,3443,5,1818,82
18935,3443,7,1739,2
18936,3443,3,1585,187
18937,3443,1,1427,143
18938,3444,6,1726,160
18939,3444,3,1318,160
18940,3444,9,1130,40
18941,3444,1,1537,194
18942,3444,8,761,64
18943,3444,5,1469,167
18944,3444,10,114,96
18945,3444,4,1398,128
18946,3445,6,222,120
18947,3445,3,1547,35
18948,3445,2,1074,140
18949,3446,8,1484,161
18950,3446,4,730,144
18951,3446,9,1949,73
18952,3447,6,1513,141
18953,3448,9,1942,91
18954,3448,3,1788,58
18955,3448,10,1484,41
18956,3449,3,270,89
18957,3449,2,1257,189
18958,3449,7,701,132
18959,3449,5,1602,179
18960,3450,4,1792,16
18961,3450,3,1006,191
18962,3450,2,50,25
18963,3450,1,1562,78
18964,3450,7,571,2
18965,3451,1,1226,121
18966,3451,2,1341,117
18967,3451,6,1161,55
18968,3451,5,1635,121
18969,3451,9,84,20
18970,3451,7,1242,32
18971,3451,10,1174,163
18972,3451,3,1757,74
18973,3451,8,1515,176
18974,3451,4,441,86
18975,3452,9,850,94
18976,3452,7,1462,139
18977,3453,8,1037,137
18978,3454,8,855,114
18979,3454,5,971,62
18980,3454,7,879,33
18981,3454,4,1670,91
18982,3454,1,1917,132
18983,3454,6,169,8
18984,3455,4,1730,54
18985,3455,8,23,1
18986,3456,8,648,93
18987,3457,5,187,131
18988,3457,6,1949,44
18989,3457,7,305,177
18990,3458,4,66,48
18991,3458,5,684,45
18992,3458,10,393,119
18993,3458,1,1934,38
18994,3458,2,1102,149
18995,3458,6,1030,48
18996,3458,9,1444,8
18997,3458,3,418,118
18998,3458,8,1333,82
18999,3459,9,1404,168
19000,3459,1,1979,167
19001,3459,3,735,43
19002,3459,2,1782,31
19003,3459,5,1330,9
19004,3459,8,1701,28
19005,3460,4,1510,112
19006,3460,10,192,33
19007,3460,7,458,169
19008,3460,9,1395,112
19009,3460,2,1526,117
19010,3460,6,767,6
19011,3460,5,1704,189
19012,3461,4,680,44
19013,3461,6,1937,122
19014,3461,9,1710,143
19015,3461,2,1555,114
19016,3461,1,1042,139
19017,3462,2,260,144
19018,3462,3,979,174
19019,3462,10,812,32
19020,3462,7,964,97
19021,3462,9,736,156
19022,3462,8,1680,74
19023,3462,4,1140,145
19024,3462,1,1640,10
19025,3462,6,1781,28
19026,3463,6,1467,192
19027,3463,8,407,24
19028,3463,2,767,17
19029,3463,7,1390,134
19030,3463,1,1308,197
19031,3463,3,1727,83
19032,3463,4,651,127
19033,3463,5,1044,153
19034,3463,9,1878,170
19035,3463,10,471,26
19036,3464,8,113,18
19037,3465,8,709,143
19038,3465,4,1282,60
19039,3465,5,1259,114
19040,3466,6,1063,88
19041,3467,5,881,10
19042,3467,6,160,59
19043,3467,4,1367,30
19044,3467,7,619,61
19045,3467,9,1178,53
19046,3467,10,1664,98
19047,3467,3,1289,53
19048,3467,2,871,20
19049,3467,8,686,183
19050,3468,1,679,112
19051,3468,10,1175,31
19052,3468,3,1961,57
19053,3468,4,888,98
19054,3468,6,1915,77
19055,3469,10,1898,61
19056,3469,2,1465,175
19057,3470,10,765,160
19058,3471,2,1080,30
19059,3471,6,784,71
19060,3471,3,396,162
19061,3471,7,30,17
19062,3472,4,360,148
19063,3472,5,1365,119
19064,3472,1,1735,7
19065,3472,8,1177,55
19066,3472,6,1262,39
19067,3472,3,644,82
19068,3472,10,861,135
19069,3472,2,1474,7
19070,3472,9,1481,103
19071,3472,7,549,184
19072,3473,8,1276,172
19073,3473,3,708,193
19074,3473,6,1749,80
19075,3473,10,1444,12
19076,3473,1,833,88
19077,3473,2,1174,19
19078,3474,2,1975,176
19079,3474,6,675,79
19080,3474,5,124,26
19081,3474,9,177,164
19082,3474,4,696,61
19083,3475,10,1242,64
19084,3475,8,1085,109
19085,3475,2,134,102
19086,3475,7,1110,55
19087,3475,5,553,74
19088,3475,6,690,48
19089,3475,1,1491,101
19090,3475,3,820,40
19091,3476,8,1842,156
19092,3476,9,1752,157
19093,3476,2,409,160
19094,3477,1,842,126
19095,3477,2,135,33
19096,3477,3,1910,14
19097,3477,9,859,161
19098,3477,5,108,3
19099,3477,10,726,50
19100,3478,4,358,5
19101,3478,8,961,149
19102,3478,9,47,6
19103,3478,10,1439,76
19104,3478,3,909,128
19105,3479,7,552,71
19106,3479,4,857,100
19107,3479,6,140,97
19108,3479,5,978,107
19109,3479,8,1189,131
19110,3479,9,945,134
19111,3479,2,1705,96
19112,3479,1,324,200
19113,3479,10,753,23
19114,3479,3,1517,30
19115,3480,2,726,17
19116,3480,6,1439,66
19117,3480,1,122,62
19118,3480,7,1609,28
19119,3480,8,923,138
19120,3480,10,115,0
19121,3480,9,1019,119
19122,3480,4,1375,15
19123,3480,3,1293,71
19124,3480,5,1291,156
19125,3481,10,1415,137
19126,3481,4,1577,83
19127,3481,5,1993,60
19128,3481,7,1246,85
19129,3481,1,1202,99
19130,3481,3,580,51
19131,3481,6,1224,185
19132,3481,2,1351,38
19133,3481,9,382,140
19134,3482,7,707,156
19135,3483,6,101,98
19136,3483,9,589,125
19137,3483,5,1452,9
19138,3484,7,52,19
19139,3484,2,1807,7
19140,3484,1,1186,174
19141,3484,6,1754,64
19142,3485,8,975,82
19143,3485,2,1734,99
19144,3486,8,1009,70
19145,3486,9,296,0
19146,3486,4,1889,58
19147,3486,5,1134,0
19148,3486,10,1199,152
19149,3486,2,983,77
19150,3486,6,11,2
19151,3487,5,113,74
19152,3487,6,948,196
19153,3488,9,1932,160
19154,3488,2,686,20
19155,3488,6,1283,190
19156,3488,5,1428,153
19157,3488,1,1379,41
19158,3488,7,1532,174
19159,3488,4,1388,49
19160,3488,10,1006,134
19161,3488,3,1261,46
19162,3489,2,535,166
19163,3489,4,994,36
19164,3489,10,1141,123
19165,3489,8,1948,178
19166,3489,9,1479,145
19167,3489,1,1154,106
19168,3489,5,1020,200
19169,3490,2,1684,96
19170,3490,7,1398,158
19171,3491,1,1164,140
19172,3491,5,1767,48
19173,3491,4,1582,153
19174,3491,3,924,77
19175,3491,2,738,32
19176,3491,10,1430,135
19177,3491,8,1608,94
19178,3491,6,1063,112
19179,3491,7,549,172
19180,3492,10,985,182
19181,3492,5,1680,39
19182,3492,1,258,144
19183,3492,7,1311,159
19184,3492,3,1285,145
19185,3492,4,424,144
19186,3492,6,483,152
19187,3492,2,1888,152
19188,3492,9,208,148
19189,3493,8,874,37
19190,3494,5,1612,59
19191,3494,8,78,68
19192,3494,9,460,152
19193,3494,6,1242,163
19194,3494,1,270,61
19195,3494,7,1730,134
19196,3494,10,1882,43
19197,3494,4,811,89
19198,3495,4,910,196
19199,3495,5,250,102
19200,3495,2,1560,135
19201,3495,1,663,76
19202,3495,9,660,128
19203,3495,3,381,194
19204,3495,6,767,0
19205,3495,10,905,181
19206,3495,7,951,61
19207,3496,9,204,155
19208,3496,6,1833,3
19209,3496,7,1235,27
19210,3496,2,1414,63
19211,3496,5,581,7
19212,3497,10,1863,200
19213,3497,3,1625,39
19214,3497,7,1366,88
19215,3497,4,1222,80
19216,3497,8,1919,50
19217,3497,1,1824,186
19218,3497,9,488,66
19219,3497,5,852,142
19220,3498,7,1170,126
19221,3498,9,1686,13
19222,3498,1,343,13
19223,3498,3,93,49
19224,3498,2,239,15
19225,3498,5,509,36
19226,3499,7,1316,98
19227,3499,10,157,126
19228,3499,6,1955,11
19229,3499,8,458,42
19230,3499,5,1883,4
19231,3500,3,492,31
19232,3501,6,285,67
19233,3501,9,1549,19
19234,3501,8,892,9
19235,3501,7,998,29
19236,3502,6,187,82
19237,3502,10,1311,144
19238,3502,9,1959,3
19239,3502,4,392,32
19240,3502,2,1746,8
19241,3502,5,1729,176
19242,3502,7,452,27
19243,3502,1,623,84
19244,3503,2,1573,0
19245,3503,8,1130,170
19246,3503,10,732,199
19247,3503,6,698,169
19248,3503,5,1317,100
19249,3503,3,687,119
19250,3503,1,715,152
19251,3504,9,80,58
19252,3504,6,341,9
19253,3504,5,678,31
19254,3504,10,555,140
19255,3505,9,1761,151
19256,3506,4,891,4
19257,3506,2,941,25
19258,3506,5,1604,139
19259,3506,6,1493,11
19260,3506,3,1992,180
19261,3506,8,194,53
19262,3506,10,39,22
19263,3507,2,292,59
19264,3507,6,353,108
19265,3507,4,1543,21
19266,3507,8,373,37
19267,3507,5,454,34
19268,3507,7,1033,165
19269,3507,9,944,66
19270,3507,10,734,131
19271,3508,7,994,40
19272,3509,1,584,85
19273,3509,9,46,3
19274,3509,6,827,1
19275,3509,8,1519,56
19276,3509,5,657,35
19277,3510,9,999,154
19278,3510,3,259,34
19279,3510,2,1060,124
19280,3510,6,136,118
19281,3510,4,731,186
19282,3511,2,1449,19
19283,3512,9,1354,121
19284,3512,3,899,1
19285,3512,7,41,35
19286,3512,8,1347,165
19287,3512,4,57,2
19288,3513,7,419,83
19289,3513,2,1800,35
19290,3513,8,1521,61
19291,3513,6,1070,98
19292,3513,4,1597,108
19293,3513,3,1173,168
19294,3513,1,813,80
19295,3513,5,775,164
19296,3513,10,574,69
19297,3513,9,553,28
19298,3514,5,646,68
19299,3514,8,1709,159
19300,3514,3,536,57
19301,3514,9,447,98
19302,3514,10,1911,69
19303,3515,7,840,200
19304,3515,9,1967,120
19305,3515,1,57,43
19306,3515,10,876,43
19307,3516,4,11,4
19308,3516,7,1679,186
19309,3516,8,675,19
19310,3516,2,300,14
19311,3517,1,222,106
19312,3517,5,235,195
19313,3517,10,726,123
19314,3517,7,834,49
19315,3517,9,765,171
19316,3517,8,1864,125
19317,3517,4,1816,166
19318,3517,2,1797,93
19319,3517,6,445,188
19320,3518,5,785,167
19321,3518,8,1170,10
19322,3518,10,1238,111
19323,3519,2,1776,183
19324,3519,9,2000,67
19325,3519,6,849,145
19326,3519,1,151,128
19327,3519,8,1651,146
19328,3520,8,1166,109
19329,3520,6,1143,110
19330,3520,5,935,64
19331,3520,9,780,191
19332,3520,10,842,67
19333,3520,7,1888,112
19334,3520,2,906,120
19335,3520,1,1640,92
19336,3520,4,539,172
19337,3521,3,761,195
19338,3521,6,1091,69
19339,3521,2,930,45
19340,3521,10,211,151
19341,3521,8,98,27
19342,3521,5,804,26
19343,3521,4,234,153
19344,3521,9,1546,74
19345,3521,7,264,163
19346,3522,5,916,120
19347,3522,1,1200,194
19348,3523,7,3,2
19349,3523,9,1218,194
19350,3523,6,1994,80
19351,3523,3,1648,172
19352,3523,1,1587,40
19353,3523,4,32,24
19354,3523,10,1813,93
19355,3523,8,1468,60
19356,3523,5,1602,180
19357,3523,2,658,50
19358,3524,5,293,16
19359,3524,3,530,155
19360,3524,10,1511,175
19361,3524,6,1569,46
19362,3524,1,898,12
19363,3524,2,1740,165
19364,3524,8,1528,93
19365,3525,10,1841,128
19366,3525,5,1693,24
19367,3525,4,298,90
19368,3525,9,662,106
19369,3525,2,1243,73
19370,3525,6,550,110
19371,3525,8,562,102
19372,3525,3,455,82
19373,3525,1,1896,181
19374,3525,7,1729,199
19375,3526,6,185,27
19376,3526,3,1348,130
19377,3526,10,173,5
19378,3526,4,648,77
19379,3526,2,1715,196
19380,3526,8,1921,141
19381,3527,10,62,26
19382,3527,6,368,42
19383,3527,8,1370,101
19384,3527,2,1333,152
19385,3527,9,419,148
19386,3527,4,1847,93
19387,3527,3,1762,90
19388,3528,1,1115,142
19389,3528,5,1707,12
19390,3528,4,355,124
19391,3528,10,254,56
19392,3528,9,531,70
19393,3528,3,1262,122
19394,3528,7,736,15
19395,3529,10,1615,149
19396,3529,7,103,19
19397,3529,4,690,150
19398,3529,6,1631,134
19399,3529,3,483,194
19400,3529,8,254,50
19401,3530,2,539,81
19402,3530,5,991,61
19403,3530,7,1184,186
19404,3531,1,674,155
19405,3531,6,1151,10
19406,3531,8,1550,90
19407,3532,6,707,59
19408,3533,8,951,50
19409,3533,5,1664,13
19410,3533,4,142,49
19411,3533,1,1176,183
19412,3533,7,1066,43
19413,3533,9,513,52
19414,3533,2,1814,25
19415,3533,10,1042,110
19416,3533,3,994,1
19417,3534,2,1865,138
19418,3534,8,1766,157
19419,3534,9,924,169
19420,3534,4,724,36
19421,3534,10,1558,85
19422,3534,7,54,17
19423,3534,3,1273,102
19424,3534,6,363,146
19425,3535,9,1062,74
19426,3535,7,92,72
19427,3535,3,1717,148
19428,3535,4,389,167
19429,3535,5,1796,147
19430,3535,1,1295,77
19431,3535,6,396,172
19432,3535,2,1637,113
19433,3535,8,113,14
19434,3535,10,1468,126
19435,3536,3,312,49
19436,3536,4,206,91
19437,3536,10,1746,67
19438,3536,7,1377,60
19439,3536,2,1263,129
19440,3536,5,477,28
19441,3536,1,1379,195
19442,3536,8,783,172
19443,3536,6,1551,108
19444,3536,9,4,4
19445,3537,2,1425,195
19446,3537,10,188,29
19447,3538,1,969,36
19448,3538,4,1769,121
19449,3538,8,1204,152
19450,3539,3,512,103
19451,3539,1,1145,193
19452,3539,9,1922,95
19453,3539,10,1702,89
19454,3540,9,1790,110
19455,3540,1,1250,94
19456,3540,6,952,6
19457,3540,8,949,65
19458,3540,3,1142,101
19459,3540,10,1558,90
19460,3540,4,940,12
19461,3540,7,987,124
19462,3540,2,1198,128
19463,3541,1,523,166
19464,3541,3,1169,134
19465,3542,5,28,11
19466,3542,2,259,189
19467,3542,9,578,185
19468,3542,3,1484,132
19469,3542,7,1961,125
19470,3542,10,1721,145
19471,3542,1,1667,3
19472,3543,2,1807,182
19473,3543,1,759,146
19474,3544,7,1371,124
19475,3544,4,15,12
19476,3544,1,1688,178
19477,3544,6,693,47
19478,3544,9,1658,84
19479,3544,3,823,109
19480,3544,10,449,13
19481,3544,8,866,108
19482,3544,5,762,66
19483,3544,2,1499,102
19484,3545,5,279,157
19485,3545,7,243,98
19486,3545,6,596,44
19487,3545,10,963,164
19488,3545,4,1820,93
19489,3545,9,1652,30
19490,3545,1,1830,132
19491,3545,8,1772,173
19492,3545,2,1516,20
19493,3545,3,1315,100
19494,3546,6,1539,194
19495,3546,5,1006,141
19496,3546,7,359,43
19497,3546,8,717,152
19498,3546,1,584,192
19499,3546,4,1383,156
19500,3546,2,1339,160
19501,3546,10,861,56
19502,3546,9,1272,167
19503,3546,3,110,7
19504,3547,5,1065,100
19505,3547,4,723,58
19506,3547,1,960,182
19507,3547,2,1148,175
19508,3547,10,1321,80
19509,3547,3,1696,117
19510,3547,8,1684,82
19511,3547,7,1647,149
19512,3548,5,373,150
19513,3548,2,1223,147
19514,3548,1,1336,121
19515,3548,7,1064,32
19516,3548,4,961,13
19517,3548,8,472,131
19518,3548,10,898,86
19519,3548,6,1932,71
19520,3549,10,523,19
19521,3549,1,331,22
19522,3549,3,1862,77
19523,3549,9,1502,71
19524,3549,7,1067,20
19525,3550,6,1132,165
19526,3550,1,589,83
19527,3550,8,1613,81
19528,3550,4,957,25
19529,3550,5,1072,156
19530,3550,7,146,143
19531,3550,9,440,49
19532,3551,3,1018,36
19533,3551,9,1436,101
19534,3551,6,1590,19
19535,3551,1,96,92
19536,3551,10,1468,48
19537,3551,5,1602,23
19538,3551,8,1517,33
19539,3552,6,154,125
19540,3552,7,96,21
19541,3552,10,701,88
19542,3552,5,1535,177
19543,3552,2,269,180
19544,3552,9,1364,115
19545,3552,8,574,58
19546,3552,4,1006,27
19547,3552,3,1198,81
19548,3552,1,1488,113
19549,3553,8,1573,166
19550,3554,5,221,124
19551,3554,1,742,55
19552,3554,3,605,105
19553,3554,6,520,79
19554,3554,9,870,115
19555,3554,2,1202,104
19556,3554,10,492,76
19557,3554,7,24,6
19558,3554,8,644,49
19559,3554,4,1025,104
19560,3555,6,1793,182
19561,3555,1,829,75
19562,3555,2,762,66
19563,3555,9,205,91
19564,3555,3,817,87
19565,3555,4,58,50
19566,3555,5,405,26
19567,3555,10,1869,129
19568,3555,7,1219,118
19569,3556,3,794,194
19570,3556,9,754,74
19571,3556,7,891,3
19572,3556,8,1403,166
19573,3556,5,1227,135
19574,3557,10,1326,183
19575,3557,5,205,46
19576,3557,2,975,83
19577,3557,1,683,125
19578,3557,9,378,63
19579,3557,6,1954,44
19580,3557,7,1336,124
19581,3558,9,1653,146
19582,3558,6,879,158
19583,3558,4,453,86
19584,3558,1,1831,16
19585,3559,10,320,171
19586,3559,4,139,100
19587,3559,7,22,19
19588,3559,3,555,180
19589,3559,1,1904,47
19590,3559,5,517,58
19591,3559,6,1289,32
19592,3559,9,1108,64
19593,3559,8,1194,79
19594,3560,10,952,1
19595,3560,3,1191,198
19596,3560,4,631,197
19597,3561,10,1892,53
19598,3561,7,36,35
19599,3561,1,929,71
19600,3561,8,641,187
19601,3561,9,1654,133
19602,3561,4,1248,196
19603,3561,3,556,36
19604,3561,5,525,190
19605,3562,6,1706,157
19606,3562,4,1733,180
19607,3562,5,471,69
19608,3562,8,1322,125
19609,3562,7,856,8
19610,3562,9,151,62
19611,3562,10,651,185
19612,3563,6,1507,14
19613,3563,10,351,192
19614,3563,2,563,116
19615,3563,5,579,58
19616,3563,8,1764,118
19617,3563,3,1255,160
19618,3563,1,346,127
19619,3564,2,1784,149
19620,3565,6,1465,142
19621,3565,10,795,87
19622,3565,4,325,33
19623,3565,7,159,11
19624,3565,8,1337,108
19625,3566,3,1894,174
19626,3566,6,1883,197
19627,3566,10,449,165
19628,3566,9,853,180
19629,3566,1,538,151
19630,3566,5,136,7
19631,3566,4,701,192
19632,3566,7,296,26
19633,3566,8,1403,130
19634,3566,2,1405,138
19635,3567,3,877,110
19636,3567,6,1725,184
19637,3567,9,1045,50
19638,3567,1,1110,64
19639,3567,5,1189,29
19640,3567,10,361,2
19641,3567,4,390,20
19642,3567,7,1480,121
19643,3567,2,1490,134
19644,3567,8,690,186
19645,3568,7,613,138
19646,3568,4,1737,21
19647,3568,3,460,116
19648,3568,2,985,37
19649,3568,8,75,2
19650,3568,10,1957,107
19651,3568,1,1471,195
19652,3568,6,1752,92
19653,3568,9,947,60
19654,3569,10,294,28
19655,3569,5,1454,11
19656,3570,7,716,113
19657,3570,9,409,164
19658,3570,10,986,128
19659,3570,8,1921,5
19660,3570,1,1282,158
19661,3570,5,1572,142
19662,3570,2,1460,71
19663,3571,6,188,78
19664,3572,5,835,65
19665,3572,10,548,133
19666,3572,3,127,21
19667,3572,8,447,181
19668,3572,2,1468,39
19669,3572,7,22,22
19670,3572,9,1455,24
19671,3573,2,417,142
19672,3573,10,1429,17
19673,3573,8,703,190
19674,3573,3,1611,11
19675,3573,1,300,93
19676,3573,7,259,178
19677,3573,9,1418,0
19678,3574,9,1260,131
19679,3574,6,1623,127
19680,3574,1,1884,14
19681,3574,10,1473,48
19682,3574,4,1981,108
19683,3574,3,1460,8
19684,3574,8,1081,48
19685,3574,7,1912,112
19686,3574,2,423,24
19687,3575,2,1571,191
19688,3575,9,311,93
19689,3575,3,1953,127
19690,3575,10,1370,32
19691,3576,6,1037,133
19692,3576,7,1113,54
19693,3576,5,1962,101
19694,3576,10,718,172
19695,3576,4,748,48
19696,3576,8,566,166
19697,3576,2,1216,119
19698,3577,2,363,111
19699,3577,3,661,184
19700,3577,7,707,0
19701,3578,1,1032,24
19702,3578,10,1467,26
19703,3578,6,188,118
19704,3578,8,1378,81
19705,3578,2,450,73
19706,3578,3,586,63
19707,3579,1,8,8
19708,3579,8,335,98
19709,3579,10,1903,98
19710,3579,6,1724,4
19711,3579,9,295,22
19712,3580,1,1294,84
19713,3580,2,1291,32
19714,3580,5,1635,111
19715,3580,10,1464,101
19716,3580,4,128,108
19717,3581,2,1597,140
19718,3581,7,1784,129
19719,3582,8,60,20
19720,3582,2,1945,121
19721,3582,10,1246,157
19722,3582,7,1337,179
19723,3582,5,1495,184
19724,3582,3,1373,152
19725,3582,9,1993,98
19726,3582,4,1973,119
19727,3583,8,1516,88
19728,3583,9,1522,98
19729,3583,7,1544,16
19730,3583,2,88,1
19731,3583,4,1274,31
19732,3584,7,414,87
19733,3584,3,773,144
19734,3584,8,1499,143
19735,3584,9,1532,137
19736,3584,1,286,101
19737,3584,6,939,147
19738,3584,4,470,54
19739,3585,8,1938,139
19740,3585,5,1767,188
19741,3586,5,1960,124
19742,3586,7,788,200
19743,3587,9,1018,151
19744,3587,7,1051,122
19745,3587,4,1721,25
19746,3587,2,1468,29
19747,3587,5,1254,189
19748,3587,3,312,170
19749,3587,1,1980,84
19750,3587,10,1724,55
19751,3587,8,711,96
19752,3588,5,1035,95
19753,3588,2,398,15
19754,3588,8,1363,155
19755,3588,6,1691,162
19756,3588,7,1410,99
19757,3588,4,1646,5
19758,3588,3,1350,103
19759,3588,1,1735,161
19760,3589,2,544,74
19761,3589,9,937,76
19762,3589,6,19,3
19763,3589,4,221,102
19764,3590,3,460,19
19765,3590,9,1938,47
19766,3590,2,330,9
19767,3590,5,440,178
19768,3590,8,702,86
19769,3591,6,1822,165
19770,3591,2,1360,142
19771,3591,5,1278,192
19772,3591,4,1954,5
19773,3591,9,1667,96
19774,3591,3,1444,26
19775,3591,1,1807,172
19776,3591,7,1174,123
19777,3591,10,758,7
19778,3591,8,1069,68
19779,3592,1,560,100
19780,3592,9,1417,11
19781,3593,1,880,190
19782,3593,4,467,88
19783,3593,2,178,145
19784,3594,3,1548,10
19785,3594,1,1380,79
19786,3594,7,1257,103
19787,3594,10,1233,197
19788,3594,6,1291,173
19789,3594,5,1522,137
19790,3594,2,1491,87
19791,3595,5,916,147
19792,3595,3,880,198
19793,3595,7,1610,17
19794,3595,2,1669,80
19795,3595,10,1239,31
19796,3595,1,485,53
19797,3596,7,178,61
19798,3596,6,258,112
19799,3596,10,1523,132
19800,3596,4,1683,110
19801,3596,8,1630,176
19802,3596,1,1912,0
19803,3596,3,790,28
19804,3596,5,207,127
19805,3596,9,456,133
19806,3597,3,1460,166
19807,3597,2,735,17
19808,3597,9,226,60
19809,3597,1,1960,24
19810,3597,4,6,4
19811,3598,1,871,39
19812,3598,3,1724,179
19813,3598,2,1515,170
19814,3598,6,1248,62
19815,3598,9,1108,125
19816,3599,4,306,132
19817,3599,7,1234,109
19818,3599,6,1324,22
19819,3599,3,1479,173
19820,3599,2,491,49
19821,3600,1,283,72
19822,3600,8,1498,55
19823,3601,5,443,129
19824,3602,3,1880,200
19825,3602,7,1353,151
19826,3602,9,1713,119
19827,3602,5,40,7
19828,3602,1,1350,75
19829,3602,2,390,84
19830,3602,10,407,34
19831,3602,8,429,70
19832,3602,6,199,70
19833,3603,2,1438,175
19834,3604,6,1553,134
19835,3604,4,248,69
19836,3604,5,1637,44
19837,3604,10,938,84
19838,3604,9,1515,146
19839,3604,1,1512,95
19840,3604,3,91,13
19841,3604,8,1657,21
19842,3604,7,765,133
19843,3604,2,1934,106
19844,3605,1,259,44
19845,3605,10,1315,159
19846,3605,9,40,0
19847,3606,7,1469,16
19848,3606,1,270,148
19849,3607,6,508,182
19850,3607,10,1689,173
19851,3607,2,447,104
19852,3607,9,1464,36
19853,3607,3,1259,101
19854,3607,8,1269,182
19855,3607,5,350,138
19856,3607,4,158,69
19857,3607,7,709,144
19858,3608,9,1841,162
19859,3608,10,1987,8
19860,3608,8,883,110
19861,3608,6,136,10
19862,3608,7,746,2
19863,3608,5,358,107
19864,3608,3,431,136
19865,3609,6,999,161
19866,3609,9,1235,114
19867,3610,10,1637,25
19868,3610,1,1983,35
19869,3610,6,1791,82
19870,3610,8,1726,163
19871,3610,9,1198,197
19872,3610,4,567,199
19873,3610,7,1882,38
19874,3610,5,678,129
19875,3610,2,1424,104
19876,3610,3,1221,86
19877,3611,5,1766,54
19878,3611,7,1934,124
19879,3611,1,1330,78
19880,3611,2,706,114
19881,3612,9,959,176
19882,3612,3,517,139
19883,3612,6,1937,23
19884,3612,7,1647,50
19885,3612,10,609,51
19886,3613,6,934,199
19887,3614,10,1756,65
19888,3614,1,1414,67
19889,3614,3,469,67
19890,3614,4,999,61
19891,3615,9,644,68
19892,3615,1,1320,103
19893,3615,8,547,15
19894,3615,4,1688,102
19895,3616,8,603,76
19896,3616,9,1762,6
19897,3616,1,167,92
19898,3617,7,1814,95
19899,3617,6,450,174
19900,3617,8,1116,55
19901,3617,4,1279,162
19902,3618,4,397,148
19903,3618,5,719,29
19904,3618,6,47,30
19905,3618,7,1399,36
19906,3618,1,404,119
19907,3618,2,601,60
19908,3618,10,606,187
19909,3618,3,1529,14
19910,3618,8,1528,68
19911,3619,2,847,186
19912,3619,6,1206,103
19913,3619,10,183,150
19914,3619,7,191,46
19915,3619,9,1155,148
19916,3619,4,893,166
19917,3619,1,79,32
19918,3620,6,980,67
19919,3621,5,1304,63
19920,3621,2,347,176
19921,3621,10,1514,85
19922,3622,10,1404,116
19923,3622,3,625,130
19924,3622,7,998,87
19925,3622,1,985,80
19926,3622,5,1217,7
19927,3622,8,1063,98
19928,3622,9,1462,167
19929,3622,4,1742,44
19930,3623,6,883,146
19931,3623,9,1205,137
19932,3624,2,1961,72
19933,3624,4,953,147
19934,3624,9,1860,103
19935,3624,6,685,149
19936,3624,10,852,102
19937,3624,3,1019,60
19938,3625,8,1937,111
19939,3626,10,498,177
19940,3626,2,1325,48
19941,3626,3,934,30
19942,3626,8,454,187
19943,3626,4,1644,25
19944,3626,9,494,84
19945,3626,6,739,46
19946,3626,1,1647,148
19947,3626,7,1839,74
19948,3627,5,1871,27
19949,3627,1,1444,126
19950,3628,6,461,198
19951,3628,10,1801,105
19952,3628,2,25,16
19953,3628,3,1037,145
19954,3629,7,88,36
19955,3629,9,1059,3
19956,3629,1,1294,97
19957,3629,10,459,106
19958,3629,2,646,138
19959,3629,4,1706,34
19960,3629,6,1722,146
19961,3630,2,1903,117
19962,3630,1,1782,171
19963,3630,4,5,3
19964,3630,3,617,190
19965,3630,8,666,10
19966,3630,5,1946,175
19967,3630,7,1109,64
19968,3630,6,1117,164
19969,3631,2,1356,156
19970,3631,5,1895,139
19971,3631,4,1763,164
19972,3631,9,1127,16
19973,3631,10,1343,89
19974,3631,3,18,13
19975,3631,7,330,167
19976,3631,6,1016,103
19977,3631,1,890,29
19978,3631,8,383,132
19979,3632,4,1620,29
19980,3632,7,1957,92
19981,3633,4,773,198
19982,3633,1,678,17
19983,3633,3,411,24
19984,3633,9,1510,27
19985,3633,2,1164,123
19986,3633,10,1407,67
19987,3633,8,1971,174
19988,3633,6,1883,127
19989,3633,7,153,85
19990,3634,4,1072,116
19991,3635,9,954,179
19992,3635,8,1094,2
19993,3635,1,1311,76
19994,3635,10,201,23
19995,3635,4,1397,61
19996,3636,7,1934,6
19997,3636,1,713,198
19998,3636,4,1247,131
19999,3636,8,28,5
20000,3636,10,1886,108
20001,3636,2,628,183
20002,3636,5,597,106
20003,3636,3,1543,45
20004,3637,1,1470,193
20005,3637,3,592,9
20006,3637,9,127,86
20007,3637,8,1009,78
20008,3637,2,545,161
20009,3637,10,934,164
20010,3637,4,212,190
20011,3637,6,1868,5
20012,3637,7,177,0
20013,3638,2,426,13
20014,3639,9,43,13
20015,3639,3,1984,183
20016,3639,2,1951,79
20017,3639,7,1131,124
20018,3639,1,707,133
20019,3639,5,1550,148
20020,3640,5,1979,9
20021,3640,9,1467,97
20022,3641,3,1265,143
20023,3641,10,327,122
20024,3641,2,38,33
20025,3641,7,686,64
20026,3641,8,1211,34
20027,3641,9,858,122
20028,3642,5,1784,16
20029,3642,1,1720,40
20030,3642,6,877,87
20031,3642,7,1144,35
20032,3642,4,865,82
20033,3643,5,1097,38
20034,3644,2,1816,28
20035,3644,6,1865,146
20036,3644,7,1863,44
20037,3644,1,1236,188
20038,3645,4,1424,114
20039,3645,6,1367,187
20040,3645,2,1516,124
20041,3645,10,1398,0
20042,3645,1,257,149
20043,3645,3,70,63
20044,3645,9,420,161
20045,3645,8,215,127
20046,3646,1,1819,75
20047,3647,5,1071,79
20048,3647,4,1805,75
20049,3647,8,1866,111
20050,3647,2,1830,198
20051,3647,7,1731,185
20052,3647,6,1306,26
20053,3647,3,1268,192
20054,3647,1,514,89
20055,3648,7,522,164
20056,3648,8,1856,114
20057,3648,5,739,68
20058,3648,2,386,76
20059,3648,10,1015,149
20060,3648,1,1554,101
20061,3648,9,683,46
20062,3648,4,1795,149
20063,3649,9,961,193
20064,3649,4,156,122
20065,3649,6,437,5
20066,3649,8,494,193
20067,3649,7,1196,24
20068,3650,10,1962,72
20069,3650,9,3,0
20070,3650,6,728,154
20071,3650,3,221,115
20072,3650,4,201,161
20073,3651,1,1626,145
20074,3651,6,999,130
20075,3651,8,249,7
20076,3652,1,1599,97
20077,3653,5,1757,52
20078,3653,10,665,69
20079,3653,4,877,129
20080,3653,2,1642,112
20081,3653,6,1627,163
20082,3654,1,1153,49
20083,3655,4,1052,98
20084,3655,7,1633,186
20085,3655,5,1567,64
20086,3655,3,1749,21
20087,3655,1,567,24
20088,3655,6,1784,32
20089,3655,9,1947,157
20090,3656,10,118,6
20091,3656,1,1094,188
20092,3656,7,504,100
20093,3656,5,1806,9
20094,3656,2,120,79
20095,3656,4,1172,148
20096,3656,3,719,184
20097,3656,9,316,17
20098,3657,5,175,19
20099,3657,1,940,128
20100,3658,4,1502,196
20101,3658,5,1953,198
20102,3658,7,43,32
20103,3659,10,1442,59
20104,3659,7,1309,80
20105,3660,6,825,161
20106,3660,5,86,74
20107,3660,2,71,40
20108,3660,9,1033,78
20109,3660,4,357,22
20110,3660,1,873,48
20111,3660,7,334,118
20112,3660,8,1106,121
20113,3661,1,1926,161
20114,3661,3,327,3
20115,3661,6,1517,17
20116,3661,5,98,13
20117,3661,2,1060,122
20118,3661,4,491,51
20119,3661,8,61,61
20120,3661,10,314,125
20121,3662,7,613,133
20122,3662,8,980,48
20123,3662,6,1538,137
20124,3662,5,289,138
20125,3662,10,1156,60
20126,3662,1,874,52
20127,3662,9,1941,61
20128,3662,4,1053,4
20129,3663,10,1978,59
20130,3663,4,1929,34
20131,3663,5,302,36
20132,3663,6,1295,200
20133,3663,2,726,103
20134,3663,7,653,20
20135,3663,1,1825,27
20136,3663,8,200,56
20137,3663,3,1845,192
20138,3663,9,41,16
20139,3664,5,407,112
20140,3665,6,477,169
20141,3666,9,51,13
20142,3666,5,176,57
20143,3666,1,1498,12
20144,3666,7,1005,83
20145,3667,9,812,171
20146,3667,4,821,26
20147,3667,7,902,177
20148,3667,2,1355,44
20149,3668,2,1255,123
20150,3668,9,981,38
20151,3668,7,1606,23
20152,3668,3,668,86
20153,3668,8,873,68
20154,3668,10,952,84
20155,3668,5,1272,55
20156,3668,4,203,152
20157,3669,6,1486,18
20158,3669,10,1682,95
20159,3669,3,656,20
20160,3670,3,1329,109
20161,3670,8,654,178
20162,3670,9,1751,157
20163,3670,6,666,153
20164,3670,1,1330,25
20165,3670,4,62,29
20166,3670,5,1207,130
20167,3670,2,201,117
20168,3670,10,1086,88
20169,3670,7,1600,26
20170,3671,2,1157,34
20171,3671,3,1155,158
20172,3671,6,1388,21
20173,3671,5,1162,95
20174,3671,7,809,96
20175,3671,10,850,133
20176,3671,4,858,145
20177,3671,8,86,55
20178,3671,9,171,39
20179,3672,4,180,71
20180,3672,10,1691,93
20181,3673,4,162,26
20182,3673,7,629,149
20183,3673,1,361,53
20184,3674,2,1732,22
20185,3674,8,1805,6
20186,3674,4,1228,27
20187,3675,5,1646,36
20188,3676,7,1883,184
20189,3676,9,1989,135
20190,3676,5,537,89
20191,3676,4,1146,113
20192,3676,6,1720,115
20193,3677,4,450,34
20194,3677,3,1795,161
20195,3677,7,1587,162
20196,3677,2,1392,99
20197,3678,9,760,176
20198,3678,6,1797,107
20199,3678,1,905,102
20200,3678,7,905,117
20201,3678,4,1441,29
20202,3679,3,1571,42
20203,3679,1,855,183
20204,3679,4,565,147
20205,3679,5,698,30
20206,3679,9,729,197
20207,3680,8,776,58
20208,3680,6,1965,133
20209,3680,1,1200,162
20210,3680,5,927,24
20211,3680,2,1876,1
20212,3680,4,1556,79
20213,3680,3,1354,123
20214,3680,10,757,153
20215,3680,7,1192,192
20216,3680,9,319,68
20217,3681,10,91,71
20218,3681,9,965,141
20219,3681,7,333,148
20220,3682,5,1388,62
20221,3682,4,951,99
20222,3682,2,1094,90
20223,3682,6,1455,186
20224,3683,3,1835,200
20225,3683,8,378,176
20226,3683,4,1804,17
20227,3683,5,516,51
20228,3684,7,732,61
20229,3684,10,1231,160
20230,3684,1,1633,67
20231,3684,3,304,108
20232,3684,4,137,128
20233,3684,5,1374,14
20234,3684,9,1161,122
20235,3684,6,381,73
20236,3685,6,424,17
20237,3685,7,1183,19
20238,3685,5,1023,34
20239,3685,4,1054,185
20240,3685,1,669,63
20241,3685,10,1300,148
20242,3685,3,135,111
20243,3685,2,1137,118
20244,3685,9,1175,141
20245,3686,2,1022,6
20246,3686,6,999,164
20247,3686,1,124,102
20248,3686,9,1667,55
20249,3686,3,1345,145
20250,3686,7,1938,19
20251,3686,8,471,180
20252,3686,10,329,4
20253,3687,7,1980,21
20254,3687,9,973,112
20255,3687,4,1076,80
20256,3687,5,1688,17
20257,3687,3,1069,45
20258,3687,2,1335,82
20259,3687,1,1517,24
20260,3687,6,699,147
20261,3687,8,483,79
20262,3688,3,363,82
20263,3688,1,1012,116
20264,3689,3,425,3
20265,3689,4,159,38
20266,3689,5,17,8
20267,3690,2,238,16
20268,3691,6,1275,121
20269,3691,1,1333,158
20270,3691,9,1176,166
20271,3691,10,1569,180
20272,3691,5,867,20
20273,3691,4,1858,42
20274,3691,8,193,114
20275,3691,7,1495,166
20276,3691,3,291,37
20277,3692,7,1933,98
20278,3692,2,1556,182
20279,3692,5,64,34
20280,3692,4,1498,50
20281,3692,1,1334,98
20282,3692,6,1262,20
20283,3692,10,834,123
20284,3692,8,680,130
20285,3693,8,1046,68
20286,3693,5,506,143
20287,3693,7,718,104
20288,3693,1,1868,61
20289,3693,6,1046,30
20290,3693,3,1930,195
20291,3693,4,131,15
20292,3693,10,1638,113
20293,3693,9,712,137
20294,3693,2,1625,34
20295,3694,5,1498,142
20296,3694,8,628,186
20297,3694,6,104,74
20298,3694,2,747,69
20299,3694,3,188,48
20300,3694,1,1805,3
20301,3694,4,1,0
20302,3695,9,1794,68
20303,3695,3,239,108
20304,3695,5,552,105
20305,3695,8,1087,62
20306,3695,10,882,124
20307,3695,6,1718,8
20308,3695,4,378,128
20309,3695,1,344,133
20310,3695,7,1501,20
20311,3696,8,1525,64
20312,3696,6,395,52
20313,3696,3,713,96
20314,3696,4,1594,167
20315,3696,5,61,55
20316,3696,7,139,22
20317,3696,1,979,88
20318,3696,2,675,94
20319,3696,9,521,176
20320,3696,10,820,111
20321,3697,9,310,150
20322,3697,1,941,90
20323,3697,4,756,52
20324,3697,10,232,65
20325,3697,6,985,25
20326,3697,5,1519,115
20327,3698,3,1737,158
20328,3698,2,366,77
20329,3698,5,326,124
20330,3698,4,494,145
20331,3698,8,213,97
20332,3698,6,900,180
20333,3698,10,1374,121
20334,3699,2,114,15
20335,3699,7,703,128
20336,3699,8,818,59
20337,3699,4,1686,134
20338,3699,9,419,25
20339,3699,3,1722,11
20340,3700,8,1417,113
20341,3701,4,330,34
20342,3701,6,403,103
20343,3701,7,1701,93
20344,3701,1,757,96
20345,3702,9,1321,61
20346,3702,10,35,34
20347,3703,3,151,18
20348,3703,6,1188,102
20349,3703,4,1745,195
20350,3703,10,845,63
20351,3703,5,97,5
20352,3703,2,1619,75
20353,3703,8,496,15
20354,3704,3,478,81
20355,3704,5,1445,11
20356,3704,1,1160,16
20357,3705,6,193,149
20358,3705,2,209,175
20359,3705,5,894,39
20360,3705,7,1891,124
20361,3705,4,799,22
20362,3705,8,591,173
20363,3705,1,875,172
20364,3705,10,905,100
20365,3705,9,970,109
20366,3706,7,1574,186
20367,3706,9,1784,34
20368,3706,5,1784,7
20369,3706,8,1823,170
20370,3706,1,1406,49
20371,3706,3,75,60
20372,3706,4,1009,39
20373,3707,2,460,191
20374,3707,6,867,181
20375,3707,9,1291,136
20376,3707,1,961,38
20377,3707,8,669,71
20378,3707,10,586,80
20379,3708,5,1822,123
20380,3708,6,229,27
20381,3708,9,1054,51
20382,3708,1,71,1
20383,3709,3,1480,145
20384,3709,8,599,137
20385,3709,6,1485,26
20386,3709,5,884,24
20387,3709,4,1141,12
20388,3709,9,419,156
20389,3709,7,1578,63
20390,3709,2,1083,131
20391,3709,1,1583,118
20392,3710,4,1023,190
20393,3710,1,126,72
20394,3710,10,748,166
20395,3710,5,787,31
20396,3710,6,1992,113
20397,3710,2,1896,55
20398,3710,8,632,71
20399,3710,7,584,99
20400,3711,4,1588,104
20401,3711,6,1611,12
20402,3711,8,910,113
20403,3711,2,968,76
20404,3711,1,1403,141
20405,3711,3,1992,3
20406,3711,7,45,38
20407,3711,9,1110,25
20408,3712,8,1556,157
20409,3712,4,311,102
20410,3712,7,1738,3
20411,3712,3,99,39
20412,3712,1,188,108
20413,3712,6,431,32
20414,3712,2,1136,142
20415,3713,1,142,25
20416,3713,3,222,186
20417,3713,2,1571,154
20418,3713,5,1626,23
20419,3713,6,490,42
20420,3713,8,317,59
20421,3713,7,1043,3
20422,3713,10,1346,2
20423,3714,6,1195,142
20424,3714,8,820,76
20425,3714,3,569,129
20426,3714,9,1822,156
20427,3714,2,1733,105
20428,3714,4,999,128
20429,3714,10,998,98
20430,3714,7,328,2
20431,3714,1,1767,156
20432,3715,2,1277,90
20433,3715,1,1892,67
20434,3715,6,926,27
20435,3715,8,686,82
20436,3715,7,1216,123
20437,3715,10,186,6
20438,3715,4,1160,165
20439,3715,3,278,180
20440,3716,6,230,78
20441,3716,8,861,112
20442,3716,7,1837,91
20443,3716,10,55,22
20444,3716,5,1213,134
20445,3716,9,1542,130
20446,3716,3,1253,149
20447,3716,4,968,113
20448,3716,2,418,135
20449,3717,6,1025,170
20450,3717,3,1714,12
20451,3717,5,763,51
20452,3718,9,401,140
20453,3719,5,295,63
20454,3719,4,422,106
20455,3720,3,1393,118
20456,3720,6,104,61
20457,3720,1,1684,26
20458,3720,10,112,58
20459,3720,7,752,80
20460,3720,4,1822,147
20461,3721,3,533,3
20462,3721,9,803,123
20463,3721,1,217,194
20464,3721,8,1901,76
20465,3721,10,1579,78
20466,3721,5,244,88
20467,3721,6,1479,62
20468,3721,7,1335,32
20469,3721,4,270,199
20470,3722,7,236,185
20471,3723,2,182,5
20472,3723,3,12,1
20473,3724,3,1827,160
20474,3724,5,1314,54
20475,3724,1,646,50
20476,3725,9,26,2
20477,3725,8,1182,67
20478,3725,2,469,170
20479,3725,10,1810,165
20480,3725,4,1659,175
20481,3725,3,1900,11
20482,3725,1,843,116
20483,3725,7,1138,168
20484,3725,5,131,0
20485,3725,6,941,83
20486,3726,6,1864,43
20487,3726,4,1928,88
20488,3726,9,1400,49
20489,3726,3,1770,159
20490,3726,10,295,89
20491,3726,1,1072,84
20492,3726,7,1549,119
20493,3726,8,1662,153
20494,3726,2,865,160
20495,3727,4,1795,83
20496,3727,3,1721,72
20497,3727,1,1737,178
20498,3727,8,552,90
20499,3727,10,1765,22
20500,3728,6,1333,52
20501,3728,5,1522,8
20502,3728,3,1374,16
20503,3728,1,97,74
20504,3728,2,1897,84
20505,3728,7,1253,194
20506,3728,9,656,156
20507,3728,8,115,31
20508,3729,2,334,126
20509,3729,7,298,172
20510,3729,9,37,28
20511,3730,2,276,24
20512,3731,9,929,49
20513,3731,1,668,109
20514,3731,4,1888,76
20515,3731,5,1843,76
20516,3731,3,561,121
20517,3732,7,1173,190
20518,3732,10,761,91
20519,3732,5,1380,131
20520,3732,1,731,64
20521,3732,2,1649,60
20522,3732,9,265,109
20523,3732,4,1417,84
20524,3732,6,1933,159
20525,3732,3,1923,58
20526,3733,8,383,23
20527,3733,1,577,106
20528,3733,2,1129,9
20529,3733,3,1664,199
20530,3734,3,684,75
20531,3734,6,579,74
20532,3734,9,60,27
20533,3734,8,331,14
20534,3734,5,1103,95
20535,3734,1,858,87
20536,3734,10,589,159
20537,3735,3,675,61
20538,3735,6,1232,68
20539,3735,7,1301,136
20540,3735,5,347,89
20541,3736,7,418,60
20542,3736,1,41,31
20543,3736,10,1105,67
20544,3736,9,1237,161
20545,3736,4,840,19
20546,3736,5,586,42
20547,3736,6,386,131
20548,3736,3,52,9
20549,3736,2,1190,181
20550,3737,9,699,107
20551,3737,7,11,6
20552,3737,8,1825,153
20553,3737,4,994,21
20554,3737,1,667,96
20555,3738,10,1850,126
20556,3738,1,1755,2
20557,3739,8,1578,50
20558,3740,5,173,37
20559,3740,9,134,5
20560,3740,8,1102,126
20561,3740,1,1651,170
20562,3740,7,565,18
20563,3740,10,1862,126
20564,3740,6,452,123
20565,3740,2,1624,42
20566,3740,3,1297,109
20567,3740,4,1303,34
20568,3741,3,735,191
20569,3741,9,1891,88
20570,3741,10,1209,104
20571,3741,2,1268,79
20572,3741,5,1518,18
20573,3741,1,1181,160
20574,3741,8,1095,64
20575,3741,6,149,2
20576,3741,4,715,124
20577,3742,1,97,57
20578,3742,8,1892,39
20579,3742,10,317,73
20580,3743,8,302,83
20581,3743,3,1298,56
20582,3743,5,1452,58
20583,3743,4,1015,94
20584,3743,1,1346,106
20585,3743,7,1030,30
20586,3743,6,1749,174
20587,3744,10,134,29
20588,3744,7,373,69
20589,3744,3,1209,166
20590,3744,8,42,12
20591,3744,9,191,87
20592,3744,1,246,73
20593,3745,6,1977,142
20594,3746,9,1882,35
20595,3746,7,706,119
20596,3746,2,993,156
20597,3746,1,451,177
20598,3746,5,488,36
20599,3746,3,111,93
20600,3746,4,1665,199
20601,3746,10,1395,18
20602,3746,6,375,133
20603,3746,8,904,158
20604,3747,9,1736,117
20605,3747,2,779,7
20606,3748,8,491,141
20607,3748,4,136,28
20608,3748,7,927,141
20609,3748,6,557,171
20610,3748,3,1082,194
20611,3748,9,1501,197
20612,3748,10,853,72
20613,3748,1,995,55
20614,3748,5,181,2
20615,3749,9,231,15
20616,3749,4,150,67
20617,3749,1,700,32
20618,3750,3,1160,147
20619,3750,7,1251,126
20620,3750,5,1737,157
20621,3750,2,672,133
20622,3750,6,1193,175
20623,3750,10,554,126
20624,3750,8,596,22
20625,3751,7,1832,183
20626,3751,9,1992,77
20627,3751,3,1876,69
20628,3751,5,1871,131
20629,3751,2,214,41
20630,3751,8,354,49
20631,3751,1,821,62
20632,3751,4,606,199
20633,3751,10,456,10
20634,3751,6,1247,186
20635,3752,8,1982,114
20636,3752,5,1525,156
20637,3752,10,268,32
20638,3752,7,493,24
20639,3752,1,418,68
20640,3752,2,1653,21
20641,3753,10,1943,157
20642,3753,8,404,66
20643,3753,2,1357,17
20644,3753,5,1705,181
20645,3753,6,737,93
20646,3753,7,64,1
20647,3753,4,1950,150
20648,3754,2,792,9
20649,3754,9,1507,40
20650,3754,8,808,117
20651,3754,4,385,128
20652,3754,10,136,10
20653,3754,7,1058,67
20654,3754,6,1306,158
20655,3754,3,1666,108
20656,3754,1,381,35
20657,3755,2,1873,115
20658,3755,3,887,6
20659,3755,4,718,88
20660,3755,7,646,32
20661,3756,5,1935,190
20662,3756,9,634,40
20663,3756,3,622,22
20664,3756,2,1839,118
20665,3756,10,117,25
20666,3757,8,123,34
20667,3757,9,709,197
20668,3757,6,1703,152
20669,3757,7,921,66
20670,3758,3,530,68
20671,3758,4,1526,8
20672,3758,7,615,175
20673,3758,10,768,51
20674,3758,8,898,95
20675,3758,6,564,176
20676,3759,9,1203,42
20677,3759,4,20,17
20678,3759,8,392,99
20679,3759,7,1668,105
20680,3759,6,1343,42
20681,3759,1,330,178
20682,3759,10,262,135
20683,3759,3,903,124
20684,3759,2,1152,63
20685,3759,5,1789,89
20686,3760,2,1011,114
20687,3760,6,1700,93
20688,3760,4,34,4
20689,3760,7,364,45
20690,3760,10,1083,173
20691,3760,9,276,150
20692,3760,1,1683,174
20693,3761,6,1827,56
20694,3761,2,556,35
20695,3761,5,1164,193
20696,3761,9,1760,113
20697,3761,4,1414,87
20698,3762,9,1594,68
20699,3762,7,324,148
20700,3762,10,1632,155
20701,3762,6,1695,86
20702,3762,3,1567,120
20703,3762,4,1368,90
20704,3762,2,985,130
20705,3762,5,354,118
20706,3763,10,1480,103
20707,3763,1,1339,171
20708,3763,8,600,188
20709,3764,3,506,143
20710,3764,5,1408,160
20711,3764,10,1741,84
20712,3764,6,1192,177
20713,3764,7,1931,40
20714,3765,8,1041,161
20715,3765,7,1999,147
20716,3765,6,711,70
20717,3765,10,1179,28
20718,3765,1,152,88
20719,3765,9,885,129
20720,3765,4,800,2
20721,3765,3,1287,164
20722,3765,5,1136,183
20723,3765,2,931,103
20724,3766,5,1540,119
20725,3766,7,1801,118
20726,3766,1,406,73
20727,3766,6,14,5
20728,3766,3,523,197
20729,3766,8,285,69
20730,3767,6,21,11
20731,3767,1,1409,126
20732,3767,9,1712,80
20733,3767,7,1859,147
20734,3767,2,761,122
20735,3768,3,773,151
20736,3768,9,1031,8
20737,3768,2,989,195
20738,3768,7,1385,26
20739,3768,8,588,63
20740,3769,3,1441,78
20741,3769,2,1495,161
20742,3769,5,1166,198
20743,3769,7,1657,62
20744,3769,1,481,5
20745,3769,6,1602,20
20746,3769,4,980,18
20747,3769,8,1381,11
20748,3769,9,1191,24
20749,3770,3,1565,33
20750,3770,4,1970,148
20751,3770,10,197,192
20752,3771,6,700,93
20753,3772,5,1122,84
20754,3772,3,992,101
20755,3772,4,1632,8
20756,3772,10,364,106
20757,3772,8,145,118
20758,3772,9,1283,137
20759,3772,7,1682,170
20760,3773,9,187,139
20761,3773,5,1125,73
20762,3773,2,617,120
20763,3773,10,376,116
20764,3773,1,779,133
20765,3773,8,1781,24
20766,3773,6,1243,96
20767,3774,9,1825,62
20768,3774,4,189,90
20769,3774,8,1381,162
20770,3774,10,1904,53
20771,3775,1,909,15
20772,3775,7,1216,127
20773,3775,3,781,25
20774,3775,10,249,153
20775,3776,3,1413,156
20776,3776,9,279,69
20777,3776,7,151,87
20778,3776,1,396,62
20779,3776,5,226,65
20780,3776,2,1132,130
20781,3776,4,687,2
20782,3776,6,1757,136
20783,3777,5,1875,5
20784,3777,3,1723,93
20785,3777,4,646,178
20786,3778,1,1537,106
20787,3778,7,226,29
20788,3778,6,687,112
20789,3778,3,116,10
20790,3778,5,1620,91
20791,3778,10,1422,13
20792,3778,4,1595,178
20793,3778,8,403,135
20794,3778,2,1122,142
20795,3778,9,1519,178
20796,3779,3,1706,117
20797,3779,7,1516,30
20798,3779,10,30,0
20799,3780,4,223,171
20800,3780,3,1757,124
20801,3780,5,470,5
20802,3781,6,1899,56
20803,3781,1,254,102
20804,3781,9,1017,94
20805,3781,2,1800,28
20806,3781,3,352,74
20807,3782,1,1399,34
20808,3782,10,1438,81
20809,3783,6,296,19
20810,3783,4,1912,89
20811,3783,10,1714,56
20812,3783,3,1590,103
20813,3783,7,1236,149
20814,3783,5,460,94
20815,3783,2,685,69
20816,3783,1,1624,117
20817,3784,7,58,42
20818,3784,6,1970,53
20819,3784,5,317,99
20820,3785,6,73,27
20821,3786,1,1792,94
20822,3786,3,1734,74
20823,3786,4,112,104
20824,3786,2,1784,137
20825,3787,10,528,129
20826,3787,7,541,115
20827,3787,1,802,124
20828,3787,4,1919,165
20829,3787,6,1762,51
20830,3788,5,770,66
20831,3788,9,1322,159
20832,3788,10,1594,179
20833,3789,4,657,46
20834,3789,6,34,3
20835,3789,3,345,200
20836,3789,9,1284,110
20837,3789,7,897,123
20838,3789,5,1731,191
20839,3789,8,225,72
20840,3789,1,759,158
20841,3789,10,395,113
20842,3789,2,1857,78
20843,3790,2,215,168
20844,3790,6,1698,186
20845,3790,5,488,152
20846,3790,7,1826,20
20847,3790,9,7,2
20848,3790,8,1433,134
20849,3790,3,1393,158
20850,3791,7,596,89
20851,3791,4,268,83
20852,3791,6,197,190
20853,3791,3,1388,30
20854,3791,1,1316,37
20855,3791,9,145,116
20856,3791,2,1896,134
20857,3791,10,1003,81
20858,3791,8,1661,13
20859,3792,8,1727,170
20860,3792,10,654,47
20861,3792,2,1355,65
20862,3792,7,612,185
20863,3793,5,689,5
20864,3793,6,1070,110
20865,3793,10,651,189
20866,3793,2,816,84
20867,3793,8,1021,108
20868,3793,4,856,12
20869,3793,1,1473,45
20870,3793,3,1357,186
20871,3794,6,1719,143
20872,3794,9,749,11
20873,3794,8,868,51
20874,3794,10,399,196
20875,3794,7,101,87
20876,3794,1,1118,84
20877,3794,5,1356,137
20878,3795,3,1366,161
20879,3795,1,468,44
20880,3795,7,201,117
20881,3795,9,119,116
20882,3795,2,1707,31
20883,3796,6,1715,113
20884,3796,3,816,166
20885,3797,4,1900,123
20886,3797,9,1020,64
20887,3797,2,1523,20
20888,3797,5,482,136
20889,3797,10,22,15
20890,3797,8,6,1
20891,3797,7,1294,154
20892,3797,3,319,100
20893,3797,1,713,179
20894,3798,10,131,37
20895,3798,3,681,152
20896,3798,4,1306,156
20897,3798,6,1703,85
20898,3798,9,1881,51
20899,3798,2,857,125
20900,3798,1,1329,190
20901,3798,5,1344,101
20902,3798,8,1103,94
20903,3798,7,270,182
20904,3799,10,974,34
20905,3799,9,560,68
20906,3799,3,674,171
20907,3799,8,1621,21
20908,3799,4,967,157
20909,3799,1,1500,174
20910,3799,6,1363,70
20911,3800,7,1815,115
20912,3800,10,1602,180
20913,3800,1,1909,122
20914,3800,5,1234,49
20915,3800,6,100,100
20916,3800,3,300,13
20917,3801,9,304,9
20918,3801,2,1529,101
20919,3801,6,1935,64
20920,3801,4,1518,115
20921,3801,5,301,150
20922,3802,3,1970,115
20923,3802,1,90,61
20924,3802,2,980,179
20925,3802,6,1401,86
20926,3802,7,1770,44
20927,3802,4,859,82
20928,3802,9,1059,67
20929,3802,5,1290,23
20930,3803,8,1173,182
20931,3804,10,416,158
20932,3804,2,892,128
20933,3805,4,989,177
20934,3805,3,537,2
20935,3805,6,596,37
20936,3805,7,523,31
20937,3805,5,380,70
20938,3805,9,1511,83
20939,3805,1,1211,179
20940,3806,1,1541,89
20941,3806,2,534,41
20942,3806,6,1986,80
20943,3806,5,325,52
20944,3806,7,623,38
20945,3807,9,482,1
20946,3807,10,873,65
20947,3808,1,282,80
20948,3808,2,354,170
20949,3808,9,1976,131
20950,3808,7,331,100
20951,3808,6,1219,21
20952,3808,10,691,70
20953,3808,5,1259,169
20954,3808,4,26,13
20955,3808,8,124,74
20956,3809,3,261,104
20957,3810,5,1933,36
20958,3810,7,1518,119
20959,3810,6,194,21
20960,3810,1,291,123
20961,3810,8,660,19
20962,3810,3,1275,42
20963,3810,2,445,53
20964,3810,10,1616,114
20965,3810,9,1809,17
20966,3810,4,1344,133
20967,3811,10,331,153
20968,3811,3,1842,105
20969,3812,2,1303,86
20970,3812,4,1641,114
20971,3812,1,41,3
20972,3812,9,1471,68
20973,3812,3,1588,187
20974,3812,10,1999,189
20975,3813,6,1248,153
20976,3813,5,1511,104
20977,3813,9,141,34
20978,3813,4,15,11
20979,3813,1,1876,191
20980,3813,8,1244,182
20981,3814,1,898,59
20982,3814,8,1404,171
20983,3814,5,1881,45
20984,3814,9,32,18
20985,3814,3,1830,160
20986,3814,7,110,89
20987,3814,2,1995,14
20988,3814,6,191,88
20989,3814,10,1145,113
20990,3815,2,1624,26
20991,3815,4,1342,20
20992,3816,7,1390,23
20993,3816,1,171,49
20994,3816,9,280,151
20995,3816,5,1534,161
20996,3816,6,985,109
20997,3816,3,1900,35
20998,3817,9,1777,165
20999,3817,3,514,85
21000,3817,5,388,14
21001,3817,6,1818,127
21002,3817,4,1146,30
21003,3817,8,1673,17
21004,3817,1,1571,51
21005,3817,10,930,137
21006,3817,2,670,56
21007,3818,5,1766,116
21008,3818,1,1028,57
21009,3818,3,1022,162
21010,3818,7,655,189
21011,3818,8,721,102
21012,3818,2,1352,120
21013,3818,10,1938,132
21014,3818,6,1719,99
21015,3818,4,115,74
21016,3819,2,1463,42
21017,3819,8,282,18
21018,3820,10,432,134
21019,3821,1,806,106
21020,3821,3,1657,25
21021,3821,4,1573,50
21022,3821,10,1293,10
21023,3821,7,273,117
21024,3822,10,184,162
21025,3822,8,1653,22
21026,3822,1,274,162
21027,3822,4,209,91
21028,3822,9,472,66
21029,3823,10,1966,4
21030,3823,2,1252,52
21031,3823,1,1262,6
21032,3823,5,420,75
21033,3823,3,408,102
21034,3823,7,1266,72
21035,3823,9,385,172
21036,3824,7,473,66
21037,3824,6,518,35
21038,3824,5,957,15
21039,3824,1,341,188
21040,3824,10,444,100
21041,3824,2,71,19
21042,3824,4,1937,197
21043,3824,9,1724,48
21044,3824,3,1028,19
21045,3824,8,1000,145
21046,3825,3,873,144
21047,3825,6,571,105
21048,3825,8,804,73
21049,3825,9,190,57
21050,3825,5,1529,191
21051,3825,7,842,15
21052,3825,4,255,33
21053,3826,1,1335,101
21054,3826,10,1138,47
21055,3826,8,1630,110
21056,3826,9,1777,12
21057,3826,5,1719,146
21058,3826,2,883,134
21059,3827,3,922,46
21060,3827,9,771,129
21061,3828,2,25,7
21062,3828,3,1076,108
21063,3828,5,247,75
21064,3829,7,296,195
21065,3829,3,533,186
21066,3829,10,925,176
21067,3829,2,1862,50
21068,3829,4,289,70
21069,3829,5,718,190
21070,3829,1,1876,188
21071,3829,8,14,2
21072,3829,6,1078,180
21073,3830,5,347,108
21074,3830,10,870,165
21075,3830,6,1638,113
21076,3830,3,877,153
21077,3830,9,1999,173
21078,3830,8,176,10
21079,3830,4,1482,121
21080,3831,5,1212,146
21081,3831,6,1906,173
21082,3831,7,1615,135
21083,3831,9,705,41
21084,3831,2,540,19
21085,3831,8,1553,147
21086,3831,3,249,71
21087,3831,4,1609,3
21088,3831,1,504,100
21089,3832,1,1905,149
21090,3832,9,673,169
21091,3832,7,1833,4
21092,3832,10,1818,13
21093,3832,5,259,15
21094,3832,4,288,49
21095,3832,8,1782,137
21096,3832,6,543,174
21097,3832,3,1582,93
21098,3832,2,740,43
21099,3833,9,1737,138
21100,3833,3,159,113
21101,3833,8,477,189
21102,3833,7,1261,189
21103,3834,8,1170,54
21104,3834,4,823,190
21105,3834,1,392,33
21106,3834,2,664,169
21107,3834,7,200,127
21108,3835,8,894,83
21109,3835,3,1875,47
21110,3835,1,1480,55
21111,3835,4,1213,40
21112,3835,2,340,172
21113,3835,5,1252,121
21114,3835,9,321,22
21115,3835,6,128,48
21116,3836,8,1901,54
21117,3837,2,1445,26
21118,3837,3,19,13
21119,3837,10,1146,142
21120,3837,4,1691,182
21121,3837,7,1819,104
21122,3837,8,1207,112
21123,3837,9,687,142
21124,3837,5,1676,129
21125,3837,6,327,135
21126,3837,1,51,16
21127,3838,4,949,117
21128,3838,5,833,55
21129,3838,2,855,196
21130,3838,10,1380,27
21131,3838,1,1505,54
21132,3838,6,1816,195
21133,3838,3,1764,182
21134,3838,7,845,50
21135,3838,8,1301,42
21136,3839,10,1539,20
21137,3840,4,1433,60
21138,3840,9,1890,31
21139,3841,6,1432,45
21140,3841,7,67,26
21141,3841,4,1183,120
21142,3842,6,1497,182
21143,3842,5,1139,19
21144,3842,1,626,114
21145,3842,8,431,61
21146,3843,2,774,120
21147,3843,1,71,55
21148,3844,5,1928,73
21149,3844,6,1552,194
21150,3844,9,1062,160
21151,3844,7,869,189
21152,3844,8,1452,113
21153,3844,2,1582,41
21154,3844,3,1648,154
21155,3844,10,1745,66
21156,3845,8,143,101
21157,3846,2,202,198
21158,3846,9,1322,108
21159,3847,2,773,144
21160,3847,7,1865,107
21161,3847,6,929,173
21162,3847,1,401,76
21163,3847,4,359,46
21164,3847,9,264,91
21165,3847,8,203,189
21166,3847,5,37,3
21167,3848,5,329,102
21168,3848,4,304,41
21169,3848,7,391,6
21170,3848,8,1957,131
21171,3848,1,152,97
21172,3848,6,1875,49
21173,3848,2,1763,40
21174,3848,10,652,30
21175,3849,1,1234,121
21176,3849,8,198,47
21177,3849,3,817,59
21178,3850,1,940,196
21179,3850,2,201,98
21180,3850,10,1206,144
21181,3850,3,1562,177
21182,3850,9,1089,130
21183,3850,8,495,22
21184,3850,6,1578,19
21185,3850,5,1349,140
21186,3850,7,1264,44
21187,3850,4,203,169
21188,3851,10,1896,32
21189,3851,1,778,52
21190,3851,6,455,125
21191,3851,4,1304,46
21192,3851,7,46,31
21193,3852,1,1264,121
21194,3852,6,1434,131
21195,3852,3,1991,98
21196,3852,2,1669,0
21197,3852,7,1231,80
21198,3852,9,7,2
21199,3852,8,1276,91
21200,3852,4,1535,62
21201,3853,10,1936,35
21202,3853,4,1285,69
21203,3854,3,1020,16
21204,3854,10,235,178
21205,3854,4,762,138
21206,3854,8,269,123
21207,3854,9,1998,126
21208,3854,2,36,23
21209,3854,1,1673,35
21210,3855,8,1326,39
21211,3855,9,606,126
21212,3856,3,912,40
21213,3856,8,752,140
21214,3856,2,1241,43
21215,3856,6,20,9
21216,3856,7,1347,168
21217,3857,6,1426,153
21218,3858,9,346,33
21219,3858,3,1434,13
21220,3858,2,1496,0
21221,3859,10,1283,184
21222,3859,7,1434,154
21223,3859,2,1933,107
21224,3859,1,1692,153
21225,3859,5,1866,179
21226,3859,6,1993,96
21227,3859,3,1752,167
21228,3860,6,1107,19
21229,3860,10,154,42
21230,3861,6,977,69
21231,3862,5,1110,10
21232,3862,1,597,112
21233,3862,3,1368,62
21234,3862,10,584,23
21235,3862,2,1630,33
21236,3863,2,1138,89
21237,3863,7,1702,3
21238,3864,1,1076,118
21239,3864,6,992,126
21240,3864,5,158,110
21241,3864,7,568,52
21242,3864,2,1367,88
21243,3864,10,1953,2
21244,3864,8,1758,35
21245,3864,3,823,26
21246,3865,7,186,19
21247,3865,4,1517,119
21248,3865,3,99,38
21249,3865,5,695,39
21250,3865,2,168,154
21251,3865,1,1390,146
21252,3866,2,1018,112
21253,3866,6,794,150
21254,3866,8,889,76
21255,3866,4,1648,83
21256,3867,4,1947,6
21257,3867,9,1040,132
21258,3867,6,1001,178
21259,3867,1,908,71
21260,3867,5,1508,96
21261,3867,2,223,69
21262,3868,4,187,51
21263,3868,5,663,131
21264,3868,8,1444,18
21265,3869,2,558,134
21266,3869,3,556,96
21267,3869,5,325,163
21268,3869,10,1952,68
21269,3869,9,353,133
21270,3869,8,1651,89
21271,3869,1,1070,162
21272,3869,7,902,4
21273,3869,6,1044,183
21274,3870,9,1388,112
21275,3870,8,1302,39
21276,3870,6,911,37
21277,3870,2,783,74
21278,3871,4,1092,55
21279,3871,5,1390,63
21280,3871,6,429,168
21281,3871,10,281,103
21282,3871,1,1677,69
21283,3872,8,487,146
21284,3872,6,1636,101
21285,3872,9,1560,157
21286,3872,3,1859,2
21287,3872,7,518,129
21288,3872,1,1992,157
21289,3872,5,691,107
21290,3872,10,414,52
21291,3873,9,1260,75
21292,3873,2,519,63
21293,3873,4,1799,52
21294,3873,5,31,18
21295,3873,8,1989,108
21296,3873,10,234,125
21297,3873,7,982,150
21298,3873,3,449,111
21299,3873,6,1210,87
21300,3874,7,206,199
21301,3874,9,669,52
21302,3874,10,727,196
21303,3874,3,1223,97
21304,3874,1,949,41
21305,3874,2,1455,82
21306,3875,6,359,30
21307,3876,5,570,81
21308,3876,3,776,2
21309,3876,6,1765,183
21310,3876,9,1322,159
21311,3876,1,741,116
21312,3876,2,1277,105
21313,3876,10,94,89
21314,3876,4,1657,94
21315,3876,7,410,60
21316,3876,8,1146,48
21317,3877,7,1846,144
21318,3877,10,1369,162
21319,3877,4,805,34
21320,3877,6,53,27
21321,3877,5,40,7
21322,3877,3,365,136
21323,3877,2,1750,64
21324,3877,1,485,140
21325,3878,1,563,67
21326,3878,9,264,178
21327,3878,4,1651,86
21328,3878,6,1786,199
21329,3878,2,841,37
21330,3878,8,963,158
21331,3879,1,329,171
21332,3879,10,1199,78
21333,3879,4,335,5
21334,3880,1,274,178
21335,3880,3,1431,160
21336,3880,7,1552,20
21337,3880,8,615,147
21338,3880,2,509,114
21339,3880,9,1651,110
21340,3880,6,621,160
21341,3881,8,1302,10
21342,3881,9,1585,154
21343,3881,7,1210,42
21344,3881,5,320,146
21345,3881,10,248,28
21346,3881,4,1893,195
21347,3881,1,1683,73
21348,3882,8,548,151
21349,3882,6,56,27
21350,3882,4,291,83
21351,3882,1,1027,99
21352,3882,10,1199,21
21353,3882,5,1336,166
21354,3882,9,505,29
21355,3883,3,643,58
21356,3883,1,426,48
21357,3883,4,696,74
21358,3883,9,1352,109
21359,3883,10,882,23
21360,3883,6,723,68
21361,3883,2,336,121
21362,3883,5,1366,96
21363,3883,7,1813,25
21364,3883,8,543,84
21365,3884,3,1298,176
21366,3884,8,512,11
21367,3884,4,1357,7
21368,3884,5,1566,164
21369,3885,2,1806,10
21370,3885,6,698,33
21371,3886,9,991,43
21372,3886,7,1916,23
21373,3886,3,1572,141
21374,3886,4,1611,147
21375,3886,1,1278,4
21376,3886,6,366,186
21377,3886,10,1589,149
21378,3886,2,1802,174
21379,3887,2,1849,92
21380,3888,10,1258,107
21381,3888,6,474,20
21382,3888,5,643,12
21383,3888,1,922,7
21384,3888,3,237,170
21385,3889,7,1677,116
21386,3889,3,129,57
21387,3889,10,1316,151
21388,3889,5,1411,146
21389,3889,2,903,12
21390,3889,4,1228,41
21391,3889,9,872,118
21392,3890,2,271,176
21393,3890,9,633,8
21394,3890,4,695,97
21395,3890,7,964,107
21396,3890,8,250,16
21397,3890,3,1893,144
21398,3890,10,1673,187
21399,3890,5,1674,22
21400,3891,8,1339,140
21401,3891,7,1447,109
21402,3891,6,902,192
21403,3891,9,730,194
21404,3891,3,826,145
21405,3891,5,1155,90
21406,3891,4,854,110
21407,3891,2,1604,190
21408,3891,1,895,8
21409,3892,4,354,151
21410,3893,4,423,171
21411,3893,9,479,136
21412,3893,10,157,76
21413,3894,9,303,143
21414,3894,5,90,46
21415,3894,3,1511,156
21416,3894,7,184,32
21417,3894,10,1716,23
21418,3894,8,851,107
21419,3895,5,1972,191
21420,3895,7,1109,32
21421,3895,1,1069,189
21422,3895,2,1179,165
21423,3895,8,711,129
21424,3895,3,1802,78
21425,3895,9,702,161
21426,3896,6,911,83
21427,3896,5,75,53
21428,3896,1,1130,57
21429,3896,2,1427,135
21430,3896,9,11,11
21431,3896,4,706,177
21432,3897,1,276,137
21433,3897,5,786,52
21434,3897,9,1694,120
21435,3897,4,46,37
21436,3897,10,1923,121
21437,3897,3,129,122
21438,3897,7,1304,110
21439,3897,8,747,156
21440,3897,6,248,163
21441,3898,9,1678,39
21442,3899,6,1217,127
21443,3899,4,1205,0
21444,3899,2,1562,165
21445,3899,10,1826,48
21446,3899,8,1660,163
21447,3900,9,850,111
21448,3900,1,1959,148
21449,3900,2,260,20
21450,3900,5,1306,144
21451,3901,9,275,185
21452,3901,4,1237,128
21453,3901,3,1408,14
21454,3901,2,1062,56
21455,3901,7,1949,189
21456,3902,4,1607,47
21457,3902,10,362,70
21458,3902,5,1488,42
21459,3902,9,106,2
21460,3902,3,651,94
21461,3902,2,1226,62
21462,3902,7,397,54
21463,3902,6,1301,8
21464,3902,8,1391,162
21465,3902,1,170,158
21466,3903,7,185,110
21467,3903,4,1708,8
21468,3903,5,1591,176
21469,3903,6,1584,15
21470,3903,1,181,2
21471,3903,3,1800,51
21472,3903,9,500,182
21473,3903,2,1853,90
21474,3904,4,1767,136
21475,3904,10,1439,148
21476,3905,4,179,51
21477,3905,6,764,165
21478,3905,7,1970,95
21479,3906,9,1752,143
21480,3906,3,1469,138
21481,3906,10,1820,189
21482,3906,6,792,175
21483,3906,5,181,101
21484,3906,2,1338,9
21485,3906,1,1093,159
21486,3906,4,1018,129
21487,3906,7,687,30
21488,3906,8,651,141
21489,3907,10,1420,34
21490,3907,3,183,73
21491,3907,6,1055,164
21492,3908,3,1966,61
21493,3908,9,922,56
21494,3908,10,837,16
21495,3908,4,1034,118
21496,3908,7,365,23
21497,3909,9,1800,165
21498,3909,5,1811,163
21499,3909,2,207,125
21500,3909,3,917,148
21501,3910,1,274,26
21502,3911,3,1832,148
21503,3911,2,4,4
21504,3911,8,228,170
21505,3911,1,557,38
21506,3911,9,613,140
21507,3912,7,1802,34
21508,3912,4,1818,174
21509,3912,10,1798,77
21510,3913,4,956,180
21511,3913,7,694,66
21512,3913,5,391,29
21513,3913,10,1798,184
21514,3913,3,114,111
21515,3913,6,684,139
21516,3913,8,1321,68
21517,3914,8,1214,142
21518,3914,7,802,109
21519,3914,6,53,43
21520,3914,9,999,139
21521,3914,5,64,61
21522,3914,4,29,10
21523,3914,2,1567,1
21524,3915,6,1987,141
21525,3915,4,1212,58
21526,3915,5,1186,19
21527,3915,3,1550,47
21528,3915,8,754,37
21529,3915,1,1616,47
21530,3915,9,777,57
21531,3915,10,1458,62
21532,3916,3,1746,6
21533,3916,4,475,165
21534,3916,10,583,71
21535,3916,5,835,172
21536,3916,2,1862,110
21537,3916,8,488,147
21538,3916,7,660,46
21539,3916,9,784,143
21540,3916,1,1643,68
21541,3916,6,690,93
21542,3917,10,1506,124
21543,3917,7,696,192
21544,3917,6,1330,68
21545,3917,2,1973,55
21546,3917,4,1970,192
21547,3917,9,1783,187
21548,3918,5,708,27
21549,3918,1,1047,38
21550,3918,6,1219,30
21551,3918,4,1197,121
21552,3918,8,597,104
21553,3918,2,1261,181
21554,3918,7,782,83
21555,3918,9,1092,104
21556,3918,3,376,8
21557,3918,10,1964,126
21558,3919,5,1447,123
21559,3920,1,1613,179
21560,3920,3,1777,198
21561,3920,10,973,160
21562,3920,8,1140,106
21563,3920,5,1761,55
21564,3920,4,1197,105
21565,3920,7,682,82
21566,3920,6,505,89
21567,3920,9,231,98
21568,3920,2,1974,170
21569,3921,9,249,10
21570,3921,4,920,128
21571,3921,5,297,30
21572,3921,2,1776,10
21573,3921,7,1091,13
21574,3921,8,1425,131
21575,3921,1,1224,122
21576,3921,10,227,90
21577,3921,3,859,167
21578,3921,6,1299,113
21579,3922,8,1001,24
21580,3922,2,430,104
21581,3922,3,1688,140
21582,3922,7,260,197
21583,3922,6,1227,102
21584,3922,9,1335,0
21585,3922,1,1124,68
21586,3922,4,348,159
21587,3922,10,1462,70
21588,3922,5,921,5
21589,3923,9,685,197
21590,3923,5,1360,120
21591,3923,1,1690,155
21592,3923,8,820,181
21593,3923,10,1118,176
21594,3924,1,1798,74
21595,3924,10,940,153
21596,3924,7,194,87
21597,3924,5,1092,90
21598,3924,4,597,8
21599,3925,3,758,70
21600,3925,5,1753,148
21601,3925,9,54,12
21602,3925,1,1198,55
21603,3925,6,189,95
21604,3925,10,1965,57
21605,3925,8,1251,188
21606,3925,2,1026,131
21607,3926,1,914,39
21608,3926,10,658,158
21609,3926,2,546,74
21610,3926,6,609,146
21611,3926,4,1291,49
21612,3926,9,674,40
21613,3926,7,948,148
21614,3926,8,1326,80
21615,3926,3,1436,88
21616,3927,8,1947,187
21617,3927,4,830,66
21618,3927,10,311,70
21619,3927,9,1068,43
21620,3927,1,605,70
21621,3927,2,897,50
21622,3927,3,886,150
21623,3927,7,1362,41
21624,3927,5,982,67
21625,3927,6,494,187
21626,3928,8,1488,125
21627,3928,9,490,76
21628,3928,5,1162,179
21629,3928,3,783,77
21630,3928,4,106,66
21631,3928,10,1440,115
21632,3928,1,1415,133
21633,3928,2,910,81
21634,3928,7,602,28
21635,3929,8,280,84
21636,3929,10,941,89
21637,3930,5,387,28
21638,3930,6,732,23
21639,3931,10,1541,91
21640,3931,2,12,8
21641,3931,6,910,153
21642,3931,5,1067,74
21643,3931,3,1931,112
21644,3931,4,257,23
21645,3931,1,1450,134
21646,3931,8,409,21
21647,3932,3,1842,144
21648,3932,10,1089,37
21649,3932,2,600,96
21650,3932,1,149,20
21651,3933,8,1015,11
21652,3933,1,517,39
21653,3933,6,1165,197
21654,3934,6,1209,94
21655,3934,1,271,32
21656,3934,2,207,11
21657,3934,3,369,200
21658,3934,10,484,97
21659,3934,4,1255,182
21660,3934,5,727,79
21661,3934,7,1112,48
21662,3935,7,1110,179
21663,3935,6,655,72
21664,3935,10,1653,137
21665,3935,3,501,127
21666,3935,2,490,196
21667,3936,10,1586,124
21668,3936,3,1432,190
21669,3936,1,1079,68
21670,3936,2,989,129
21671,3936,8,1227,177
21672,3936,6,714,114
21673,3936,4,1770,172
21674,3937,9,1154,85
21675,3937,6,890,16
21676,3937,7,1660,46
21677,3937,3,1408,13
21678,3937,2,192,176
21679,3938,9,1489,92
21680,3938,2,1557,162
21681,3939,10,1977,126
21682,3940,2,637,37
21683,3940,1,1554,182
21684,3940,10,1749,131
21685,3940,5,1934,39
21686,3940,7,1825,103
21687,3940,9,1691,85
21688,3940,6,660,146
21689,3941,8,1076,115
21690,3941,7,1107,19
21691,3941,2,1599,181
21692,3941,5,1443,196
21693,3941,9,1512,58
21694,3941,3,774,65
21695,3941,6,141,126
21696,3941,4,242,129
21697,3941,1,866,186
21698,3942,8,1809,8
21699,3942,2,1655,150
21700,3942,4,1008,24
21701,3942,7,679,71
21702,3942,6,824,48
21703,3942,5,269,22
21704,3942,9,1983,122
21705,3942,10,1271,99
21706,3943,5,1150,75
21707,3944,9,154,36
21708,3944,7,1768,36
21709,3944,3,1010,119
21710,3944,8,533,67
21711,3944,10,633,148
21712,3944,1,95,26
21713,3944,5,1223,106
21714,3944,6,1431,138
21715,3944,2,1103,86
21716,3945,9,200,155
21717,3946,5,1779,56
21718,3946,9,1146,27
21719,3946,3,768,138
21720,3946,6,858,170
21721,3946,1,1492,25
21722,3947,5,1971,53
21723,3948,4,18,18
21724,3948,9,1879,107
21725,3948,5,1310,166
21726,3948,6,1891,100
21727,3949,4,1143,176
21728,3949,1,275,63
21729,3949,5,1193,144
21730,3949,10,1669,171
21731,3949,6,654,38
21732,3949,2,38,22
21733,3949,9,485,117
21734,3949,7,1421,91
21735,3950,7,1218,173
21736,3950,9,43,25
21737,3950,6,281,4
21738,3950,8,599,182
21739,3951,6,1916,127
21740,3951,1,463,72
21741,3951,7,1446,42
21742,3951,2,1862,130
21743,3951,4,1438,23
21744,3952,9,395,68
21745,3952,4,1371,15
21746,3952,5,472,148
21747,3952,8,107,33
21748,3952,2,736,57
21749,3953,4,1951,154
21750,3953,7,1345,34
21751,3953,3,309,16
21752,3953,8,1854,136
21753,3953,1,764,139
21754,3953,10,682,180
21755,3953,6,977,161
21756,3953,5,1558,29
21757,3954,5,1022,120
21758,3954,1,1992,15
21759,3954,4,578,77
21760,3954,9,78,49
21761,3954,2,95,17
21762,3954,3,1360,119
21763,3954,10,828,182
21764,3954,8,1233,132
21765,3955,6,1431,196
21766,3955,10,1358,122
21767,3955,1,1928,3
21768,3955,8,896,179
21769,3955,4,1221,180
21770,3955,9,1963,178
21771,3956,8,1908,178
21772,3956,3,1591,133
21773,3956,9,0,0
21774,3956,10,1525,182
21775,3956,7,1042,115
21776,3956,6,1864,178
21777,3956,5,770,188
21778,3956,2,859,162
21779,3956,1,300,108
21780,3957,4,1635,127
21781,3958,10,1920,41
21782,3958,3,1065,192
21783,3958,9,1943,167
21784,3958,7,290,180
21785,3959,4,460,157
21786,3959,1,1495,47
21787,3959,10,907,19
21788,3960,7,298,1
21789,3960,2,1049,159
21790,3960,5,567,50
21791,3960,3,1745,7
21792,3960,1,411,158
21793,3961,6,377,12
21794,3961,7,478,177
21795,3961,10,250,113
21796,3962,6,1773,41
21797,3962,10,525,144
21798,3962,9,1748,123
21799,3963,5,712,161
21800,3963,1,1821,115
21801,3963,4,1890,4
21802,3964,2,410,149
21803,3964,9,669,61
21804,3964,6,1366,73
21805,3964,5,652,157
21806,3964,3,1729,33
21807,3964,1,1853,90
21808,3964,8,1760,92
21809,3964,4,1042,79
21810,3964,10,1819,189
21811,3964,7,843,81
21812,3965,4,1848,175
21813,3965,1,1086,24
21814,3965,10,1533,165
21815,3966,2,1796,119
21816,3966,5,1297,66
21817,3966,9,1144,155
21818,3966,8,1847,65
21819,3966,3,1863,137
21820,3966,6,712,22
21821,3966,4,414,110
21822,3966,10,1505,93
21823,3966,1,521,94
21824,3966,7,1365,151
21825,3967,9,445,43
21826,3967,6,109,47
21827,3968,6,708,198
21828,3968,2,1134,141
21829,3968,5,503,33
21830,3968,4,1715,62
21831,3969,9,1329,51
21832,3969,8,858,78
21833,3969,6,1910,4
21834,3970,9,1003,24
21835,3970,7,526,9
21836,3970,4,1496,154
21837,3971,6,1414,182
21838,3971,4,908,30
21839,3971,8,301,77
21840,3971,7,1765,168
21841,3971,5,1451,195
21842,3971,3,783,76
21843,3971,2,1622,141
21844,3971,9,991,35
21845,3972,6,952,129
21846,3972,5,555,155
21847,3972,9,1826,56
21848,3973,3,294,104
21849,3973,10,159,141
21850,3973,4,313,128
21851,3974,4,294,3
21852,3974,10,1025,75
21853,3974,6,235,54
21854,3975,3,234,30
21855,3975,1,1149,182
21856,3975,2,1814,147
21857,3975,10,1199,64
21858,3976,2,358,9
21859,3976,1,232,138
21860,3976,4,641,72
21861,3976,5,817,79
21862,3976,8,1676,51
21863,3976,9,1394,114
21864,3976,3,632,60
21865,3976,10,297,8
21866,3976,6,702,22
21867,3976,7,1194,95
21868,3977,4,1404,75
21869,3977,1,765,166
21870,3977,10,1964,157
21871,3977,7,444,149
21872,3977,2,848,15
21873,3978,5,1437,136
21874,3978,9,1819,152
21875,3978,10,211,100
21876,3978,3,663,143
21877,3978,2,1544,64
21878,3978,4,203,128
21879,3978,8,467,14
21880,3979,3,916,39
21881,3979,6,102,29
21882,3980,9,1758,114
21883,3980,2,375,31
21884,3980,8,755,151
21885,3980,5,851,176
21886,3980,3,1278,137
21887,3980,10,194,173
21888,3980,7,1984,165
21889,3980,4,1413,106
21890,3981,2,1698,111
21891,3981,9,770,145
21892,3981,7,1807,65
21893,3981,5,343,3
21894,3982,1,1400,74
21895,3982,5,685,136
21896,3983,9,1052,103
21897,3983,2,1341,115
21898,3983,10,1073,57
21899,3983,4,334,76
21900,3983,3,1465,103
21901,3983,8,1038,104
21902,3983,5,1589,85
21903,3983,1,1281,108
21904,3984,8,1127,59
21905,3984,4,343,49
21906,3984,1,509,110
21907,3985,10,636,66
21908,3985,1,756,11
21909,3985,6,121,54
21910,3985,9,170,131
21911,3985,5,465,103
21912,3986,1,136,97
21913,3986,6,1578,90
21914,3986,8,1634,54
21915,3987,9,889,168
21916,3987,10,173,126
21917,3987,4,470,78
21918,3987,3,1118,61
21919,3987,8,494,21
21920,3988,7,464,155
21921,3988,1,1303,141
21922,3988,5,1159,20
21923,3988,4,1258,173
21924,3988,8,6,6
21925,3988,9,1365,78
21926,3988,3,154,153
21927,3989,5,1297,104
21928,3989,7,1399,49
21929,3989,10,1179,131
21930,3989,1,500,118
21931,3989,2,815,23
21932,3989,8,941,53
21933,3989,6,1178,84
21934,3990,2,1692,101
21935,3990,7,1845,197
21936,3990,3,1380,69
21937,3990,4,707,178
21938,3990,8,974,61
21939,3991,3,632,168
21940,3991,5,1919,153
21941,3991,2,1123,167
21942,3991,4,655,179
21943,3991,7,1992,37
21944,3991,1,1662,119
21945,3991,10,1104,130
21946,3992,5,98,67
21947,3992,3,1738,99
21948,3992,8,718,108
21949,3992,7,233,52
21950,3992,6,713,111
21951,3992,2,1621,131
21952,3992,1,540,89
21953,3992,4,869,36
21954,3992,10,1903,74
21955,3993,2,1359,29
21956,3994,10,1093,81
21957,3995,6,939,145
21958,3995,8,1107,27
21959,3995,10,474,178
21960,3995,9,1040,146
21961,3995,4,1578,34
21962,3995,7,27,17
21963,3995,3,1632,163
21964,3995,2,622,23
21965,3995,1,1526,75
21966,3995,5,1444,38
21967,3996,8,771,170
21968,3997,5,686,94
21969,3997,3,16,7
21970,3997,7,127,112
21971,3997,2,551,9
21972,3997,10,1293,110
21973,3997,1,1634,174
21974,3997,4,863,75
21975,3997,9,171,93
21976,3997,6,1657,156
21977,3998,9,636,19
21978,3999,6,1090,83
21979,3999,9,1390,171
21980,3999,10,60,1
21981,3999,2,770,143
21982,3999,4,1686,100
21983,3999,3,1457,23
21984,3999,7,873,81
21985,3999,5,1253,148
21986,3999,1,1839,131
21987,3999,8,1719,115
21988,4000,8,390,179
21989,4000,2,1227,121
21990,4000,10,437,152
21991,4000,5,1962,23
21992,4000,3,336,22
21993,4000,9,183,180
21994,4000,7,221,139
21995,4000,1,131,55
21996,4000,6,957,20
21997,4000,4,1627,36
21998,4001,10,887,52
21999,4001,6,506,125
22000,4001,5,1563,20
22001,4001,3,1632,94
22002,4001,8,1352,36
22003,4001,7,1449,75
22004,4002,9,1661,11
22005,4002,6,1071,97
22006,4002,7,603,105
22007,4002,8,588,88
22008,4002,1,1104,78
22009,4002,3,1851,55
22010,4002,2,1519,35
22011,4002,4,1650,109
22012,4003,7,690,128
22013,4003,2,908,9
22014,4003,10,1219,145
22015,4003,1,1013,78
22016,4003,8,728,191
22017,4003,9,748,99
22018,4003,6,1767,38
22019,4004,8,75,67
22020,4004,2,358,130
22021,4004,6,186,146
22022,4004,5,1445,21
22023,4004,4,283,110
22024,4004,9,1730,170
22025,4004,1,76,52
22026,4004,7,599,61
22027,4005,10,1964,70
22028,4006,8,943,193
22029,4006,2,73,6
22030,4006,6,1720,20
22031,4007,8,16,6
22032,4007,7,748,149
22033,4007,3,344,176
22034,4007,5,857,112
22035,4007,10,734,55
22036,4008,2,1522,158
22037,4008,6,1530,87
22038,4008,5,1297,17
22039,4008,1,1304,74
22040,4008,8,1704,142
22041,4008,9,1902,101
22042,4008,10,397,175
22043,4008,3,37,30
22044,4008,7,953,67
22045,4009,7,1269,197
22046,4009,8,678,198
22047,4009,5,1069,82
22048,4009,1,1364,107
22049,4009,6,1964,127
22050,4009,9,1574,71
22051,4009,4,253,142
22052,4009,10,1738,58
22053,4009,3,1916,171
22054,4009,2,1544,64
22055,4010,4,1163,50
22056,4011,10,313,67
22057,4011,7,241,188
22058,4011,5,1709,188
22059,4011,4,1881,148
22060,4011,8,1542,75
22061,4011,2,1639,29
22062,4011,6,717,134
22063,4011,3,1807,68
22064,4011,1,203,0
22065,4012,1,259,41
22066,4012,5,143,69
22067,4012,8,854,117
22068,4013,8,1619,67
22069,4013,1,1622,187
22070,4013,4,529,151
22071,4013,7,221,80
22072,4013,10,784,121
22073,4013,2,854,46
22074,4014,5,1024,142
22075,4014,10,1273,183
22076,4014,9,1179,4
22077,4014,3,1966,100
22078,4014,2,739,23
22079,4014,1,1086,10
22080,4014,4,55,10
22081,4014,8,1443,60
22082,4014,6,433,170
22083,4015,5,546,179
22084,4015,4,980,66
22085,4015,10,695,193
22086,4016,3,1292,39
22087,4016,1,1489,146
22088,4017,3,1388,148
22089,4017,7,514,86
22090,4017,4,678,73
22091,4017,5,540,188
22092,4017,2,1445,33
22093,4017,1,456,168
22094,4018,1,1595,155
22095,4018,3,126,44
22096,4018,6,237,181
22097,4018,4,1322,199
22098,4018,9,1342,91
22099,4018,5,1292,42
22100,4018,2,125,98
22101,4018,10,754,30
22102,4019,9,1718,181
22103,4019,2,1134,75
22104,4019,7,1593,84
22105,4020,1,1938,46
22106,4020,4,1678,130
22107,4020,2,1554,61
22108,4020,6,1572,90
22109,4020,5,909,151
22110,4021,10,1714,184
22111,4021,3,1348,34
22112,4021,2,258,53
22113,4021,9,1575,123
22114,4021,8,1523,68
22115,4022,10,258,58
22116,4022,6,1350,168
22117,4022,1,1180,84
22118,4023,4,1473,153
22119,4023,1,574,92
22120,4023,5,651,158
22121,4023,9,1170,94
22122,4023,10,91,50
22123,4024,10,668,78
22124,4024,3,805,149
22125,4024,1,1331,106
22126,4024,6,232,128
22127,4024,9,459,170
22128,4024,7,841,42
22129,4024,5,621,41
22130,4025,8,1910,200
22131,4025,5,1246,52
22132,4025,3,255,111
22133,4025,9,1071,117
22134,4025,4,573,60
22135,4025,10,1712,97
22136,4025,1,1272,54
22137,4025,7,1648,74
22138,4025,2,941,15
22139,4026,8,1358,117
22140,4027,4,398,143
22141,4027,10,1972,105
22142,4027,8,736,8
22143,4027,7,481,192
22144,4027,6,505,198
22145,4027,2,484,44
22146,4028,3,1249,41
22147,4029,4,1763,88
22148,4029,2,461,189
22149,4029,1,1941,140
22150,4029,6,1654,173
22151,4029,5,497,175
22152,4029,9,1908,59
22153,4029,8,1167,152
22154,4029,10,1782,111
22155,4029,3,159,154
22156,4030,10,1917,137
22157,4030,6,106,10
22158,4030,7,439,11
22159,4030,9,279,81
22160,4030,2,1064,108
22161,4030,3,26,2
22162,4030,1,1272,61
22163,4030,4,1821,120
22164,4030,8,1723,33
22165,4030,5,1374,144
22166,4031,1,749,161
22167,4032,3,163,111
22168,4032,1,316,46
22169,4032,10,795,115
22170,4033,7,13,13
22171,4033,1,6,1
22172,4033,3,693,139
22173,4034,6,1837,108
22174,4034,8,726,17
22175,4034,9,1819,85
22176,4034,10,1195,173
22177,4035,1,1318,0
22178,4035,10,1011,19
22179,4035,2,487,112
22180,4035,9,778,194
22181,4035,8,1250,42
22182,4035,4,628,184
22183,4036,3,1532,46
22184,4036,8,1402,95
22185,4036,2,1758,120
22186,4036,10,339,161
22187,4037,7,846,169
22188,4037,3,372,155
22189,4037,9,839,27
22190,4037,8,596,191
22191,4037,2,765,10
22192,4037,4,868,187
22193,4037,1,636,170
22194,4037,10,973,22
22195,4037,6,1532,71
22196,4038,9,1141,134
22197,4038,8,715,187
22198,4038,4,1927,7
22199,4039,3,648,43
22200,4039,8,1262,70
22201,4039,2,1009,84
22202,4039,5,1862,174
22203,4039,9,471,185
22204,4039,6,25,13
22205,4039,4,630,53
22206,4039,1,470,59
22207,4040,1,1432,78
22208,4040,9,1864,48
22209,4040,8,519,12
22210,4040,5,1341,78
22211,4040,4,1809,196
22212,4041,1,1426,56
22213,4041,2,342,163
22214,4041,4,650,164
22215,4041,3,1063,1
22216,4041,8,1320,197
22217,4041,10,390,97
22218,4041,7,67,34
22219,4041,5,1349,71
22220,4041,9,860,91
22221,4042,6,252,52
22222,4042,3,1158,158
22223,4042,1,1588,196
22224,4042,8,157,64
22225,4043,3,41,7
22226,4043,5,1187,152
22227,4043,7,98,35
22228,4043,10,511,40
22229,4043,9,59,51
22230,4043,2,321,102
22231,4043,1,1901,66
22232,4043,6,318,86
22233,4043,8,1537,176
22234,4043,4,1897,110
22235,4044,9,195,58
22236,4044,5,1618,163
22237,4045,4,71,62
22238,4045,5,1623,190
22239,4045,6,468,90
22240,4045,8,1070,121
22241,4046,7,1378,160
22242,4046,5,562,156
22243,4046,6,1434,165
22244,4046,2,804,194
22245,4046,10,423,58
22246,4046,1,1218,80
22247,4046,9,534,196
22248,4046,3,114,69
22249,4046,4,673,20
22250,4046,8,162,68
22251,4047,1,282,52
22252,4047,7,525,19
22253,4047,4,947,88
22254,4047,5,1517,84
22255,4047,8,439,122
22256,4047,10,495,0
22257,4047,2,8,5
22258,4047,6,1210,60
22259,4047,3,234,22
22260,4047,9,917,174
22261,4048,4,702,33
22262,4048,1,1470,194
22263,4048,9,228,52
22264,4048,6,459,39
22265,4049,6,451,119
22266,4049,2,1585,118
22267,4049,4,579,182
22268,4049,9,109,90
22269,4049,3,1787,72
22270,4049,7,1140,93
22271,4049,8,1397,164
22272,4049,1,1252,62
22273,4050,5,59,23
22274,4050,6,1475,153
22275,4050,10,97,36
22276,4051,8,1986,75
22277,4051,1,1254,192
22278,4051,6,807,38
22279,4051,2,101,90
22280,4051,4,1145,101
22281,4051,10,916,100
22282,4051,9,1873,3
22283,4051,5,1033,106
22284,4051,3,1495,113
22285,4052,8,967,28
22286,4052,10,940,37
22287,4052,1,1754,31
22288,4052,5,168,33
22289,4052,6,437,133
22290,4052,3,1534,149
22291,4052,4,633,102
22292,4052,2,1251,6
22293,4053,6,1082,102
22294,4053,3,929,79
22295,4053,8,397,33
22296,4053,1,834,1
22297,4053,5,1069,35
22298,4053,10,1069,80
22299,4054,9,181,28
22300,4054,1,777,88
22301,4054,4,992,189
22302,4054,8,747,172
22303,4054,7,1446,154
22304,4054,5,1898,160
22305,4054,2,1587,93
22306,4054,10,1946,12
22307,4055,6,1239,194
22308,4055,9,591,28
22309,4055,1,199,192
22310,4055,5,1921,174
22311,4055,2,1921,43
22312,4056,7,1339,182
22313,4057,2,1932,176
22314,4057,5,1201,51
22315,4057,6,937,131
22316,4057,9,1967,71
22317,4057,1,167,58
22318,4058,7,1321,56
22319,4059,9,787,38
22320,4059,6,1630,171
22321,4059,10,1168,41
22322,4059,2,1873,173
22323,4060,9,979,77
22324,4060,4,1466,173
22325,4061,1,247,5
22326,4061,7,485,79
22327,4061,5,1861,51
22328,4061,8,1738,46
22329,4062,8,1068,28
22330,4062,5,1994,162
22331,4062,9,618,156
22332,4063,3,644,12
22333,4063,9,190,154
22334,4063,1,828,36
22335,4063,6,1975,53
22336,4063,7,1224,79
22337,4063,5,1919,122
22338,4064,8,1899,89
22339,4064,6,533,163
22340,4064,2,997,121
22341,4064,1,1586,64
22342,4064,5,550,43
22343,4064,7,1364,51
22344,4064,9,1789,193
22345,4064,10,515,176
22346,4065,5,1427,112
22347,4065,7,1602,46
22348,4065,8,1493,112
22349,4066,7,221,130
22350,4066,1,554,190
22351,4066,3,562,184
22352,4066,9,1604,117
22353,4066,6,71,34
22354,4066,4,1235,173
22355,4067,1,973,169
22356,4067,3,1167,8
22357,4067,9,1120,6
22358,4067,5,1551,132
22359,4067,4,1794,30
22360,4067,10,1506,147
22361,4067,6,272,52
22362,4067,8,1346,90
22363,4067,7,1762,182
22364,4067,2,285,109
22365,4068,6,501,185
22366,4068,10,349,121
22367,4068,5,221,152
22368,4068,1,42,13
22369,4068,3,623,61
22370,4068,2,1942,137
22371,4068,7,1093,181
22372,4068,8,1868,113
22373,4068,9,1044,36
22374,4068,4,772,181
22375,4069,10,775,128
22376,4069,4,1782,148
22377,4069,8,129,59
22378,4069,3,1309,71
22379,4069,9,864,17
22380,4070,2,1639,122
22381,4071,1,1834,70
22382,4071,6,429,175
22383,4071,2,630,23
22384,4071,3,725,169
22385,4071,10,1455,135
22386,4072,3,1048,144
22387,4072,5,1214,170
22388,4072,7,1586,178
22389,4072,10,172,6
22390,4072,9,1897,165
22391,4073,4,1580,80
22392,4073,8,1135,58
22393,4073,7,1707,197
22394,4073,9,946,170
22395,4073,3,935,92
22396,4073,10,366,55
22397,4073,5,1228,101
22398,4074,6,549,97
22399,4075,5,826,139
22400,4075,2,1026,39
22401,4076,5,577,140
22402,4076,7,1458,78
22403,4076,10,795,38
22404,4076,8,339,159
22405,4076,1,27,7
22406,4076,9,265,17
22407,4076,3,1184,129
22408,4076,2,633,157
22409,4077,3,1063,118
22410,4077,10,1720,160
22411,4077,5,238,107
22412,4077,9,1839,90
22413,4078,8,1632,200
22414,4078,2,736,39
22415,4078,1,342,98
22416,4078,4,1760,3
22417,4078,6,793,28
22418,4078,9,1040,48
22419,4078,7,77,41
22420,4079,9,116,102
22421,4079,6,874,24
22422,4079,10,692,6
22423,4079,4,1810,66
22424,4080,1,1588,85
22425,4080,3,1493,32
22426,4081,7,965,148
22427,4082,7,39,12
22428,4082,10,801,29
22429,4083,4,741,53
22430,4083,2,609,168
22431,4083,9,556,64
22432,4083,8,111,99
22433,4083,3,1098,72
22434,4083,5,129,74
22435,4084,8,1099,169
22436,4084,2,523,86
22437,4084,1,35,25
22438,4084,5,1379,7
22439,4084,4,1144,92
22440,4084,3,922,80
22441,4085,6,444,18
22442,4085,8,632,133
22443,4085,2,1637,84
22444,4085,5,1209,143
22445,4086,6,1992,54
22446,4087,7,974,101
22447,4087,3,1038,30
22448,4087,4,769,180
22449,4087,2,1138,80
22450,4087,8,907,131
22451,4087,9,1593,142
22452,4088,4,1174,46
22453,4088,6,532,58
22454,4089,9,1655,112
22455,4089,5,799,50
22456,4089,1,61,13
22457,4089,4,144,96
22458,4089,10,1645,39
22459,4089,3,1032,130
22460,4089,7,1510,104
22461,4089,8,1106,26
22462,4089,6,423,113
22463,4089,2,594,70
22464,4090,9,1854,16
22465,4090,10,1251,34
22466,4090,2,609,88
22467,4090,7,705,112
22468,4090,1,802,129
22469,4091,3,1605,12
22470,4091,7,159,146
22471,4091,9,1301,13
22472,4091,10,1245,179
22473,4091,4,562,138
22474,4091,8,56,48
22475,4091,2,1048,134
22476,4091,1,1033,82
22477,4091,5,1126,80
22478,4092,7,138,45
22479,4093,4,1006,146
22480,4093,10,1668,151
22481,4093,3,1524,185
22482,4093,1,729,79
22483,4093,7,1603,171
22484,4093,5,1742,110
22485,4093,8,57,25
22486,4093,2,805,86
22487,4093,6,1367,32
22488,4093,9,652,84
22489,4094,2,163,49
22490,4094,5,205,174
22491,4094,3,982,18
22492,4094,6,1126,80
22493,4094,7,355,72
22494,4094,10,1037,20
22495,4094,1,200,1
22496,4094,9,1951,42
22497,4094,4,1256,40
22498,4095,4,1431,141
22499,4095,3,1213,143
22500,4095,8,1788,127
22501,4095,7,1586,36
22502,4095,10,558,144
22503,4095,6,1952,17
22504,4096,1,300,189
22505,4096,4,183,88
22506,4096,5,1710,21
22507,4096,8,180,10
22508,4096,9,1095,64
22509,4096,7,775,181
22510,4096,2,1081,98
22511,4096,6,1713,101
22512,4096,10,313,54
22513,4096,3,625,166
22514,4097,4,5,0
22515,4097,6,222,42
22516,4097,1,447,12
22517,4097,10,885,102
22518,4097,9,1034,167
22519,4097,8,643,18
22520,4098,3,1407,140
22521,4098,9,255,153
22522,4098,5,1963,154
22523,4098,8,1898,141
22524,4098,1,829,4
22525,4099,10,1981,60
22526,4099,3,1491,14
22527,4099,6,1864,102
22528,4099,5,799,5
22529,4099,8,1163,20
22530,4099,2,1747,89
22531,4100,7,337,87
22532,4100,4,746,72
22533,4100,6,1255,53
22534,4100,3,474,42
22535,4100,1,1724,60
22536,4100,10,921,91
22537,4100,8,1281,170
22538,4100,9,1077,133
22539,4101,6,15,6
22540,4101,4,1578,138
22541,4101,5,1132,27
22542,4101,9,394,60
22543,4102,8,497,89
22544,4102,5,53,23
22545,4102,6,63,25
22546,4102,9,1122,108
22547,4102,7,701,7
22548,4103,1,1263,19
22549,4103,10,1980,179
22550,4103,6,1433,109
22551,4103,4,684,68
22552,4103,2,1882,126
22553,4103,9,503,57
22554,4103,5,1783,144
22555,4104,6,645,34
22556,4105,3,291,186
22557,4105,7,128,113
22558,4105,1,771,196
22559,4105,2,883,161
22560,4105,5,159,38
22561,4105,8,78,8
22562,4105,9,1761,23
22563,4106,2,1795,63
22564,4106,1,873,135
22565,4106,7,1975,85
22566,4106,3,1278,108
22567,4106,9,1684,128
22568,4106,8,208,65
22569,4106,6,1389,134
22570,4106,10,1395,56
22571,4106,5,1075,138
22572,4107,6,621,88
22573,4108,8,617,79
22574,4108,5,330,67
22575,4108,2,1361,80
22576,4108,1,1871,161
22577,4108,7,1423,20
22578,4108,4,962,198
22579,4108,10,279,133
22580,4108,3,1903,103
22581,4108,9,1538,193
22582,4108,6,1605,149
22583,4109,10,1318,144
22584,4109,2,1232,37
22585,4109,5,1677,111
22586,4109,7,981,123
22587,4109,4,10,7
22588,4109,8,1691,28
22589,4109,9,1021,131
22590,4110,9,772,131
22591,4110,6,1576,33
22592,4110,8,1963,63
22593,4110,2,1944,176
22594,4110,3,1430,84
22595,4110,4,34,26
22596,4110,1,789,93
22597,4110,7,1615,93
22598,4111,1,138,13
22599,4111,3,917,17
22600,4112,8,1740,126
22601,4112,4,1110,101
22602,4113,3,932,31
22603,4114,7,1886,6
22604,4114,2,53,34
22605,4114,1,464,16
22606,4114,8,767,126
22607,4114,3,650,178
22608,4115,7,235,145
22609,4115,3,1313,167
22610,4115,10,181,46
22611,4115,5,1712,178
22612,4115,1,795,180
22613,4115,2,613,33
22614,4115,9,1165,179
22615,4116,6,1430,111
22616,4116,10,716,70
22617,4116,7,1006,189
22618,4116,1,538,135
22619,4116,2,1074,1
22620,4116,9,394,52
22621,4116,3,1603,82
22622,4117,7,98,84
22623,4117,2,793,179
22624,4117,3,1917,113
22625,4117,8,633,70
22626,4117,10,481,96
22627,4117,6,1890,60
22628,4118,4,79,77
22629,4118,10,228,57
22630,4118,1,723,96
22631,4118,2,1428,112
22632,4118,7,25,9
22633,4119,8,1523,131
22634,4119,1,1700,97
22635,4119,5,1341,53
22636,4119,10,420,129
22637,4119,7,1619,35
22638,4119,4,1308,135
22639,4120,5,421,141
22640,4120,4,1454,74
22641,4120,6,1612,68
22642,4120,9,1249,146
22643,4120,3,1208,83
22644,4120,1,678,111
22645,4121,7,458,115
22646,4121,4,914,185
22647,4121,9,1825,8
22648,4121,6,1266,178
22649,4121,3,1796,124
22650,4121,2,783,41
22651,4121,10,823,108
22652,4121,5,1512,172
22653,4122,8,1660,112
22654,4122,2,1961,193
22655,4123,9,580,55
22656,4123,8,752,134
22657,4123,10,1008,40
22658,4123,1,1221,104
22659,4123,2,531,112
22660,4123,4,1739,181
22661,4123,3,1236,33
22662,4123,5,976,138
22663,4123,7,1945,125
22664,4123,6,1969,10
22665,4124,8,1878,129
22666,4124,4,439,51
22667,4124,2,1153,171
22668,4124,9,987,86
22669,4124,5,462,155
22670,4124,10,247,121
22671,4124,6,1556,200
22672,4125,1,424,121
22673,4125,2,638,121
22674,4125,7,847,146
22675,4125,3,730,73
22676,4125,6,1428,94
22677,4126,2,1403,91
22678,4126,7,1079,110
22679,4126,1,282,57
22680,4126,9,367,16
22681,4126,6,1381,13
22682,4126,3,38,12
22683,4127,5,1844,190
22684,4127,9,1612,38
22685,4127,2,490,137
22686,4127,10,706,0
22687,4127,1,1553,19
22688,4127,8,1585,191
22689,4127,7,1510,100
22690,4128,5,1219,162
22691,4129,10,1149,198
22692,4129,3,32,12
22693,4129,5,1051,8
22694,4129,1,349,119
22695,4129,8,530,136
22696,4129,9,1070,86
22697,4129,6,636,104
22698,4130,2,746,81
22699,4130,8,1694,16
22700,4130,3,613,83
22701,4130,6,58,38
22702,4131,2,952,34
22703,4131,4,697,116
22704,4131,8,618,39
22705,4132,7,309,75
22706,4132,8,1025,24
22707,4133,9,1531,54
22708,4133,2,1983,40
22709,4133,10,1068,181
22710,4133,8,579,113
22711,4133,6,779,174
22712,4133,1,625,131
22713,4134,6,914,59
22714,4134,1,39,22
22715,4134,8,1152,63
22716,4134,5,619,145
22717,4134,4,109,58
22718,4134,3,105,6
22719,4134,2,53,6
22720,4134,9,1965,138
22721,4134,10,1722,32
22722,4135,10,1590,86
22723,4135,1,298,27
22724,4135,7,1147,135
22725,4135,3,1731,116
22726,4135,8,581,174
22727,4135,4,1435,182
22728,4135,9,774,142
22729,4135,5,1590,189
22730,4135,6,698,165
22731,4135,2,1842,147
22732,4136,4,1508,111
22733,4136,9,1968,179
22734,4136,5,698,88
22735,4136,6,1048,79
22736,4136,1,1934,170
22737,4137,4,143,143
22738,4137,7,428,74
22739,4137,6,569,166
22740,4137,1,895,55
22741,4137,2,662,195
22742,4138,7,567,183
22743,4138,10,210,157
22744,4138,9,1512,135
22745,4138,6,1307,32
22746,4138,1,145,91
22747,4138,4,1140,149
22748,4139,8,1270,74
22749,4139,10,1232,35
22750,4139,3,1959,151
22751,4139,5,1202,200
22752,4139,4,479,93
22753,4139,6,757,168
22754,4139,9,1135,124
22755,4139,7,1714,124
22756,4140,6,466,161
22757,4140,9,348,179
22758,4140,1,718,80
22759,4140,10,1704,20
22760,4141,7,149,44
22761,4141,4,274,39
22762,4141,10,1851,43
22763,4142,2,884,43
22764,4142,8,1984,15
22765,4142,3,109,51
22766,4142,6,267,20
22767,4142,5,913,97
22768,4143,3,1939,24
22769,4143,7,1669,148
22770,4143,8,515,117
22771,4143,2,72,26
22772,4143,1,1486,198
22773,4143,10,1308,178
22774,4143,9,534,107
22775,4143,5,1298,165
22776,4143,4,976,148
22777,4144,10,1729,133
22778,4144,6,287,129
22779,4144,3,771,46
22780,4144,9,461,17
22781,4144,8,798,89
22782,4144,2,47,27
22783,4145,2,1518,116
22784,4146,2,390,28
22785,4146,4,397,94
22786,4146,10,1373,170
22787,4146,7,450,146
22788,4146,9,821,161
22789,4146,8,1365,33
22790,4147,5,815,173
22791,4147,10,1667,9
22792,4148,1,1927,188
22793,4148,3,1529,128
22794,4148,7,497,65
22795,4148,8,1571,179
22796,4148,2,1511,197
22797,4148,10,919,8
22798,4148,6,1859,103
22799,4148,4,1771,200
22800,4148,5,587,174
22801,4149,5,1493,172
22802,4149,6,1847,4
22803,4149,3,1233,75
22804,4149,10,1719,88
22805,4150,10,1627,53
22806,4150,9,1346,64
22807,4151,4,257,58
22808,4151,6,1394,10
22809,4151,8,1421,111
22810,4151,5,341,42
22811,4151,7,853,136
22812,4151,3,1473,48
22813,4151,2,742,199
22814,4152,8,1893,130
22815,4152,7,1503,100
22816,4152,2,1179,1
22817,4152,5,1027,56
22818,4153,1,407,195
22819,4153,9,1101,77
22820,4153,10,1361,109
22821,4154,9,245,166
22822,4154,1,976,162
22823,4154,2,845,72
22824,4154,10,1356,72
22825,4154,8,1359,17
22826,4155,10,1013,19
22827,4155,9,1938,197
22828,4155,2,1672,112
22829,4155,6,366,16
22830,4155,5,1907,95
22831,4155,7,642,164
22832,4155,1,262,92
22833,4155,8,443,141
22834,4155,3,1433,147
22835,4156,8,1394,113
22836,4157,1,1875,105
22837,4157,4,617,0
22838,4157,6,329,152
22839,4157,7,1411,194
22840,4157,9,793,55
22841,4157,2,125,67
22842,4157,8,1278,130
22843,4157,5,303,56
22844,4157,3,46,15
22845,4158,7,631,41
22846,4158,5,1342,160
22847,4159,8,1787,67
22848,4159,2,440,83
22849,4159,7,358,124
22850,4159,3,57,39
22851,4159,5,723,8
22852,4159,4,1965,160
22853,4159,9,876,64
22854,4160,8,724,170
22855,4160,7,674,192
22856,4160,3,444,151
22857,4160,5,1680,87
22858,4160,9,1463,110
22859,4160,10,1083,56
22860,4161,4,1834,90
22861,4161,3,767,89
22862,4161,6,1686,180
22863,4161,10,251,175
22864,4161,2,1860,192
22865,4161,8,1932,130
22866,4161,7,1790,109
22867,4161,1,1377,86
22868,4161,5,981,195
22869,4162,1,732,183
22870,4163,8,604,129
22871,4163,4,1287,164
22872,4163,9,624,154
22873,4163,10,1014,125
22874,4163,2,1149,92
22875,4163,5,427,34
22876,4164,1,1981,180
22877,4164,10,536,18
22878,4164,3,1749,122
22879,4164,8,1064,182
22880,4164,2,639,6
22881,4165,3,1578,126
22882,4165,9,1907,122
22883,4165,10,1320,112
22884,4165,8,1030,56
22885,4166,9,1873,95
22886,4166,1,1114,163
22887,4166,2,866,101
22888,4166,3,162,52
22889,4166,10,481,139
22890,4166,4,311,122
22891,4166,6,859,96
22892,4167,10,286,110
22893,4168,9,1955,164
22894,4168,10,767,133
22895,4168,2,1567,26
22896,4168,1,434,104
22897,4168,7,633,87
22898,4168,8,1419,87
22899,4168,3,1319,28
22900,4169,4,335,148
22901,4169,8,1704,128
22902,4170,2,798,102
22903,4171,7,463,0
22904,4171,3,265,69
22905,4171,8,452,64
22906,4171,9,819,184
22907,4171,6,1346,166
22908,4171,4,14,7
22909,4172,6,706,172
22910,4172,4,76,58
22911,4172,3,424,105
22912,4172,5,890,7
22913,4172,1,1128,164
22914,4172,7,504,197
22915,4172,2,178,103
22916,4172,9,1429,124
22917,4172,10,655,21
22918,4173,5,1276,1
22919,4173,7,618,159
22920,4173,2,1396,90
22921,4174,8,781,51
22922,4174,7,451,4
22923,4174,10,1052,15
22924,4174,5,1935,153
22925,4174,2,1706,27
22926,4174,9,1118,51
22927,4174,3,1583,16
22928,4174,1,1577,156
22929,4175,5,1658,171
22930,4176,10,397,189
22931,4176,6,104,27
22932,4176,5,761,163
22933,4176,2,1709,14
22934,4176,9,1484,74
22935,4176,3,90,31
22936,4176,4,22,20
22937,4177,5,1871,114
22938,4177,8,1088,21
22939,4177,3,1131,180
22940,4177,7,526,43
22941,4177,10,1155,93
22942,4178,7,1399,19
22943,4178,1,1460,58
22944,4178,2,1645,142
22945,4178,5,301,167
22946,4178,10,858,110
22947,4178,9,266,0
22948,4179,5,1935,104
22949,4179,6,651,190
22950,4179,1,1742,139
22951,4180,9,504,105
22952,4180,1,629,80
22953,4180,10,1202,134
22954,4180,8,657,116
22955,4180,4,155,36
22956,4180,2,44,13
22957,4180,5,166,63
22958,4180,3,186,57
22959,4181,8,718,166
22960,4181,3,1592,83
22961,4181,4,1191,0
22962,4181,9,1414,72
22963,4181,5,85,63
22964,4181,10,1252,190
22965,4181,2,580,144
22966,4181,7,1394,151
22967,4182,7,45,12
22968,4182,4,344,51
22969,4182,6,1896,73
22970,4182,5,88,39
22971,4182,3,1025,74
22972,4182,9,302,70
22973,4182,10,422,48
22974,4182,1,1513,15
22975,4183,6,1631,168
22976,4183,9,1084,181
22977,4183,1,1588,148
22978,4184,1,1225,127
22979,4185,5,1649,100
22980,4185,2,1109,167
22981,4185,10,79,76
22982,4185,4,936,97
22983,4185,6,256,95
22984,4185,8,1658,48
22985,4185,1,1330,94
22986,4186,1,829,113
22987,4186,2,1062,196
22988,4186,3,1223,127
22989,4186,9,280,95
22990,4186,5,1781,69
22991,4186,6,1970,139
22992,4186,8,940,123
22993,4187,9,1907,26
22994,4188,5,877,148
22995,4188,6,135,103
22996,4188,3,876,16
22997,4188,10,226,172
22998,4188,2,497,138
22999,4188,1,1973,7
23000,4189,8,192,135
23001,4189,2,152,137
23002,4189,4,1208,84
23003,4189,10,1818,94
23004,4189,3,1721,171
23005,4190,8,53,9
23006,4190,6,1052,185
23007,4190,9,1310,43
23008,4190,3,971,140
23009,4190,2,399,56
23010,4190,10,470,184
23011,4190,7,1280,58
23012,4191,2,78,25
23013,4191,1,679,129
23014,4192,5,812,179
23015,4193,5,1821,122
23016,4193,7,1510,82
23017,4193,1,1301,58
23018,4193,6,531,85
23019,4193,9,1796,135
23020,4193,2,179,60
23021,4193,3,1418,63
23022,4193,10,1445,110
23023,4193,4,714,109
23024,4194,1,1489,63
23025,4194,10,377,180
23026,4194,3,69,31
23027,4194,8,36,19
23028,4194,5,749,193
23029,4194,9,538,153
23030,4194,7,823,139
23031,4194,6,1865,80
23032,4194,4,260,17
23033,4194,2,526,189
23034,4195,10,791,193
23035,4195,3,10,9
23036,4196,4,155,141
23037,4197,9,993,51
23038,4198,6,995,39
23039,4198,4,1606,122
23040,4198,2,1410,80
23041,4199,8,1859,48
23042,4199,6,704,80
23043,4199,3,38,17
23044,4199,2,1787,128
23045,4199,4,420,0
23046,4199,9,500,6
23047,4199,5,820,151
23048,4200,5,335,7
23049,4200,7,632,140
23050,4200,6,882,162
23051,4201,1,298,115
23052,4201,10,1115,11
23053,4201,7,831,27
23054,4202,4,1925,115
23055,4202,5,9,9
23056,4203,6,92,72
23057,4203,8,832,31
23058,4203,1,1505,60
23059,4203,5,1804,65
23060,4203,10,1631,169
23061,4203,9,612,186
23062,4204,5,123,111
23063,4205,7,19,7
23064,4206,1,1742,145
23065,4206,2,73,9
23066,4206,9,1928,99
23067,4206,6,588,14
23068,4206,7,728,52
23069,4206,4,610,61
23070,4206,8,757,22
23071,4206,3,1170,176
23072,4207,6,819,11
23073,4207,3,539,137
23074,4207,5,592,111
23075,4207,7,197,119
23076,4207,9,173,14
23077,4208,8,1234,25
23078,4208,7,1268,27
23079,4208,3,441,186
23080,4208,5,1249,118
23081,4208,2,1833,151
23082,4208,1,44,20
23083,4208,4,142,10
23084,4208,10,1964,140
23085,4208,6,1109,147
23086,4208,9,1151,187
23087,4209,1,871,164
23088,4209,6,1417,143
23089,4209,8,1689,53
23090,4209,2,1862,38
23091,4209,3,1450,9
23092,4209,10,531,96
23093,4209,5,987,102
23094,4209,7,780,42
23095,4209,9,29,18
23096,4210,10,780,66
23097,4210,1,1007,97
23098,4210,4,1793,163
23099,4210,3,1152,132
23100,4211,2,665,151
23101,4211,3,811,189
23102,4212,2,1453,94
23103,4212,7,649,0
23104,4212,8,1315,56
23105,4212,1,768,22
23106,4212,9,11,7
23107,4212,4,1959,64
23108,4212,3,364,171
23109,4212,5,1586,173
23110,4212,6,1612,3
23111,4212,10,1854,79
23112,4213,7,1367,32
23113,4213,5,1922,180
23114,4213,4,1582,31
23115,4213,9,1747,175
23116,4213,6,616,154
23117,4213,3,32,9
23118,4213,8,1449,115
23119,4214,8,1846,160
23120,4214,4,1893,186
23121,4214,6,1156,86
23122,4214,1,895,181
23123,4214,10,1397,1
23124,4214,7,898,196
23125,4215,2,1880,107
23126,4215,9,485,173
23127,4215,3,142,80
23128,4215,7,917,39
23129,4215,10,1808,147
23130,4215,4,1246,110
23131,4215,8,1148,20
23132,4215,6,14,9
23133,4215,1,1502,108
23134,4215,5,1464,25
23135,4216,2,1542,106
23136,4216,9,14,7
23137,4216,8,1978,39
23138,4217,4,348,62
23139,4217,9,98,5
23140,4217,1,657,16
23141,4217,6,1447,96
23142,4217,7,1711,188
23143,4217,10,960,60
23144,4217,8,548,75
23145,4217,5,717,49
23146,4218,5,1630,67
23147,4218,6,768,46
23148,4219,6,1086,21
23149,4219,2,742,95
23150,4219,3,1286,78
23151,4219,10,476,199
23152,4219,7,1137,175
23153,4219,5,227,30
23154,4220,5,1213,93
23155,4220,10,1531,56
23156,4220,2,503,101
23157,4221,7,212,81
23158,4221,9,598,43
23159,4222,7,280,3
23160,4223,5,1137,128
23161,4223,8,1473,131
23162,4223,3,170,130
23163,4223,10,1527,181
23164,4223,6,1592,76
23165,4223,4,744,163
23166,4223,1,1526,187
23167,4223,2,1703,190
23168,4223,9,1434,36
23169,4224,8,299,100
23170,4224,3,745,72
23171,4224,1,1549,153
23172,4224,9,937,90
23173,4225,1,337,69
23174,4226,3,551,59
23175,4226,10,1139,158
23176,4226,1,176,162
23177,4226,5,1807,102
23178,4226,2,1847,58
23179,4226,6,281,50
23180,4226,4,843,139
23181,4226,9,1518,41
23182,4227,6,1886,6
23183,4227,7,405,111
23184,4227,10,723,142
23185,4227,4,1025,193
23186,4227,8,408,149
23187,4227,3,733,115
23188,4228,1,277,32
23189,4228,5,1087,141
23190,4229,6,759,18
23191,4229,3,672,127
23192,4229,9,190,53
23193,4229,10,1430,167
23194,4229,5,1588,196
23195,4229,8,620,68
23196,4230,3,1936,157
23197,4231,9,1051,87
23198,4231,4,408,15
23199,4231,10,1779,151
23200,4232,2,1863,71
23201,4232,9,730,52
23202,4232,8,1792,50
23203,4232,3,1634,123
23204,4232,5,1448,61
23205,4232,6,1002,11
23206,4233,1,929,190
23207,4233,2,1945,108
23208,4233,5,952,3
23209,4233,3,464,96
23210,4234,7,1308,103
23211,4234,5,1137,159
23212,4234,10,1386,28
23213,4234,4,748,100
23214,4235,2,1191,74
23215,4235,7,1388,50
23216,4236,1,266,35
23217,4236,7,1985,183
23218,4237,3,1214,94
23219,4237,6,1654,157
23220,4237,10,1480,175
23221,4237,7,1724,48
23222,4237,9,1576,83
23223,4237,8,905,64
23224,4237,2,1102,111
23225,4237,5,1149,130
23226,4237,4,1809,133
23227,4237,1,1340,133
23228,4238,6,35,10
23229,4238,4,1049,163
23230,4238,7,1665,63
23231,4238,5,636,115
23232,4238,1,1242,88
23233,4238,9,623,135
23234,4238,8,732,65
23235,4238,3,914,110
23236,4238,2,1884,169
23237,4238,10,43,43
23238,4239,6,871,103
23239,4239,4,785,68
23240,4239,5,1275,135
23241,4239,1,1839,184
23242,4239,2,1292,36
23243,4239,10,1581,98
23244,4239,3,1111,105
23245,4239,7,476,144
23246,4240,5,692,116
23247,4240,9,1458,60
23248,4240,1,1676,66
23249,4240,3,795,158
23250,4240,7,1111,163
23251,4240,4,1023,39
23252,4240,10,1486,72
23253,4240,2,1828,47
23254,4240,8,1359,163
23255,4240,6,98,3
23256,4241,10,1746,127
23257,4241,5,271,188
23258,4241,4,1483,140
23259,4241,9,381,182
23260,4241,7,931,134
23261,4241,3,1810,100
23262,4241,6,1402,2
23263,4242,7,131,11
23264,4242,8,1645,22
23265,4242,10,279,176
23266,4242,5,548,85
23267,4242,9,1083,183
23268,4242,4,188,90
23269,4242,1,1995,192
23270,4242,2,732,133
23271,4243,1,877,22
23272,4243,7,1627,123
23273,4243,5,791,142
23274,4244,3,1933,137
23275,4244,1,1494,192
23276,4244,5,1461,30
23277,4244,9,1733,47
23278,4244,7,838,123
23279,4244,10,1572,159
23280,4244,8,545,196
23281,4244,2,1821,130
23282,4245,9,691,175
23283,4245,6,387,129
23284,4245,8,821,36
23285,4245,1,933,79
23286,4245,10,1999,58
23287,4245,3,950,138
23288,4245,5,1581,70
23289,4246,10,1181,174
23290,4247,9,892,72
23291,4247,10,507,155
23292,4247,2,812,33
23293,4247,1,904,179
23294,4247,3,587,47
23295,4247,7,672,6
23296,4247,8,1270,32
23297,4247,4,795,93
23298,4247,6,51,51
23299,4248,2,765,191
23300,4249,7,568,169
23301,4249,6,854,90
23302,4249,8,1859,124
23303,4249,1,1909,194
23304,4249,9,569,136
23305,4250,6,1523,77
23306,4250,8,1589,148
23307,4251,8,1363,142
23308,4251,7,644,119
23309,4252,10,1055,134
23310,4252,4,343,75
23311,4252,3,368,105
23312,4252,1,1569,83
23313,4252,2,1308,62
23314,4252,9,99,37
23315,4252,8,1706,184
23316,4252,5,1102,27
23317,4253,7,1648,110
23318,4253,4,601,91
23319,4253,10,1610,37
23320,4254,8,990,59
23321,4254,10,1031,198
23322,4254,5,909,104
23323,4254,7,438,197
23324,4254,9,1846,155
23325,4254,6,147,27
23326,4254,1,543,194
23327,4254,2,975,21
23328,4254,4,182,116
23329,4255,8,175,103
23330,4255,3,405,59
23331,4255,10,45,39
23332,4255,6,1018,179
23333,4255,2,167,97
23334,4255,5,1378,167
23335,4255,7,802,13
23336,4255,4,569,84
23337,4256,2,1159,65
23338,4256,6,12,4
23339,4256,9,1022,56
23340,4256,8,589,64
23341,4257,10,458,27
23342,4258,5,1506,157
23343,4258,3,1872,116
23344,4258,6,856,164
23345,4259,8,191,171
23346,4259,10,683,146
23347,4259,2,571,138
23348,4259,4,735,183
23349,4259,3,474,81
23350,4260,9,558,188
23351,4260,8,1455,190
23352,4260,6,883,93
23353,4260,4,1083,66
23354,4260,5,1052,44
23355,4260,2,490,130
23356,4260,3,423,162
23357,4260,1,793,48
23358,4260,10,636,151
23359,4261,5,601,145
23360,4261,7,1655,176
23361,4261,10,204,17
23362,4261,8,700,160
23363,4261,4,576,34
23364,4262,8,1203,74
23365,4262,5,938,59
23366,4262,9,498,3
23367,4263,3,1492,191
23368,4263,8,1593,47
23369,4263,1,1110,186
23370,4263,4,708,44
23371,4263,7,836,5
23372,4263,5,594,79
23373,4263,10,142,25
23374,4263,2,353,37
23375,4263,6,766,64
23376,4263,9,510,182
23377,4264,8,702,71
23378,4264,7,645,86
23379,4264,6,1105,92
23380,4264,9,578,93
23381,4264,10,1584,160
23382,4265,9,1585,165
23383,4265,2,1264,154
23384,4265,5,343,177
23385,4266,3,240,55
23386,4266,2,1966,57
23387,4266,1,1038,78
23388,4267,3,1753,200
23389,4267,4,798,192
23390,4267,9,326,127
23391,4267,10,267,193
23392,4267,2,246,166
23393,4267,8,1721,28
23394,4267,7,486,39
23395,4267,5,1991,50
23396,4268,5,150,97
23397,4268,9,952,44
23398,4268,2,992,50
23399,4268,6,1982,106
23400,4268,4,539,187
23401,4268,8,1283,111
23402,4269,6,600,157
23403,4269,8,1083,106
23404,4269,5,93,33
23405,4269,10,476,73
23406,4269,9,540,13
23407,4270,7,1015,22
23408,4270,9,153,5
23409,4271,1,1253,141
23410,4271,7,1163,77
23411,4271,9,1505,27
23412,4271,6,562,113
23413,4271,8,687,135
23414,4271,2,1789,140
23415,4271,10,463,44
23416,4271,3,1782,7
23417,4272,2,1424,50
23418,4273,3,172,113
23419,4273,2,591,35
23420,4273,4,403,182
23421,4273,8,1379,171
23422,4273,5,914,93
23423,4273,10,1285,173
23424,4273,1,259,185
23425,4273,6,404,144
23426,4273,7,51,39
23427,4273,9,856,145
23428,4274,3,945,26
23429,4274,9,692,41
23430,4274,6,355,39
23431,4274,2,718,8
23432,4274,1,194,137
23433,4274,8,1468,61
23434,4274,5,260,115
23435,4274,7,719,122
23436,4274,10,1210,88
23437,4274,4,902,197
23438,4275,10,1424,32
23439,4275,3,476,66
23440,4275,4,1501,109
23441,4275,5,1859,77
23442,4275,6,1518,148
23443,4275,2,710,94
23444,4275,8,1200,9
23445,4276,10,1172,195
23446,4276,3,1630,6
23447,4276,5,1814,81
23448,4276,8,548,42
23449,4276,7,1462,33
23450,4277,6,1451,137
23451,4277,8,1100,116
23452,4277,9,891,41
23453,4277,1,68,53
23454,4277,5,451,28
23455,4278,4,252,116
23456,4278,7,1990,194
23457,4278,2,441,19
23458,4278,8,1359,73
23459,4278,3,824,17
23460,4278,1,1056,157
23461,4279,9,1344,58
23462,4279,6,1086,142
23463,4279,4,1933,198
23464,4279,2,1036,185
23465,4279,1,348,9
23466,4279,10,401,101
23467,4279,7,1558,51
23468,4279,5,1415,181
23469,4280,1,1508,57
23470,4280,4,411,83
23471,4280,5,316,77
23472,4280,9,468,153
23473,4281,5,366,37
23474,4281,9,1445,39
23475,4281,6,195,156
23476,4281,4,1175,169
23477,4281,1,335,102
23478,4281,7,1159,31
23479,4281,10,1546,134
23480,4281,2,765,27
23481,4281,8,1776,72
23482,4281,3,15,0
23483,4282,9,194,63
23484,4282,8,1659,122
23485,4282,5,935,111
23486,4282,7,1774,36
23487,4282,6,1570,43
23488,4282,3,111,57
23489,4282,1,1881,104
23490,4282,4,1837,24
23491,4282,10,660,62
23492,4282,2,570,5
23493,4283,3,1006,134
23494,4283,10,758,0
23495,4283,9,1939,19
23496,4283,1,1908,69
23497,4284,5,857,127
23498,4285,1,1876,52
23499,4285,7,1499,58
23500,4285,9,1000,55
23501,4285,10,125,55
23502,4285,5,1820,6
23503,4285,3,534,87
23504,4285,8,707,143
23505,4285,4,824,186
23506,4286,7,424,16
23507,4286,8,1102,59
23508,4286,3,348,179
23509,4286,5,627,5
23510,4287,2,568,92
23511,4287,4,401,121
23512,4288,10,19,19
23513,4288,5,749,76
23514,4288,4,327,28
23515,4288,7,304,172
23516,4288,9,1043,104
23517,4288,2,370,75
23518,4289,5,209,183
23519,4290,4,730,66
23520,4290,9,1169,66
23521,4290,5,1461,178
23522,4290,2,508,192
23523,4290,3,204,159
23524,4290,8,1286,48
23525,4290,10,854,180
23526,4290,1,1184,118
23527,4290,6,315,135
23528,4290,7,1997,61
23529,4291,4,1031,146
23530,4291,5,575,43
23531,4291,9,465,28
23532,4291,2,400,127
23533,4291,8,170,133
23534,4292,9,1004,17
23535,4292,3,157,22
23536,4292,5,1073,81
23537,4292,2,635,110
23538,4292,7,857,143
23539,4292,10,1740,80
23540,4292,8,1648,185
23541,4292,6,502,178
23542,4293,2,1557,42
23543,4293,4,1687,186
23544,4294,10,904,75
23545,4294,5,1767,143
23546,4294,7,1172,78
23547,4294,2,322,28
23548,4294,8,1858,12
23549,4294,6,1008,145
23550,4294,1,824,129
23551,4294,9,793,3
23552,4295,5,1812,131
23553,4295,8,1720,189
23554,4295,6,869,38
23555,4295,9,643,93
23556,4295,7,1990,27
23557,4295,4,1616,49
23558,4295,2,133,131
23559,4295,10,1481,197
23560,4295,1,878,126
23561,4296,7,1513,15
23562,4296,3,1604,122
23563,4296,10,1121,22
23564,4296,2,99,74
23565,4296,6,253,199
23566,4296,8,1262,14
23567,4296,9,1311,8
23568,4296,4,23,16
23569,4297,6,1991,58
23570,4297,7,1881,19
23571,4297,8,192,64
23572,4297,2,1563,107
23573,4297,4,639,53
23574,4298,6,283,154
23575,4298,5,589,116
23576,4298,3,243,25
23577,4299,10,997,52
23578,4299,1,1442,29
23579,4299,7,925,141
23580,4299,3,735,46
23581,4299,8,1991,136
23582,4299,6,1154,113
23583,4299,4,303,177
23584,4299,5,321,193
23585,4299,2,1604,114
23586,4299,9,432,3
23587,4300,1,1799,11
23588,4300,4,1015,163
23589,4301,9,1321,60
23590,4301,4,601,59
23591,4301,8,1924,18
23592,4301,2,302,159
23593,4301,5,1591,118
23594,4301,7,1692,86
23595,4302,4,1784,133
23596,4302,1,1371,49
23597,4302,10,472,17
23598,4302,3,965,136
23599,4302,7,1693,73
23600,4302,9,1220,93
23601,4302,5,306,88
23602,4302,8,1561,100
23603,4303,3,460,35
23604,4303,10,1917,97
23605,4303,9,1940,19
23606,4303,8,1360,12
23607,4303,1,1827,94
23608,4303,2,1216,175
23609,4303,7,695,49
23610,4303,5,515,120
23611,4303,4,50,5
23612,4303,6,281,54
23613,4304,5,609,47
23614,4304,1,827,178
23615,4305,10,1734,0
23616,4305,7,1671,35
23617,4305,4,1034,76
23618,4306,10,1866,130
23619,4306,2,1152,52
23620,4306,8,117,59
23621,4306,5,879,21
23622,4306,3,544,20
23623,4307,4,1457,66
23624,4307,2,1422,162
23625,4307,8,1913,130
23626,4307,1,1582,74
23627,4307,6,767,184
23628,4307,9,1876,72
23629,4308,8,1106,76
23630,4308,6,1669,1
23631,4308,4,539,34
23632,4309,10,76,17
23633,4310,5,1558,29
23634,4310,4,1816,69
23635,4310,6,465,43
23636,4310,2,238,138
23637,4310,9,1500,139
23638,4311,5,529,157
23639,4311,3,1090,151
23640,4311,1,621,81
23641,4311,6,1538,109
23642,4311,10,1995,26
23643,4311,9,1193,126
23644,4311,8,567,97
23645,4312,4,187,36
23646,4313,10,1980,74
23647,4314,7,765,78
23648,4314,9,219,165
23649,4314,10,563,144
23650,4315,10,1319,151
23651,4315,9,1104,34
23652,4315,7,1219,54
23653,4316,9,1828,94
23654,4316,10,1213,124
23655,4316,3,530,182
23656,4316,4,1155,186
23657,4316,2,1708,71
23658,4316,6,1808,59
23659,4317,6,1353,182
23660,4317,3,877,6
23661,4317,5,1446,10
23662,4317,1,1786,79
23663,4317,9,582,57
23664,4318,10,887,53
23665,4318,3,1162,22
23666,4318,8,553,113
23667,4318,6,1562,44
23668,4319,6,1931,115
23669,4319,2,1652,7
23670,4319,10,1574,25
23671,4319,7,8,2
23672,4319,9,1488,20
23673,4319,5,1194,184
23674,4319,8,1701,140
23675,4319,4,1057,66
23676,4320,5,1457,140
23677,4320,2,321,59
23678,4320,6,202,91
23679,4320,7,1790,58
23680,4320,4,1908,142
23681,4321,4,1005,152
23682,4321,5,55,22
23683,4321,6,1139,148
23684,4321,1,782,92
23685,4321,7,1805,7
23686,4321,3,288,15
23687,4321,10,307,24
23688,4321,2,1908,103
23689,4322,10,133,26
23690,4323,8,12,2
23691,4324,4,1249,109
23692,4324,7,93,52
23693,4324,1,1976,129
23694,4325,5,513,195
23695,4325,7,1003,94
23696,4325,10,1790,112
23697,4325,6,548,80
23698,4325,8,860,114
23699,4325,3,167,38
23700,4325,9,265,185
23701,4326,3,1343,43
23702,4326,4,786,83
23703,4326,9,1606,24
23704,4326,8,691,141
23705,4326,10,985,107
23706,4326,7,360,91
23707,4327,4,294,121
23708,4327,6,456,112
23709,4327,1,1596,117
23710,4327,7,1279,145
23711,4327,3,1606,137
23712,4327,9,1141,93
23713,4327,5,1439,12
23714,4328,2,832,84
23715,4328,9,888,141
23716,4328,6,1647,190
23717,4329,2,1452,156
23718,4329,10,1605,8
23719,4329,1,1643,9
23720,4329,3,735,196
23721,4329,8,65,59
23722,4329,6,795,134
23723,4329,7,1248,30
23724,4329,5,1629,51
23725,4329,9,1637,167
23726,4329,4,965,59
23727,4330,5,1510,79
23728,4330,7,1005,0
23729,4330,8,1599,122
23730,4330,4,1657,1
23731,4330,6,55,36
23732,4331,10,1883,70
23733,4331,3,1585,82
23734,4331,7,619,143
23735,4332,6,1942,142
23736,4333,8,1392,135
23737,4333,3,1821,156
23738,4333,1,1775,197
23739,4334,6,176,97
23740,4334,2,1584,184
23741,4334,8,587,141
23742,4335,8,1954,94
23743,4335,2,1824,63
23744,4335,9,504,101
23745,4335,4,213,44
23746,4335,3,1406,89
23747,4335,7,1169,115
23748,4336,7,1198,64
23749,4336,6,598,105
23750,4336,3,39,38
23751,4336,10,1507,141
23752,4336,8,1625,34
23753,4336,2,1092,140
23754,4336,4,1092,123
23755,4336,9,676,12
23756,4337,3,1053,141
23757,4337,8,1647,49
23758,4338,8,1222,30
23759,4338,1,1869,64
23760,4338,10,1310,147
23761,4339,7,1937,58
23762,4339,3,1392,129
23763,4339,4,1473,170
23764,4339,8,1241,171
23765,4339,10,802,169
23766,4340,4,1313,143
23767,4340,3,1694,29
23768,4340,7,1844,12
23769,4340,8,45,30
23770,4340,5,634,90
23771,4340,10,859,46
23772,4340,2,337,177
23773,4340,6,708,174
23774,4340,9,1726,56
23775,4340,1,266,5
23776,4341,2,1897,95
23777,4341,8,1763,178
23778,4341,6,378,144
23779,4341,10,1875,160
23780,4342,5,498,31
23781,4342,1,303,189
23782,4343,4,1794,196
23783,4343,9,740,25
23784,4343,6,607,107
23785,4343,5,845,170
23786,4343,8,345,84
23787,4344,1,1181,33
23788,4344,8,73,49
23789,4344,9,754,130
23790,4344,3,1612,70
23791,4344,5,1524,44
23792,4344,10,612,23
23793,4344,2,1900,100
23794,4345,4,211,26
23795,4346,7,1100,18
23796,4347,9,1303,154
23797,4348,6,1148,159
23798,4348,5,354,72
23799,4348,3,1297,72
23800,4348,2,1335,164
23801,4348,10,1076,57
23802,4349,9,453,45
23803,4349,2,1818,13
23804,4349,3,661,12
23805,4349,8,506,96
23806,4349,6,789,162
23807,4349,4,1822,73
23808,4349,5,1620,90
23809,4349,1,1583,78
23810,4349,7,1182,44
23811,4350,8,1741,50
23812,4350,2,1702,44
23813,4350,5,1000,191
23814,4350,1,1656,2
23815,4351,1,1517,135
23816,4351,5,1149,90
23817,4351,7,1092,156
23818,4351,8,535,5
23819,4351,4,1801,189
23820,4351,3,1735,78
23821,4351,6,1852,135
23822,4351,9,779,29
23823,4351,10,545,61
23824,4352,2,616,40
23825,4352,1,743,81
23826,4352,7,940,174
23827,4352,10,694,178
23828,4352,3,1945,187
23829,4353,3,201,59
23830,4353,6,1741,112
23831,4353,7,428,112
23832,4354,8,802,101
23833,4354,10,815,182
23834,4354,5,591,3
23835,4354,4,140,93
23836,4354,1,1437,188
23837,4354,6,1163,91
23838,4354,2,1005,144
23839,4354,3,804,178
23840,4354,7,929,36
23841,4354,9,985,113
23842,4355,6,883,46
23843,4355,7,904,1
23844,4355,5,1743,61
23845,4355,8,1353,75
23846,4355,3,1781,176
23847,4355,10,1236,184
23848,4355,2,1825,198
23849,4355,1,934,166
23850,4356,8,95,63
23851,4356,1,1558,51
23852,4356,2,873,49
23853,4357,4,286,67
23854,4357,2,1947,35
23855,4358,2,839,144
23856,4358,5,709,9
23857,4358,8,998,155
23858,4358,9,1997,33
23859,4358,7,1585,30
23860,4358,1,400,16
23861,4358,4,1832,180
23862,4358,3,1432,17
23863,4358,10,1656,57
23864,4358,6,1617,58
23865,4359,6,1194,55
23866,4359,2,946,189
23867,4359,7,1278,199
23868,4360,5,1904,3
23869,4360,4,1182,173
23870,4360,3,245,62
23871,4360,9,1369,47
23872,4360,2,292,167
23873,4361,7,679,78
23874,4361,1,1085,126
23875,4361,5,1687,81
23876,4361,10,1583,126
23877,4362,8,1267,115
23878,4362,3,488,13
23879,4362,6,733,40
23880,4363,7,20,13
23881,4363,2,1498,35
23882,4363,4,1352,67
23883,4364,10,662,22
23884,4364,6,1030,15
23885,4365,6,55,36
23886,4365,1,1910,47
23887,4365,5,501,113
23888,4366,6,469,150
23889,4366,4,1235,116
23890,4366,1,1651,9
23891,4366,5,381,119
23892,4366,3,1087,40
23893,4366,8,1302,93
23894,4366,7,522,176
23895,4367,10,1625,180
23896,4368,2,1242,72
23897,4368,7,514,111
23898,4368,5,1438,14
23899,4368,10,1696,120
23900,4368,6,1815,156
23901,4369,7,435,21
23902,4370,9,1266,111
23903,4370,7,1401,130
23904,4370,4,943,71
23905,4370,2,1994,25
23906,4371,2,854,156
23907,4371,8,978,6
23908,4371,7,1552,79
23909,4372,10,891,83
23910,4372,5,495,39
23911,4372,8,1518,115
23912,4372,2,1978,6
23913,4373,8,864,15
23914,4374,5,1465,93
23915,4374,1,1497,45
23916,4374,9,134,110
23917,4374,3,1589,120
23918,4374,8,1318,169
23919,4374,7,1081,43
23920,4375,2,196,163
23921,4375,5,858,75
23922,4375,6,682,91
23923,4375,10,1333,44
23924,4375,4,576,92
23925,4375,9,625,32
23926,4375,3,641,77
23927,4375,8,968,93
23928,4376,5,350,52
23929,4376,3,1276,163
23930,4376,7,357,0
23931,4376,8,986,4
23932,4376,4,1568,132
23933,4376,9,1462,15
23934,4377,5,508,158
23935,4377,10,929,14
23936,4377,8,1878,167
23937,4377,7,926,138
23938,4377,9,1789,34
23939,4377,1,535,167
23940,4377,4,395,127
23941,4377,2,440,182
23942,4377,3,1679,187
23943,4377,6,345,75
23944,4378,1,1131,8
23945,4378,4,144,62
23946,4378,7,59,25
23947,4378,9,1296,144
23948,4378,5,1305,41
23949,4378,6,311,27
23950,4378,2,219,108
23951,4378,8,1216,145
23952,4379,1,317,167
23953,4379,6,1585,43
23954,4379,4,1883,140
23955,4379,7,1540,0
23956,4379,2,419,200
23957,4380,3,1378,46
23958,4380,10,666,124
23959,4380,1,1167,156
23960,4380,4,683,2
23961,4380,6,1090,80
23962,4381,4,1031,90
23963,4382,6,759,148
23964,4382,5,729,85
23965,4382,7,1619,194
23966,4382,10,1230,91
23967,4382,2,671,166
23968,4382,8,702,13
23969,4382,4,1728,152
23970,4382,3,1483,20
23971,4382,1,731,85
23972,4383,10,931,82
23973,4383,2,1573,188
23974,4383,6,637,187
23975,4384,8,88,32
23976,4384,7,469,28
23977,4384,1,1432,140
23978,4385,3,444,196
23979,4385,10,1210,165
23980,4385,8,405,146
23981,4386,5,256,195
23982,4386,7,440,174
23983,4386,3,356,76
23984,4386,2,624,38
23985,4386,9,44,11
23986,4386,1,635,136
23987,4386,10,407,127
23988,4387,9,381,67
23989,4387,4,1998,71
23990,4387,10,981,188
23991,4387,2,1922,80
23992,4387,5,1976,156
23993,4387,8,1081,0
23994,4387,7,1769,152
23995,4387,6,415,88
23996,4387,3,1264,194
23997,4387,1,1612,67
23998,4388,3,1750,41
23999,4388,6,950,114
24000,4388,8,882,148
24001,4388,5,1288,111
24002,4389,4,1266,67
24003,4390,8,1988,180
24004,4390,9,1173,189
24005,4390,4,607,114
24006,4390,6,778,157
24007,4390,1,1959,153
24008,4390,7,642,51
24009,4390,2,1943,36
24010,4390,10,279,54
24011,4390,5,414,148
24012,4390,3,979,104
24013,4391,8,128,112
24014,4391,6,511,46
24015,4392,2,1030,179
24016,4392,1,218,38
24017,4392,4,464,102
24018,4392,9,1528,121
24019,4393,4,1724,57
24020,4393,5,1108,146
24021,4393,8,1526,14
24022,4393,6,1727,66
24023,4393,2,1418,71
24024,4394,4,1477,116
24025,4394,2,36,19
24026,4394,1,677,112
24027,4394,8,1251,26
24028,4394,6,1057,9
24029,4395,2,1390,182
24030,4395,9,78,20
24031,4395,3,1331,171
24032,4395,4,1964,169
24033,4395,6,551,170
24034,4395,5,1277,2
24035,4395,1,112,15
24036,4395,7,1737,142
24037,4395,10,100,34
24038,4395,8,1635,61
24039,4396,9,834,140
24040,4396,3,1618,154
24041,4396,1,1652,133
24042,4396,4,1634,90
24043,4396,7,1414,118
24044,4396,6,1637,95
24045,4396,8,907,113
24046,4396,2,459,156
24047,4397,10,1631,188
24048,4397,9,1071,157
24049,4397,8,535,63
24050,4397,2,1212,94
24051,4397,3,1912,148
24052,4397,4,472,7
24053,4397,7,501,115
24054,4397,6,1586,176
24055,4397,1,1355,84
24056,4397,5,1668,88
24057,4398,10,785,163
24058,4398,8,460,74
24059,4398,2,1423,187
24060,4398,9,1953,149
24061,4398,1,905,154
24062,4398,7,1697,36
24063,4398,5,600,149
24064,4398,4,748,33
24065,4399,1,574,19
24066,4399,8,977,49
24067,4399,6,1405,148
24068,4399,4,1161,88
24069,4400,6,1226,88
24070,4400,2,1847,181
24071,4400,8,1082,43
24072,4400,7,1260,78
24073,4400,4,224,116
24074,4400,9,925,163
24075,4400,1,743,64
24076,4401,7,167,19
24077,4401,4,1769,152
24078,4401,5,222,161
24079,4401,2,230,175
24080,4401,9,1361,146
24081,4401,6,1419,19
24082,4402,9,1422,13
24083,4402,1,1452,181
24084,4402,10,1008,9
24085,4402,5,1437,159
24086,4402,8,1806,101
24087,4402,4,1918,33
24088,4402,3,592,46
24089,4402,2,775,23
24090,4403,1,537,112
24091,4403,3,1400,78
24092,4403,6,1462,184
24093,4403,8,901,117
24094,4403,10,82,40
24095,4403,5,1793,51
24096,4403,7,26,23
24097,4403,4,427,172
24098,4403,2,1414,58
24099,4403,9,142,116
24100,4404,2,1355,83
24101,4404,8,1335,127
24102,4404,3,1687,160
24103,4404,10,797,140
24104,4404,4,627,64
24105,4404,7,941,181
24106,4404,6,468,0
24107,4405,10,1643,7
24108,4405,7,68,34
24109,4405,2,1339,43
24110,4406,10,1059,168
24111,4406,9,1977,147
24112,4406,3,323,151
24113,4406,7,1033,56
24114,4406,1,1804,31
24115,4406,6,1350,57
24116,4406,2,1340,74
24117,4406,8,696,138
24118,4406,5,1778,1
24119,4406,4,1864,149
24120,4407,5,7,5
24121,4407,1,1836,47
24122,4407,3,1494,58
24123,4408,5,1889,65
24124,4409,3,779,150
24125,4409,10,403,144
24126,4409,8,199,130
24127,4409,7,1349,46
24128,4410,2,1776,99
24129,4410,7,454,146
24130,4410,5,1937,43
24131,4411,10,1123,115
24132,4411,5,991,118
24133,4411,6,742,29
24134,4411,8,45,39
24135,4411,2,1726,94
24136,4411,4,1484,29
24137,4411,3,1548,130
24138,4411,9,591,100
24139,4411,7,1128,63
24140,4412,10,684,184
24141,4412,5,225,53
24142,4412,4,540,97
24143,4412,3,1429,114
24144,4412,8,1906,106
24145,4413,1,53,51
24146,4413,8,80,56
24147,4413,6,1060,41
24148,4413,5,1357,165
24149,4413,3,1978,187
24150,4414,2,269,155
24151,4414,10,228,165
24152,4414,4,1070,38
24153,4414,6,809,174
24154,4414,3,1901,169
24155,4414,1,1011,97
24156,4415,3,960,198
24157,4416,10,639,54
24158,4416,1,711,56
24159,4416,5,92,6
24160,4416,7,1083,16
24161,4416,3,414,148
24162,4417,2,35,23
24163,4417,8,1271,81
24164,4418,2,1100,199
24165,4418,6,746,89
24166,4419,10,773,186
24167,4419,4,169,12
24168,4419,9,1662,15
24169,4419,5,1804,96
24170,4419,1,386,11
24171,4419,7,782,72
24172,4419,3,1143,34
24173,4419,8,193,52
24174,4420,4,1023,68
24175,4420,10,560,34
24176,4420,3,814,13
24177,4421,2,589,3
24178,4421,8,570,109
24179,4421,5,1051,98
24180,4421,4,63,5
24181,4421,6,1420,36
24182,4421,9,642,79
24183,4422,4,671,5
24184,4422,2,1086,114
24185,4422,6,107,18
24186,4422,7,1887,78
24187,4422,9,841,137
24188,4422,10,1510,54
24189,4423,3,1119,54
24190,4423,6,932,4
24191,4423,8,1357,183
24192,4423,7,1763,30
24193,4423,10,874,116
24194,4423,2,648,175
24195,4423,1,564,124
24196,4423,5,1526,66
24197,4423,4,919,180
24198,4423,9,1121,162
24199,4424,5,493,152
24200,4424,1,1658,146
24201,4424,4,88,32
24202,4424,2,1019,0
24203,4424,8,1513,82
24204,4424,10,682,19
24205,4424,9,760,5
24206,4424,6,1197,55
24207,4424,3,1761,188
24208,4425,2,1907,181
24209,4425,4,1303,96
24210,4425,7,1479,91
24211,4425,8,1715,20
24212,4426,10,1086,108
24213,4426,9,144,34
24214,4426,3,874,12
24215,4427,1,689,38
24216,4427,4,416,88
24217,4427,3,142,58
24218,4427,7,1791,108
24219,4427,2,1954,92
24220,4427,5,523,142
24221,4427,6,552,141
24222,4427,10,1295,46
24223,4427,9,1206,120
24224,4428,10,1674,10
24225,4428,2,189,18
24226,4428,9,580,178
24227,4428,4,639,34
24228,4428,7,911,133
24229,4429,6,179,12
24230,4429,10,589,63
24231,4429,9,1574,20
24232,4429,2,1560,51
24233,4430,1,782,129
24234,4430,4,80,62
24235,4431,10,390,6
24236,4431,4,381,100
24237,4431,9,1706,103
24238,4431,6,1652,173
24239,4431,1,1870,38
24240,4431,8,996,113
24241,4431,3,1533,187
24242,4431,2,1085,112
24243,4431,5,1567,161
24244,4432,4,864,136
24245,4432,1,1426,161
24246,4432,8,524,91
24247,4432,5,805,94
24248,4432,2,808,111
24249,4432,3,235,176
24250,4432,6,1802,50
24251,4432,9,541,63
24252,4433,3,1791,105
24253,4433,5,1344,165
24254,4433,8,1914,145
24255,4433,6,1619,146
24256,4434,9,1596,134
24257,4434,3,1689,170
24258,4434,5,555,165
24259,4434,2,1517,7
24260,4434,6,417,41
24261,4435,9,755,31
24262,4435,8,1218,167
24263,4435,7,1128,52
24264,4435,1,449,173
24265,4435,5,1491,123
24266,4435,10,1902,43
24267,4435,2,21,21
24268,4435,4,1012,41
24269,4436,8,44,3
24270,4436,10,276,177
24271,4436,6,122,22
24272,4436,1,1366,90
24273,4436,9,371,195
24274,4436,4,13,0
24275,4436,2,984,103
24276,4436,7,1817,34
24277,4436,5,1762,21
24278,4437,4,1184,121
24279,4437,6,1444,168
24280,4437,9,894,141
24281,4437,8,1115,81
24282,4438,10,719,187
24283,4438,2,1994,13
24284,4438,4,237,38
24285,4438,5,296,78
24286,4438,8,960,88
24287,4439,6,1553,31
24288,4439,9,482,45
24289,4439,7,1868,143
24290,4439,1,1954,175
24291,4439,5,230,116
24292,4439,2,1734,89
24293,4439,10,1210,34
24294,4439,4,1412,75
24295,4440,9,1938,188
24296,4440,5,1337,2
24297,4440,6,413,62
24298,4440,10,523,37
24299,4440,8,1162,107
24300,4441,5,349,65
24301,4441,2,131,107
24302,4441,3,165,67
24303,4441,9,175,130
24304,4441,7,353,159
24305,4441,10,765,172
24306,4441,6,1469,60
24307,4441,1,1371,41
24308,4441,4,1106,110
24309,4442,5,856,72
24310,4442,10,1089,5
24311,4443,4,1792,142
24312,4443,1,504,60
24313,4443,8,547,0
24314,4443,3,573,47
24315,4443,6,160,47
24316,4444,10,1331,193
24317,4444,2,810,76
24318,4444,7,1692,153
24319,4444,5,1634,80
24320,4444,3,1783,106
24321,4444,4,1852,115
24322,4444,1,1471,66
24323,4444,9,1385,144
24324,4445,9,1594,148
24325,4445,5,1689,62
24326,4445,2,577,123
24327,4445,3,1640,60
24328,4445,10,1572,9
24329,4446,2,1067,58
24330,4446,9,1762,58
24331,4446,7,1133,108
24332,4446,4,1208,41
24333,4446,5,435,67
24334,4446,10,1144,14
24335,4446,1,1651,62
24336,4447,4,1188,85
24337,4447,3,650,8
24338,4448,9,99,25
24339,4448,1,271,14
24340,4448,2,1782,13
24341,4448,10,661,119
24342,4448,3,1127,70
24343,4448,8,1620,194
24344,4449,6,1896,119
24345,4449,4,1304,145
24346,4449,3,471,43
24347,4449,9,729,36
24348,4449,1,1964,129
24349,4449,8,285,183
24350,4449,5,534,105
24351,4450,3,14,9
24352,4450,9,756,88
24353,4450,4,47,14
24354,4450,8,263,142
24355,4450,5,945,101
24356,4451,1,474,143
24357,4451,3,1152,191
24358,4451,5,469,154
24359,4452,1,1976,57
24360,4452,4,858,44
24361,4452,8,1314,22
24362,4452,5,1902,39
24363,4452,6,1469,79
24364,4452,2,1765,57
24365,4452,3,1095,163
24366,4453,3,294,127
24367,4453,8,809,25
24368,4453,2,1621,38
24369,4453,4,649,101
24370,4453,9,135,118
24371,4454,2,497,87
24372,4454,10,1562,111
24373,4454,7,265,87
24374,4454,3,1989,125
24375,4454,4,1332,130
24376,4454,5,227,192
24377,4454,6,1850,103
24378,4455,8,466,115
24379,4455,3,1416,78
24380,4455,1,1610,62
24381,4456,1,724,114
24382,4456,2,1170,87
24383,4456,6,1405,112
24384,4456,7,417,37
24385,4457,2,1060,104
24386,4457,1,405,118
24387,4457,6,1183,64
24388,4457,4,918,68
24389,4457,10,1029,109
24390,4457,9,275,147
24391,4457,8,944,161
24392,4457,7,1553,157
24393,4457,3,261,138
24394,4457,5,559,80
24395,4458,8,1388,198
24396,4458,1,564,152
24397,4458,9,1679,64
24398,4458,6,658,173
24399,4458,2,597,129
24400,4458,3,1111,54
24401,4459,1,911,76
24402,4459,5,1900,27
24403,4459,6,1104,168
24404,4459,2,1411,121
24405,4459,3,127,61
24406,4459,10,1772,187
24407,4460,3,1156,198
24408,4460,1,1213,170
24409,4460,8,1614,48
24410,4461,7,819,64
24411,4461,8,1749,79
24412,4461,10,1487,116
24413,4461,1,485,54
24414,4461,4,1776,86
24415,4462,2,1053,71
24416,4462,10,1831,43
24417,4463,4,1385,93
24418,4463,2,417,34
24419,4463,10,1936,124
24420,4463,5,119,95
24421,4463,9,744,2
24422,4463,8,1716,12
24423,4463,1,746,24
24424,4463,6,1292,91
24425,4464,4,754,182
24426,4464,5,1683,22
24427,4464,8,1735,193
24428,4464,10,135,46
24429,4465,7,1687,123
24430,4465,6,678,172
24431,4465,10,698,134
24432,4465,8,1736,164
24433,4466,7,453,46
24434,4467,2,1279,95
24435,4467,1,1948,64
24436,4467,9,1716,3
24437,4467,10,1549,195
24438,4467,6,1855,121
24439,4467,7,1577,8
24440,4467,4,826,19
24441,4467,5,653,106
24442,4468,7,314,21
24443,4468,2,1218,103
24444,4469,10,1078,136
24445,4469,9,1922,160
24446,4469,3,1733,33
24447,4469,5,1406,200
24448,4469,6,1544,72
24449,4469,2,1034,140
24450,4470,5,1957,104
24451,4470,3,1815,160
24452,4470,10,1218,110
24453,4470,8,1616,195
24454,4470,1,744,170
24455,4470,6,1453,193
24456,4470,2,1860,33
24457,4471,7,10,10
24458,4471,9,1987,175
24459,4471,10,1367,190
24460,4471,4,467,55
24461,4472,2,158,47
24462,4472,10,1140,172
24463,4472,4,452,86
24464,4472,3,1610,121
24465,4472,7,134,17
24466,4472,9,1891,119
24467,4472,6,1735,13
24468,4473,1,1379,23
24469,4473,6,611,196
24470,4473,2,453,173
24471,4473,10,1991,85
24472,4473,9,585,196
24473,4473,4,1567,198
24474,4473,8,190,111
24475,4473,5,1782,45
24476,4473,3,1324,12
24477,4473,7,1974,33
24478,4474,1,789,113
24479,4474,6,1376,17
24480,4474,7,1256,164
24481,4474,3,1873,20
24482,4475,9,1150,83
24483,4475,7,1404,58
24484,4475,3,320,68
24485,4475,8,1917,30
24486,4475,10,692,33
24487,4475,4,1936,130
24488,4476,9,892,48
24489,4476,5,161,123
24490,4476,8,1307,36
24491,4477,9,480,33
24492,4477,5,277,123
24493,4477,7,235,58
24494,4478,5,470,106
24495,4478,6,567,23
24496,4478,3,698,91
24497,4478,1,1546,19
24498,4478,2,372,79
24499,4478,9,989,29
24500,4478,7,1287,151
24501,4478,10,206,63
24502,4478,4,1305,31
24503,4478,8,41,21
24504,4479,2,1227,193
24505,4479,10,1394,68
24506,4480,6,1544,59
24507,4480,4,1006,170
24508,4480,10,1424,73
24509,4480,1,1642,196
24510,4480,3,611,163
24511,4480,8,1577,176
24512,4480,9,1241,158
24513,4480,7,696,126
24514,4480,5,265,29
24515,4480,2,1060,199
24516,4481,10,961,77
24517,4481,9,1201,99
24518,4481,2,612,173
24519,4481,3,1309,125
24520,4481,6,1999,53
24521,4481,1,580,186
24522,4481,7,586,91
24523,4482,8,1316,189
24524,4482,3,358,131
24525,4482,2,329,166
24526,4482,6,837,118
24527,4482,9,827,137
24528,4482,4,1854,39
24529,4482,10,560,120
24530,4482,1,1345,35
24531,4483,1,1096,131
24532,4483,9,220,37
24533,4483,3,789,175
24534,4483,6,1181,197
24535,4483,4,1442,180
24536,4483,5,178,67
24537,4483,10,870,94
24538,4484,9,1823,125
24539,4484,10,1787,99
24540,4484,6,1202,128
24541,4484,8,1430,2
24542,4484,7,1171,120
24543,4484,3,1991,25
24544,4484,1,1629,103
24545,4484,4,1363,84
24546,4484,2,1447,180
24547,4484,5,1111,51
24548,4485,8,1108,192
24549,4485,3,1731,94
24550,4486,6,1397,3
24551,4486,7,1694,45
24552,4486,10,102,29
24553,4486,4,1625,151
24554,4486,1,416,48
24555,4486,2,541,82
24556,4486,3,880,129
24557,4486,9,1916,117
24558,4486,5,859,75
24559,4486,8,1580,52
24560,4487,2,908,2
24561,4487,9,88,64
24562,4487,7,1768,185
24563,4488,8,578,84
24564,4488,1,1940,39
24565,4488,3,731,19
24566,4488,5,756,69
24567,4488,10,576,188
24568,4488,4,1757,93
24569,4489,1,1091,104
24570,4490,7,785,44
24571,4490,3,1633,185
24572,4490,5,27,19
24573,4490,8,1554,172
24574,4490,9,1438,193
24575,4490,6,712,56
24576,4490,1,438,122
24577,4490,10,1550,18
24578,4490,2,1482,122
24579,4491,10,1194,161
24580,4491,6,763,10
24581,4492,9,414,96
24582,4492,4,289,126
24583,4492,1,1061,29
24584,4492,8,494,155
24585,4492,6,1210,97
24586,4492,10,898,174
24587,4492,7,1601,141
24588,4492,5,567,94
24589,4492,2,1994,41
24590,4492,3,79,29
24591,4493,4,1360,107
24592,4493,6,221,92
24593,4493,5,85,35
24594,4493,3,534,76
24595,4493,1,1913,85
24596,4493,9,211,62
24597,4493,2,11,2
24598,4493,8,37,30
24599,4493,7,1195,137
24600,4493,10,896,69
24601,4494,2,1350,57
24602,4494,10,835,23
24603,4494,9,22,15
24604,4495,2,1433,127
24605,4495,1,708,155
24606,4495,7,1798,64
24607,4495,8,169,159
24608,4496,2,1463,5
24609,4496,8,450,38
24610,4496,10,342,34
24611,4496,9,816,38
24612,4496,7,733,155
24613,4496,5,12,12
24614,4496,1,1081,180
24615,4496,3,1079,14
24616,4497,5,10,7
24617,4497,7,417,102
24618,4497,3,1765,102
24619,4497,1,226,2
24620,4497,6,1550,84
24621,4497,2,326,195
24622,4498,8,134,84
24623,4498,5,186,7
24624,4498,3,467,79
24625,4498,6,1423,48
24626,4499,10,377,113
24627,4500,2,1655,185
24628,4500,7,1116,191
24629,4500,3,1641,32
24630,4500,8,1833,191
24631,4500,1,307,150
24632,4500,6,1218,3
24633,4500,4,552,126
24634,4501,10,54,37
24635,4501,3,1028,194
24636,4501,7,1099,136
24637,4501,5,413,113
24638,4501,1,1773,162
24639,4501,9,817,172
24640,4501,4,1452,161
24641,4501,2,1321,175
24642,4502,9,153,108
24643,4502,8,1402,85
24644,4502,10,1645,59
24645,4502,3,1244,109
24646,4502,1,763,199
24647,4502,6,1792,37
24648,4503,2,132,74
24649,4503,9,263,185
24650,4503,7,1121,3
24651,4503,3,1586,28
24652,4503,5,1979,55
24653,4503,1,1662,45
24654,4503,4,1890,155
24655,4504,10,190,41
24656,4504,4,1509,147
24657,4505,9,1450,151
24658,4505,3,1313,41
24659,4505,4,1102,89
24660,4505,5,652,47
24661,4505,8,838,129
24662,4505,6,919,158
24663,4505,2,495,158
24664,4506,7,970,110
24665,4506,5,1047,191
24666,4507,8,441,8
24667,4507,2,1121,6
24668,4507,6,1609,127
24669,4507,4,216,157
24670,4507,10,1430,174
24671,4508,3,1225,38
24672,4508,7,176,121
24673,4508,5,966,97
24674,4508,2,1188,190
24675,4508,6,120,20
24676,4508,8,1040,102
24677,4509,6,1140,68
24678,4509,1,22,14
24679,4509,3,1443,62
24680,4509,4,1197,23
24681,4509,2,180,89
24682,4509,5,633,148
24683,4509,10,412,174
24684,4509,9,1164,35
24685,4509,8,24,18
24686,4509,7,491,168
24687,4510,4,503,190
24688,4510,2,356,114
24689,4510,9,784,101
24690,4510,1,802,135
24691,4510,3,476,0
24692,4510,7,1021,156
24693,4510,5,1838,24
24694,4511,5,146,122
24695,4511,9,1065,102
24696,4511,3,994,176
24697,4511,4,146,100
24698,4511,2,1343,131
24699,4511,10,769,38
24700,4511,1,1827,131
24701,4511,8,1086,106
24702,4511,6,101,16
24703,4512,9,1757,36
24704,4513,2,505,135
24705,4513,1,1118,48
24706,4513,5,994,172
24707,4513,8,1441,185
24708,4514,9,1056,79
24709,4514,3,468,116
24710,4514,10,1890,118
24711,4515,4,324,196
24712,4515,5,1785,15
24713,4515,8,748,4
24714,4515,1,326,198
24715,4515,3,811,54
24716,4515,7,694,5
24717,4515,6,586,123
24718,4515,9,1003,80
24719,4515,2,457,178
24720,4516,5,1762,84
24721,4516,4,1259,46
24722,4516,9,1698,148
24723,4516,6,1420,152
24724,4516,3,935,173
24725,4516,2,588,71
24726,4516,10,1546,70
24727,4516,1,788,75
24728,4517,7,478,70
24729,4518,5,1674,54
24730,4518,8,1471,139
24731,4518,4,1422,103
24732,4518,2,1646,46
24733,4518,10,609,0
24734,4519,1,1428,39
24735,4519,6,631,25
24736,4520,9,1258,5
24737,4520,10,1411,182
24738,4520,5,1285,3
24739,4520,4,1738,186
24740,4520,6,306,45
24741,4520,3,808,162
24742,4520,2,1721,105
24743,4520,8,558,186
24744,4521,5,623,192
24745,4521,10,633,62
24746,4521,2,1722,122
24747,4521,8,1222,69
24748,4522,1,1783,136
24749,4522,4,1227,117
24750,4522,2,1320,25
24751,4522,8,33,1
24752,4522,6,1068,54
24753,4522,3,1573,84
24754,4523,4,97,42
24755,4523,8,678,8
24756,4523,2,565,151
24757,4523,5,493,84
24758,4523,10,939,171
24759,4523,1,393,200
24760,4523,9,1774,155
24761,4523,3,668,33
24762,4523,7,1571,197
24763,4523,6,1432,187
24764,4524,3,1536,109
24765,4524,9,1890,41
24766,4524,6,538,113
24767,4524,1,77,42
24768,4524,10,1173,12
24769,4524,7,203,173
24770,4524,5,535,132
24771,4524,2,1140,93
24772,4524,8,1508,79
24773,4525,5,1139,34
24774,4525,2,1238,72
24775,4526,9,44,4
24776,4526,3,930,146
24777,4526,6,278,152
24778,4526,1,1139,153
24779,4526,5,1965,175
24780,4526,4,1413,36
24781,4526,10,1118,115
24782,4526,8,1812,59
24783,4526,7,1394,180
24784,4527,3,319,34
24785,4527,10,655,148
24786,4527,4,664,72
24787,4527,7,1917,70
24788,4528,5,1660,7
24789,4528,6,1677,30
24790,4528,8,1587,173
24791,4529,2,694,158
24792,4529,5,1166,149
24793,4529,7,903,107
24794,4530,6,1482,16
24795,4530,1,976,191
24796,4530,4,1574,110
24797,4530,2,471,186
24798,4531,7,274,64
24799,4531,8,1762,128
24800,4531,1,509,170
24801,4531,10,1575,26
24802,4531,2,695,56
24803,4531,9,1674,177
24804,4531,6,1096,176
24805,4531,5,726,18
24806,4532,5,849,114
24807,4532,7,1693,58
24808,4533,1,1523,14
24809,4533,7,874,165
24810,4533,3,1312,161
24811,4533,4,559,146
24812,4533,2,180,40
24813,4534,1,1383,83
24814,4534,3,1074,113
24815,4534,7,1301,137
24816,4534,5,1373,199
24817,4534,9,5,2
24818,4534,2,1409,175
24819,4534,10,1112,197
24820,4534,4,821,73
24821,4535,7,1796,139
24822,4535,8,96,28
24823,4536,3,781,114
24824,4536,9,230,58
24825,4536,2,1640,36
24826,4536,5,1007,105
24827,4536,7,1446,187
24828,4537,3,0,0
24829,4537,8,1392,151
24830,4537,4,1763,194
24831,4537,9,226,165
24832,4537,10,1281,85
24833,4537,2,85,41
24834,4537,6,156,80
24835,4537,1,902,94
24836,4537,5,1003,161
24837,4537,7,197,38
24838,4538,2,1066,114
24839,4538,6,387,166
24840,4539,9,395,48
24841,4539,8,1128,77
24842,4539,5,1694,99
24843,4539,4,1141,69
24844,4539,7,1749,178
24845,4539,1,718,77
24846,4539,10,358,78
24847,4539,6,1392,81
24848,4539,3,1331,127
24849,4539,2,1487,138
24850,4540,7,382,3
24851,4540,2,106,75
24852,4540,10,1755,156
24853,4540,6,1996,138
24854,4540,4,495,118
24855,4540,5,1875,134
24856,4540,1,903,45
24857,4540,3,808,144
24858,4541,1,1346,151
24859,4541,5,356,112
24860,4541,7,269,187
24861,4541,4,422,7
24862,4541,3,37,3
24863,4542,5,416,73
24864,4542,1,1008,129
24865,4542,4,1790,34
24866,4542,9,999,109
24867,4542,3,899,152
24868,4543,10,1294,21
24869,4543,5,539,90
24870,4543,7,273,17
24871,4543,9,1646,8
24872,4543,2,1121,131
24873,4543,8,1258,8
24874,4543,3,1068,32
24875,4544,3,1500,1
24876,4545,9,1853,170
24877,4545,2,1008,151
24878,4545,8,64,41
24879,4545,6,1685,124
24880,4545,10,599,114
24881,4545,1,222,138
24882,4545,3,610,21
24883,4545,7,616,199
24884,4545,5,883,173
24885,4545,4,619,110
24886,4546,9,973,189
24887,4546,5,130,98
24888,4547,7,39,14
24889,4547,3,581,101
24890,4547,6,732,81
24891,4547,5,683,147
24892,4547,4,1889,24
24893,4547,8,1836,91
24894,4547,2,1240,138
24895,4548,4,1193,129
24896,4548,1,1046,175
24897,4548,2,1948,37
24898,4548,10,1660,81
24899,4548,9,1827,154
24900,4548,3,179,17
24901,4548,7,55,3
24902,4548,5,42,36
24903,4548,8,12,1
24904,4549,10,973,163
24905,4549,2,459,144
24906,4550,10,1632,162
24907,4550,3,636,122
24908,4550,1,834,7
24909,4550,6,30,6
24910,4550,4,732,61
24911,4550,2,372,56
24912,4550,9,1813,40
24913,4550,8,750,9
24914,4550,5,19,12
24915,4551,4,672,117
24916,4551,3,857,149
24917,4551,7,357,36
24918,4551,1,1402,103
24919,4551,5,1530,101
24920,4552,1,656,103
24921,4552,6,1333,55
24922,4552,2,525,20
24923,4552,9,1334,11
24924,4552,8,882,102
24925,4552,7,451,107
24926,4552,10,1599,58
24927,4552,3,1371,129
24928,4552,4,200,171
24929,4553,1,1945,157
24930,4553,6,1601,83
24931,4553,2,845,62
24932,4553,4,1011,185
24933,4553,7,379,139
24934,4553,9,818,183
24935,4553,3,1654,191
24936,4554,3,1997,78
24937,4554,8,881,48
24938,4554,10,923,127
24939,4554,2,664,17
24940,4554,6,949,151
24941,4554,4,971,192
24942,4554,7,257,84
24943,4554,1,1359,157
24944,4555,1,1772,64
24945,4555,2,1014,39
24946,4555,7,1808,162
24947,4555,3,641,110
24948,4555,6,1520,93
24949,4555,9,907,21
24950,4555,8,690,157
24951,4555,5,464,107
24952,4556,2,409,139
24953,4556,1,420,124
24954,4556,10,743,92
24955,4556,6,657,48
24956,4556,9,1609,119
24957,4557,8,200,69
24958,4557,9,218,113
24959,4558,1,565,191
24960,4558,9,302,157
24961,4558,5,1473,12
24962,4558,3,196,146
24963,4558,6,1617,28
24964,4558,2,421,37
24965,4558,7,1862,97
24966,4558,10,877,17
24967,4558,8,1920,144
24968,4559,6,424,28
24969,4559,5,1038,17
24970,4559,1,826,63
24971,4560,9,1520,145
24972,4560,5,508,154
24973,4560,3,812,200
24974,4560,2,1514,55
24975,4560,10,1984,54
24976,4560,1,1117,17
24977,4561,10,1864,198
24978,4561,1,1425,183
24979,4562,2,1023,114
24980,4562,6,1622,91
24981,4562,3,1001,190
24982,4563,3,469,94
24983,4563,9,1719,164
24984,4563,8,998,84
24985,4563,4,82,61
24986,4563,7,1073,67
24987,4564,8,1276,156
24988,4565,9,90,18
24989,4565,10,1002,66
24990,4565,5,281,34
24991,4565,3,743,57
24992,4566,5,304,132
24993,4566,3,1988,192
24994,4566,2,1834,54
24995,4566,1,1852,139
24996,4566,4,992,170
24997,4566,7,497,13
24998,4566,9,252,113
24999,4566,6,1923,39
25000,4566,10,309,96
25001,4567,8,1166,114
25002,4567,9,1868,3
25003,4567,6,325,81
25004,4567,5,1686,142
25005,4567,4,1927,29
25006,4568,7,1387,148
25007,4568,3,1173,119
25008,4568,10,439,102
25009,4568,4,752,166
25010,4568,1,1874,38
25011,4568,2,1211,16
25012,4568,5,936,81
25013,4568,9,1727,187
25014,4568,8,518,121
25015,4569,4,1843,35
25016,4569,7,341,89
25017,4569,5,1473,27
25018,4569,1,1236,122
25019,4569,8,391,43
25020,4569,2,121,16
25021,4569,3,1026,52
25022,4569,6,1267,185
25023,4569,9,1027,12
25024,4570,1,1124,147
25025,4570,10,1883,161
25026,4570,6,417,62
25027,4571,5,1749,74
25028,4571,10,1432,160
25029,4571,4,1775,31
25030,4571,1,1660,185
25031,4571,8,1786,107
25032,4571,3,544,0
25033,4571,6,1934,171
25034,4572,6,1511,81
25035,4572,8,1496,49
25036,4572,1,1365,154
25037,4572,4,1846,75
25038,4572,10,308,121
25039,4572,2,305,192
25040,4573,6,1532,42
25041,4573,3,538,67
25042,4573,2,490,118
25043,4574,9,569,65
25044,4574,1,383,30
25045,4574,3,1096,84
25046,4574,6,1707,143
25047,4574,2,901,174
25048,4574,7,1002,105
25049,4574,10,1604,73
25050,4575,6,1472,124
25051,4575,4,1411,10
25052,4575,2,690,27
25053,4575,9,1929,51
25054,4575,8,785,35
25055,4575,5,1400,63
25056,4575,10,1796,132
25057,4575,1,990,150
25058,4576,8,699,115
25059,4576,7,281,45
25060,4576,4,1433,83
25061,4576,9,425,119
25062,4576,6,1749,33
25063,4577,6,1088,17
25064,4577,10,823,80
25065,4577,5,1960,40
25066,4577,7,988,8
25067,4578,8,992,109
25068,4578,2,500,136
25069,4578,1,1654,98
25070,4579,4,93,44
25071,4579,5,1170,60
25072,4579,9,1583,103
25073,4579,10,1205,71
25074,4579,3,157,121
25075,4579,6,329,48
25076,4580,9,1609,10
25077,4581,6,1740,109
25078,4582,7,1658,197
25079,4582,3,962,141
25080,4582,4,1428,182
25081,4582,8,995,42
25082,4582,2,646,189
25083,4582,6,736,83
25084,4582,9,290,110
25085,4582,10,429,168
25086,4582,1,670,56
25087,4582,5,873,37
25088,4583,6,1299,139
25089,4584,7,143,106
25090,4584,9,743,108
25091,4584,1,596,18
25092,4584,8,1037,102
25093,4584,6,226,11
25094,4584,5,1560,179
25095,4584,3,64,51
25096,4585,10,532,199
25097,4585,4,1030,120
25098,4585,6,791,104
25099,4585,3,905,140
25100,4585,5,914,88
25101,4585,7,740,10
25102,4585,1,1857,101
25103,4585,2,1649,38
25104,4586,9,1796,179
25105,4586,8,1778,160
25106,4586,2,1612,16
25107,4586,6,1556,146
25108,4586,10,1951,131
25109,4586,5,1712,183
25110,4587,10,1726,22
25111,4587,1,1673,96
25112,4588,10,1938,178
25113,4588,2,886,8
25114,4588,8,527,134
25115,4588,9,1649,109
25116,4588,6,1172,36
25117,4588,7,916,82
25118,4589,2,141,29
25119,4589,4,329,123
25120,4589,3,315,138
25121,4589,8,180,152
25122,4590,8,1080,169
25123,4590,6,1078,34
25124,4590,3,1581,41
25125,4590,9,319,109
25126,4590,5,1932,45
25127,4590,7,292,64
25128,4590,10,1677,21
25129,4590,1,1280,7
25130,4590,2,308,15
25131,4591,6,978,163
25132,4591,7,1658,32
25133,4591,10,1186,168
25134,4591,3,1111,18
25135,4591,9,1977,138
25136,4591,5,1534,151
25137,4591,2,611,116
25138,4591,4,1079,86
25139,4591,1,1368,39
25140,4591,8,1574,165
25141,4592,8,1490,22
25142,4592,5,126,1
25143,4592,6,1589,107
25144,4592,2,464,57
25145,4592,9,1146,159
25146,4592,7,70,48
25147,4592,3,1492,32
25148,4592,1,228,127
25149,4593,9,371,120
25150,4594,8,134,122
25151,4594,3,1396,144
25152,4594,1,145,95
25153,4594,9,790,193
25154,4594,5,1312,49
25155,4594,6,594,190
25156,4595,2,1823,177
25157,4596,2,1420,154
25158,4596,6,1913,114
25159,4596,3,479,43
25160,4596,5,221,183
25161,4596,10,589,175
25162,4597,5,1707,101
25163,4597,10,1221,175
25164,4598,1,975,144
25165,4598,3,1703,158
25166,4598,6,68,34
25167,4598,10,1099,130
25168,4598,2,1497,200
25169,4598,9,682,187
25170,4599,9,515,173
25171,4599,1,99,23
25172,4599,7,479,193
25173,4599,5,983,127
25174,4599,6,585,48
25175,4599,3,1805,110
25176,4599,8,736,18
25177,4599,4,1944,21
25178,4599,10,1302,73
25179,4599,2,836,80
25180,4600,3,297,114
25181,4600,6,54,45
25182,4600,7,62,6
25183,4600,4,1197,145
25184,4600,2,36,5
25185,4600,10,183,90
25186,4600,5,1819,35
25187,4600,9,536,198
25188,4601,3,1182,29
25189,4601,10,1780,14
25190,4601,4,978,9
25191,4601,8,312,158
25192,4602,3,1319,178
25193,4602,4,19,12
25194,4602,2,1145,183
25195,4602,8,203,91
25196,4602,1,37,37
25197,4602,6,271,184
25198,4602,5,257,81
25199,4602,9,1486,67
25200,4602,10,1167,7
25201,4602,7,6,4
25202,4603,3,71,29
25203,4603,2,830,3
25204,4603,7,1125,121
25205,4603,8,979,20
25206,4604,4,1358,44
25207,4604,10,1605,58
25208,4605,5,164,4
25209,4605,8,1898,57
25210,4605,10,847,146
25211,4605,6,720,56
25212,4606,3,1098,155
25213,4606,2,302,176
25214,4606,6,222,92
25215,4606,9,1173,67
25216,4606,4,1794,159
25217,4606,10,824,60
25218,4607,8,997,65
25219,4607,1,1653,120
25220,4607,4,847,135
25221,4608,3,730,192
25222,4608,10,54,52
25223,4608,2,1071,120
25224,4609,6,401,33
25225,4609,2,1659,161
25226,4609,10,1905,97
25227,4609,9,121,64
25228,4609,1,169,141
25229,4609,5,59,13
25230,4609,4,217,120
25231,4609,8,1806,111
25232,4610,5,813,87
25233,4610,10,1208,107
25234,4610,2,1751,189
25235,4610,6,1971,101
25236,4610,4,56,9
25237,4611,2,1490,120
25238,4611,9,1570,182
25239,4611,8,983,48
25240,4611,4,772,8
25241,4612,5,1648,18
25242,4612,6,1235,106
25243,4612,1,884,47
25244,4612,8,1721,111
25245,4612,3,1029,67
25246,4612,9,814,150
25247,4613,2,973,119
25248,4614,6,1697,54
25249,4614,7,1676,6
25250,4614,5,1924,168
25251,4614,1,1981,182
25252,4615,7,1135,84
25253,4616,9,54,32
25254,4616,2,65,1
25255,4616,1,946,2
25256,4616,10,1459,190
25257,4616,8,180,25
25258,4616,3,792,27
25259,4616,4,1044,167
25260,4617,2,362,158
25261,4618,5,1439,36
25262,4619,8,201,64
25263,4619,1,850,16
25264,4619,2,540,109
25265,4619,10,1781,108
25266,4619,7,743,159
25267,4619,4,934,119
25268,4619,3,693,47
25269,4620,1,785,125
25270,4620,3,289,145
25271,4620,7,1862,161
25272,4620,2,1390,36
25273,4620,10,459,53
25274,4620,8,872,24
25275,4620,4,1885,181
25276,4621,10,1091,33
25277,4621,6,1753,158
25278,4621,4,1829,154
25279,4621,7,1339,109
25280,4621,5,1497,187
25281,4621,2,442,78
25282,4621,9,1722,189
25283,4622,2,736,95
25284,4623,5,1184,127
25285,4623,2,1996,148
25286,4623,6,1552,164
25287,4623,9,1723,96
25288,4623,4,1528,63
25289,4623,3,1552,89
25290,4623,7,654,165
25291,4623,1,1912,66
25292,4624,7,799,29
25293,4624,4,439,89
25294,4624,2,1505,2
25295,4624,5,559,129
25296,4624,8,614,0
25297,4624,6,638,122
25298,4624,10,626,34
25299,4625,1,1672,50
25300,4625,2,1729,177
25301,4625,3,975,76
25302,4625,6,105,58
25303,4625,7,197,154
25304,4626,4,469,21
25305,4626,10,1624,5
25306,4626,7,1782,56
25307,4626,1,1106,23
25308,4626,5,1940,127
25309,4626,2,523,4
25310,4626,3,154,59
25311,4626,8,1349,94
25312,4627,7,858,49
25313,4627,8,1234,28
25314,4627,4,478,93
25315,4627,3,992,33
25316,4627,5,677,144
25317,4628,7,58,15
25318,4628,4,81,3
25319,4628,1,620,22
25320,4628,5,893,149
25321,4628,8,1401,16
25322,4628,9,433,163
25323,4629,9,29,25
25324,4629,8,1543,195
25325,4629,2,537,177
25326,4629,7,1852,113
25327,4630,10,21,11
25328,4630,8,450,19
25329,4630,1,421,195
25330,4630,3,1795,138
25331,4630,5,1663,115
25332,4630,2,1887,168
25333,4630,7,1467,85
25334,4630,4,173,125
25335,4630,6,30,23
25336,4631,1,435,5
25337,4631,4,1918,48
25338,4631,3,1556,167
25339,4631,5,766,52
25340,4631,7,311,185
25341,4631,6,1729,33
25342,4631,10,630,170
25343,4632,4,834,123
25344,4632,3,166,155
25345,4632,8,136,94
25346,4632,5,683,114
25347,4633,5,970,27
25348,4633,3,952,0
25349,4633,6,998,151
25350,4633,8,593,32
25351,4633,10,880,28
25352,4633,9,1587,39
25353,4634,4,1059,151
25354,4634,2,1343,45
25355,4634,10,1476,30
25356,4634,7,711,42
25357,4634,9,901,75
25358,4634,3,1086,99
25359,4634,8,1371,73
25360,4634,5,844,7
25361,4634,6,329,0
25362,4635,3,1750,98
25363,4635,1,1522,103
25364,4635,4,673,95
25365,4635,6,1150,180
25366,4635,5,824,3
25367,4635,2,1377,139
25368,4635,9,1439,78
25369,4635,10,1948,138
25370,4636,10,1097,145
25371,4636,1,33,2
25372,4636,8,1187,100
25373,4636,4,48,5
25374,4636,7,527,134
25375,4636,3,375,69
25376,4636,2,1494,140
25377,4636,6,1735,191
25378,4637,5,1709,124
25379,4637,4,1927,185
25380,4637,1,1154,60
25381,4637,3,1495,92
25382,4637,2,28,18
25383,4638,8,313,163
25384,4638,9,1157,46
25385,4638,10,838,103
25386,4639,9,1052,43
25387,4639,7,1410,66
25388,4639,6,1182,14
25389,4639,8,1598,32
25390,4639,3,1276,71
25391,4639,10,633,150
25392,4639,2,1175,47
25393,4640,6,1032,142
25394,4640,3,1022,59
25395,4640,1,1359,76
25396,4640,10,1386,65
25397,4640,8,1355,181
25398,4641,10,10,7
25399,4641,9,291,4
25400,4641,2,900,61
25401,4641,4,1003,24
25402,4641,1,1492,82
25403,4641,7,1623,106
25404,4641,3,569,48
25405,4642,9,1827,139
25406,4642,4,627,198
25407,4642,10,238,138
25408,4642,2,540,103
25409,4642,1,850,183
25410,4642,5,1931,42
25411,4643,6,1631,150
25412,4643,9,603,53
25413,4643,7,1393,139
25414,4643,2,1860,49
25415,4643,10,1814,188
25416,4643,8,1144,26
25417,4644,3,288,157
25418,4644,10,564,50
25419,4644,1,1099,134
25420,4644,5,1371,35
25421,4644,8,345,189
25422,4645,8,177,149
25423,4645,6,447,95
25424,4645,4,1577,55
25425,4645,10,1146,192
25426,4645,3,1036,198
25427,4645,1,356,0
25428,4646,2,65,29
25429,4646,4,777,87
25430,4646,9,290,1
25431,4646,5,862,42
25432,4646,7,503,160
25433,4646,8,1453,200
25434,4646,3,1653,12
25435,4647,4,82,47
25436,4647,3,1353,151
25437,4647,1,1602,141
25438,4647,10,1150,13
25439,4648,3,1730,147
25440,4648,10,972,103
25441,4648,7,1788,88
25442,4648,4,49,13
25443,4648,5,1790,9
25444,4648,8,518,1
25445,4649,8,711,187
25446,4649,10,859,84
25447,4649,5,92,45
25448,4649,3,407,101
25449,4649,6,713,74
25450,4650,9,693,167
25451,4650,8,751,90
25452,4650,6,1820,193
25453,4650,7,911,190
25454,4650,1,587,119
25455,4650,5,254,169
25456,4650,4,1712,67
25457,4650,3,1426,164
25458,4650,10,421,24
25459,4651,5,1405,151
25460,4651,7,1203,170
25461,4651,3,421,56
25462,4651,9,208,176
25463,4651,10,82,60
25464,4651,4,103,95
25465,4651,2,974,155
25466,4651,6,263,153
25467,4652,3,969,200
25468,4652,7,62,30
25469,4652,2,1239,95
25470,4652,5,563,30
25471,4652,1,590,41
25472,4653,6,1944,159
25473,4653,5,684,94
25474,4653,4,1553,115
25475,4653,2,1440,72
25476,4653,3,1825,22
25477,4654,5,1694,104
25478,4655,4,1350,87
25479,4655,5,406,130
25480,4655,8,578,3
25481,4655,2,1125,162
25482,4656,10,1310,26
25483,4656,9,844,114
25484,4656,8,900,42
25485,4656,3,813,126
25486,4657,6,1218,148
25487,4657,1,1965,1
25488,4657,5,981,15
25489,4657,9,335,180
25490,4657,8,699,113
25491,4657,3,1227,5
25492,4657,4,186,55
25493,4657,10,680,193
25494,4657,2,1350,138
25495,4657,7,1644,32
25496,4658,5,1359,115
25497,4658,8,189,65
25498,4659,6,736,200
25499,4659,3,112,108
25500,4659,10,1567,18
25501,4659,1,696,108
25502,4659,5,1269,116
25503,4659,2,871,151
25504,4659,9,973,73
25505,4660,2,510,153
25506,4661,1,1746,50
25507,4661,7,1851,190
25508,4661,3,955,133
25509,4661,8,1205,136
25510,4662,10,623,7
25511,4662,5,1356,56
25512,4663,9,1169,54
25513,4663,8,1398,51
25514,4663,2,1120,24
25515,4664,5,1029,43
25516,4664,1,1357,165
25517,4664,2,839,72
25518,4664,3,1511,113
25519,4665,6,246,166
25520,4665,4,492,89
25521,4665,3,87,62
25522,4665,2,762,199
25523,4665,1,699,186
25524,4665,9,1010,122
25525,4666,10,770,0
25526,4666,8,1810,87
25527,4666,2,1685,9
25528,4666,7,1531,156
25529,4666,1,1218,148
25530,4666,4,1301,92
25531,4666,5,342,69
25532,4666,6,1039,108
25533,4667,8,1777,181
25534,4667,2,816,159
25535,4667,5,824,7
25536,4667,7,829,71
25537,4668,2,896,191
25538,4668,4,1216,107
25539,4668,1,765,123
25540,4668,5,1248,89
25541,4668,9,1113,163
25542,4668,7,463,164
25543,4668,6,1120,85
25544,4669,5,1120,37
25545,4669,10,1466,20
25546,4669,6,1134,82
25547,4669,4,41,33
25548,4669,1,22,9
25549,4669,2,1340,2
25550,4669,9,897,165
25551,4669,7,968,138
25552,4670,4,184,18
25553,4670,3,1468,58
25554,4670,10,962,90
25555,4670,7,815,105
25556,4670,6,259,82
25557,4670,1,548,99
25558,4670,5,1150,100
25559,4671,8,1436,51
25560,4671,5,856,0
25561,4671,10,1961,3
25562,4671,6,433,91
25563,4671,4,1128,105
25564,4671,3,1134,54
25565,4671,1,678,30
25566,4672,7,1961,40
25567,4672,9,1761,118
25568,4672,1,1723,69
25569,4672,4,1751,138
25570,4672,5,793,185
25571,4672,3,711,21
25572,4672,8,1111,112
25573,4672,10,1708,12
25574,4672,6,777,177
25575,4672,2,415,34
25576,4673,10,607,133
25577,4673,8,277,77
25578,4673,4,1699,1
25579,4673,6,1519,151
25580,4673,9,915,161
25581,4673,5,928,2
25582,4674,3,229,51
25583,4674,5,556,8
25584,4674,7,654,87
25585,4674,9,1878,180
25586,4674,8,1116,160
25587,4674,1,912,55
25588,4674,4,1618,142
25589,4674,2,927,188
25590,4674,10,1650,98
25591,4674,6,1951,177
25592,4675,2,1814,76
25593,4675,9,1924,28
25594,4675,8,1863,67
25595,4675,1,756,22
25596,4675,6,1479,44
25597,4675,4,1296,30
25598,4675,5,178,75
25599,4675,7,346,131
25600,4676,3,1439,173
25601,4676,9,67,38
25602,4676,2,255,23
25603,4676,10,1656,110
25604,4676,7,1097,191
25605,4677,6,485,151
25606,4677,2,637,70
25607,4677,3,1767,15
25608,4677,4,724,132
25609,4677,9,1324,97
25610,4677,1,1700,73
25611,4678,10,786,139
25612,4679,5,1704,59
25613,4679,9,701,120
25614,4679,1,1380,9
25615,4679,7,1967,102
25616,4679,2,704,15
25617,4679,4,476,194
25618,4679,3,1876,44
25619,4679,10,369,37
25620,4679,8,1439,76
25621,4679,6,1228,6
25622,4680,1,1507,93
25623,4680,6,712,118
25624,4680,3,684,54
25625,4680,8,794,120
25626,4680,2,1680,178
25627,4680,5,293,163
25628,4680,9,757,157
25629,4680,4,135,126
25630,4681,9,569,177
25631,4681,4,179,69
25632,4681,1,61,47
25633,4681,7,1915,21
25634,4682,8,341,135
25635,4682,2,1111,75
25636,4683,4,1871,75
25637,4683,5,501,35
25638,4683,6,1829,74
25639,4683,2,1188,160
25640,4683,1,403,101
25641,4684,6,377,12
25642,4684,1,1444,190
25643,4684,2,1327,161
25644,4684,3,260,3
25645,4685,7,526,84
25646,4685,6,1456,57
25647,4685,10,919,75
25648,4685,4,77,71
25649,4685,8,1029,48
25650,4685,1,1363,0
25651,4685,5,1349,90
25652,4686,9,930,162
25653,4686,3,1089,151
25654,4686,4,1020,82
25655,4686,7,1448,122
25656,4687,1,1493,179
25657,4687,4,20,0
25658,4687,2,1513,146
25659,4688,2,208,90
25660,4688,5,934,10
25661,4688,8,1632,196
25662,4688,10,1208,128
25663,4688,9,1697,161
25664,4688,7,1226,135
25665,4689,5,1467,170
25666,4689,10,177,72
25667,4689,6,401,184
25668,4690,7,619,158
25669,4690,6,1321,118
25670,4690,3,162,83
25671,4690,9,1034,200
25672,4690,2,1025,62
25673,4690,10,253,182
25674,4690,4,254,31
25675,4690,1,1344,178
25676,4690,8,1499,113
25677,4690,5,1003,73
25678,4691,2,1332,94
25679,4691,1,1332,133
25680,4691,10,1080,12
25681,4691,5,1051,73
25682,4691,3,1025,10
25683,4691,9,1505,166
25684,4691,4,385,184
25685,4692,8,1094,60
25686,4692,7,1455,114
25687,4692,5,1738,145
25688,4692,1,1933,71
25689,4692,6,15,4
25690,4692,4,966,158
25691,4692,10,865,98
25692,4692,9,1421,148
25693,4693,7,840,94
25694,4693,1,891,161
25695,4693,10,300,136
25696,4693,2,894,190
25697,4693,5,178,127
25698,4693,4,1697,129
25699,4693,9,1648,94
25700,4693,3,363,68
25701,4693,6,1988,53
25702,4693,8,935,27
25703,4694,3,846,112
25704,4695,6,402,155
25705,4696,10,1996,40
25706,4696,2,788,14
25707,4696,4,1473,120
25708,4696,5,701,106
25709,4696,7,614,148
25710,4697,4,1270,123
25711,4697,6,1458,132
25712,4697,1,870,114
25713,4698,7,1328,194
25714,4698,5,369,94
25715,4698,2,846,88
25716,4698,10,746,120
25717,4698,3,698,114
25718,4698,9,187,159
25719,4698,6,405,28
25720,4698,8,463,160
25721,4698,4,1084,25
25722,4698,1,1466,9
25723,4699,4,1733,48
25724,4699,9,1799,169
25725,4700,6,1845,85
25726,4700,2,1330,71
25727,4700,1,1085,38
25728,4700,8,1408,81
25729,4700,9,869,51
25730,4700,5,1520,48
25731,4701,2,80,35
25732,4701,8,647,181
25733,4701,4,1744,91
25734,4701,6,763,16
25735,4701,7,1352,16
25736,4701,3,1154,193
25737,4701,1,296,8
25738,4701,10,1948,155
25739,4701,5,838,197
25740,4702,2,1,0
25741,4702,10,1746,197
25742,4702,1,1830,29
25743,4702,6,871,91
25744,4702,4,1762,68
25745,4702,7,497,24
25746,4703,9,962,186
25747,4703,1,949,20
25748,4703,10,1263,148
25749,4704,1,285,124
25750,4704,7,405,80
25751,4704,4,274,4
25752,4704,2,1363,11
25753,4704,8,1056,102
25754,4704,6,783,58
25755,4704,9,568,76
25756,4704,10,1908,192
25757,4704,3,1325,51
25758,4705,9,1777,79
25759,4705,3,1717,9
25760,4705,5,137,94
25761,4705,1,679,147
25762,4705,8,1647,186
25763,4705,2,770,21
25764,4705,6,1703,33
25765,4705,10,1715,74
25766,4705,7,648,130
25767,4706,5,1416,67
25768,4706,10,542,182
25769,4706,6,1661,181
25770,4706,3,311,81
25771,4706,1,1432,191
25772,4706,7,99,67
25773,4706,8,1541,13
25774,4706,2,462,29
25775,4707,10,938,24
25776,4707,9,89,26
25777,4708,8,1110,191
25778,4708,10,1208,50
25779,4708,7,75,63
25780,4708,6,566,29
25781,4708,4,1093,40
25782,4708,2,331,67
25783,4708,9,63,29
25784,4708,3,1514,186
25785,4709,4,793,112
25786,4709,5,1256,70
25787,4709,7,1101,111
25788,4709,2,126,110
25789,4709,1,1542,31
25790,4709,9,1997,29
25791,4710,9,1522,191
25792,4710,5,470,56
25793,4710,3,319,107
25794,4710,8,262,151
25795,4711,4,710,80
25796,4711,6,1829,89
25797,4711,2,352,161
25798,4711,9,124,49
25799,4711,3,1315,150
25800,4711,10,709,39
25801,4711,7,465,45
25802,4711,1,1765,29
25803,4711,8,381,126
25804,4712,10,1261,179
25805,4713,6,675,132
25806,4713,8,30,30
25807,4713,1,1477,36
25808,4713,10,1319,94
25809,4713,2,874,152
25810,4713,4,22,14
25811,4713,3,452,154
25812,4713,7,1072,35
25813,4713,5,719,172
25814,4713,9,1411,162
25815,4714,2,1724,185
25816,4714,1,1616,49
25817,4714,10,1328,178
25818,4714,4,698,147
25819,4714,5,1501,174
25820,4714,7,1665,192
25821,4714,3,1192,151
25822,4714,8,446,146
25823,4715,4,491,195
25824,4716,1,431,6
25825,4716,6,1563,152
25826,4716,7,1074,134
25827,4716,5,1924,97
25828,4716,4,168,137
25829,4716,2,264,87
25830,4717,8,1861,155
25831,4717,1,1125,177
25832,4717,10,141,14
25833,4717,3,1892,147
25834,4717,5,1749,187
25835,4717,7,31,21
25836,4717,9,659,160
25837,4717,6,1568,96
25838,4717,2,398,8
25839,4717,4,1901,186
25840,4718,10,246,144
25841,4718,5,3,0
25842,4718,4,1635,107
25843,4718,3,948,64
25844,4718,7,349,113
25845,4718,9,833,85
25846,4718,8,1956,90
25847,4718,1,1490,65
25848,4719,4,1970,1
25849,4719,9,917,48
25850,4719,2,764,97
25851,4719,1,1385,173
25852,4719,8,1044,166
25853,4719,6,599,7
25854,4720,4,1672,194
25855,4720,7,1613,136
25856,4720,1,1960,38
25857,4720,5,292,44
25858,4720,8,90,45
25859,4720,6,1540,69
25860,4720,10,1602,89
25861,4720,2,1437,97
25862,4721,3,1210,30
25863,4721,2,839,13
25864,4721,1,709,63
25865,4721,5,600,154
25866,4721,10,807,88
25867,4721,4,1822,27
25868,4722,5,1140,176
25869,4722,10,967,196
25870,4723,10,1272,186
25871,4723,4,1137,59
25872,4723,5,314,150
25873,4723,1,1657,184
25874,4723,7,1572,68
25875,4723,9,1641,4
25876,4723,8,1245,37
25877,4724,1,844,60
25878,4724,6,1437,149
25879,4724,5,1554,128
25880,4724,10,946,131
25881,4724,9,1146,15
25882,4724,4,195,24
25883,4724,8,1948,47
25884,4724,2,605,132
25885,4724,3,767,95
25886,4725,4,1306,97
25887,4725,9,508,87
25888,4725,3,47,36
25889,4725,7,637,175
25890,4726,4,769,127
25891,4726,6,1363,200
25892,4726,1,914,15
25893,4726,2,518,52
25894,4726,5,1586,145
25895,4727,7,1755,136
25896,4727,3,347,95
25897,4727,6,1763,160
25898,4727,2,1946,39
25899,4727,1,1716,162
25900,4727,8,866,10
25901,4727,9,1441,116
25902,4727,5,1892,178
25903,4727,10,273,193
25904,4727,4,1966,21
25905,4728,10,1349,72
25906,4728,4,1233,4
25907,4728,8,364,95
25908,4728,3,201,9
25909,4728,7,1768,53
25910,4729,6,193,133
25911,4729,5,1082,6
25912,4730,9,1078,43
25913,4730,8,1367,145
25914,4730,3,824,183
25915,4731,8,333,157
25916,4731,2,1086,28
25917,4731,4,1419,197
25918,4731,3,767,130
25919,4731,1,557,161
25920,4731,7,961,156
25921,4731,5,460,146
25922,4731,9,133,92
25923,4732,1,202,42
25924,4732,10,629,116
25925,4732,5,529,95
25926,4732,7,1003,142
25927,4733,5,1729,70
25928,4733,1,1388,34
25929,4733,6,1655,117
25930,4733,10,1728,44
25931,4733,7,509,55
25932,4733,9,364,115
25933,4734,6,30,24
25934,4734,3,1614,161
25935,4734,1,1871,30
25936,4734,4,87,23
25937,4734,7,1066,21
25938,4734,10,1934,36
25939,4734,5,1217,21
25940,4734,8,205,41
25941,4734,9,1210,174
25942,4734,2,311,73
25943,4735,7,519,29
25944,4735,5,902,52
25945,4735,8,922,7
25946,4735,2,1311,76
25947,4735,6,1004,5
25948,4735,4,989,8
25949,4735,3,977,153
25950,4735,10,237,38
25951,4736,9,792,46
25952,4736,8,1139,132
25953,4736,7,215,131
25954,4736,3,1746,111
25955,4736,1,906,23
25956,4736,4,1252,71
25957,4737,7,1933,193
25958,4737,2,1495,41
25959,4737,10,33,31
25960,4737,1,1,1
25961,4737,4,1974,47
25962,4737,8,878,117
25963,4737,6,1530,88
25964,4737,3,1361,50
25965,4737,9,1856,181
25966,4737,5,1170,81
25967,4738,2,1718,162
25968,4738,7,1383,109
25969,4738,1,1559,15
25970,4738,4,38,20
25971,4738,8,1179,25
25972,4738,5,1307,72
25973,4738,3,1892,193
25974,4739,3,1453,148
25975,4739,7,994,41
25976,4739,9,735,195
25977,4739,5,1396,128
25978,4739,10,1651,47
25979,4739,4,1847,166
25980,4739,6,1167,151
25981,4739,8,594,160
25982,4740,2,1286,132
25983,4740,9,1639,136
25984,4740,7,1989,12
25985,4740,6,653,130
25986,4740,4,617,159
25987,4740,8,1859,157
25988,4741,10,1745,49
25989,4741,3,1852,105
25990,4741,4,233,166
25991,4741,2,1534,101
25992,4741,7,1830,142
25993,4741,9,347,43
25994,4741,6,1966,188
25995,4741,1,68,65
25996,4741,5,1324,80
25997,4742,3,1107,142
25998,4742,10,75,5
25999,4742,7,1154,19
26000,4742,6,1753,96
26001,4742,9,1614,106
26002,4742,5,1771,90
26003,4743,8,386,163
26004,4743,6,532,97
26005,4743,3,29,14
26006,4743,1,437,13
26007,4743,5,471,187
26008,4744,7,623,95
26009,4744,9,320,183
26010,4744,5,1875,51
26011,4744,10,1881,133
26012,4744,2,737,141
26013,4744,1,1466,181
26014,4744,3,222,163
26015,4744,8,1957,39
26016,4745,4,391,116
26017,4745,3,671,133
26018,4745,5,1085,167
26019,4745,2,1289,50
26020,4745,1,25,15
26021,4745,10,554,26
26022,4745,8,781,161
26023,4745,7,783,106
26024,4745,6,1013,173
26025,4746,9,1942,64
26026,4746,7,934,84
26027,4746,2,1160,191
26028,4746,1,774,198
26029,4746,8,485,150
26030,4746,10,604,60
26031,4746,5,648,21
26032,4746,3,85,69
26033,4746,4,1382,154
26034,4747,5,474,154
26035,4748,6,1486,178
26036,4748,2,36,34
26037,4748,1,1823,136
26038,4748,3,811,44
26039,4748,10,1198,1
26040,4748,8,73,23
26041,4749,6,1230,72
26042,4749,2,707,98
26043,4749,3,96,9
26044,4749,9,805,127
26045,4749,4,844,72
26046,4749,5,1492,110
26047,4750,8,1103,173
26048,4750,10,765,31
26049,4751,5,10,4
26050,4751,2,1172,108
26051,4751,4,318,113
26052,4751,6,1482,108
26053,4751,7,1047,191
26054,4751,8,230,86
26055,4751,1,1767,186
26056,4751,3,948,143
26057,4752,3,41,6
26058,4752,9,1852,5
26059,4753,7,496,118
26060,4753,9,313,136
26061,4753,2,1902,139
26062,4754,7,1366,64
26063,4754,8,1074,90
26064,4754,10,385,71
26065,4754,3,1555,126
26066,4754,1,630,49
26067,4754,4,1795,168
26068,4754,9,348,135
26069,4754,6,1885,50
26070,4754,2,496,64
26071,4755,4,820,181
26072,4755,9,226,120
26073,4756,8,1351,98
26074,4756,3,190,170
26075,4756,7,662,115
26076,4756,4,722,139
26077,4756,2,228,115
26078,4756,5,1571,133
26079,4756,10,460,32
26080,4756,6,1016,115
26081,4756,1,846,169
26082,4756,9,228,166
26083,4757,7,1737,2
26084,4757,5,324,144
26085,4757,9,1218,174
26086,4757,4,428,60
26087,4757,3,328,182
26088,4757,1,1142,117
26089,4757,8,1508,19
26090,4757,2,1536,132
26091,4757,10,1471,101
26092,4757,6,56,31
26093,4758,6,920,72
26094,4758,9,1523,125
26095,4758,5,1407,78
26096,4758,7,1704,33
26097,4758,10,1290,165
26098,4758,4,782,65
26099,4759,10,644,166
26100,4760,8,1227,138
26101,4760,3,752,97
26102,4760,9,983,157
26103,4760,6,1245,199
26104,4760,7,1569,82
26105,4760,2,1035,119
26106,4760,10,184,58
26107,4760,5,478,105
26108,4760,1,1695,91
26109,4761,1,726,199
26110,4761,8,761,30
26111,4761,7,1658,45
26112,4761,4,1452,148
26113,4761,2,389,177
26114,4761,5,1044,138
26115,4761,9,200,46
26116,4761,6,1333,79
26117,4762,5,81,55
26118,4762,9,1532,39
26119,4762,8,1082,64
26120,4762,6,670,14
26121,4762,7,14,4
26122,4762,10,1408,95
26123,4763,5,613,22
26124,4763,1,1749,94
26125,4763,3,1170,29
26126,4763,9,333,64
26127,4763,10,172,116
26128,4764,7,787,143
26129,4764,5,205,92
26130,4764,4,1286,134
26131,4764,10,286,127
26132,4764,8,1183,165
26133,4764,3,729,142
26134,4764,2,1927,139
26135,4764,9,1370,175
26136,4765,1,905,54
26137,4765,10,365,171
26138,4765,7,193,68
26139,4765,9,308,29
26140,4765,5,1844,192
26141,4765,2,937,148
26142,4766,9,1444,185
26143,4767,2,1145,113
26144,4767,3,156,126
26145,4767,7,1007,142
26146,4767,5,1336,58
26147,4767,10,455,72
26148,4768,7,1337,131
26149,4768,9,569,113
26150,4768,5,90,6
26151,4768,8,454,109
26152,4769,8,920,189
26153,4769,6,75,3
26154,4770,8,180,13
26155,4770,9,869,49
26156,4770,5,269,173
26157,4770,10,1024,148
26158,4770,3,910,15
26159,4771,9,824,118
26160,4771,5,477,60
26161,4771,2,863,13
26162,4771,8,384,59
26163,4771,6,778,6
26164,4771,3,434,197
26165,4771,1,1578,119
26166,4772,5,1237,148
26167,4772,7,1292,175
26168,4772,4,302,130
26169,4772,1,979,17
26170,4772,3,37,11
26171,4772,2,479,14
26172,4772,10,1122,195
26173,4773,4,72,41
26174,4773,10,1451,52
26175,4773,6,1444,160
26176,4773,8,603,87
26177,4773,9,442,157
26178,4773,3,1592,61
26179,4774,2,1694,91
26180,4775,2,626,88
26181,4775,7,955,53
26182,4775,4,793,8
26183,4775,6,1272,156
26184,4775,8,632,45
26185,4775,3,9,9
26186,4775,10,1522,37
26187,4775,1,95,8
26188,4775,9,905,190
26189,4775,5,1203,63
26190,4776,10,1300,23
26191,4776,9,1304,148
26192,4776,3,599,187
26193,4777,5,1644,27
26194,4777,7,1529,36
26195,4777,10,363,192
26196,4777,9,1297,46
26197,4777,2,15,8
26198,4777,1,1626,96
26199,4778,4,579,112
26200,4778,3,61,19
26201,4778,8,1005,143
26202,4778,5,607,57
26203,4778,2,1949,128
26204,4778,1,578,109
26205,4779,10,1163,172
26206,4780,8,390,133
26207,4780,9,1278,107
26208,4781,10,1911,81
26209,4781,1,240,23
26210,4781,4,1818,168
26211,4781,7,1416,80
26212,4781,5,1891,188
26213,4781,3,939,9
26214,4782,6,1775,11
26215,4782,3,596,85
26216,4782,8,761,35
26217,4782,9,1050,125
26218,4782,5,60,47
26219,4782,7,1108,186
26220,4782,10,1340,71
26221,4783,8,714,149
26222,4783,4,1164,61
26223,4783,10,718,165
26224,4783,5,612,194
26225,4784,10,305,170
26226,4784,5,1275,189
26227,4784,4,1279,8
26228,4784,9,800,40
26229,4784,1,1568,18
26230,4784,3,971,176
26231,4785,5,946,155
26232,4785,1,1827,191
26233,4786,4,867,22
26234,4786,7,1279,35
26235,4786,2,1474,90
26236,4786,8,63,40
26237,4786,6,754,35
26238,4786,10,1933,124
26239,4786,5,1044,189
26240,4786,9,1414,158
26241,4787,3,1291,126
26242,4788,5,216,27
26243,4788,7,1187,108
26244,4789,3,1429,79
26245,4789,6,1057,158
26246,4789,7,1745,74
26247,4789,5,919,30
26248,4789,10,1790,53
26249,4789,9,1718,18
26250,4789,1,1150,132
26251,4790,6,1677,38
26252,4790,9,1108,38
26253,4790,1,620,152
26254,4790,10,892,153
26255,4790,8,1910,187
26256,4790,7,1870,124
26257,4790,4,1262,22
26258,4790,2,382,20
26259,4791,2,1683,101
26260,4791,9,1306,32
26261,4791,8,611,165
26262,4791,3,1831,178
26263,4791,5,150,130
26264,4791,10,89,19
26265,4792,3,1117,178
26266,4793,5,357,48
26267,4793,8,773,4
26268,4793,7,173,34
26269,4793,10,700,162
26270,4794,3,1429,74
26271,4794,7,1223,63
26272,4795,9,1918,131
26273,4795,2,591,167
26274,4795,7,1984,198
26275,4795,4,1843,0
26276,4795,10,1467,42
26277,4795,6,1062,184
26278,4795,5,968,167
26279,4795,1,1990,152
26280,4795,8,347,65
26281,4796,1,968,58
26282,4796,6,129,108
26283,4796,9,239,84
26284,4796,7,1589,98
26285,4796,4,441,115
26286,4796,8,593,117
26287,4796,5,161,109
26288,4796,3,1330,67
26289,4796,2,899,43
26290,4796,10,1567,190
26291,4797,3,1446,64
26292,4797,2,1696,90
26293,4797,9,1143,132
26294,4797,4,1148,52
26295,4797,7,354,126
26296,4797,6,462,188
26297,4797,1,624,158
26298,4797,5,690,65
26299,4798,8,1438,163
26300,4798,5,721,53
26301,4798,10,874,60
26302,4798,2,999,124
26303,4798,9,1884,122
26304,4798,7,421,27
26305,4798,1,264,71
26306,4799,8,1065,140
26307,4799,9,277,160
26308,4799,6,711,64
26309,4799,4,186,64
26310,4800,7,1017,185
26311,4800,10,1744,5
26312,4801,8,1196,103
26313,4801,6,1480,9
26314,4801,7,989,38
26315,4801,2,415,2
26316,4801,10,1190,12
26317,4801,9,1624,9
26318,4801,1,1841,66
26319,4801,3,886,104
26320,4802,5,1954,97
26321,4802,10,1163,61
26322,4802,4,273,158
26323,4802,7,1421,175
26324,4803,4,1823,81
26325,4803,6,394,182
26326,4803,9,1550,94
26327,4803,2,21,0
26328,4803,3,1121,116
26329,4803,10,1314,49
26330,4804,5,399,57
26331,4805,5,697,160
26332,4805,1,1728,161
26333,4805,9,1944,181
26334,4805,2,124,93
26335,4805,6,1869,108
26336,4805,10,279,168
26337,4805,7,484,14
26338,4806,1,223,72
26339,4806,9,117,117
26340,4806,6,1176,32
26341,4806,3,992,142
26342,4806,8,770,38
26343,4806,7,191,19
26344,4806,4,1818,50
26345,4806,5,1204,66
26346,4806,2,1086,148
26347,4807,9,1037,14
26348,4807,6,1899,199
26349,4807,5,859,50
26350,4807,7,140,135
26351,4807,1,41,13
26352,4807,8,270,33
26353,4807,2,518,142
26354,4807,10,1316,126
26355,4808,7,1198,43
26356,4808,5,1785,192
26357,4808,9,1471,182
26358,4808,6,1904,110
26359,4808,3,551,165
26360,4808,2,1808,195
26361,4808,10,922,102
26362,4809,8,1464,134
26363,4809,3,242,94
26364,4809,5,816,101
26365,4809,2,783,85
26366,4809,6,1605,64
26367,4809,1,163,85
26368,4809,10,116,9
26369,4809,4,1948,6
26370,4809,9,1196,48
26371,4809,7,194,135
26372,4810,10,187,181
26373,4810,6,621,36
26374,4810,1,1165,52
26375,4810,2,332,71
26376,4810,8,766,49
26377,4811,1,357,15
26378,4811,8,958,163
26379,4812,1,61,27
26380,4812,9,1840,175
26381,4812,3,1341,109
26382,4812,8,648,157
26383,4812,2,1744,101
26384,4812,5,179,160
26385,4812,4,265,29
26386,4813,1,1066,116
26387,4813,4,1171,23
26388,4813,9,162,152
26389,4813,8,578,140
26390,4813,6,526,116
26391,4813,10,321,76
26392,4814,7,666,20
26393,4814,2,1440,90
26394,4814,3,641,163
26395,4814,9,1873,69
26396,4814,5,1120,125
26397,4814,6,1335,170
26398,4814,1,1558,79
26399,4814,10,979,44
26400,4814,8,1741,164
26401,4815,4,1326,13
26402,4815,6,129,49
26403,4815,1,1425,60
26404,4815,10,749,160
26405,4815,8,886,8
26406,4816,6,1413,44
26407,4816,2,1918,120
26408,4816,5,1399,17
26409,4816,9,1983,84
26410,4816,10,679,101
26411,4816,8,23,1
26412,4817,5,274,112
26413,4817,7,59,22
26414,4817,6,1940,5
26415,4817,8,1696,145
26416,4817,4,366,118
26417,4818,9,201,180
26418,4818,6,777,44
26419,4818,4,652,168
26420,4818,5,73,57
26421,4818,1,1250,0
26422,4818,10,501,24
26423,4818,2,1984,181
26424,4819,6,1684,66
26425,4819,2,450,185
26426,4819,1,94,76
26427,4819,10,875,33
26428,4820,8,1419,21
26429,4820,7,1707,81
26430,4820,1,732,159
26431,4820,2,445,1
26432,4820,10,1948,89
26433,4820,6,611,72
26434,4820,9,400,186
26435,4820,3,13,8
26436,4820,5,1186,25
26437,4820,4,314,187
26438,4821,5,49,43
26439,4821,3,1768,189
26440,4821,9,85,19
26441,4821,6,302,76
26442,4821,8,400,170
26443,4821,2,1342,7
26444,4821,10,1332,92
26445,4821,4,1009,89
26446,4821,7,50,16
26447,4821,1,1746,150
26448,4822,8,835,137
26449,4822,4,452,30
26450,4822,5,148,77
26451,4822,6,703,178
26452,4822,1,597,138
26453,4822,3,1982,68
26454,4823,8,1736,125
26455,4823,5,1441,8
26456,4823,4,286,76
26457,4823,6,1462,190
26458,4823,3,1730,58
26459,4823,7,629,66
26460,4823,9,201,119
26461,4823,10,1828,47
26462,4824,8,1881,39
26463,4824,3,1717,150
26464,4824,9,1483,49
26465,4824,5,1968,141
26466,4824,6,1158,37
26467,4824,2,867,52
26468,4824,4,906,178
26469,4824,1,1799,69
26470,4824,10,1969,113
26471,4824,7,1908,156
26472,4825,9,1003,32
26473,4826,9,1995,192
26474,4826,10,921,160
26475,4826,4,1091,45
26476,4826,7,1626,11
26477,4826,8,1910,70
26478,4826,1,1571,1
26479,4827,3,1031,178
26480,4827,1,1091,97
26481,4827,2,1641,194
26482,4827,7,345,94
26483,4827,9,654,150
26484,4827,4,1589,182
26485,4827,5,1012,48
26486,4828,2,979,40
26487,4828,8,1929,55
26488,4828,7,420,166
26489,4828,1,700,122
26490,4828,4,940,7
26491,4828,9,1479,96
26492,4828,3,1026,35
26493,4828,5,101,0
26494,4828,6,803,46
26495,4828,10,795,164
26496,4829,6,692,31
26497,4829,8,1308,163
26498,4829,5,1147,127
26499,4829,2,1495,11
26500,4830,4,817,188
26501,4830,2,569,192
26502,4830,7,1367,180
26503,4830,9,663,173
26504,4830,5,1409,93
26505,4830,10,236,59
26506,4830,3,734,22
26507,4830,6,1335,104
26508,4830,8,1035,156
26509,4831,2,1835,170
26510,4831,9,1294,71
26511,4831,6,1507,178
26512,4831,7,127,115
26513,4831,10,168,71
26514,4831,8,1884,199
26515,4831,4,1773,199
26516,4831,1,229,177
26517,4831,3,1798,169
26518,4831,5,268,161
26519,4832,2,793,82
26520,4832,6,1870,90
26521,4832,4,1619,174
26522,4832,9,1558,5
26523,4832,10,738,195
26524,4832,7,1322,156
26525,4832,5,1603,133
26526,4833,2,1234,85
26527,4833,9,1018,32
26528,4833,4,1595,74
26529,4833,3,1084,176
26530,4833,7,36,15
26531,4833,1,899,17
26532,4833,6,1833,86
26533,4833,5,1392,189
26534,4833,10,1004,21
26535,4833,8,554,93
26536,4834,1,155,151
26537,4834,6,8,1
26538,4834,8,108,68
26539,4834,7,646,80
26540,4834,2,1253,30
26541,4834,5,1261,119
26542,4834,9,754,107
26543,4835,8,1780,61
26544,4835,9,1141,116
26545,4835,1,1210,153
26546,4835,10,209,0
26547,4835,3,320,130
26548,4835,6,1297,162
26549,4835,2,1593,82
26550,4835,5,55,24
26551,4835,4,696,154
26552,4836,1,526,136
26553,4836,10,787,151
26554,4836,7,1322,148
26555,4836,2,886,147
26556,4836,8,407,90
26557,4836,5,1117,169
26558,4837,8,1474,187
26559,4837,9,231,5
26560,4837,6,776,77
26561,4837,2,1188,15
26562,4837,3,633,76
26563,4837,4,1284,172
26564,4837,5,736,107
26565,4837,10,511,94
26566,4837,7,96,32
26567,4837,1,637,172
26568,4838,9,761,38
26569,4838,3,413,192
26570,4838,7,1693,47
26571,4838,8,303,55
26572,4838,10,451,196
26573,4838,6,1040,172
26574,4838,4,1908,94
26575,4838,5,601,111
26576,4838,2,1682,28
26577,4838,1,1000,22
26578,4839,7,1870,162
26579,4839,5,784,91
26580,4840,3,1044,189
26581,4840,8,552,63
26582,4840,2,963,196
26583,4840,9,1314,184
26584,4840,4,154,8
26585,4840,5,1448,197
26586,4840,10,376,65
26587,4840,6,18,12
26588,4840,7,1584,157
26589,4841,2,533,103
26590,4841,4,1016,0
26591,4841,8,1822,115
26592,4841,10,877,56
26593,4841,5,199,17
26594,4841,9,1018,29
26595,4842,4,1380,130
26596,4842,1,1072,25
26597,4842,2,457,5
26598,4842,6,1981,109
26599,4842,3,844,0
26600,4843,8,172,76
26601,4843,7,1673,117
26602,4843,10,1159,123
26603,4843,9,1524,147
26604,4843,4,571,137
26605,4843,2,75,52
26606,4843,3,875,180
26607,4843,6,1264,27
26608,4843,1,261,79
26609,4844,1,827,77
26610,4844,7,1111,81
26611,4844,8,1440,75
26612,4844,2,591,180
26613,4844,5,1476,79
26614,4845,5,752,106
26615,4845,1,119,2
26616,4845,3,1628,94
26617,4845,7,1346,143
26618,4845,9,1161,39
26619,4845,8,387,60
26620,4846,1,1516,57
26621,4846,9,1637,3
26622,4846,8,1139,54
26623,4846,5,1269,25
26624,4847,10,1309,64
26625,4847,2,377,173
26626,4847,4,1541,14
26627,4847,3,1546,134
26628,4847,9,1577,52
26629,4847,8,1911,62
26630,4847,1,1138,195
26631,4847,5,1856,77
26632,4847,7,333,64
26633,4847,6,996,60
26634,4848,2,1734,181
26635,4848,8,362,175
26636,4848,3,1021,194
26637,4848,10,644,7
26638,4848,6,1783,78
26639,4848,4,1955,19
26640,4848,5,1855,33
26641,4848,1,1336,100
26642,4848,7,1083,100
26643,4848,9,418,104
26644,4849,5,881,44
26645,4849,6,986,80
26646,4849,4,1949,118
26647,4849,7,287,193
26648,4849,10,1767,115
26649,4849,9,494,112
26650,4849,1,1404,120
26651,4849,3,1296,2
26652,4849,2,1033,103
26653,4849,8,1187,141
26654,4850,5,1784,173
26655,4850,6,153,52
26656,4850,3,1375,1
26657,4850,1,493,60
26658,4850,9,1278,77
26659,4850,2,1461,111
26660,4850,4,527,7
26661,4850,8,422,9
26662,4850,10,127,102
26663,4851,9,1249,169
26664,4851,2,1891,95
26665,4852,7,1069,71
26666,4852,9,326,87
26667,4852,4,333,94
26668,4852,2,1531,109
26669,4852,1,1034,165
26670,4852,3,246,87
26671,4853,3,732,195
26672,4853,7,605,84
26673,4854,1,1656,134
26674,4854,10,1354,80
26675,4854,6,62,36
26676,4854,2,134,52
26677,4854,7,870,174
26678,4855,4,1667,4
26679,4855,5,699,108
26680,4856,2,771,145
26681,4856,7,969,51
26682,4856,4,1678,1
26683,4856,3,860,67
26684,4856,10,1804,188
26685,4856,8,830,136
26686,4856,5,1457,108
26687,4856,6,1543,75
26688,4856,9,1364,160
26689,4856,1,1103,200
26690,4857,3,820,161
26691,4857,5,1753,31
26692,4857,8,1287,195
26693,4857,10,568,140
26694,4857,2,710,139
26695,4857,9,1187,18
26696,4858,2,816,57
26697,4858,7,1702,99
26698,4858,4,673,128
26699,4858,6,235,181
26700,4858,9,1434,172
26701,4858,1,147,23
26702,4858,10,1329,130
26703,4858,5,1807,152
26704,4858,3,1799,196
26705,4858,8,987,2
26706,4859,5,1886,131
26707,4860,2,603,151
26708,4860,7,348,198
26709,4860,8,1125,140
26710,4860,6,1406,104
26711,4860,9,1318,47
26712,4860,4,1184,112
26713,4860,3,208,187
26714,4860,1,1308,45
26715,4860,10,1663,182
26716,4860,5,1823,192
26717,4861,6,1099,44
26718,4862,2,1336,64
26719,4862,1,1769,90
26720,4862,5,1691,117
26721,4862,7,1519,190
26722,4863,9,810,148
26723,4863,2,1760,141
26724,4863,5,1323,177
26725,4863,1,1819,172
26726,4863,7,1050,124
26727,4863,3,504,15
26728,4863,6,531,146
26729,4863,4,1974,2
26730,4863,10,498,16
26731,4863,8,61,1
26732,4864,8,1277,131
26733,4864,9,548,95
26734,4864,4,6,6
26735,4864,7,1904,185
26736,4864,5,882,84
26737,4864,6,1569,52
26738,4864,10,1625,79
26739,4864,2,1325,46
26740,4864,3,745,76
26741,4865,4,104,54
26742,4865,3,939,78
26743,4866,2,1021,194
26744,4866,6,777,70
26745,4866,1,1993,107
26746,4866,7,978,154
26747,4866,3,243,127
26748,4866,9,675,64
26749,4867,9,671,150
26750,4868,9,303,37
26751,4868,8,1514,114
26752,4868,7,1927,74
26753,4868,6,1975,54
26754,4868,4,268,141
26755,4869,4,827,58
26756,4869,2,650,24
26757,4870,3,1702,66
26758,4870,4,497,69
26759,4871,7,641,160
26760,4871,9,822,127
26761,4872,7,1400,85
26762,4872,1,629,176
26763,4872,5,683,22
26764,4872,4,242,26
26765,4872,6,1975,31
26766,4873,1,1947,158
26767,4873,4,143,1
26768,4873,9,1772,126
26769,4873,8,977,64
26770,4873,10,158,60
26771,4873,6,1120,180
26772,4874,5,1144,168
26773,4874,6,147,52
26774,4874,4,1844,67
26775,4874,9,269,17
26776,4874,2,1901,96
26777,4874,1,1879,186
26778,4874,10,559,60
26779,4874,3,1258,63
26780,4874,7,1694,113
26781,4874,8,814,164
26782,4875,9,1518,67
26783,4875,1,416,133
26784,4875,8,1996,148
26785,4875,5,400,52
26786,4875,3,1941,26
26787,4875,7,282,168
26788,4875,10,913,46
26789,4875,4,1203,159
26790,4875,2,822,158
26791,4876,2,1213,1
26792,4876,1,955,137
26793,4876,10,226,65
26794,4876,4,1004,102
26795,4876,6,109,0
26796,4876,5,428,38
26797,4876,9,1399,121
26798,4876,8,47,30
26799,4876,3,724,66
26800,4876,7,91,24
26801,4877,4,533,161
26802,4877,7,1743,129
26803,4877,6,1540,36
26804,4877,5,618,110
26805,4877,3,92,10
26806,4877,8,1187,44
26807,4877,1,921,13
26808,4878,5,1394,31
26809,4878,8,1633,62
26810,4878,7,1474,181
26811,4878,3,1265,79
26812,4878,2,93,66
26813,4878,4,23,2
26814,4878,1,1520,100
26815,4879,8,1765,118
26816,4879,5,53,27
26817,4879,4,1466,185
26818,4879,2,607,97
26819,4879,1,1070,40
26820,4879,10,955,130
26821,4879,3,1846,55
26822,4879,9,1708,45
26823,4879,7,998,22
26824,4879,6,2,0
26825,4880,5,1816,88
26826,4880,4,1960,116
26827,4880,2,615,122
26828,4880,1,233,61
26829,4880,7,197,102
26830,4880,10,1737,168
26831,4880,3,1348,35
26832,4880,9,829,131
26833,4880,6,1823,27
26834,4881,8,559,111
26835,4881,5,736,175
26836,4881,4,142,120
26837,4881,2,1811,128
26838,4881,9,1611,93
26839,4881,3,1762,110
26840,4881,1,329,83
26841,4881,7,268,82
26842,4881,10,408,178
26843,4881,6,1184,139
26844,4882,2,1188,158
26845,4882,4,641,78
26846,4882,10,969,26
26847,4882,7,1961,2
26848,4882,9,385,199
26849,4882,6,132,57
26850,4882,8,270,144
26851,4883,6,1266,105
26852,4883,4,1040,94
26853,4883,2,1514,180
26854,4883,9,1851,188
26855,4883,3,146,70
26856,4883,1,1491,191
26857,4883,10,1001,101
26858,4883,5,1425,138
26859,4884,10,1773,16
26860,4884,1,1921,9
26861,4884,2,1312,71
26862,4884,7,1677,140
26863,4884,9,373,23
26864,4884,3,1511,12
26865,4884,5,184,131
26866,4885,2,949,153
26867,4885,4,1187,45
26868,4885,7,1791,162
26869,4885,8,1573,38
26870,4885,5,606,200
26871,4885,1,1358,21
26872,4886,3,1130,145
26873,4886,10,794,194
26874,4886,1,514,72
26875,4886,2,57,40
26876,4886,7,1660,193
26877,4886,5,30,16
26878,4886,9,535,74
26879,4887,7,755,72
26880,4887,4,1550,30
26881,4887,8,1344,117
26882,4887,1,631,72
26883,4887,5,201,138
26884,4887,9,1409,114
26885,4887,6,1049,52
26886,4887,3,981,197
26887,4887,10,762,30
26888,4888,10,1343,122
26889,4888,6,1276,27
26890,4888,5,768,169
26891,4888,1,1677,84
26892,4888,8,1571,98
26893,4889,7,1706,78
26894,4889,2,412,129
26895,4889,9,404,188
26896,4889,8,1560,147
26897,4889,1,802,58
26898,4889,5,1751,108
26899,4889,3,1753,114
26900,4889,6,142,125
26901,4890,4,681,176
26902,4890,8,327,65
26903,4890,1,1956,135
26904,4891,7,1616,112
26905,4891,5,14,7
26906,4891,6,8,5
26907,4891,4,1859,128
26908,4891,2,1968,150
26909,4891,8,374,97
26910,4891,1,1456,118
26911,4891,9,624,126
26912,4891,3,1350,155
26913,4891,10,1210,97
26914,4892,1,205,133
26915,4892,8,351,195
26916,4892,2,1402,132
26917,4893,3,198,79
26918,4893,6,1037,8
26919,4893,7,1669,197
26920,4893,10,1826,179
26921,4893,8,1944,110
26922,4893,9,1610,148
26923,4893,2,1657,52
26924,4894,2,944,95
26925,4894,4,1822,145
26926,4894,5,972,94
26927,4894,8,671,87
26928,4894,10,908,57
26929,4894,3,270,165
26930,4894,9,701,34
26931,4894,1,906,44
26932,4894,7,765,16
26933,4895,5,233,103
26934,4895,8,1847,40
26935,4896,8,448,168
26936,4896,7,1351,156
26937,4896,3,1335,27
26938,4896,4,327,72
26939,4896,6,95,4
26940,4896,2,1480,136
26941,4897,5,1830,166
26942,4897,9,357,83
26943,4898,6,1319,113
26944,4899,9,1462,104
26945,4899,7,1656,140
26946,4899,3,189,127
26947,4899,5,91,57
26948,4899,2,781,149
26949,4899,4,280,38
26950,4899,8,1539,89
26951,4899,10,505,167
26952,4900,5,1314,52
26953,4900,3,1405,47
26954,4900,7,361,187
26955,4900,4,853,58
26956,4900,6,290,102
26957,4901,9,1690,42
26958,4901,1,477,95
26959,4901,6,1744,105
26960,4901,3,1782,172
26961,4901,7,177,33
26962,4902,1,986,59
26963,4902,4,173,101
26964,4902,2,1985,61
26965,4902,6,767,22
26966,4902,3,1548,38
26967,4903,2,16,7
26968,4903,10,754,136
26969,4903,1,1961,164
26970,4903,3,1533,138
26971,4903,5,584,122
26972,4903,9,543,44
26973,4903,7,112,77
26974,4903,6,1392,84
26975,4903,4,173,39
26976,4904,10,668,4
26977,4904,2,409,25
26978,4904,6,845,35
26979,4904,1,1591,159
26980,4904,4,1252,35
26981,4905,5,1971,17
26982,4905,2,1544,76
26983,4905,9,1153,154
26984,4905,7,630,195
26985,4905,3,1142,4
26986,4905,1,1690,95
26987,4905,4,1873,120
26988,4905,8,125,58
26989,4905,6,1113,80
26990,4905,10,1592,156
26991,4906,9,1050,155
26992,4906,2,1970,93
26993,4906,5,1859,10
26994,4906,7,274,128
26995,4906,6,127,115
26996,4906,10,991,159
26997,4906,4,907,157
26998,4906,8,267,74
26999,4907,4,1586,101
27000,4907,9,759,183
27001,4907,5,1698,112
27002,4907,2,1771,179
27003,4907,6,1667,152
27004,4907,8,1054,149
27005,4907,1,931,177
27006,4908,1,253,68
27007,4909,2,1178,109
27008,4910,7,1309,176
27009,4911,7,1224,27
27010,4911,5,62,58
27011,4911,1,1683,188
27012,4911,6,216,116
27013,4911,9,355,173
27014,4911,4,658,135
27015,4912,1,1549,176
27016,4912,9,1755,54
27017,4912,5,1902,114
27018,4912,4,1547,156
27019,4913,8,815,110
27020,4913,7,580,150
27021,4913,6,726,170
27022,4913,9,995,96
27023,4913,3,790,52
27024,4913,1,1893,96
27025,4913,2,1467,49
27026,4914,8,698,65
27027,4914,3,1867,183
27028,4914,9,85,37
27029,4914,5,1728,27
27030,4914,1,1401,184
27031,4914,10,203,140
27032,4914,6,1785,92
27033,4914,2,1576,84
27034,4915,3,855,101
27035,4915,9,1074,60
27036,4916,1,1249,21
27037,4916,4,341,101
27038,4916,2,968,78
27039,4916,6,194,92
27040,4916,10,199,108
27041,4916,9,1377,32
27042,4916,8,77,64
27043,4916,7,683,42
27044,4916,3,1722,31
27045,4916,5,4,1
27046,4917,2,1883,171
27047,4917,5,434,95
27048,4917,8,705,103
27049,4917,7,1641,40
27050,4917,4,1326,141
27051,4917,10,54,27
27052,4917,1,1579,182
27053,4917,9,1307,16
27054,4918,9,1980,190
27055,4918,10,681,85
27056,4918,2,1903,1
27057,4918,4,1701,180
27058,4918,1,783,71
27059,4918,5,1679,177
27060,4918,8,341,193
27061,4919,1,1604,62
27062,4919,8,1701,134
27063,4919,2,660,18
27064,4919,10,1976,173
27065,4919,4,532,95
27066,4920,7,586,39
27067,4920,10,379,195
27068,4920,3,1702,83
27069,4920,5,78,49
27070,4921,5,565,139
27071,4922,1,361,79
27072,4922,6,1319,39
27073,4922,4,963,53
27074,4922,5,256,132
27075,4923,7,247,199
27076,4923,8,1313,92
27077,4923,5,1787,82
27078,4923,4,1418,6
27079,4924,5,1447,167
27080,4924,10,1788,60
27081,4925,3,1736,21
27082,4925,2,514,40
27083,4925,6,21,0
27084,4925,5,1258,136
27085,4925,9,1132,181
27086,4925,8,1410,123
27087,4925,7,210,65
27088,4925,4,1005,153
27089,4926,8,952,2
27090,4926,1,1636,97
27091,4926,7,528,195
27092,4926,2,1691,90
27093,4926,4,1874,11
27094,4926,9,1525,46
27095,4926,10,1933,19
27096,4926,5,1558,27
27097,4927,9,1779,174
27098,4927,1,1522,9
27099,4927,7,648,8
27100,4927,10,1217,174
27101,4927,3,1064,87
27102,4927,2,1226,89
27103,4927,4,282,105
27104,4927,5,686,88
27105,4927,6,1404,55
27106,4928,6,767,193
27107,4929,9,1893,72
27108,4929,2,49,47
27109,4929,5,1868,195
27110,4929,3,1219,156
27111,4929,8,1551,94
27112,4929,7,378,149
27113,4929,6,1761,126
27114,4929,1,532,147
27115,4930,5,660,13
27116,4930,9,1493,130
27117,4930,1,1282,46
27118,4930,4,1497,92
27119,4930,6,198,167
27120,4930,10,1201,96
27121,4930,3,1240,53
27122,4930,7,1246,96
27123,4930,8,1685,2
27124,4930,2,1223,70
27125,4931,10,638,194
27126,4931,3,1613,146
27127,4931,9,1554,186
27128,4931,7,440,112
27129,4931,1,1828,45
27130,4931,5,1112,181
27131,4931,6,1769,198
27132,4931,8,554,2
27133,4932,10,1993,100
27134,4932,1,262,102
27135,4932,2,911,153
27136,4932,5,1164,53
27137,4932,9,933,181
27138,4932,3,1088,73
27139,4932,6,1527,12
27140,4933,5,1811,147
27141,4933,4,1430,74
27142,4933,1,1056,93
27143,4933,10,764,95
27144,4933,7,1364,48
27145,4933,2,1576,147
27146,4933,3,1080,125
27147,4933,6,1366,120
27148,4934,8,53,12
27149,4934,5,630,44
27150,4934,3,1640,126
27151,4934,10,1793,63
27152,4934,4,967,19
27153,4935,7,278,113
27154,4935,6,1597,78
27155,4936,6,672,116
27156,4936,4,1359,58
27157,4936,2,1082,77
27158,4936,3,1149,170
27159,4936,8,1280,81
27160,4936,7,1297,139
27161,4937,6,1733,126
27162,4937,1,750,142
27163,4937,2,81,36
27164,4937,5,1800,1
27165,4937,10,815,75
27166,4937,3,542,37
27167,4938,5,1156,36
27168,4938,3,29,14
27169,4938,1,1877,124
27170,4938,10,1250,4
27171,4939,10,813,67
27172,4939,1,1513,144
27173,4939,7,392,184
27174,4939,9,870,24
27175,4939,8,1059,113
27176,4939,3,602,45
27177,4940,6,1188,80
27178,4940,4,1272,167
27179,4940,1,428,169
27180,4940,8,1185,61
27181,4940,3,164,125
27182,4940,10,629,41
27183,4940,5,1647,98
27184,4940,2,1026,159
27185,4941,2,1493,10
27186,4941,9,1965,31
27187,4941,7,1628,167
27188,4941,1,707,17
27189,4941,4,1193,14
27190,4941,3,830,119
27191,4942,5,1146,190
27192,4943,3,1836,135
27193,4943,2,1945,8
27194,4943,6,1952,122
27195,4943,10,1569,48
27196,4943,1,1087,61
27197,4943,4,984,167
27198,4943,7,1676,147
27199,4943,5,219,48
27200,4943,8,487,122
27201,4944,3,842,161
27202,4944,7,1933,25
27203,4944,6,299,88
27204,4944,2,1764,38
27205,4944,1,720,150
27206,4944,4,467,118
27207,4944,9,407,74
27208,4944,8,117,2
27209,4944,10,938,62
27210,4944,5,831,87
27211,4945,3,734,109
27212,4946,8,348,60
27213,4946,4,55,14
27214,4946,9,825,118
27215,4946,2,1178,55
27216,4946,10,178,51
27217,4947,9,1060,22
27218,4947,7,1964,72
27219,4947,8,373,4
27220,4947,5,1720,129
27221,4947,6,1530,151
27222,4947,10,380,75
27223,4947,3,272,7
27224,4947,4,393,3
27225,4948,4,1828,158
27226,4948,2,1288,54
27227,4948,1,647,140
27228,4948,6,278,114
27229,4948,7,1933,132
27230,4948,3,758,126
27231,4948,9,1360,62
27232,4948,8,671,16
27233,4948,5,367,120
27234,4949,5,865,95
27235,4950,2,1278,8
27236,4950,5,1180,7
27237,4950,7,817,179
27238,4950,9,1512,110
27239,4950,4,807,129
27240,4950,10,1612,129
27241,4950,6,1231,122
27242,4950,8,1491,44
27243,4951,4,1264,105
27244,4951,1,1309,26
27245,4951,10,1172,69
27246,4951,5,49,49
27247,4951,9,1535,7
27248,4951,3,210,56
27249,4951,8,133,39
27250,4951,7,310,111
27251,4951,6,247,126
27252,4952,9,854,177
27253,4953,5,1199,69
27254,4953,3,1575,30
27255,4953,8,195,83
27256,4954,8,237,194
27257,4954,6,192,132
27258,4955,9,1605,54
27259,4955,10,280,20
27260,4955,1,1051,153
27261,4955,5,1875,60
27262,4955,7,1127,30
27263,4956,6,1552,49
27264,4956,8,1485,177
27265,4956,3,1351,142
27266,4956,7,298,6
27267,4956,4,360,65
27268,4957,3,1917,103
27269,4957,4,1637,13
27270,4957,8,1959,121
27271,4957,10,114,82
27272,4957,2,17,10
27273,4957,7,1012,19
27274,4958,9,312,167
27275,4959,1,279,166
27276,4959,5,1285,28
27277,4959,9,1866,194
27278,4959,8,1065,59
27279,4959,2,614,111
27280,4960,7,1655,30
27281,4960,10,1587,190
27282,4960,1,1275,33
27283,4960,8,1465,46
27284,4961,8,432,118
27285,4961,7,1239,174
27286,4961,4,1992,85
27287,4961,1,752,5
27288,4961,5,507,71
27289,4961,10,1871,174
27290,4961,9,619,62
27291,4961,3,1502,125
27292,4962,8,753,100
27293,4962,9,1347,92
27294,4962,1,27,1
27295,4962,3,837,195
27296,4962,2,1388,1
27297,4962,7,39,36
27298,4962,5,1451,80
27299,4963,3,928,15
27300,4963,9,1454,83
27301,4963,6,1642,152
27302,4963,10,934,163
27303,4963,5,1157,61
27304,4963,1,226,118
27305,4963,2,1745,75
27306,4964,7,1823,1
27307,4964,4,7,2
27308,4964,3,1852,107
27309,4965,2,1398,127
27310,4965,6,551,89
27311,4965,1,1425,11
27312,4965,5,1759,112
27313,4965,10,44,42
27314,4965,3,1889,117
27315,4965,8,1238,35
27316,4965,9,1692,37
27317,4965,7,434,129
27318,4965,4,1984,161
27319,4966,7,1741,0
27320,4966,9,873,35
27321,4966,4,985,48
27322,4966,10,1949,194
27323,4966,2,288,10
27324,4966,5,1645,154
27325,4966,8,157,107
27326,4967,10,1760,180
27327,4967,7,553,188
27328,4967,5,849,51
27329,4967,9,1217,46
27330,4967,8,1458,91
27331,4968,3,1807,27
27332,4968,7,594,76
27333,4968,6,195,119
27334,4968,8,353,88
27335,4968,1,1316,6
27336,4968,10,495,107
27337,4968,4,1933,157
27338,4968,9,1352,66
27339,4968,5,1638,188
27340,4968,2,704,176
27341,4969,5,592,130
27342,4969,2,1467,152
27343,4970,10,1991,38
27344,4970,6,678,197
27345,4970,5,1235,125
27346,4970,9,1899,29
27347,4970,4,537,27
27348,4971,7,349,74
27349,4971,5,371,138
27350,4971,6,170,70
27351,4971,3,60,25
27352,4971,2,303,87
27353,4971,4,28,2
27354,4972,3,460,117
27355,4972,1,957,101
27356,4972,5,1288,116
27357,4972,10,49,34
27358,4972,8,1983,152
27359,4972,4,1639,151
27360,4973,9,1194,120
27361,4973,10,1586,28
27362,4973,7,1165,53
27363,4973,8,1687,23
27364,4973,4,919,160
27365,4973,1,721,90
27366,4973,6,1945,19
27367,4973,2,938,65
27368,4974,5,898,45
27369,4974,3,700,20
27370,4975,2,1176,63
27371,4975,5,1852,5
27372,4975,9,184,148
27373,4975,8,1950,56
27374,4975,4,238,48
27375,4975,7,1784,184
27376,4976,5,1815,180
27377,4976,1,990,103
27378,4976,10,824,168
27379,4976,2,1035,179
27380,4976,7,933,169
27381,4976,6,269,84
27382,4976,4,474,106
27383,4976,9,645,15
27384,4976,8,1709,180
27385,4976,3,843,7
27386,4977,2,995,59
27387,4977,8,1242,137
27388,4977,10,738,136
27389,4977,1,1191,135
27390,4977,9,1346,4
27391,4978,6,1267,31
27392,4978,2,1789,18
27393,4978,4,1152,65
27394,4978,7,1652,97
27395,4978,8,1592,8
27396,4978,5,565,54
27397,4978,3,1586,98
27398,4978,1,107,14
27399,4978,9,1533,177
27400,4978,10,1603,94
27401,4979,9,488,45
27402,4979,1,1856,14
27403,4979,6,983,35
27404,4979,10,790,125
27405,4979,5,1235,126
27406,4979,7,316,97
27407,4979,3,1144,40
27408,4979,2,355,40
27409,4979,4,1999,126
27410,4979,8,1861,165
27411,4980,6,352,46
27412,4980,10,1465,118
27413,4980,8,450,34
27414,4980,1,1373,187
27415,4980,7,1899,128
27416,4980,9,369,152
27417,4980,5,1731,133
27418,4981,9,1914,9
27419,4981,6,1599,171
27420,4981,2,369,170
27421,4981,7,1710,146
27422,4981,1,1983,112
27423,4981,10,1768,161
27424,4981,8,618,138
27425,4981,4,691,196
27426,4981,5,506,9
27427,4982,7,329,3
27428,4982,2,994,142
27429,4982,6,293,46
27430,4983,4,1541,125
27431,4984,8,1455,193
27432,4985,5,509,131
27433,4985,2,625,73
27434,4985,6,1427,3
27435,4985,10,691,120
27436,4986,7,287,151
27437,4986,6,344,51
27438,4986,8,1343,46
27439,4986,2,420,122
27440,4986,3,1807,90
27441,4986,4,293,85
27442,4986,1,968,192
27443,4986,9,1282,187
27444,4986,5,425,5
27445,4987,6,236,35
27446,4987,2,1987,139
27447,4987,4,1990,173
27448,4987,3,861,180
27449,4988,9,945,35
27450,4988,5,1172,112
27451,4988,7,853,50
27452,4988,2,1648,3
27453,4988,3,1432,193
27454,4988,4,442,4
27455,4988,1,1503,99
27456,4989,2,665,19
27457,4989,1,569,47
27458,4989,9,999,1
27459,4989,7,133,5
27460,4989,5,960,139
27461,4990,10,1310,27
27462,4990,1,1631,76
27463,4990,9,1124,18
27464,4991,3,334,162
27465,4991,7,620,139
27466,4991,1,1250,99
27467,4992,8,1808,42
27468,4992,5,335,130
27469,4992,10,620,70
27470,4993,7,1702,101
27471,4993,6,747,189
27472,4993,8,229,2
27473,4993,10,867,76
27474,4993,5,251,140
27475,4993,1,535,152
27476,4993,9,210,63
27477,4993,3,676,45
27478,4994,6,1457,117
27479,4994,10,1336,39
27480,4994,1,345,100
27481,4994,3,761,8
27482,4994,5,123,51
27483,4994,8,41,32
27484,4994,9,608,115
27485,4995,10,1172,186
27486,4995,4,459,32
27487,4995,8,978,34
27488,4996,2,312,8
27489,4996,8,1112,169
27490,4996,6,179,170
27491,4996,5,1460,3
27492,4996,9,1125,120
27493,4996,10,591,166
27494,4996,7,1882,158
27495,4996,4,1854,100
27496,4996,1,1391,24
27497,4996,3,1025,47
27498,4997,5,1397,55
27499,4997,4,916,134
27500,4997,9,422,163
27501,4997,1,1514,114
27502,4997,3,925,156
27503,4997,7,1020,107
27504,4997,6,1969,144
27505,4997,8,629,87
27506,4997,2,562,133
27507,4998,7,1950,109
27508,4998,2,293,75
27509,4998,8,1184,154
27510,4998,4,1916,188
27511,4998,5,1335,117
27512,4998,1,1099,176
27513,4998,6,1538,138
27514,4998,9,138,35
27515,4998,10,1230,33
27516,4998,3,488,164
27517,4999,10,1407,30
27518,4999,4,1884,3
27519,4999,1,818,4
27520,4999,2,28,4
27521,4999,5,186,118
27522,5000,4,1108,51
27523,5000,3,223,123
27524,5000,2,50,27
27525,5000,9,1431,95
27526,5000,10,194,78
27527,5000,1,1127,157
27528,5000,8,494,194
