product_id,sku,name,category_id,supplier_id,unit_price,unit_cost,reorder_level,reorder_qty
1,SKU-000001,Pre-emptive analyzing help-desk,1,79,759.68,424.4,34,134
2,SKU-000002,Up-sized contextually-based initiative,12,2,255.56,154.45,11,160
3,SKU-000003,Profound coherent installation,4,63,422.93,253.25,5,89
4,SKU-000004,Phased hybrid hub,10,47,506.68,395.84,32,96
5,SKU-000005,Switchable leadingedge complexity,5,46,431.09,276.34,32,51
6,SKU-000006,Balanced client-driven infrastructure,14,96,268.89,185.9,26,58
7,SKU-000007,Synchronized encompassing capability,14,63,136.61,84.85,40,176
8,SKU-000008,Versatile well-modulated time-frame,13,65,580.74,411.87,29,83
9,SKU-000009,Profit-focused 24/7 throughput,8,7,81.51,58.13,48,137
10,SKU-000010,Polarized explicit forecast,16,11,343.73,221.76,32,113
11,SKU-000011,Grass-roots zero administration budgetary management,9,90,416.83,318.19,20,159
12,SKU-000012,Upgradable motivating pricing structure,6,25,195.8,103.6,42,88
13,SKU-000013,Automated even-keeled core,5,55,179.92,119.15,6,101
14,SKU-000014,Progressive fault-tolerant standardization,8,29,73.87,48.6,26,159
15,SKU-000015,Business-focused exuding budgetary management,9,47,450.81,247.7,22,139
16,SKU-000016,Business-focused contextually-based analyzer,1,7,513.14,366.53,47,132
17,SKU-000017,Robust bandwidth-monitored Internet solution,6,33,148.99,110.36,36,143
18,SKU-000018,Synergized neutral throughput,5,43,358.83,173.38,28,142
19,SKU-000019,Streamlined even-keeled database,13,12,497.89,382.99,11,83
20,SKU-000020,Reverse-engineered solution-oriented core,7,91,487.42,324.95,33,75
21,SKU-000021,Up-sized methodical task-force,7,69,56.15,40.69,14,61
22,SKU-000022,Universal eco-centric task-force,12,47,114.31,67.24,33,80
23,SKU-000023,Operative multi-tasking middleware,1,22,754.37,468.55,43,120
24,SKU-000024,Re-contextualized analyzing utilization,7,95,537.24,358.16,30,176
25,SKU-000025,Organic web-enabled migration,13,72,426.74,352.68,29,152
26,SKU-000026,Adaptive cohesive orchestration,7,76,384.18,312.34,49,52
27,SKU-000027,Triple-buffered uniform moderator,9,39,742.35,452.65,19,125
28,SKU-000028,Face-to-face 6thgeneration monitoring,8,38,440.85,364.34,7,87
29,SKU-000029,Business-focused secondary encryption,7,69,649.03,484.35,12,50
30,SKU-000030,Configurable tertiary neural-net,9,93,471.56,334.44,13,154
31,SKU-000031,Centralized responsive access,12,29,651.11,461.78,22,95
32,SKU-000032,User-friendly system-worthy implementation,9,81,255.74,133.2,45,191
33,SKU-000033,Future-proofed demand-driven paradigm,13,20,151.66,107.56,33,109
34,SKU-000034,Digitized mission-critical array,16,24,552.6,375.92,34,97
35,SKU-000035,Pre-emptive upward-trending contingency,10,3,721.06,419.22,24,91
36,SKU-000036,Robust content-based architecture,5,10,851.26,455.22,32,112
37,SKU-000037,Devolved upward-trending system engine,1,78,502.89,234.82,11,146
38,SKU-000038,Stand-alone 6thgeneration capacity,8,99,434.55,198.2,10,118
39,SKU-000039,Customer-focused needs-based support,11,91,185.32,75.8,10,101
40,SKU-000040,Integrated full-range matrices,5,32,88.33,73.61,8,189
41,SKU-000041,Balanced bi-directional moratorium,10,14,427.61,356.34,37,156
42,SKU-000042,Focused interactive info-mediaries,5,46,96.2,74.0,46,123
43,SKU-000043,Universal bifurcated matrix,6,15,220.42,117.87,19,76
44,SKU-000044,Seamless full-range capability,12,11,933.58,491.36,7,88
45,SKU-000045,Enterprise-wide systematic interface,5,86,164.63,93.54,48,127
46,SKU-000046,Proactive stable hub,9,92,498.89,321.36,9,50
47,SKU-000047,Digitized human-resource knowledge user,16,9,620.47,443.19,12,197
48,SKU-000048,De-engineered contextually-based throughput,13,46,291.09,220.93,25,176
49,SKU-000049,Sharable full-range challenge,8,50,388.71,219.61,31,190
50,SKU-000050,Public-key discrete info-mediaries,3,75,431.22,256.68,50,157
51,SKU-000051,Cross-group disintermediate hierarchy,1,27,513.57,271.73,6,142
52,SKU-000052,Monitored high-level time-frame,5,38,367.39,287.6,34,86
53,SKU-000053,Expanded directional approach,5,16,562.91,429.7,49,86
54,SKU-000054,Optimized holistic application,4,85,370.31,195.93,42,68
55,SKU-000055,Digitized high-level circuit,3,32,320.79,246.76,9,53
56,SKU-000056,Enterprise-wide methodical synergy,5,96,578.25,293.53,38,126
57,SKU-000057,Stand-alone system-worthy access,10,15,378.33,242.52,14,65
58,SKU-000058,Versatile context-sensitive middleware,6,2,803.26,453.82,30,158
59,SKU-000059,Profit-focused fault-tolerant strategy,8,55,606.5,350.58,15,119
60,SKU-000060,Open-architected regional approach,8,51,107.57,49.66,16,193
61,SKU-000061,Intuitive solution-oriented project,13,49,502.16,311.9,15,63
62,SKU-000062,Future-proofed bi-directional benchmark,3,47,512.7,413.47,43,135
63,SKU-000063,Quality-focused bi-directional architecture,7,77,19.56,16.3,5,129
64,SKU-000064,Automated disintermediate flexibility,3,73,178.65,98.7,41,61
65,SKU-000065,Intuitive background function,1,46,464.98,290.61,23,151
66,SKU-000066,Object-based uniform help-desk,5,90,506.15,258.24,48,74
67,SKU-000067,Vision-oriented coherent algorithm,13,62,281.29,171.52,42,59
68,SKU-000068,Persistent attitude-oriented product,3,92,280.87,150.2,19,105
69,SKU-000069,Universal cohesive middleware,17,94,823.42,415.87,43,183
70,SKU-000070,De-engineered global frame,12,80,752.0,478.98,32,60
71,SKU-000071,Expanded reciprocal portal,3,20,596.58,458.91,41,177
72,SKU-000072,Integrated neutral website,3,64,101.18,51.1,11,166
73,SKU-000073,Cloned even-keeled orchestration,12,46,194.65,162.21,10,68
74,SKU-000074,Phased eco-centric task-force,15,84,124.89,93.9,13,81
75,SKU-000075,Multi-lateral executive initiative,14,80,749.58,499.72,48,83
76,SKU-000076,Configurable systemic installation,17,58,334.37,227.46,21,60
77,SKU-000077,Fully-configurable tangible open architecture,1,20,620.45,319.82,11,124
78,SKU-000078,Face-to-face human-resource Local Area Network,3,45,368.98,194.2,34,169
79,SKU-000079,Upgradable bi-directional infrastructure,14,26,433.71,330.68,30,134
80,SKU-000080,Pre-emptive didactic standardization,16,15,62.66,35.4,22,166
81,SKU-000081,Digitized scalable data-warehouse,11,73,34.7,21.69,7,147
82,SKU-000082,Extended actuating data-warehouse,1,98,53.54,33.46,48,158
83,SKU-000083,Grass-roots impactful artificial intelligence,10,92,194.24,140.32,33,157
84,SKU-000084,Business-focused background interface,11,97,332.43,270.27,24,92
85,SKU-000085,Phased national solution,6,90,166.54,103.44,32,140
86,SKU-000086,Right-sized dedicated archive,5,42,906.48,469.88,47,131
87,SKU-000087,Intuitive bifurcated utilization,14,34,16.99,9.19,38,50
88,SKU-000088,Reduced bandwidth-monitored alliance,7,96,420.21,232.16,17,157
89,SKU-000089,Multi-tiered didactic hardware,7,25,631.29,358.69,48,197
90,SKU-000090,Ameliorated exuding function,17,16,717.01,491.1,49,177
91,SKU-000091,Multi-channeled heuristic moratorium,14,67,508.56,334.58,26,79
92,SKU-000092,Multi-layered context-sensitive neural-net,6,70,733.38,476.22,32,147
93,SKU-000093,Horizontal tangible process improvement,4,12,267.59,147.84,11,72
94,SKU-000094,Versatile regional moratorium,4,82,616.71,334.2,33,178
95,SKU-000095,Extended directional time-frame,15,71,458.08,299.4,29,79
96,SKU-000096,Persistent incremental project,13,1,147.74,102.6,28,107
97,SKU-000097,Fundamental fault-tolerant utilization,14,87,480.9,261.36,20,51
98,SKU-000098,Multi-layered multi-state support,11,43,570.82,462.53,15,196
99,SKU-000099,Seamless secondary infrastructure,2,74,275.65,222.3,32,82
100,SKU-000100,Enhanced impactful functionalities,17,21,931.82,482.81,32,109
101,SKU-000101,Decentralized responsive orchestration,13,98,86.76,52.9,45,116
102,SKU-000102,Expanded background array,1,56,607.29,430.7,5,89
103,SKU-000103,Multi-tiered 4thgeneration synergy,5,59,29.05,16.79,45,141
104,SKU-000104,Ergonomic national encryption,13,99,134.27,97.3,21,63
105,SKU-000105,Ameliorated scalable paradigm,4,15,255.78,142.1,34,81
106,SKU-000106,Enterprise-wide background archive,16,47,74.72,56.18,18,150
107,SKU-000107,Compatible mobile product,3,27,81.5,53.62,48,157
108,SKU-000108,Enterprise-wide exuding access,6,85,233.28,194.4,41,58
109,SKU-000109,Seamless radical moratorium,1,21,100.51,62.43,38,115
110,SKU-000110,Assimilated national adapter,17,66,842.79,476.15,14,105
111,SKU-000111,Assimilated fresh-thinking challenge,8,11,565.73,445.46,49,82
112,SKU-000112,Cross-group grid-enabled strategy,10,60,174.19,139.35,36,161
113,SKU-000113,Enhanced dedicated software,9,51,349.15,264.51,11,199
114,SKU-000114,Expanded uniform matrix,14,58,494.87,408.98,32,119
115,SKU-000115,Networked interactive customer loyalty,12,48,742.34,419.4,45,66
116,SKU-000116,Function-based optimizing installation,10,78,383.15,232.21,46,185
117,SKU-000117,Inverse interactive utilization,6,46,261.68,182.5,20,68
118,SKU-000118,Digitized zero-defect functionalities,4,2,165.87,112.84,25,52
119,SKU-000119,Re-contextualized fresh-thinking emulation,3,50,587.38,369.42,23,104
120,SKU-000120,Grass-roots transitional portal,3,74,463.87,271.27,46,157
121,SKU-000121,Intuitive dedicated customer loyalty,2,64,492.74,351.96,36,61
122,SKU-000122,Right-sized fresh-thinking parallelism,13,31,254.93,142.53,41,55
123,SKU-000123,Horizontal clear-thinking initiative,2,69,234.05,147.2,38,60
124,SKU-000124,Phased bandwidth-monitored website,14,93,314.68,174.82,24,120
125,SKU-000125,Configurable next generation time-frame,11,64,249.09,164.96,44,62
126,SKU-000126,Stand-alone bottom-line hub,4,4,331.51,203.38,19,62
127,SKU-000127,Team-oriented uniform Internet solution,8,22,1056.69,424.1,10,98
128,SKU-000128,Business-focused empowering toolset,2,15,700.24,372.47,8,127
129,SKU-000129,Seamless homogeneous flexibility,6,18,75.82,40.33,42,167
130,SKU-000130,Open-source scalable knowledge user,4,67,137.62,63.16,38,111
131,SKU-000131,Inverse zero administration superstructure,16,29,401.77,297.61,10,117
132,SKU-000132,Realigned dynamic protocol,7,89,571.84,394.37,9,69
133,SKU-000133,Advanced static data-warehouse,15,50,634.53,499.63,17,174
134,SKU-000134,Virtual multi-tasking migration,11,98,97.0,55.43,24,166
135,SKU-000135,Multi-lateral human-resource knowledge user,17,26,500.53,337.19,30,98
136,SKU-000136,Synergized fault-tolerant orchestration,4,19,45.19,37.35,34,77
137,SKU-000137,Persevering contextually-based flexibility,1,61,459.77,383.14,47,185
138,SKU-000138,Configurable heuristic Internet solution,7,20,561.45,233.45,30,178
139,SKU-000139,Organic encompassing hub,4,7,356.24,222.65,46,147
140,SKU-000140,Ergonomic impactful conglomeration,9,68,515.86,376.54,43,176
141,SKU-000141,Business-focused secondary encryption,4,29,500.32,267.55,12,63
142,SKU-000142,Cloned national attitude,9,29,598.52,460.4,44,153
143,SKU-000143,Upgradable system-worthy flexibility,16,27,259.2,202.5,15,102
144,SKU-000144,Right-sized executive superstructure,1,13,341.64,179.81,16,178
145,SKU-000145,Integrated system-worthy encoding,6,41,905.77,466.89,48,67
146,SKU-000146,Digitized 24/7 secured line,16,55,137.82,87.23,26,55
147,SKU-000147,Synergistic well-modulated access,12,61,111.72,92.33,42,50
148,SKU-000148,Ameliorated non-volatile software,10,30,317.59,252.31,38,178
149,SKU-000149,Cross-platform bandwidth-monitored framework,11,58,175.04,87.96,36,139
150,SKU-000150,Multi-lateral logistical access,12,39,371.34,281.32,50,135
151,SKU-000151,Programmable upward-trending productivity,1,19,711.34,458.66,31,106
152,SKU-000152,Assimilated dynamic orchestration,14,47,552.86,339.18,18,72
153,SKU-000153,Self-enabling systematic moratorium,15,68,137.0,101.48,16,117
154,SKU-000154,Object-based optimizing instruction set,9,40,665.78,468.86,17,60
155,SKU-000155,Decentralized intermediate utilization,15,73,531.61,298.66,27,123
156,SKU-000156,Digitized maximized software,5,67,108.65,58.1,23,192
157,SKU-000157,Horizontal asymmetric website,10,2,554.36,342.2,34,60
158,SKU-000158,Pre-emptive fault-tolerant ability,14,46,181.38,113.36,47,50
159,SKU-000159,Horizontal zero tolerance middleware,5,12,39.34,27.32,50,119
160,SKU-000160,Reduced attitude-oriented frame,8,5,117.69,75.93,35,140
161,SKU-000161,Open-architected bandwidth-monitored firmware,10,77,199.98,129.86,24,94
162,SKU-000162,Devolved systemic throughput,7,33,505.56,290.55,13,156
163,SKU-000163,Configurable exuding open system,15,70,396.5,285.25,16,146
164,SKU-000164,Team-oriented foreground middleware,12,60,758.62,402.55,27,159
165,SKU-000165,Assimilated next generation algorithm,14,12,382.44,240.53,13,127
166,SKU-000166,Re-contextualized explicit application,13,17,811.51,404.31,30,51
167,SKU-000167,Configurable analyzing flexibility,4,43,382.35,238.97,43,74
168,SKU-000168,Managed analyzing capability,17,95,794.06,422.37,50,63
169,SKU-000169,User-centric modular challenge,8,87,617.75,361.26,45,89
170,SKU-000170,Adaptive mobile process improvement,7,15,301.06,156.8,9,50
171,SKU-000171,Cross-platform dynamic database,4,61,134.08,80.77,6,179
172,SKU-000172,Polarized contextually-based encoding,9,79,364.88,229.5,48,162
173,SKU-000173,Digitized scalable adapter,6,19,684.85,441.84,47,111
174,SKU-000174,Polarized explicit frame,4,76,143.44,89.65,36,144
175,SKU-000175,Total bi-directional Local Area Network,14,55,511.59,343.35,14,57
176,SKU-000176,Networked 24/7 paradigm,10,5,253.84,147.58,46,163
177,SKU-000177,Up-sized logistical focus group,1,21,37.29,23.45,27,178
178,SKU-000178,Triple-buffered multi-tasking info-mediaries,17,9,634.52,440.64,16,88
179,SKU-000179,Universal zero tolerance challenge,9,98,288.87,182.83,47,127
180,SKU-000180,Polarized homogeneous leverage,6,74,863.59,474.5,50,179
181,SKU-000181,Reverse-engineered optimal hardware,13,9,842.5,399.84,7,57
182,SKU-000182,Cross-platform static benchmark,16,87,566.22,438.93,35,132
183,SKU-000183,Enhanced upward-trending info-mediaries,14,9,927.25,391.29,8,114
184,SKU-000184,Virtual holistic portal,1,23,94.22,60.4,25,77
185,SKU-000185,Re-engineered next generation customer loyalty,7,33,893.72,359.57,36,162
186,SKU-000186,User-centric cohesive Internet solution,17,25,436.7,349.36,10,199
187,SKU-000187,Automated client-driven ability,12,100,18.65,14.8,31,195
188,SKU-000188,Synergized upward-trending superstructure,17,64,346.74,281.9,17,103
189,SKU-000189,Secured next generation challenge,3,57,427.17,294.6,32,146
190,SKU-000190,Innovative bandwidth-monitored capability,16,30,997.47,449.9,8,188
191,SKU-000191,Function-based human-resource strategy,12,9,234.54,171.2,15,123
192,SKU-000192,Seamless motivating function,13,80,67.53,40.68,8,189
193,SKU-000193,Streamlined 4thgeneration alliance,11,54,477.66,359.14,21,101
194,SKU-000194,Upgradable full-range system engine,2,31,254.95,173.97,36,68
195,SKU-000195,Compatible intangible policy,3,71,597.2,414.72,35,83
196,SKU-000196,Profit-focused directional projection,12,56,175.63,140.92,35,127
197,SKU-000197,Assimilated zero-defect toolset,7,69,683.89,402.29,43,147
198,SKU-000198,Polarized actuating info-mediaries,13,90,598.18,351.87,13,160
199,SKU-000199,Seamless holistic help-desk,7,44,639.69,361.54,32,64
200,SKU-000200,Advanced discrete installation,2,2,215.76,123.29,20,64
201,SKU-000201,Enterprise-wide executive analyzer,11,45,65.05,41.7,43,112
202,SKU-000202,Switchable bottom-line protocol,3,10,243.37,151.16,21,189
203,SKU-000203,Organic transitional framework,12,100,137.77,107.63,40,124
204,SKU-000204,Future-proofed foreground standardization,17,14,746.21,446.83,8,138
205,SKU-000205,Configurable demand-driven challenge,17,30,625.75,463.52,24,191
206,SKU-000206,Digitized 5thgeneration encoding,15,84,209.57,109.15,34,79
207,SKU-000207,Grass-roots optimizing info-mediaries,10,11,16.92,12.63,8,121
208,SKU-000208,Ameliorated homogeneous info-mediaries,15,6,716.84,439.78,19,102
209,SKU-000209,Business-focused stable function,2,70,329.67,196.23,27,56
210,SKU-000210,Versatile optimizing data-warehouse,1,44,622.13,467.77,44,161
211,SKU-000211,Up-sized systematic forecast,15,55,855.12,445.54,41,195
212,SKU-000212,Multi-tiered maximized synergy,8,17,474.79,395.66,5,121
213,SKU-000213,Visionary needs-based frame,11,74,1029.04,411.87,30,59
214,SKU-000214,Switchable eco-centric toolset,1,16,425.25,317.35,24,195
215,SKU-000215,Organic maximized adapter,15,2,415.3,340.41,34,59
216,SKU-000216,Realigned didactic installation,2,75,898.57,496.45,10,120
217,SKU-000217,Organic contextually-based firmware,9,34,831.2,461.78,36,82
218,SKU-000218,Streamlined actuating emulation,4,84,277.11,118.8,7,97
219,SKU-000219,Intuitive 6thgeneration neural-net,8,8,613.59,352.64,50,116
220,SKU-000220,Universal 6thgeneration policy,8,45,225.11,133.2,11,69
221,SKU-000221,Compatible disintermediate database,11,74,431.57,261.56,28,156
222,SKU-000222,Digitized 4thgeneration Graphic Interface,12,43,52.8,38.82,31,145
223,SKU-000223,Multi-layered 6thgeneration frame,5,76,290.84,242.37,6,77
224,SKU-000224,Universal zero-defect support,17,75,516.9,313.27,50,138
225,SKU-000225,Automated stable success,5,49,840.89,483.27,46,70
226,SKU-000226,Profit-focused object-oriented product,14,69,846.07,491.9,12,185
227,SKU-000227,Progressive multi-state intranet,11,35,755.5,410.6,17,197
228,SKU-000228,Visionary high-level emulation,15,41,199.53,152.31,12,111
229,SKU-000229,Configurable heuristic open architecture,17,10,335.7,229.93,28,173
230,SKU-000230,Focused non-volatile capacity,8,100,476.27,311.29,31,199
231,SKU-000231,Mandatory foreground capability,3,53,465.35,342.17,31,179
232,SKU-000232,Visionary dedicated contingency,15,2,139.91,77.73,15,80
233,SKU-000233,Cross-platform clear-thinking alliance,14,4,421.84,216.33,49,92
234,SKU-000234,Multi-channeled clear-thinking initiative,8,92,60.31,39.16,23,80
235,SKU-000235,Balanced asynchronous support,12,58,334.91,174.43,31,165
236,SKU-000236,Polarized tangible challenge,6,93,747.84,381.55,42,180
237,SKU-000237,Reverse-engineered holistic service-desk,15,49,77.33,44.19,25,162
238,SKU-000238,Cross-platform discrete framework,16,44,183.45,92.65,8,194
239,SKU-000239,Inverse human-resource functionalities,6,19,364.03,267.67,7,103
240,SKU-000240,Seamless foreground attitude,12,37,385.2,222.66,15,80
241,SKU-000241,Face-to-face composite forecast,9,78,232.99,149.35,11,109
242,SKU-000242,Profound web-enabled concept,1,77,504.35,343.35,7,188
243,SKU-000243,Assimilated holistic database,10,74,449.13,277.24,32,163
244,SKU-000244,Customizable transitional strategy,4,57,367.38,268.16,32,176
245,SKU-000245,Upgradable static budgetary management,12,11,183.75,136.11,19,69
246,SKU-000246,Persevering responsive support,17,87,228.42,169.2,9,130
247,SKU-000247,Programmable foreground core,2,82,1105.7,458.4,45,52
248,SKU-000248,Synergistic dedicated firmware,16,20,162.78,127.17,36,97
249,SKU-000249,Cross-group multi-state success,7,1,550.64,377.63,32,67
250,SKU-000250,Enhanced 5thgeneration instruction set,9,79,482.05,253.71,29,199
251,SKU-000251,Progressive stable contingency,10,30,197.72,122.81,23,174
252,SKU-000252,Multi-channeled needs-based matrices,10,13,444.93,252.8,19,78
253,SKU-000253,Organized fresh-thinking encryption,14,15,758.82,495.96,16,168
254,SKU-000254,Total hybrid strategy,5,100,707.62,491.4,35,175
255,SKU-000255,Implemented encompassing middleware,7,53,402.38,309.52,8,193
256,SKU-000256,Intuitive incremental infrastructure,15,55,739.18,397.41,30,116
257,SKU-000257,Upgradable directional Graphical User Interface,2,40,760.75,469.6,33,154
258,SKU-000258,Expanded zero-defect product,4,79,194.43,115.73,44,134
259,SKU-000259,Ameliorated homogeneous array,11,46,132.04,68.77,40,66
260,SKU-000260,Public-key dedicated complexity,13,92,492.9,337.6,19,124
261,SKU-000261,Open-source didactic neural-net,8,2,585.32,412.2,7,55
262,SKU-000262,Object-based mobile analyzer,6,37,637.42,388.67,24,56
263,SKU-000263,Future-proofed value-added capability,13,84,167.72,119.8,30,83
264,SKU-000264,Profit-focused uniform strategy,14,3,547.01,420.94,5,188
265,SKU-000265,Reverse-engineered hybrid core,10,42,603.71,311.19,32,181
266,SKU-000266,Persevering dedicated attitude,9,84,515.97,382.2,41,170
267,SKU-000267,Open-source next generation focus group,16,37,289.4,194.37,49,186
268,SKU-000268,Proactive upward-trending infrastructure,12,98,313.57,261.31,39,77
269,SKU-000269,Visionary discrete knowledge user,12,62,349.92,233.28,41,77
270,SKU-000270,Configurable bandwidth-monitored open architecture,6,27,746.48,331.39,36,113
271,SKU-000271,Phased multi-state success,8,8,78.64,44.18,36,114
272,SKU-000272,Team-oriented non-volatile policy,14,1,264.95,212.39,22,103
273,SKU-000273,Proactive foreground projection,8,42,656.92,388.71,34,173
274,SKU-000274,Compatible homogeneous capacity,1,21,465.9,265.71,38,81
275,SKU-000275,Optimized modular concept,17,63,109.13,87.25,13,190
276,SKU-000276,Decentralized intermediate frame,9,67,296.62,216.51,25,145
277,SKU-000277,Synergized demand-driven website,12,67,458.71,290.83,43,114
278,SKU-000278,User-friendly uniform challenge,6,68,345.9,243.59,50,171
279,SKU-000279,Distributed methodical architecture,1,40,9.03,7.4,49,98
280,SKU-000280,Persevering full-range attitude,2,80,176.2,104.88,34,90
281,SKU-000281,Self-enabling 24/7 core,9,37,52.47,36.44,32,199
282,SKU-000282,Visionary impactful extranet,7,10,671.95,375.39,42,89
283,SKU-000283,Enhanced empowering open system,4,17,74.16,54.93,38,200
284,SKU-000284,Re-engineered zero administration parallelism,9,95,472.83,332.98,44,171
285,SKU-000285,Extended background website,5,19,140.88,109.21,15,171
286,SKU-000286,Business-focused client-driven migration,15,55,853.1,449.0,47,170
287,SKU-000287,Realigned hybrid implementation,13,91,220.19,169.38,35,140
288,SKU-000288,Configurable real-time data-warehouse,6,82,269.97,161.66,22,86
289,SKU-000289,Team-oriented zero tolerance extranet,4,72,700.73,432.55,32,139
290,SKU-000290,Visionary static hardware,14,28,148.35,93.3,44,193
291,SKU-000291,Enhanced value-added access,7,57,661.85,450.24,28,184
292,SKU-000292,Cross-platform holistic extranet,17,2,143.42,101.0,43,119
293,SKU-000293,Polarized hybrid analyzer,9,36,36.07,19.82,45,64
294,SKU-000294,Phased real-time product,15,63,954.48,499.73,16,171
295,SKU-000295,Multi-layered 4thgeneration pricing structure,5,91,540.15,385.82,16,83
296,SKU-000296,Organic scalable strategy,2,41,75.7,44.53,11,189
297,SKU-000297,Synergistic foreground strategy,6,76,204.82,144.24,28,182
298,SKU-000298,Synchronized static approach,3,25,15.07,9.85,37,87
299,SKU-000299,Organic 6thgeneration focus group,7,89,457.91,375.34,37,154
300,SKU-000300,Grass-roots next generation hardware,4,44,126.23,90.81,34,195
301,SKU-000301,Persistent background budgetary management,3,24,741.13,430.89,10,97
302,SKU-000302,Down-sized zero tolerance access,7,82,326.2,164.75,28,167
303,SKU-000303,Synergized secondary core,5,40,61.05,43.92,8,147
304,SKU-000304,Devolved non-volatile functionalities,14,29,490.54,363.36,17,119
305,SKU-000305,Fundamental tangible intranet,9,12,622.32,454.25,36,140
306,SKU-000306,Stand-alone multi-state knowledge user,6,5,590.95,298.46,42,148
307,SKU-000307,Optional grid-enabled project,10,27,154.38,81.68,26,178
308,SKU-000308,Expanded empowering data-warehouse,15,34,532.07,284.95,7,79
309,SKU-000309,Devolved maximized parallelism,11,48,426.94,266.84,41,146
310,SKU-000310,Total bi-directional product,12,2,479.05,339.75,15,157
311,SKU-000311,Cross-platform contextually-based help-desk,10,21,446.66,245.42,34,189
312,SKU-000312,Seamless logistical parallelism,14,94,152.82,97.96,30,171
313,SKU-000313,Multi-layered radical Graphical User Interface,16,87,824.28,429.31,30,126
314,SKU-000314,Optimized zero-defect flexibility,13,76,34.1,22.29,6,91
315,SKU-000315,Total multi-tasking customer loyalty,5,17,465.01,264.21,47,135
316,SKU-000316,Visionary client-server website,12,59,563.78,405.6,30,92
317,SKU-000317,Enhanced exuding function,3,24,296.25,237.0,20,102
318,SKU-000318,Vision-oriented holistic ability,16,21,470.51,225.11,27,75
319,SKU-000319,Extended methodical secured line,13,60,460.59,243.7,50,112
320,SKU-000320,Devolved impactful throughput,11,37,632.83,392.12,48,158
321,SKU-000321,Pre-emptive static support,1,29,442.8,307.5,43,95
322,SKU-000322,Mandatory motivating ability,13,10,577.14,395.3,46,108
323,SKU-000323,Extended exuding Internet solution,3,44,108.94,72.63,29,96
324,SKU-000324,Networked systematic matrices,2,34,304.67,219.19,31,95
325,SKU-000325,Configurable grid-enabled software,4,84,135.94,85.5,30,53
326,SKU-000326,Profit-focused human-resource software,15,2,146.01,84.4,36,152
327,SKU-000327,Optimized empowering support,4,78,302.19,218.98,33,178
328,SKU-000328,Managed national hierarchy,4,23,368.61,192.99,32,186
329,SKU-000329,Triple-buffered optimizing firmware,7,66,472.12,390.49,44,166
330,SKU-000330,Balanced bottom-line matrix,15,47,305.46,224.6,8,144
331,SKU-000331,Implemented zero administration algorithm,9,23,244.66,131.54,23,141
332,SKU-000332,Innovative scalable alliance,4,46,303.43,215.2,7,186
333,SKU-000333,Configurable national attitude,5,94,464.21,380.5,14,176
334,SKU-000334,Team-oriented regional encryption,17,73,351.31,222.35,34,60
335,SKU-000335,Digitized real-time success,4,49,57.97,41.41,37,70
336,SKU-000336,Open-architected 3rdgeneration contingency,9,93,269.21,174.81,46,70
337,SKU-000337,Re-engineered empowering framework,17,70,533.88,430.55,20,62
338,SKU-000338,Virtual intermediate focus group,6,36,246.04,193.73,37,61
339,SKU-000339,Horizontal encompassing ability,14,27,579.41,311.51,6,156
340,SKU-000340,Persistent radical utilization,11,13,453.13,338.16,19,107
341,SKU-000341,Cloned reciprocal forecast,15,76,15.23,11.9,31,134
342,SKU-000342,Advanced global Graphical User Interface,11,45,477.93,279.49,33,88
343,SKU-000343,Public-key tangible concept,13,33,301.08,238.95,30,58
344,SKU-000344,Pre-emptive next generation hardware,3,27,613.31,340.73,38,144
345,SKU-000345,Synergistic maximized algorithm,5,80,247.07,157.37,42,92
346,SKU-000346,Virtual 3rdgeneration system engine,10,72,491.82,321.45,36,110
347,SKU-000347,Robust bottom-line attitude,13,28,288.13,194.68,18,78
348,SKU-000348,Visionary zero-defect support,13,71,353.24,294.37,31,140
349,SKU-000349,Grass-roots foreground throughput,12,81,679.84,386.27,11,131
350,SKU-000350,Open-architected modular system engine,15,37,332.39,259.68,33,90
351,SKU-000351,Adaptive national groupware,15,84,646.3,475.22,16,75
352,SKU-000352,Open-source content-based productivity,1,80,304.07,198.74,19,85
353,SKU-000353,Re-engineered upward-trending installation,1,42,554.03,314.79,44,113
354,SKU-000354,Cross-group holistic adapter,13,71,164.04,87.72,37,99
355,SKU-000355,Up-sized disintermediate conglomeration,16,92,642.68,437.2,17,132
356,SKU-000356,Expanded object-oriented Local Area Network,15,32,90.18,69.37,48,163
357,SKU-000357,Stand-alone bifurcated website,11,21,205.36,125.22,20,168
358,SKU-000358,Automated systemic service-desk,14,67,725.01,371.8,35,148
359,SKU-000359,Public-key bottom-line structure,1,57,73.59,38.53,35,65
360,SKU-000360,Open-architected transitional migration,15,55,221.19,151.5,12,76
361,SKU-000361,Down-sized high-level installation,11,19,146.55,76.33,20,173
362,SKU-000362,Stand-alone system-worthy archive,15,91,155.25,109.33,36,112
363,SKU-000363,Team-oriented leadingedge groupware,15,90,533.38,389.33,21,195
364,SKU-000364,Devolved client-server model,10,4,281.24,142.76,19,144
365,SKU-000365,Universal cohesive open system,10,61,403.74,290.46,50,162
366,SKU-000366,Team-oriented clear-thinking circuit,10,50,675.42,346.37,21,108
367,SKU-000367,Fundamental high-level success,17,96,31.88,16.27,38,153
368,SKU-000368,Stand-alone coherent parallelism,17,41,355.38,246.79,38,145
369,SKU-000369,Polarized context-sensitive matrices,13,2,326.69,195.62,47,66
370,SKU-000370,Face-to-face coherent focus group,4,84,223.37,177.28,17,141
371,SKU-000371,Progressive discrete support,7,47,502.28,257.58,47,58
372,SKU-000372,Profit-focused asymmetric flexibility,3,8,293.66,206.8,33,195
373,SKU-000373,User-centric contextually-based solution,8,30,355.49,269.31,49,166
374,SKU-000374,Grass-roots background synergy,7,94,157.25,92.5,9,83
375,SKU-000375,Focused dynamic paradigm,16,60,339.42,269.38,11,187
376,SKU-000376,Compatible dedicated matrices,4,57,821.02,453.6,10,171
377,SKU-000377,Pre-emptive exuding open system,1,75,181.49,103.12,32,78
378,SKU-000378,Sharable reciprocal system engine,15,1,648.48,370.56,21,154
379,SKU-000379,Enhanced full-range middleware,16,66,556.81,309.34,23,126
380,SKU-000380,Grass-roots systematic open architecture,17,40,196.88,137.68,45,162
381,SKU-000381,Adaptive foreground migration,16,64,97.14,59.96,15,95
382,SKU-000382,Innovative bandwidth-monitored intranet,11,82,66.9,35.97,48,187
383,SKU-000383,Customer-focused well-modulated emulation,7,40,842.23,423.23,37,128
384,SKU-000384,Seamless demand-driven orchestration,5,42,346.93,165.98,15,99
385,SKU-000385,Seamless stable complexity,11,67,473.4,394.5,35,156
386,SKU-000386,Fundamental methodical framework,12,19,518.48,401.92,24,135
387,SKU-000387,Integrated interactive open system,13,98,587.89,374.45,31,51
388,SKU-000388,Multi-channeled secondary workforce,5,59,596.62,392.51,22,54
389,SKU-000389,Switchable transitional extranet,10,48,531.59,421.9,6,132
390,SKU-000390,Realigned user-facing customer loyalty,7,80,377.02,220.48,37,162
391,SKU-000391,Fully-configurable cohesive Graphic Interface,16,93,836.66,440.35,42,170
392,SKU-000392,Triple-buffered mobile encryption,9,78,920.26,489.5,42,146
393,SKU-000393,Mandatory even-keeled monitoring,12,57,58.14,32.12,23,78
394,SKU-000394,Vision-oriented upward-trending installation,5,20,342.87,243.17,42,126
395,SKU-000395,Fully-configurable fresh-thinking orchestration,9,72,460.59,295.25,38,124
396,SKU-000396,Visionary asymmetric toolset,11,47,703.3,355.2,33,104
397,SKU-000397,Persevering high-level groupware,7,87,124.37,96.41,50,116
398,SKU-000398,Open-source interactive infrastructure,16,7,179.9,132.77,38,65
399,SKU-000399,Re-contextualized intermediate alliance,17,42,563.58,469.65,39,175
400,SKU-000400,Cloned user-facing archive,3,72,265.58,146.73,12,186
401,SKU-000401,Persistent reciprocal projection,7,97,144.71,83.65,9,160
402,SKU-000402,User-centric coherent projection,11,10,659.95,420.35,16,197
403,SKU-000403,Open-architected object-oriented frame,1,80,210.7,175.58,29,54
404,SKU-000404,Distributed empowering definition,11,69,9.67,6.28,34,101
405,SKU-000405,Re-engineered coherent core,5,27,757.75,396.73,24,96
406,SKU-000406,De-engineered needs-based hardware,3,42,106.07,53.3,25,108
407,SKU-000407,Diverse interactive flexibility,8,28,466.8,338.26,27,56
408,SKU-000408,Assimilated leadingedge synergy,7,49,107.39,72.56,8,164
409,SKU-000409,Visionary homogeneous parallelism,4,12,285.4,226.51,16,179
410,SKU-000410,Versatile demand-driven capability,16,95,563.69,469.74,43,141
411,SKU-000411,Expanded background website,17,47,477.9,385.4,35,115
412,SKU-000412,Adaptive homogeneous website,14,52,314.57,262.14,11,140
413,SKU-000413,Streamlined exuding emulation,3,84,288.9,186.39,46,149
414,SKU-000414,Upgradable secondary Graphic Interface,2,19,608.31,450.6,20,95
415,SKU-000415,Distributed client-driven solution,16,98,483.23,291.1,7,65
416,SKU-000416,Secured intangible complexity,14,23,451.67,307.26,16,182
417,SKU-000417,Customizable zero tolerance complexity,1,64,724.44,496.19,18,128
418,SKU-000418,Secured fresh-thinking algorithm,1,43,277.7,208.8,6,170
419,SKU-000419,Balanced needs-based implementation,17,22,30.31,19.94,15,75
420,SKU-000420,Cloned bifurcated leverage,15,54,16.48,9.44,39,162
421,SKU-000421,Phased methodical extranet,5,42,98.37,70.77,47,188
422,SKU-000422,Proactive value-added orchestration,7,17,305.55,189.78,19,181
423,SKU-000423,Configurable value-added attitude,13,37,125.45,68.18,44,76
424,SKU-000424,Upgradable stable framework,11,91,159.01,129.28,34,183
425,SKU-000425,De-engineered fresh-thinking interface,12,85,525.46,266.73,14,198
426,SKU-000426,Business-focused dedicated contingency,1,19,682.92,379.4,45,58
427,SKU-000427,Inverse 24/7 orchestration,16,62,643.95,429.3,27,98
428,SKU-000428,Extended logistical process improvement,9,70,508.26,323.73,33,80
429,SKU-000429,Enterprise-wide eco-centric Graphical User Interface,16,99,548.19,383.35,40,166
430,SKU-000430,Programmable empowering architecture,12,55,672.01,341.12,46,56
431,SKU-000431,Persevering bifurcated capability,10,17,741.19,495.69,27,128
432,SKU-000432,Enterprise-wide hybrid migration,7,19,383.02,233.55,48,106
433,SKU-000433,User-friendly heuristic moderator,5,73,770.46,399.2,38,184
434,SKU-000434,Focused system-worthy moderator,6,48,45.09,26.68,15,75
435,SKU-000435,Universal coherent moratorium,14,26,686.41,350.21,22,62
436,SKU-000436,Programmable intangible leverage,15,42,735.33,493.51,13,126
437,SKU-000437,Realigned static function,7,94,5.51,2.9,44,67
438,SKU-000438,Diverse well-modulated workforce,8,51,45.71,32.96,15,157
439,SKU-000439,Monitored asynchronous definition,9,18,265.6,202.75,30,81
440,SKU-000440,Organic client-server service-desk,9,98,471.16,373.94,25,52
441,SKU-000441,Customer-focused zero administration product,16,30,548.01,328.15,47,162
442,SKU-000442,Versatile uniform Graphical User Interface,9,6,199.09,154.15,29,115
443,SKU-000443,Reduced composite strategy,16,98,92.09,59.8,23,107
444,SKU-000444,Robust radical hierarchy,8,86,519.42,269.13,36,160
445,SKU-000445,Grass-roots uniform superstructure,9,33,431.05,217.7,45,180
446,SKU-000446,Configurable 24/7 attitude,16,32,247.27,170.53,42,176
447,SKU-000447,Future-proofed bi-directional time-frame,16,72,214.14,115.75,43,194
448,SKU-000448,Robust bi-directional parallelism,4,74,292.16,194.77,11,80
449,SKU-000449,Reduced systematic strategy,14,51,725.58,496.97,50,60
450,SKU-000450,Re-engineered multi-state alliance,13,81,284.12,179.82,32,56
451,SKU-000451,Self-enabling full-range attitude,10,53,146.54,112.72,6,166
452,SKU-000452,Monitored heuristic encryption,9,58,815.92,436.32,8,133
453,SKU-000453,Diverse demand-driven open architecture,11,95,469.04,236.89,30,139
454,SKU-000454,Seamless national support,8,41,655.55,401.22,24,75
455,SKU-000455,Open-architected foreground process improvement,16,82,852.37,470.92,16,147
456,SKU-000456,Mandatory leadingedge hierarchy,6,22,151.68,105.33,25,54
457,SKU-000457,Total secondary open architecture,10,97,97.15,59.24,40,187
458,SKU-000458,Cross-group background structure,13,34,116.88,93.5,14,137
459,SKU-000459,Customer-focused user-facing website,10,79,658.03,274.45,41,71
460,SKU-000460,Fully-configurable neutral collaboration,9,4,250.92,167.28,36,107
461,SKU-000461,Face-to-face leadingedge project,7,19,561.83,428.88,5,125
462,SKU-000462,Operative next generation neural-net,7,53,196.87,126.2,16,182
463,SKU-000463,Fundamental tertiary utilization,12,34,584.04,299.51,32,144
464,SKU-000464,Multi-channeled asynchronous solution,5,42,318.23,188.3,49,113
465,SKU-000465,Profit-focused tertiary leverage,11,14,1014.09,409.68,43,108
466,SKU-000466,Future-proofed object-oriented application,15,80,589.0,370.44,33,177
467,SKU-000467,Ameliorated next generation knowledge user,2,45,368.51,304.55,35,87
468,SKU-000468,Up-sized even-keeled open system,9,94,62.77,34.87,6,175
469,SKU-000469,Extended stable knowledge user,10,69,334.35,222.9,49,127
470,SKU-000470,Synergized optimizing functionalities,1,79,376.19,171.29,8,141
471,SKU-000471,Cloned multi-tasking installation,6,94,537.83,302.15,17,113
472,SKU-000472,Assimilated solution-oriented methodology,4,43,381.29,309.99,10,74
473,SKU-000473,Multi-tiered tangible leverage,5,44,739.5,486.51,16,74
474,SKU-000474,Optional eco-centric methodology,3,24,306.75,161.45,21,152
475,SKU-000475,Sharable attitude-oriented Graphical User Interface,15,97,189.81,104.29,11,184
476,SKU-000476,Centralized systemic hub,4,22,227.77,133.2,5,185
477,SKU-000477,Integrated 4thgeneration website,12,9,11.92,8.0,16,98
478,SKU-000478,Public-key didactic hardware,4,88,403.18,327.79,14,145
479,SKU-000479,Visionary context-sensitive middleware,5,57,560.92,295.22,6,59
480,SKU-000480,Implemented bi-directional hardware,6,76,668.15,480.68,38,92
481,SKU-000481,Robust coherent pricing structure,11,59,573.03,462.12,47,190
482,SKU-000482,Cloned global encryption,12,19,884.61,427.49,20,175
483,SKU-000483,Centralized mission-critical workforce,4,67,142.84,98.51,10,132
484,SKU-000484,Quality-focused secondary customer loyalty,10,42,918.59,468.67,13,164
485,SKU-000485,Optimized impactful Internet solution,13,11,706.05,392.25,36,56
486,SKU-000486,Polarized reciprocal info-mediaries,10,64,432.85,253.13,23,64
487,SKU-000487,Reverse-engineered value-added orchestration,6,83,435.8,272.5,25,62
488,SKU-000488,Networked content-based help-desk,2,88,379.91,275.3,32,180
489,SKU-000489,Total 6thgeneration data-warehouse,4,59,505.31,270.22,16,106
490,SKU-000490,Expanded modular database,1,6,699.82,366.4,29,102
491,SKU-000491,Adaptive disintermediate protocol,11,23,634.15,462.88,29,108
492,SKU-000492,Fully-configurable regional secured line,9,55,266.47,192.51,48,196
493,SKU-000493,Streamlined user-facing flexibility,14,89,460.91,365.8,5,156
494,SKU-000494,Ergonomic zero-defect matrix,9,77,571.75,423.52,5,151
495,SKU-000495,Face-to-face asynchronous productivity,4,15,49.26,23.89,15,175
496,SKU-000496,User-centric eco-centric software,13,37,43.84,36.23,39,123
497,SKU-000497,Object-based dedicated array,16,26,323.4,147.72,13,182
498,SKU-000498,Automated human-resource contingency,3,98,27.7,20.6,49,67
499,SKU-000499,User-centric client-server intranet,2,85,195.86,125.55,37,98
500,SKU-000500,Re-contextualized 24/7 collaboration,11,33,592.89,395.26,16,139
501,SKU-000501,Multi-tiered coherent frame,17,9,357.38,238.25,19,97
502,SKU-000502,Up-sized leadingedge algorithm,15,9,594.76,323.24,20,185
503,SKU-000503,Intuitive analyzing budgetary management,3,53,286.13,149.71,38,186
504,SKU-000504,Inverse holistic alliance,5,14,20.72,10.79,48,109
505,SKU-000505,Centralized human-resource throughput,4,29,9.43,5.48,45,59
506,SKU-000506,Streamlined methodical orchestration,13,37,348.83,290.69,48,149
507,SKU-000507,Pre-emptive reciprocal extranet,12,82,435.62,232.95,34,172
508,SKU-000508,Multi-lateral directional circuit,10,82,793.28,472.19,16,149
509,SKU-000509,Ameliorated intermediate workforce,10,19,258.41,133.2,7,167
510,SKU-000510,De-engineered responsive help-desk,7,52,321.48,212.9,31,156
511,SKU-000511,Networked maximized hierarchy,11,42,371.17,237.93,47,152
512,SKU-000512,Extended transitional core,7,94,92.91,70.92,47,143
513,SKU-000513,Stand-alone fault-tolerant data-warehouse,13,19,680.01,462.59,35,77
514,SKU-000514,Vision-oriented regional installation,2,26,386.17,279.83,18,136
515,SKU-000515,Optional contextually-based intranet,1,89,471.77,284.2,18,148
516,SKU-000516,User-friendly systemic open system,5,83,392.42,292.85,30,197
517,SKU-000517,Intuitive maximized encryption,5,98,611.42,402.25,36,130
518,SKU-000518,Cross-platform zero tolerance architecture,3,3,585.84,314.97,5,63
519,SKU-000519,Exclusive value-added collaboration,7,40,248.11,171.11,9,142
520,SKU-000520,Mandatory tertiary conglomeration,10,39,514.24,321.4,11,193
521,SKU-000521,Decentralized national process improvement,14,21,127.28,83.19,40,191
522,SKU-000522,Fully-configurable bifurcated protocol,5,57,608.37,323.6,11,60
523,SKU-000523,Polarized composite throughput,1,76,105.79,71.48,49,142
524,SKU-000524,Ameliorated mobile secured line,12,44,751.34,478.56,10,144
525,SKU-000525,Innovative systematic infrastructure,5,15,66.62,37.22,47,100
526,SKU-000526,Universal zero tolerance artificial intelligence,12,78,677.89,494.81,36,54
527,SKU-000527,Multi-lateral eco-centric core,17,36,388.11,320.75,38,56
528,SKU-000528,Streamlined disintermediate standardization,10,34,403.84,252.4,33,160
529,SKU-000529,Virtual stable knowledgebase,3,43,340.27,174.5,40,58
530,SKU-000530,Re-engineered 3rdgeneration framework,13,26,133.45,68.79,35,147
531,SKU-000531,Multi-tiered full-range hierarchy,17,55,378.76,200.4,31,137
532,SKU-000532,Ergonomic mobile forecast,9,11,118.05,69.44,33,71
533,SKU-000533,Customizable 3rdgeneration workforce,5,98,684.5,414.85,11,112
534,SKU-000534,Distributed object-oriented website,8,100,72.4,40.22,10,69
535,SKU-000535,Mandatory regional archive,5,75,13.42,6.92,45,167
536,SKU-000536,Decentralized analyzing strategy,5,26,579.25,325.42,10,97
537,SKU-000537,Synergized discrete database,2,92,86.22,48.91,10,149
538,SKU-000538,Exclusive tertiary methodology,6,61,266.88,166.8,23,65
539,SKU-000539,Exclusive empowering circuit,7,90,326.05,228.23,12,69
540,SKU-000540,Focused cohesive infrastructure,10,77,192.53,98.23,31,179
541,SKU-000541,Function-based grid-enabled support,8,68,507.21,329.36,5,114
542,SKU-000542,Centralized asymmetric methodology,12,94,264.53,146.96,8,160
543,SKU-000543,Synergistic background functionalities,12,90,105.88,42.86,48,66
544,SKU-000544,Multi-channeled value-added workforce,16,48,460.53,293.33,36,126
545,SKU-000545,User-friendly content-based emulation,6,6,663.53,392.62,49,140
546,SKU-000546,Open-architected maximized Local Area Network,15,20,298.34,211.59,14,148
547,SKU-000547,Multi-tiered responsive collaboration,13,47,302.82,216.3,5,161
548,SKU-000548,Enterprise-wide didactic attitude,1,51,803.78,407.84,35,88
549,SKU-000549,Proactive hybrid complexity,10,71,168.52,140.43,22,108
550,SKU-000550,Optional cohesive matrix,2,46,154.41,99.62,11,67
551,SKU-000551,Implemented client-server encoding,17,64,866.26,489.41,18,156
552,SKU-000552,Diverse global product,10,88,455.58,253.1,44,159
553,SKU-000553,Horizontal global success,12,89,526.3,315.15,13,144
554,SKU-000554,Organized holistic instruction set,8,27,349.92,291.6,25,109
555,SKU-000555,Realigned global orchestration,11,90,630.99,467.4,17,82
556,SKU-000556,Reverse-engineered reciprocal encoding,8,63,943.18,496.41,41,170
557,SKU-000557,Cross-platform human-resource system engine,5,80,754.38,457.2,25,70
558,SKU-000558,Upgradable encompassing architecture,15,50,482.54,272.62,17,120
559,SKU-000559,Centralized methodical encryption,8,82,728.7,366.18,5,133
560,SKU-000560,Digitized zero tolerance flexibility,11,63,315.99,184.79,25,187
561,SKU-000561,Robust bottom-line frame,2,95,184.48,104.82,17,184
562,SKU-000562,Multi-tiered interactive standardization,1,39,539.25,411.64,21,102
563,SKU-000563,Streamlined secondary task-force,14,11,97.98,75.37,28,169
564,SKU-000564,Multi-tiered next generation complexity,15,98,718.52,399.18,25,77
565,SKU-000565,Exclusive tertiary portal,15,37,649.82,481.35,15,200
566,SKU-000566,Inverse neutral matrices,12,19,85.49,67.41,25,146
567,SKU-000567,Inverse hybrid conglomeration,11,79,515.61,283.3,7,122
568,SKU-000568,Centralized uniform structure,5,64,276.74,167.72,9,67
569,SKU-000569,Diverse transitional encoding,3,97,121.5,73.19,28,141
570,SKU-000570,Versatile asymmetric methodology,13,70,250.39,175.1,8,184
571,SKU-000571,Distributed neutral array,7,58,405.74,215.82,15,79
572,SKU-000572,Centralized secondary software,1,7,510.03,392.33,46,107
573,SKU-000573,Virtual discrete collaboration,5,65,316.8,247.5,25,132
574,SKU-000574,Profound well-modulated frame,16,4,241.15,200.96,47,156
575,SKU-000575,Reverse-engineered 5thgeneration database,8,75,354.75,283.8,36,51
576,SKU-000576,Multi-layered multimedia concept,13,28,314.75,180.89,14,187
577,SKU-000577,Realigned holistic migration,13,21,7.77,5.8,17,115
578,SKU-000578,Object-based bottom-line projection,10,58,230.42,173.25,6,164
579,SKU-000579,Enterprise-wide bifurcated analyzer,13,14,391.65,310.83,18,101
580,SKU-000580,Synergistic didactic parallelism,10,47,734.55,390.72,34,63
581,SKU-000581,Function-based didactic migration,1,40,574.14,333.8,5,105
582,SKU-000582,Proactive uniform info-mediaries,11,59,537.05,426.23,30,92
583,SKU-000583,Right-sized executive utilization,8,10,809.89,473.62,44,77
584,SKU-000584,Business-focused 24/7 focus group,1,39,812.66,454.0,33,147
585,SKU-000585,Extended secondary core,14,95,477.01,375.72,28,69
586,SKU-000586,Visionary 5thgeneration capability,10,19,200.83,145.53,21,166
587,SKU-000587,User-friendly systemic utilization,1,61,865.65,478.26,16,53
588,SKU-000588,Reduced system-worthy open architecture,9,35,93.39,59.11,6,194
589,SKU-000589,Cloned hybrid service-desk,13,4,314.71,247.8,7,177
590,SKU-000590,Advanced object-oriented analyzer,3,99,272.78,223.59,22,122
591,SKU-000591,Assimilated static flexibility,7,31,496.62,370.61,49,164
592,SKU-000592,Optional next generation standardization,16,30,715.52,416.0,50,62
593,SKU-000593,Multi-layered logistical leverage,6,48,261.29,148.46,47,145
594,SKU-000594,User-centric scalable hardware,14,23,526.92,373.7,42,152
595,SKU-000595,Implemented client-server service-desk,16,87,381.33,192.59,39,154
596,SKU-000596,Function-based client-driven groupware,12,83,330.19,186.55,34,165
597,SKU-000597,Mandatory motivating product,5,77,581.53,387.69,26,188
598,SKU-000598,Devolved demand-driven solution,13,11,563.89,325.95,31,78
599,SKU-000599,Customer-focused object-oriented ability,9,71,429.43,258.69,47,92
600,SKU-000600,Customizable fresh-thinking superstructure,12,71,616.07,380.29,30,183
601,SKU-000601,Monitored value-added installation,4,29,585.61,338.5,45,166
602,SKU-000602,Adaptive motivating website,4,64,156.39,81.88,14,68
603,SKU-000603,Open-architected exuding database,4,25,700.48,357.39,6,54
604,SKU-000604,Enterprise-wide zero-defect software,3,9,21.89,17.37,21,165
605,SKU-000605,Switchable impactful access,10,44,707.82,488.15,29,145
606,SKU-000606,Reverse-engineered mission-critical productivity,2,87,194.0,108.38,36,58
607,SKU-000607,Function-based tangible leverage,13,97,334.62,257.4,39,75
608,SKU-000608,Pre-emptive 4thgeneration implementation,2,63,409.31,218.88,10,171
609,SKU-000609,Universal responsive attitude,15,49,200.04,131.69,26,111
610,SKU-000610,Integrated neutral time-frame,15,28,439.36,311.6,44,155
611,SKU-000611,Synergistic zero-defect algorithm,17,57,87.67,50.1,9,178
612,SKU-000612,Re-contextualized human-resource website,2,33,178.78,94.59,42,80
613,SKU-000613,Organized explicit complexity,2,38,438.79,359.66,43,134
614,SKU-000614,Exclusive mission-critical matrix,8,1,418.27,220.14,29,95
615,SKU-000615,Enterprise-wide directional Graphical User Interface,16,30,548.52,397.48,50,163
616,SKU-000616,De-engineered user-facing portal,1,57,587.97,415.89,36,143
617,SKU-000617,Triple-buffered multi-tasking solution,12,82,490.67,408.89,39,77
618,SKU-000618,Optional next generation standardization,14,9,292.41,216.6,9,72
619,SKU-000619,Open-architected motivating encryption,5,16,218.96,136.85,6,91
620,SKU-000620,Exclusive local protocol,12,72,86.45,46.73,21,172
621,SKU-000621,Open-source bifurcated open architecture,2,30,64.1,36.84,17,87
622,SKU-000622,Profound zero tolerance access,4,68,261.22,155.17,47,118
623,SKU-000623,Devolved foreground encryption,16,28,416.3,301.67,17,171
624,SKU-000624,Reactive scalable product,3,19,351.21,246.61,47,82
625,SKU-000625,Cloned mission-critical migration,3,73,870.05,441.65,15,113
626,SKU-000626,Multi-lateral directional firmware,14,8,581.33,322.96,32,60
627,SKU-000627,Ergonomic static success,12,51,581.63,447.41,33,107
628,SKU-000628,Profound incremental project,6,31,685.58,385.16,43,183
629,SKU-000629,Right-sized 4thgeneration instruction set,3,72,231.93,149.63,10,87
630,SKU-000630,Grass-roots hybrid focus group,15,84,584.8,397.82,26,127
631,SKU-000631,Phased multimedia matrix,13,97,598.65,430.68,49,200
632,SKU-000632,Mandatory background solution,16,44,572.34,357.71,39,182
633,SKU-000633,Self-enabling encompassing flexibility,10,77,419.5,317.8,37,108
634,SKU-000634,Ergonomic grid-enabled function,7,43,279.35,162.41,38,155
635,SKU-000635,Switchable content-based throughput,5,99,267.01,144.33,49,125
636,SKU-000636,Quality-focused neutral Graphic Interface,7,60,190.75,99.87,42,183
637,SKU-000637,Fully-configurable demand-driven policy,11,24,163.17,90.15,46,177
638,SKU-000638,Universal encompassing open system,15,69,311.23,193.31,26,87
639,SKU-000639,Decentralized homogeneous neural-net,13,1,175.26,132.77,9,98
640,SKU-000640,Reactive optimal focus group,17,73,659.37,417.32,31,100
641,SKU-000641,Pre-emptive radical benchmark,16,56,249.48,138.6,29,130
642,SKU-000642,Business-focused 6thgeneration architecture,9,14,105.48,63.17,40,187
643,SKU-000643,Synergized interactive database,2,85,271.36,139.16,41,65
644,SKU-000644,Up-sized even-keeled forecast,14,31,12.78,7.14,19,106
645,SKU-000645,Multi-channeled disintermediate collaboration,1,71,541.91,318.77,42,131
646,SKU-000646,Expanded needs-based pricing structure,1,21,584.5,392.28,10,196
647,SKU-000647,Decentralized bandwidth-monitored encryption,14,29,618.48,381.78,20,167
648,SKU-000648,Grass-roots bi-directional ability,8,86,402.19,314.21,24,161
649,SKU-000649,Extended discrete attitude,3,53,469.05,298.76,50,163
650,SKU-000650,Versatile homogeneous adapter,9,27,406.18,228.19,48,175
651,SKU-000651,Ameliorated modular middleware,13,57,318.19,225.67,43,102
652,SKU-000652,Total systemic implementation,6,52,338.24,192.18,18,105
653,SKU-000653,Fully-configurable transitional frame,8,49,219.31,162.45,43,170
654,SKU-000654,Total asymmetric knowledge user,1,50,897.81,493.3,41,138
655,SKU-000655,Optional uniform knowledge user,14,12,302.1,186.48,32,115
656,SKU-000656,Fundamental mission-critical complexity,6,29,263.22,180.29,42,182
657,SKU-000657,Multi-tiered high-level application,8,12,432.14,308.67,50,90
658,SKU-000658,Configurable multi-tasking extranet,15,20,65.71,49.78,23,86
659,SKU-000659,Focused incremental function,6,67,543.11,441.55,9,109
660,SKU-000660,Streamlined zero tolerance toolset,6,37,775.23,448.11,40,170
661,SKU-000661,Ameliorated dedicated portal,3,9,629.9,484.54,11,118
662,SKU-000662,Persistent neutral task-force,12,93,836.24,420.22,16,89
663,SKU-000663,Down-sized zero administration flexibility,17,3,446.73,275.23,37,179
664,SKU-000664,Phased coherent capacity,8,78,652.86,460.7,28,196
665,SKU-000665,Persevering context-sensitive strategy,4,92,527.08,402.35,20,91
666,SKU-000666,Multi-tiered client-driven ability,10,59,593.59,329.77,38,175
667,SKU-000667,Quality-focused uniform initiative,17,60,593.23,348.96,46,183
668,SKU-000668,Function-based multi-tasking installation,6,65,360.19,183.77,36,82
669,SKU-000669,Right-sized holistic framework,4,78,787.36,414.4,31,147
670,SKU-000670,Intuitive mobile customer loyalty,1,28,252.69,194.38,32,87
671,SKU-000671,Innovative hybrid encryption,5,3,425.93,232.75,19,162
672,SKU-000672,Universal maximized hub,7,60,209.28,131.62,13,156
673,SKU-000673,Cross-platform explicit hub,2,45,1167.93,493.6,34,148
674,SKU-000674,Right-sized explicit help-desk,17,71,867.98,456.83,35,60
675,SKU-000675,Managed content-based function,17,22,696.88,480.61,5,75
676,SKU-000676,Assimilated multimedia data-warehouse,17,48,130.81,76.95,6,164
677,SKU-000677,Secured fresh-thinking forecast,12,7,300.12,208.42,38,199
678,SKU-000678,Virtual multimedia alliance,17,9,101.62,65.56,14,146
679,SKU-000679,Up-sized scalable flexibility,5,19,331.65,171.84,17,73
680,SKU-000680,Face-to-face 6thgeneration analyzer,10,2,476.24,317.49,13,99
681,SKU-000681,Distributed interactive neural-net,9,27,331.58,216.72,5,66
682,SKU-000682,Polarized zero tolerance architecture,8,60,164.82,85.4,15,176
683,SKU-000683,Seamless upward-trending hub,16,34,85.94,60.1,41,192
684,SKU-000684,Synchronized fresh-thinking moderator,5,86,509.29,282.94,48,200
685,SKU-000685,Vision-oriented dynamic definition,1,56,473.21,268.87,35,119
686,SKU-000686,Up-sized impactful application,10,33,278.16,170.65,11,87
687,SKU-000687,Persistent coherent attitude,17,47,375.03,286.28,31,152
688,SKU-000688,Configurable dynamic complexity,16,85,299.07,216.72,9,130
689,SKU-000689,Optional coherent instruction set,16,4,719.82,476.7,26,144
690,SKU-000690,Pre-emptive hybrid parallelism,7,52,101.07,62.39,32,110
691,SKU-000691,Diverse radical Graphic Interface,13,11,212.08,148.31,11,71
692,SKU-000692,Proactive background utilization,5,7,85.5,44.94,5,170
693,SKU-000693,Multi-lateral systematic software,12,86,126.59,92.4,41,72
694,SKU-000694,Cross-platform 5thgeneration paradigm,3,6,31.54,22.21,44,50
695,SKU-000695,Pre-emptive bi-directional flexibility,10,79,633.36,422.24,38,68
696,SKU-000696,Robust empowering complexity,17,13,549.45,427.78,36,107
697,SKU-000697,Mandatory static complexity,16,58,531.54,354.36,27,180
698,SKU-000698,Front-line fault-tolerant secured line,11,27,242.31,158.37,20,168
699,SKU-000699,Configurable analyzing parallelism,4,19,110.46,78.9,11,164
700,SKU-000700,Visionary full-range solution,11,75,90.02,66.19,20,173
701,SKU-000701,Synchronized static neural-net,10,91,408.63,224.52,18,171
702,SKU-000702,Object-based content-based hardware,3,7,404.88,337.4,7,114
703,SKU-000703,Switchable hybrid toolset,11,58,319.96,201.23,13,133
704,SKU-000704,Intuitive web-enabled open system,6,1,706.38,383.9,15,114
705,SKU-000705,Digitized 6thgeneration challenge,8,66,304.04,214.11,43,176
706,SKU-000706,Enterprise-wide intangible alliance,1,81,945.31,492.35,28,137
707,SKU-000707,Adaptive bi-directional matrices,17,26,588.85,411.78,18,87
708,SKU-000708,Object-based multi-tasking parallelism,7,56,288.69,172.87,7,166
709,SKU-000709,Versatile logistical analyzer,10,43,833.15,495.92,6,154
710,SKU-000710,Operative maximized portal,8,41,486.08,303.8,42,107
711,SKU-000711,Automated discrete secured line,9,51,425.16,232.33,21,51
712,SKU-000712,Organized disintermediate infrastructure,1,56,349.81,273.29,8,69
713,SKU-000713,Profit-focused upward-trending utilization,10,99,494.82,412.35,43,63
714,SKU-000714,Switchable neutral forecast,4,31,431.32,256.74,29,193
715,SKU-000715,Streamlined dedicated access,14,11,631.08,373.42,26,112
716,SKU-000716,User-friendly upward-trending firmware,6,85,666.09,486.61,23,115
717,SKU-000717,Upgradable cohesive hierarchy,4,98,269.89,214.2,23,129
718,SKU-000718,Distributed bottom-line ability,8,9,531.77,279.88,22,95
719,SKU-000719,Decentralized motivating throughput,15,66,87.19,60.97,12,173
720,SKU-000720,Cross-group heuristic conglomeration,13,25,573.42,344.78,39,114
721,SKU-000721,Diverse client-server Graphical User Interface,6,67,671.76,373.2,49,186
722,SKU-000722,Mandatory human-resource utilization,14,14,132.09,101.61,37,153
723,SKU-000723,Sharable mission-critical time-frame,3,96,197.28,110.21,19,176
724,SKU-000724,Inverse secondary hub,7,6,429.09,287.98,7,165
725,SKU-000725,Synchronized holistic projection,11,54,117.6,98.0,5,130
726,SKU-000726,Right-sized multi-state open architecture,4,76,1018.45,443.59,13,171
727,SKU-000727,Automated zero tolerance productivity,11,32,514.58,255.7,24,187
728,SKU-000728,Customer-focused analyzing framework,5,90,591.56,422.54,21,147
729,SKU-000729,Compatible multi-tasking hierarchy,3,64,122.13,80.35,24,126
730,SKU-000730,Inverse contextually-based structure,3,18,285.87,210.2,38,75
731,SKU-000731,Visionary full-range functionalities,4,24,248.9,187.14,41,104
732,SKU-000732,Grass-roots fault-tolerant task-force,3,92,480.16,300.1,40,197
733,SKU-000733,Switchable exuding attitude,13,97,761.4,447.88,7,129
734,SKU-000734,Managed encompassing support,2,18,869.46,472.53,9,74
735,SKU-000735,Balanced methodical workforce,12,52,1150.52,487.75,39,77
736,SKU-000736,Enterprise-wide solution-oriented open system,4,81,224.22,137.2,6,170
737,SKU-000737,User-centric systemic migration,8,53,137.86,113.93,5,183
738,SKU-000738,Reactive disintermediate approach,14,28,734.05,450.34,44,149
739,SKU-000739,Devolved impactful parallelism,14,75,144.96,100.67,23,118
740,SKU-000740,Operative eco-centric project,16,1,246.58,129.78,12,153
741,SKU-000741,De-engineered object-oriented contingency,4,86,571.97,304.24,20,83
742,SKU-000742,User-friendly 6thgeneration superstructure,3,88,480.12,366.5,30,84
743,SKU-000743,Streamlined demand-driven structure,4,90,966.21,496.27,5,155
744,SKU-000744,Digitized client-server success,4,48,88.6,56.43,25,155
745,SKU-000745,Switchable dedicated productivity,5,27,305.51,195.84,29,140
746,SKU-000746,Pre-emptive even-keeled Internet solution,2,33,160.14,98.85,5,160
747,SKU-000747,User-friendly logistical moderator,10,27,406.64,239.2,31,78
748,SKU-000748,Grass-roots context-sensitive interface,1,61,616.57,453.36,38,66
749,SKU-000749,Stand-alone directional knowledge user,7,89,417.56,302.58,22,172
750,SKU-000750,Polarized directional intranet,5,3,594.59,495.49,20,174
751,SKU-000751,Multi-layered multi-state extranet,4,35,306.93,198.28,47,182
752,SKU-000752,Cloned non-volatile benchmark,8,37,493.67,411.39,21,112
753,SKU-000753,Proactive multi-tasking ability,5,3,701.73,389.85,25,191
754,SKU-000754,Enterprise-wide bi-directional superstructure,10,93,395.58,216.72,32,114
755,SKU-000755,Open-architected static portal,12,13,645.01,358.34,29,170
756,SKU-000756,Balanced global help-desk,16,98,452.96,321.25,20,186
757,SKU-000757,Realigned 3rdgeneration solution,3,14,267.58,172.63,41,85
758,SKU-000758,Persistent incremental monitoring,3,14,151.86,120.52,48,190
759,SKU-000759,User-centric didactic data-warehouse,12,13,291.72,227.91,7,115
760,SKU-000760,Stand-alone optimizing knowledge user,7,12,19.29,7.75,26,110
761,SKU-000761,Right-sized national synergy,8,6,416.0,315.15,35,120
762,SKU-000762,Extended incremental groupware,4,12,452.32,279.21,37,199
763,SKU-000763,Monitored heuristic system engine,15,72,210.15,119.73,49,92
764,SKU-000764,Re-engineered 3rdgeneration secured line,9,25,28.69,15.94,16,90
765,SKU-000765,Enhanced dedicated database,7,17,235.34,121.94,23,167
766,SKU-000766,Secured client-driven alliance,4,93,43.32,33.84,18,143
767,SKU-000767,Optional coherent solution,3,21,605.81,323.96,35,146
768,SKU-000768,Public-key context-sensitive software,14,14,7.29,5.21,10,90
769,SKU-000769,Customer-focused intermediate emulation,6,35,169.68,110.9,50,183
770,SKU-000770,Diverse radical monitoring,7,58,577.3,367.71,32,94
771,SKU-000771,Fundamental real-time data-warehouse,1,26,440.38,314.56,30,125
772,SKU-000772,Customizable system-worthy capacity,2,30,455.7,194.98,49,186
773,SKU-000773,Streamlined optimal structure,5,7,732.21,488.14,38,96
774,SKU-000774,Business-focused multimedia portal,3,31,360.48,277.29,39,191
775,SKU-000775,Fundamental full-range neural-net,5,23,59.09,44.43,7,159
776,SKU-000776,Total scalable array,17,19,324.17,253.26,44,163
777,SKU-000777,Virtual fresh-thinking knowledgebase,6,88,74.77,38.54,22,136
778,SKU-000778,Assimilated zero-defect secured line,1,93,34.63,17.4,6,71
779,SKU-000779,Polarized bandwidth-monitored intranet,12,8,350.2,167.21,45,56
780,SKU-000780,Multi-tiered systematic budgetary management,17,83,518.27,370.19,23,124
781,SKU-000781,Digitized radical secured line,16,37,228.49,135.2,36,183
782,SKU-000782,Virtual executive middleware,2,41,669.91,468.98,29,170
783,SKU-000783,Assimilated 6thgeneration policy,2,1,36.0,22.64,47,116
784,SKU-000784,Sharable global array,12,93,655.65,455.31,38,120
785,SKU-000785,Re-contextualized bottom-line encoding,14,20,404.32,273.19,22,180
786,SKU-000786,Business-focused high-level function,6,74,217.87,118.41,29,60
787,SKU-000787,Phased actuating installation,7,31,512.84,284.91,31,192
788,SKU-000788,Visionary regional time-frame,17,24,285.35,237.79,13,66
789,SKU-000789,Function-based multi-tasking capability,17,95,77.51,33.34,5,116
790,SKU-000790,Enhanced neutral leverage,16,32,587.73,322.93,38,99
791,SKU-000791,Stand-alone asymmetric initiative,9,32,327.17,195.91,14,66
792,SKU-000792,Synergistic explicit success,6,67,134.05,74.89,41,128
793,SKU-000793,Fully-configurable intangible system engine,5,48,252.46,210.38,38,160
794,SKU-000794,Function-based attitude-oriented Local Area Network,2,50,221.15,111.13,23,149
795,SKU-000795,Implemented 6thgeneration contingency,13,30,161.6,82.45,48,144
796,SKU-000796,Ergonomic upward-trending adapter,3,61,242.07,176.69,29,128
797,SKU-000797,Re-engineered multi-tasking middleware,1,99,350.38,212.35,19,77
798,SKU-000798,Managed uniform challenge,15,79,256.91,190.3,49,65
799,SKU-000799,Implemented systemic productivity,2,38,485.63,346.88,20,102
800,SKU-000800,Multi-channeled content-based moderator,9,76,928.4,471.27,25,81
801,SKU-000801,Cross-group bandwidth-monitored structure,15,68,460.63,204.93,34,81
802,SKU-000802,Reverse-engineered background product,7,64,364.78,280.6,18,84
803,SKU-000803,Balanced incremental alliance,3,11,268.57,209.82,44,179
804,SKU-000804,Cross-platform maximized middleware,14,100,382.89,256.97,40,184
805,SKU-000805,Expanded 4thgeneration workforce,1,76,563.46,458.1,11,135
806,SKU-000806,De-engineered radical moderator,1,32,680.9,400.53,49,146
807,SKU-000807,Upgradable executive policy,4,93,229.56,172.6,31,50
808,SKU-000808,Multi-layered reciprocal utilization,12,18,680.69,453.79,8,69
809,SKU-000809,Sharable zero administration orchestration,10,14,377.26,161.77,39,124
810,SKU-000810,Polarized global algorithm,5,97,195.87,117.29,31,99
811,SKU-000811,Robust real-time middleware,5,10,114.2,89.92,20,165
812,SKU-000812,Compatible background extranet,2,90,217.9,142.42,23,83
813,SKU-000813,Balanced high-level product,1,100,523.93,268.68,26,110
814,SKU-000814,User-friendly 6thgeneration model,4,15,394.48,254.5,13,159
815,SKU-000815,Centralized multi-state database,12,50,497.49,401.2,30,72
816,SKU-000816,Distributed systemic knowledgebase,3,42,627.25,420.97,18,75
817,SKU-000817,Mandatory heuristic application,14,66,645.77,489.22,40,96
818,SKU-000818,Self-enabling mobile interface,5,80,365.68,225.73,18,184
819,SKU-000819,Balanced bifurcated encoding,10,71,833.29,427.33,5,185
820,SKU-000820,Innovative disintermediate matrices,17,18,331.75,231.99,31,61
821,SKU-000821,Up-sized bottom-line application,4,86,196.32,110.29,28,165
822,SKU-000822,Business-focused motivating hub,3,38,629.91,355.88,23,196
823,SKU-000823,Reduced composite initiative,14,99,125.66,95.2,44,196
824,SKU-000824,Stand-alone real-time task-force,15,12,706.32,415.48,38,125
825,SKU-000825,Networked scalable open system,8,19,133.42,76.68,26,194
826,SKU-000826,Profit-focused fault-tolerant open system,7,23,107.65,54.37,17,77
827,SKU-000827,Vision-oriented client-server time-frame,14,52,132.88,96.99,41,193
828,SKU-000828,Total 3rdgeneration open architecture,16,20,883.72,493.7,30,80
829,SKU-000829,Stand-alone leadingedge conglomeration,7,40,308.06,236.97,40,108
830,SKU-000830,Synchronized stable portal,12,84,378.97,268.77,20,183
831,SKU-000831,Adaptive grid-enabled installation,4,19,99.06,72.84,49,194
832,SKU-000832,Reactive zero tolerance circuit,13,76,408.92,314.55,27,189
833,SKU-000833,Future-proofed background toolset,13,74,640.65,348.18,29,138
834,SKU-000834,Advanced next generation matrices,14,13,267.72,210.8,48,87
835,SKU-000835,Mandatory web-enabled capability,9,25,682.04,394.24,22,152
836,SKU-000836,Visionary fault-tolerant migration,9,81,488.58,279.19,7,57
837,SKU-000837,Face-to-face 24hour ability,17,56,839.29,428.21,43,150
838,SKU-000838,Customizable well-modulated info-mediaries,17,26,793.03,466.49,9,70
839,SKU-000839,Business-focused asymmetric implementation,17,8,447.51,344.24,44,121
840,SKU-000840,Inverse actuating knowledgebase,14,100,84.14,43.37,16,183
841,SKU-000841,Open-source responsive circuit,2,94,186.99,102.74,28,106
842,SKU-000842,Proactive leadingedge intranet,10,51,394.02,328.35,15,64
843,SKU-000843,Open-architected well-modulated installation,5,77,705.73,367.57,13,138
844,SKU-000844,Pre-emptive uniform product,16,50,22.83,11.71,8,91
845,SKU-000845,Vision-oriented empowering adapter,13,68,577.94,291.89,48,186
846,SKU-000846,Exclusive logistical emulation,3,17,171.0,136.8,25,141
847,SKU-000847,Open-architected bi-directional Local Area Network,3,60,530.22,368.21,5,102
848,SKU-000848,Adaptive homogeneous budgetary management,8,97,865.36,436.21,32,110
849,SKU-000849,Quality-focused object-oriented hardware,13,16,767.79,424.65,17,105
850,SKU-000850,Fundamental optimizing application,6,75,322.34,231.9,25,62
851,SKU-000851,Balanced bandwidth-monitored Internet solution,9,37,122.92,74.5,8,110
852,SKU-000852,Public-key bi-directional circuit,15,95,400.71,233.26,36,181
853,SKU-000853,Sharable background matrix,6,14,203.81,89.23,45,99
854,SKU-000854,Re-engineered needs-based Graphical User Interface,16,94,164.15,135.66,48,162
855,SKU-000855,Quality-focused dynamic budgetary management,17,23,157.34,121.97,39,131
856,SKU-000856,Re-engineered web-enabled knowledge user,1,64,272.58,211.3,49,200
857,SKU-000857,Synergized bottom-line knowledgebase,16,90,424.19,280.92,8,153
858,SKU-000858,Programmable zero-defect workforce,5,2,668.37,442.63,28,50
859,SKU-000859,Down-sized contextually-based definition,12,42,400.4,194.69,48,90
860,SKU-000860,Quality-focused local benchmark,9,52,102.79,46.5,41,88
861,SKU-000861,Re-engineered client-driven Graphic Interface,13,59,718.01,377.9,43,60
862,SKU-000862,Optional regional portal,10,70,374.07,287.75,6,90
863,SKU-000863,Robust system-worthy superstructure,8,85,92.96,66.4,39,160
864,SKU-000864,Implemented secondary capacity,10,78,608.05,370.76,26,181
865,SKU-000865,Configurable executive hardware,15,81,520.16,285.8,39,179
866,SKU-000866,Streamlined leadingedge array,12,23,445.48,236.96,20,189
867,SKU-000867,Exclusive needs-based throughput,6,4,334.19,207.57,44,165
868,SKU-000868,Cloned uniform product,15,64,253.61,142.48,44,186
869,SKU-000869,Re-engineered intermediate middleware,16,92,455.54,254.49,14,83
870,SKU-000870,User-friendly 5thgeneration utilization,11,88,270.03,165.66,38,50
871,SKU-000871,Self-enabling disintermediate hub,2,90,386.75,206.82,22,57
872,SKU-000872,Upgradable regional groupware,15,73,505.36,341.46,7,57
873,SKU-000873,Quality-focused context-sensitive time-frame,11,48,467.3,346.15,22,114
874,SKU-000874,Reverse-engineered hybrid customer loyalty,5,46,151.16,95.67,44,125
875,SKU-000875,Devolved systemic monitoring,9,51,177.04,97.81,19,99
876,SKU-000876,Open-architected composite firmware,3,88,402.87,281.73,48,133
877,SKU-000877,Polarized context-sensitive Graphical User Interface,13,22,187.55,97.68,41,93
878,SKU-000878,Face-to-face global moderator,12,14,392.45,208.75,19,179
879,SKU-000879,Multi-lateral 4thgeneration project,16,67,83.36,56.71,21,148
880,SKU-000880,Seamless fresh-thinking system engine,16,99,586.45,488.71,48,123
881,SKU-000881,Self-enabling regional capability,17,74,616.3,424.33,9,78
882,SKU-000882,Business-focused dedicated model,11,75,568.23,469.61,20,118
883,SKU-000883,Expanded hybrid function,3,42,596.26,408.4,23,166
884,SKU-000884,Customer-focused didactic superstructure,6,47,71.76,57.41,44,104
885,SKU-000885,Progressive bandwidth-monitored encoding,14,58,811.62,420.53,25,61
886,SKU-000886,Stand-alone bi-directional forecast,3,5,22.73,10.79,27,95
887,SKU-000887,Reverse-engineered multi-tasking leverage,2,78,445.08,235.49,13,172
888,SKU-000888,Profound multi-tasking open architecture,12,52,8.04,5.34,15,85
889,SKU-000889,Centralized fresh-thinking throughput,17,54,735.04,480.42,33,187
890,SKU-000890,Devolved modular strategy,11,66,276.3,228.35,26,121
891,SKU-000891,Reverse-engineered interactive hierarchy,11,92,540.01,279.8,44,123
892,SKU-000892,Seamless bottom-line artificial intelligence,14,43,129.22,93.64,6,84
893,SKU-000893,Distributed fault-tolerant hub,8,76,718.5,479.0,46,109
894,SKU-000894,Customizable fresh-thinking functionalities,3,27,71.53,39.3,5,132
895,SKU-000895,Expanded scalable productivity,14,72,293.17,176.61,16,75
896,SKU-000896,Progressive reciprocal info-mediaries,13,76,244.65,147.38,44,175
897,SKU-000897,Organized scalable toolset,15,93,116.47,75.63,23,155
898,SKU-000898,Profound user-facing strategy,6,48,132.33,78.95,23,103
899,SKU-000899,Triple-buffered needs-based workforce,4,95,596.34,488.8,13,98
900,SKU-000900,Robust client-server project,1,81,538.5,430.8,24,73
901,SKU-000901,Operative empowering matrix,6,27,60.92,32.48,50,191
902,SKU-000902,Down-sized zero administration leverage,13,67,402.26,239.44,50,72
903,SKU-000903,Monitored mission-critical Local Area Network,11,34,421.37,342.58,28,193
904,SKU-000904,Re-engineered 5thgeneration Graphic Interface,5,80,547.28,323.34,10,180
905,SKU-000905,Switchable neutral encoding,4,51,623.07,420.99,8,190
906,SKU-000906,Enhanced asymmetric knowledgebase,7,26,909.88,446.23,33,105
907,SKU-000907,Inverse contextually-based conglomeration,5,74,619.74,476.72,41,104
908,SKU-000908,Inverse stable paradigm,3,82,821.28,381.52,24,110
909,SKU-000909,Down-sized fresh-thinking projection,12,90,371.41,285.7,20,197
910,SKU-000910,Realigned fault-tolerant flexibility,14,16,616.97,440.69,36,168
911,SKU-000911,Diverse hybrid frame,8,3,486.34,379.95,41,135
912,SKU-000912,Universal uniform budgetary management,6,58,240.87,135.32,43,199
913,SKU-000913,Enhanced leadingedge architecture,6,8,390.98,226.0,26,113
914,SKU-000914,Progressive modular success,4,28,677.21,343.76,36,133
915,SKU-000915,Synergistic web-enabled attitude,5,47,101.4,72.74,30,63
916,SKU-000916,Balanced empowering task-force,16,78,395.14,282.24,48,169
917,SKU-000917,Synergized demand-driven solution,12,86,385.4,267.64,37,141
918,SKU-000918,Versatile zero administration analyzer,7,3,163.71,96.3,22,127
919,SKU-000919,Re-engineered fresh-thinking budgetary management,15,9,211.91,122.49,27,91
920,SKU-000920,Vision-oriented coherent project,6,100,588.31,490.26,42,139
921,SKU-000921,Exclusive mission-critical focus group,17,25,470.99,341.3,8,100
922,SKU-000922,Configurable demand-driven software,16,12,748.8,468.0,43,79
923,SKU-000923,Distributed upward-trending collaboration,4,27,138.47,76.5,15,80
924,SKU-000924,Persistent web-enabled protocol,5,7,677.72,445.87,12,72
925,SKU-000925,Customer-focused clear-thinking contingency,2,16,92.32,61.14,44,58
926,SKU-000926,User-friendly multi-tasking task-force,15,32,423.51,230.17,17,104
927,SKU-000927,Multi-tiered global database,1,85,31.57,20.37,16,166
928,SKU-000928,Programmable bi-directional collaboration,10,23,668.34,335.85,11,73
929,SKU-000929,Progressive client-driven Graphical User Interface,1,74,264.96,147.2,47,133
930,SKU-000930,De-engineered 3rdgeneration parallelism,7,90,103.88,70.19,28,139
931,SKU-000931,User-centric solution-oriented ability,7,92,720.67,371.48,47,195
932,SKU-000932,Team-oriented optimal methodology,1,100,611.81,307.44,11,108
933,SKU-000933,Optimized heuristic neural-net,11,70,776.84,498.58,28,149
934,SKU-000934,Assimilated empowering archive,5,4,203.16,159.97,14,173
935,SKU-000935,Diverse mission-critical emulation,16,36,799.44,478.6,8,92
936,SKU-000936,Up-sized uniform artificial intelligence,14,55,481.71,308.79,42,55
937,SKU-000937,Progressive solution-oriented benchmark,11,41,494.41,213.29,21,90
938,SKU-000938,Total tertiary forecast,2,32,545.11,425.87,8,81
939,SKU-000939,Proactive non-volatile throughput,15,48,16.28,10.78,32,128
940,SKU-000940,Reverse-engineered systematic time-frame,12,48,500.45,320.8,23,158
941,SKU-000941,Polarized bi-directional challenge,9,60,571.85,433.22,32,50
942,SKU-000942,Decentralized zero tolerance migration,4,5,115.83,58.5,18,56
943,SKU-000943,Focused bandwidth-monitored knowledge user,13,36,705.4,414.94,10,175
944,SKU-000944,Advanced multi-state attitude,12,58,142.87,84.54,11,87
945,SKU-000945,Triple-buffered analyzing Local Area Network,3,26,436.58,305.3,37,60
946,SKU-000946,Business-focused maximized structure,8,43,277.16,211.57,10,62
947,SKU-000947,Grass-roots mobile framework,7,52,698.66,418.36,16,79
948,SKU-000948,Re-contextualized intermediate contingency,12,69,434.7,362.25,38,140
949,SKU-000949,Function-based modular algorithm,7,16,405.75,230.54,40,51
950,SKU-000950,Open-architected cohesive workforce,15,33,304.88,172.25,32,150
951,SKU-000951,Reduced asymmetric moderator,8,18,326.53,225.19,49,171
952,SKU-000952,Open-architected intangible interface,4,40,15.28,11.4,26,200
953,SKU-000953,Reverse-engineered mobile secured line,15,16,18.94,14.96,21,59
954,SKU-000954,Front-line needs-based throughput,3,92,22.53,12.95,41,119
955,SKU-000955,Synchronized tertiary architecture,11,23,386.45,295.0,7,115
956,SKU-000956,Innovative secondary policy,16,51,550.85,314.77,43,185
957,SKU-000957,Cloned dedicated Local Area Network,15,88,463.75,254.81,12,156
958,SKU-000958,Multi-tiered bandwidth-monitored collaboration,7,63,342.96,197.77,23,62
959,SKU-000959,Focused context-sensitive task-force,11,56,328.3,250.61,16,103
960,SKU-000960,Re-contextualized bifurcated pricing structure,15,2,660.99,379.88,9,117
961,SKU-000961,Extended maximized application,17,59,112.52,86.55,39,93
962,SKU-000962,Diverse stable secured line,1,81,95.39,56.11,47,116
963,SKU-000963,Multi-layered systemic standardization,17,77,65.9,50.69,37,199
964,SKU-000964,Ameliorated upward-trending monitoring,17,81,570.74,231.18,42,124
965,SKU-000965,Quality-focused impactful firmware,10,69,907.9,477.84,13,91
966,SKU-000966,Programmable multimedia support,8,74,565.72,390.15,33,179
967,SKU-000967,Enhanced analyzing workforce,1,34,327.12,193.56,39,61
968,SKU-000968,Synchronized background contingency,7,49,346.56,216.6,41,71
969,SKU-000969,Synchronized attitude-oriented complexity,17,64,341.74,155.76,48,119
970,SKU-000970,Profit-focused coherent Local Area Network,13,75,696.33,407.21,47,172
971,SKU-000971,Balanced optimizing help-desk,8,92,459.37,342.81,12,116
972,SKU-000972,Balanced modular neural-net,8,23,772.54,465.11,36,122
973,SKU-000973,Up-sized homogeneous help-desk,4,100,493.99,347.88,34,198
974,SKU-000974,Implemented scalable analyzer,14,90,505.33,410.84,45,122
975,SKU-000975,Quality-focused dynamic success,9,79,640.37,429.78,32,56
976,SKU-000976,Advanced coherent open architecture,11,14,177.95,138.57,29,86
977,SKU-000977,Open-source even-keeled moratorium,5,1,150.21,83.45,37,196
978,SKU-000978,Public-key impactful monitoring,17,30,661.95,493.99,44,60
979,SKU-000979,Object-based mission-critical collaboration,17,57,601.89,452.55,43,197
980,SKU-000980,Cloned background framework,3,28,65.41,36.54,12,200
981,SKU-000981,Switchable web-enabled policy,6,27,668.39,460.96,50,154
982,SKU-000982,Up-sized incremental ability,11,24,91.66,57.29,20,61
983,SKU-000983,Profound bandwidth-monitored initiative,11,100,807.67,472.32,49,55
984,SKU-000984,Versatile exuding methodology,5,34,630.73,467.21,12,74
985,SKU-000985,Total explicit focus group,1,73,274.54,221.4,31,152
986,SKU-000986,User-centric mission-critical synergy,3,99,852.21,434.8,38,82
987,SKU-000987,Quality-focused upward-trending ability,13,60,608.96,360.33,40,87
988,SKU-000988,Future-proofed incremental model,4,29,80.09,51.34,25,97
989,SKU-000989,Quality-focused interactive pricing structure,8,90,628.43,472.5,42,151
990,SKU-000990,Profit-focused homogeneous open system,10,89,498.72,358.79,10,133
991,SKU-000991,Switchable actuating budgetary management,4,79,247.45,176.75,13,96
992,SKU-000992,Fully-configurable tangible implementation,2,45,46.53,31.87,12,68
993,SKU-000993,Upgradable analyzing emulation,13,27,456.47,244.1,31,130
994,SKU-000994,Fundamental fresh-thinking hub,2,49,242.08,129.52,36,51
995,SKU-000995,Reduced eco-centric conglomeration,2,38,43.36,27.3,29,146
996,SKU-000996,Proactive incremental application,11,56,544.59,351.35,21,91
997,SKU-000997,Multi-lateral mobile system engine,15,44,14.46,9.39,39,57
998,SKU-000998,Intuitive directional core,17,78,583.25,294.57,6,158
999,SKU-000999,Open-architected homogeneous toolset,5,82,90.85,68.31,16,157
1000,SKU-001000,Customer-focused hybrid product,11,78,279.82,174.89,43,138
1001,SKU-001001,Synergistic interactive complexity,6,16,224.85,119.6,16,88
1002,SKU-001002,Polarized system-worthy protocol,16,40,234.43,152.23,30,84
1003,SKU-001003,Assimilated bi-directional artificial intelligence,6,36,586.17,393.4,50,75
1004,SKU-001004,Programmable scalable info-mediaries,2,1,83.11,49.47,39,53
1005,SKU-001005,Universal modular open architecture,5,26,92.74,57.6,10,94
1006,SKU-001006,Advanced encompassing knowledge user,5,92,464.51,297.76,31,117
1007,SKU-001007,Digitized upward-trending budgetary management,6,7,832.6,438.21,18,185
1008,SKU-001008,Focused intermediate hardware,13,97,186.31,130.29,39,62
1009,SKU-001009,Down-sized holistic firmware,17,23,432.05,238.7,24,82
1010,SKU-001010,Inverse eco-centric hierarchy,9,7,107.99,65.85,7,159
1011,SKU-001011,Streamlined maximized Graphical User Interface,5,26,180.05,132.39,9,78
1012,SKU-001012,Organized executive throughput,16,88,139.89,73.24,44,71
1013,SKU-001013,Expanded dynamic secured line,10,83,458.14,232.56,46,92
1014,SKU-001014,Realigned national implementation,6,10,312.74,252.21,35,140
1015,SKU-001015,Robust zero tolerance info-mediaries,8,6,660.78,367.1,21,134
1016,SKU-001016,Networked real-time utilization,8,42,514.93,367.81,39,178
1017,SKU-001017,Focused full-range emulation,10,2,762.86,426.18,7,76
1018,SKU-001018,Phased motivating forecast,17,9,414.65,265.8,32,138
1019,SKU-001019,Synchronized high-level firmware,9,55,119.26,90.35,8,186
1020,SKU-001020,Cloned methodical portal,7,58,206.2,109.68,50,191
1021,SKU-001021,Stand-alone radical capability,5,69,72.93,56.1,34,178
1022,SKU-001022,User-centric human-resource website,14,76,444.93,264.84,38,181
1023,SKU-001023,Intuitive mission-critical paradigm,5,62,554.87,399.19,11,120
1024,SKU-001024,Multi-tiered discrete alliance,3,94,569.67,431.57,43,188
1025,SKU-001025,Future-proofed clear-thinking database,8,76,469.07,384.48,33,91
1026,SKU-001026,Customer-focused coherent budgetary management,16,4,461.48,268.3,30,90
1027,SKU-001027,Programmable multimedia application,7,22,592.58,485.72,14,81
1028,SKU-001028,Focused context-sensitive ability,1,9,29.69,24.14,49,183
1029,SKU-001029,Customizable 6thgeneration algorithm,17,81,295.39,199.59,43,192
1030,SKU-001030,Networked bottom-line access,3,38,903.16,472.86,17,145
1031,SKU-001031,Up-sized disintermediate neural-net,10,41,336.79,198.11,46,112
1032,SKU-001032,Grass-roots intangible toolset,5,25,531.46,330.1,25,129
1033,SKU-001033,Cross-platform 5thgeneration ability,7,94,393.86,211.75,6,167
1034,SKU-001034,Adaptive holistic focus group,11,96,528.85,429.96,42,147
1035,SKU-001035,Team-oriented 6thgeneration Internet solution,14,86,272.28,226.9,29,158
1036,SKU-001036,Object-based holistic framework,3,91,330.59,139.11,10,107
1037,SKU-001037,Inverse bandwidth-monitored initiative,9,99,246.74,146.0,44,170
1038,SKU-001038,Visionary next generation task-force,7,56,34.78,23.66,31,190
1039,SKU-001039,Public-key uniform open system,13,21,155.95,105.37,29,167
1040,SKU-001040,Optional next generation open architecture,17,82,681.24,403.1,41,80
1041,SKU-001041,Compatible high-level algorithm,12,76,433.73,243.67,32,96
1042,SKU-001042,Persevering homogeneous adapter,8,17,322.64,187.58,6,72
1043,SKU-001043,Self-enabling multi-state orchestration,6,49,109.89,69.55,5,127
1044,SKU-001044,Re-engineered holistic challenge,3,60,84.12,42.7,28,135
1045,SKU-001045,Pre-emptive logistical frame,3,86,416.17,263.4,13,174
1046,SKU-001046,Cross-platform needs-based service-desk,5,36,291.63,153.49,10,153
1047,SKU-001047,Enhanced cohesive circuit,16,43,647.45,483.17,37,200
1048,SKU-001048,Fundamental uniform superstructure,12,35,77.08,40.57,13,76
1049,SKU-001049,Implemented holistic matrix,2,41,792.32,423.7,32,179
1050,SKU-001050,Multi-lateral modular ability,1,94,151.66,66.0,8,66
1051,SKU-001051,Mandatory incremental focus group,2,59,618.47,325.51,15,104
1052,SKU-001052,Enhanced motivating complexity,11,93,680.27,425.17,22,51
1053,SKU-001053,Streamlined multi-state contingency,6,89,51.64,31.11,21,165
1054,SKU-001054,Compatible human-resource moratorium,12,1,191.42,125.11,35,66
1055,SKU-001055,Multi-layered 24hour pricing structure,6,60,43.83,32.44,11,72
1056,SKU-001056,Balanced value-added hierarchy,8,57,354.5,163.23,8,195
1057,SKU-001057,Persistent asynchronous workforce,14,76,99.75,71.25,25,53
1058,SKU-001058,Streamlined background middleware,10,72,8.71,4.61,50,133
1059,SKU-001059,Digitized non-volatile model,15,53,654.05,359.37,42,192
1060,SKU-001060,De-engineered radical extranet,9,61,425.19,295.27,12,155
1061,SKU-001061,Up-sized multimedia circuit,16,26,771.36,430.93,24,187
1062,SKU-001062,Fundamental full-range analyzer,5,46,61.98,44.27,40,153
1063,SKU-001063,Persistent explicit data-warehouse,12,57,208.57,115.87,21,184
1064,SKU-001064,Centralized impactful flexibility,14,5,687.05,393.3,32,164
1065,SKU-001065,Function-based exuding moratorium,17,25,194.34,101.75,40,127
1066,SKU-001066,Multi-tiered responsive framework,13,18,641.41,497.22,39,62
1067,SKU-001067,Organic even-keeled strategy,2,51,269.13,171.42,28,164
1068,SKU-001068,Object-based cohesive database,6,94,534.55,319.42,5,58
1069,SKU-001069,Self-enabling tangible function,1,86,349.49,278.42,43,76
1070,SKU-001070,Persistent zero-defect middleware,13,13,1141.31,457.29,43,54
1071,SKU-001071,Organic systemic info-mediaries,2,88,141.4,74.42,49,95
1072,SKU-001072,Universal regional hub,8,41,134.1,88.81,22,71
1073,SKU-001073,Enterprise-wide leadingedge functionalities,12,8,725.94,351.22,5,90
1074,SKU-001074,Mandatory didactic success,6,45,714.85,442.53,46,200
1075,SKU-001075,Organic executive analyzer,16,13,188.38,134.56,33,98
1076,SKU-001076,Reactive actuating help-desk,12,83,764.12,434.16,6,109
1077,SKU-001077,Advanced hybrid forecast,7,39,550.34,343.96,5,102
1078,SKU-001078,De-engineered 5thgeneration data-warehouse,14,6,555.19,355.74,37,122
1079,SKU-001079,Seamless bandwidth-monitored definition,11,79,62.82,34.9,44,94
1080,SKU-001080,Virtual web-enabled encryption,12,88,710.91,493.69,41,137
1081,SKU-001081,Compatible 5thgeneration approach,14,63,115.47,77.5,41,197
1082,SKU-001082,Re-engineered interactive neural-net,2,10,13.23,8.82,39,149
1083,SKU-001083,Balanced zero-defect standardization,8,62,491.51,369.56,37,118
1084,SKU-001084,Extended stable core,10,40,683.53,357.87,42,145
1085,SKU-001085,Persevering homogeneous task-force,6,43,758.19,443.28,25,52
1086,SKU-001086,Extended homogeneous functionalities,9,17,146.56,113.2,30,97
1087,SKU-001087,Function-based contextually-based paradigm,2,81,248.86,148.13,16,196
1088,SKU-001088,Face-to-face fault-tolerant groupware,4,9,463.35,361.99,5,58
1089,SKU-001089,Balanced heuristic encryption,1,82,547.77,294.5,39,192
1090,SKU-001090,Advanced coherent budgetary management,3,50,615.07,469.52,30,163
1091,SKU-001091,Synergistic full-range knowledgebase,11,97,155.27,114.17,41,192
1092,SKU-001092,Re-contextualized contextually-based array,6,76,573.43,406.69,42,158
1093,SKU-001093,Focused disintermediate instruction set,6,2,241.81,161.21,49,86
1094,SKU-001094,Enterprise-wide asynchronous extranet,15,60,392.54,236.47,6,82
1095,SKU-001095,Diverse directional structure,1,24,5.74,2.56,17,160
1096,SKU-001096,Robust uniform protocol,6,9,655.58,360.21,27,184
1097,SKU-001097,Adaptive systemic hierarchy,4,56,775.97,404.15,11,78
1098,SKU-001098,Multi-layered full-range neural-net,3,94,436.04,259.55,42,130
1099,SKU-001099,Phased composite strategy,4,49,552.63,293.95,40,182
1100,SKU-001100,Visionary global encoding,16,69,48.8,24.9,49,105
1101,SKU-001101,Distributed multimedia paradigm,16,23,64.96,36.7,37,120
1102,SKU-001102,Cross-platform multimedia challenge,6,93,315.36,171.39,35,91
1103,SKU-001103,Extended reciprocal frame,5,81,4.42,2.6,19,84
1104,SKU-001104,Cross-group even-keeled focus group,16,36,450.37,341.19,46,104
1105,SKU-001105,Operative high-level orchestration,7,90,677.09,376.16,5,82
1106,SKU-001106,Expanded actuating focus group,5,29,472.34,378.8,13,83
1107,SKU-001107,De-engineered tangible benchmark,8,48,535.86,369.56,50,99
1108,SKU-001108,Cross-group intangible groupware,2,53,39.34,23.99,21,151
1109,SKU-001109,Universal radical emulation,15,59,146.88,102.0,34,141
1110,SKU-001110,Public-key directional capacity,3,88,366.22,205.74,6,91
1111,SKU-001111,Synergized value-added archive,16,39,576.17,308.11,29,60
1112,SKU-001112,Assimilated empowering encryption,9,9,1073.37,442.2,44,149
1113,SKU-001113,Configurable dedicated capability,14,63,347.78,202.2,5,178
1114,SKU-001114,Multi-layered intangible infrastructure,15,97,52.09,30.46,7,148
1115,SKU-001115,Profound hybrid hierarchy,12,8,159.6,121.89,24,198
1116,SKU-001116,Streamlined 5thgeneration intranet,14,51,205.61,148.99,17,128
1117,SKU-001117,Face-to-face non-volatile instruction set,12,2,595.88,311.98,24,146
1118,SKU-001118,Networked client-driven Internet solution,4,12,201.47,87.58,23,87
1119,SKU-001119,Devolved user-facing Graphical User Interface,11,35,244.7,132.27,48,88
1120,SKU-001120,User-centric modular policy,4,95,90.48,53.86,44,154
1121,SKU-001121,Integrated transitional artificial intelligence,13,34,149.4,77.81,19,101
1122,SKU-001122,Horizontal logistical contingency,12,86,616.15,288.43,8,143
1123,SKU-001123,Fundamental dedicated alliance,8,10,359.33,274.3,10,143
1124,SKU-001124,Assimilated holistic success,9,48,659.64,436.85,34,149
1125,SKU-001125,Managed logistical initiative,9,93,769.16,471.88,45,135
1126,SKU-001126,Optional holistic open system,16,35,632.12,486.25,30,148
1127,SKU-001127,Optional demand-driven focus group,5,11,862.07,478.93,16,137
1128,SKU-001128,Total 24/7 orchestration,11,80,249.43,148.47,24,180
1129,SKU-001129,Open-architected radical circuit,11,48,91.47,46.43,41,147
1130,SKU-001130,Customizable disintermediate access,15,36,252.62,205.38,13,111
1131,SKU-001131,Enterprise-wide human-resource capability,10,7,255.93,190.99,47,117
1132,SKU-001132,Diverse intangible budgetary management,10,100,439.75,335.69,25,129
1133,SKU-001133,Re-contextualized incremental definition,15,29,175.7,111.91,11,54
1134,SKU-001134,Progressive heuristic concept,5,16,28.82,17.68,10,144
1135,SKU-001135,Realigned even-keeled functionalities,6,27,898.3,375.7,28,121
1136,SKU-001136,Persevering empowering flexibility,16,7,623.56,380.22,12,177
1137,SKU-001137,Synergistic 4thgeneration solution,17,53,185.31,101.82,26,87
1138,SKU-001138,De-engineered object-oriented Internet solution,13,88,181.43,115.56,25,154
1139,SKU-001139,Centralized secondary analyzer,12,20,132.12,98.24,33,187
1140,SKU-001140,Streamlined multi-state protocol,2,5,48.36,34.3,6,88
1141,SKU-001141,De-engineered asymmetric function,6,41,482.25,249.87,34,99
1142,SKU-001142,Innovative discrete orchestration,4,99,112.47,63.54,18,151
1143,SKU-001143,Down-sized 5thgeneration customer loyalty,4,26,444.66,272.8,29,138
1144,SKU-001144,Vision-oriented hybrid conglomeration,1,77,301.95,181.9,46,97
1145,SKU-001145,Monitored clear-thinking success,12,79,388.97,296.92,27,104
1146,SKU-001146,Distributed scalable solution,15,30,565.43,467.3,49,98
1147,SKU-001147,Phased system-worthy solution,8,46,723.29,459.66,19,83
1148,SKU-001148,Automated methodical infrastructure,3,7,220.42,118.54,40,167
1149,SKU-001149,Robust modular toolset,4,98,38.22,25.65,37,90
1150,SKU-001150,Cross-platform 24/7 matrix,4,20,596.75,426.25,30,75
1151,SKU-001151,Synergistic next generation product,6,91,314.33,183.82,10,176
1152,SKU-001152,Virtual empowering monitoring,9,100,653.22,343.8,30,172
1153,SKU-001153,Fundamental clear-thinking circuit,7,28,204.64,104.41,49,89
1154,SKU-001154,Customer-focused web-enabled portal,10,33,134.3,74.2,14,138
1155,SKU-001155,Synchronized systemic product,6,23,551.7,288.85,27,153
1156,SKU-001156,Mandatory didactic hub,2,50,56.35,31.48,20,172
1157,SKU-001157,Customizable national approach,9,51,808.64,444.31,48,175
1158,SKU-001158,Intuitive discrete open architecture,10,99,262.1,143.13,12,193
1159,SKU-001159,Compatible directional time-frame,13,23,307.63,167.19,30,64
1160,SKU-001160,Re-engineered uniform leverage,12,50,338.44,262.36,9,130
1161,SKU-001161,Multi-lateral foreground extranet,3,23,564.53,376.35,45,67
1162,SKU-001162,Future-proofed asynchronous archive,11,43,365.01,190.11,32,119
1163,SKU-001163,Up-sized homogeneous parallelism,7,76,18.55,10.72,25,165
1164,SKU-001164,Centralized mission-critical website,1,18,347.63,282.63,6,114
1165,SKU-001165,Advanced asynchronous process improvement,16,13,163.82,88.55,13,72
1166,SKU-001166,Re-engineered dynamic system engine,14,80,97.99,78.39,30,168
1167,SKU-001167,Automated non-volatile model,16,28,414.83,274.72,9,92
1168,SKU-001168,Configurable real-time throughput,6,17,284.6,220.62,33,149
1169,SKU-001169,Mandatory tangible orchestration,17,69,549.79,347.97,44,171
1170,SKU-001170,Front-line scalable database,10,26,485.3,334.69,12,73
1171,SKU-001171,Integrated content-based algorithm,17,87,461.47,324.98,42,135
1172,SKU-001172,Decentralized optimizing architecture,12,4,120.01,95.29,27,174
1173,SKU-001173,Re-contextualized scalable knowledgebase,10,62,565.05,415.48,5,62
1174,SKU-001174,Persistent hybrid function,10,70,3.71,2.17,47,161
1175,SKU-001175,Organized optimizing knowledge user,10,12,443.76,256.51,31,101
1176,SKU-001176,Automated eco-centric groupware,2,3,374.95,199.44,31,112
1177,SKU-001177,Exclusive 5thgeneration parallelism,13,35,291.84,182.4,41,159
1178,SKU-001178,Configurable bifurcated productivity,12,18,494.88,317.23,41,147
1179,SKU-001179,Team-oriented holistic parallelism,15,93,186.26,116.41,5,95
1180,SKU-001180,Progressive cohesive Local Area Network,14,87,228.53,190.44,18,159
1181,SKU-001181,Seamless explicit moderator,11,79,217.42,155.3,30,139
1182,SKU-001182,Optional dynamic framework,11,97,872.82,474.36,21,124
1183,SKU-001183,Function-based zero tolerance archive,10,79,728.23,383.28,12,151
1184,SKU-001184,Robust dynamic strategy,9,36,575.79,293.77,42,165
1185,SKU-001185,Fundamental 3rdgeneration moderator,6,19,223.87,147.28,19,62
1186,SKU-001186,Polarized uniform data-warehouse,17,75,606.89,305.42,22,75
1187,SKU-001187,Virtual object-oriented knowledge user,5,8,322.61,129.2,49,94
1188,SKU-001188,Inverse exuding model,12,25,97.58,60.61,23,155
1189,SKU-001189,De-engineered zero-defect capacity,2,32,333.09,191.43,5,60
1190,SKU-001190,Multi-tiered asymmetric circuit,8,73,215.76,156.35,8,57
1191,SKU-001191,Customizable demand-driven superstructure,15,43,103.21,74.94,30,141
1192,SKU-001192,Managed optimal Graphical User Interface,16,1,338.4,272.9,40,160
1193,SKU-001193,Fundamental tertiary hierarchy,10,25,898.38,499.1,21,133
1194,SKU-001194,Quality-focused neutral hub,2,27,265.95,205.49,23,96
1195,SKU-001195,User-centric client-driven alliance,8,25,184.11,99.52,24,167
1196,SKU-001196,Expanded solution-oriented benchmark,1,39,229.87,151.23,19,165
1197,SKU-001197,User-centric system-worthy service-desk,13,70,603.09,367.74,6,58
1198,SKU-001198,Triple-buffered client-server open system,9,49,541.18,284.83,42,62
1199,SKU-001199,Switchable mobile intranet,10,9,147.11,80.83,34,117
1200,SKU-001200,Intuitive analyzing collaboration,8,69,123.98,98.4,28,62
1201,SKU-001201,Object-based global contingency,15,97,131.21,85.2,26,90
1202,SKU-001202,Distributed regional utilization,8,2,171.39,103.25,13,54
1203,SKU-001203,Customer-focused didactic database,1,30,121.83,70.42,6,106
1204,SKU-001204,Organic asymmetric superstructure,4,86,164.28,103.32,32,166
1205,SKU-001205,Digitized zero-defect matrices,12,97,289.67,188.1,25,113
1206,SKU-001206,Grass-roots secondary hub,7,8,564.8,462.95,10,94
1207,SKU-001207,Down-sized disintermediate algorithm,7,35,758.63,468.29,50,83
1208,SKU-001208,Cloned optimal workforce,1,12,39.75,25.16,34,91
1209,SKU-001209,Business-focused holistic approach,15,93,674.31,492.2,31,116
1210,SKU-001210,Vision-oriented bi-directional leverage,16,42,657.53,340.69,21,155
1211,SKU-001211,Business-focused human-resource hierarchy,8,69,75.53,56.79,33,89
1212,SKU-001212,Digitized global middleware,3,24,730.55,405.86,14,131
1213,SKU-001213,Object-based well-modulated monitoring,10,92,459.67,308.5,21,179
1214,SKU-001214,Pre-emptive dynamic product,7,58,489.86,373.94,41,69
1215,SKU-001215,Business-focused bottom-line moderator,15,66,534.74,408.23,7,110
1216,SKU-001216,Seamless actuating secured line,3,59,698.96,358.44,8,174
1217,SKU-001217,Face-to-face radical collaboration,12,14,273.38,151.88,42,114
1218,SKU-001218,Intuitive user-facing task-force,4,64,629.11,357.45,11,94
1219,SKU-001219,User-friendly eco-centric encryption,8,72,135.86,91.18,34,96
1220,SKU-001220,Distributed client-server budgetary management,13,23,116.72,85.2,29,132
1221,SKU-001221,Ergonomic user-facing support,1,89,436.89,352.33,39,100
1222,SKU-001222,Organic 3rdgeneration function,17,67,145.41,105.37,36,180
1223,SKU-001223,Ameliorated composite access,12,79,479.24,308.74,48,146
1224,SKU-001224,Seamless zero administration functionalities,7,88,749.82,394.64,33,177
1225,SKU-001225,Optimized scalable protocol,7,21,200.69,133.79,43,131
1226,SKU-001226,Organized modular leverage,11,22,263.58,214.29,15,141
1227,SKU-001227,Configurable impactful hardware,3,19,447.05,292.19,43,84
1228,SKU-001228,Up-sized cohesive collaboration,10,15,29.12,16.83,9,132
1229,SKU-001229,Balanced coherent parallelism,11,41,604.49,475.98,47,198
1230,SKU-001230,Persistent static success,5,83,271.55,207.29,31,94
1231,SKU-001231,Virtual contextually-based analyzer,14,49,787.71,425.79,9,135
1232,SKU-001232,Synchronized neutral Graphical User Interface,4,25,621.22,341.33,18,77
1233,SKU-001233,Future-proofed object-oriented monitoring,8,91,175.25,116.83,15,66
1234,SKU-001234,Distributed bandwidth-monitored conglomeration,3,48,514.62,421.82,23,180
1235,SKU-001235,Distributed intermediate moratorium,14,69,573.12,341.14,36,152
1236,SKU-001236,Reduced bifurcated moderator,11,34,303.58,154.1,40,187
1237,SKU-001237,Versatile client-driven service-desk,1,6,43.77,31.49,29,95
1238,SKU-001238,Sharable multi-tasking matrices,8,41,458.08,293.64,38,133
1239,SKU-001239,Open-architected executive initiative,10,100,723.89,399.94,12,161
1240,SKU-001240,Switchable contextually-based budgetary management,5,92,509.86,372.16,32,87
1241,SKU-001241,Ameliorated fault-tolerant solution,3,6,115.5,93.9,23,91
1242,SKU-001242,Pre-emptive multimedia open system,4,12,493.74,315.32,35,164
1243,SKU-001243,Seamless radical pricing structure,9,74,141.7,80.97,49,184
1244,SKU-001244,Total dedicated budgetary management,1,8,85.52,51.83,19,160
1245,SKU-001245,Team-oriented value-added concept,1,8,423.93,218.52,5,139
1246,SKU-001246,Mandatory content-based moratorium,13,25,813.31,481.25,11,50
1247,SKU-001247,Enhanced encompassing encryption,17,31,235.19,166.8,40,50
1248,SKU-001248,Seamless composite protocol,2,8,735.09,480.45,33,151
1249,SKU-001249,Persevering web-enabled Internet solution,8,30,331.07,275.89,16,192
1250,SKU-001250,Expanded didactic matrices,14,96,850.5,457.26,10,179
1251,SKU-001251,Quality-focused web-enabled throughput,13,23,314.66,174.81,30,166
1252,SKU-001252,Integrated zero-defect benchmark,1,10,94.03,55.31,17,89
1253,SKU-001253,Face-to-face transitional portal,5,13,427.05,341.64,48,188
1254,SKU-001254,Enterprise-wide maximized support,3,68,628.78,436.65,35,133
1255,SKU-001255,Polarized modular info-mediaries,4,84,551.1,364.97,7,158
1256,SKU-001256,Down-sized 24hour productivity,17,13,676.51,388.8,46,118
1257,SKU-001257,De-engineered maximized portal,15,53,230.87,128.98,12,167
1258,SKU-001258,Reverse-engineered intangible paradigm,8,70,685.33,472.64,49,126
1259,SKU-001259,User-centric systematic adapter,5,90,221.84,181.84,30,146
1260,SKU-001260,Networked well-modulated concept,12,74,320.7,190.89,11,85
1261,SKU-001261,Seamless motivating parallelism,6,44,232.92,167.57,25,107
1262,SKU-001262,Sharable 24/7 task-force,15,95,558.61,310.34,24,84
1263,SKU-001263,Future-proofed responsive leverage,5,98,466.08,298.77,44,155
1264,SKU-001264,Virtual leadingedge orchestration,13,63,393.75,218.75,6,193
1265,SKU-001265,Synergized systemic methodology,9,72,5.14,3.7,27,196
1266,SKU-001266,Profound content-based website,17,39,280.27,147.51,12,155
1267,SKU-001267,Programmable responsive Graphical User Interface,7,52,376.53,238.31,42,187
1268,SKU-001268,Implemented zero-defect paradigm,1,34,615.21,415.68,23,130
1269,SKU-001269,Sharable multimedia workforce,13,2,14.3,7.77,25,93
1270,SKU-001270,Devolved logistical analyzer,13,52,94.22,62.4,23,191
1271,SKU-001271,Enhanced encompassing monitoring,9,46,525.08,310.7,38,76
1272,SKU-001272,Quality-focused object-oriented open architecture,7,86,677.64,396.28,7,134
1273,SKU-001273,Right-sized user-facing leverage,9,96,446.41,249.39,11,191
1274,SKU-001274,Organized zero tolerance hub,1,7,250.3,179.53,5,104
1275,SKU-001275,Networked well-modulated service-desk,13,14,49.65,25.86,42,141
1276,SKU-001276,Networked explicit attitude,9,99,481.78,332.26,41,99
1277,SKU-001277,Organized non-volatile application,17,98,658.07,424.56,35,54
1278,SKU-001278,Operative secondary website,2,4,403.38,336.15,12,102
1279,SKU-001279,Focused encompassing frame,10,33,352.75,220.47,13,61
1280,SKU-001280,Mandatory interactive open architecture,13,48,376.68,203.61,15,127
1281,SKU-001281,De-engineered bifurcated Graphic Interface,12,79,1074.9,483.4,43,161
1282,SKU-001282,Optimized zero administration conglomeration,6,24,628.05,448.61,12,52
1283,SKU-001283,Stand-alone stable frame,15,4,310.05,171.3,21,177
1284,SKU-001284,Quality-focused executive software,11,48,220.26,159.61,43,107
1285,SKU-001285,Cross-platform discrete monitoring,8,41,374.56,309.55,5,175
1286,SKU-001286,Managed upward-trending hardware,7,14,580.86,427.1,15,64
1287,SKU-001287,De-engineered stable contingency,3,9,5.91,3.94,50,170
1288,SKU-001288,Persistent modular complexity,14,99,224.42,123.99,22,187
1289,SKU-001289,Monitored next generation Graphic Interface,11,71,591.94,330.69,25,93
1290,SKU-001290,Synergized grid-enabled challenge,11,13,114.64,94.74,30,79
1291,SKU-001291,Seamless attitude-oriented knowledge user,3,8,381.33,259.41,26,63
1292,SKU-001292,Integrated radical array,9,58,398.3,272.81,34,128
1293,SKU-001293,Multi-lateral scalable data-warehouse,12,99,275.01,139.6,14,126
1294,SKU-001294,Persistent bottom-line help-desk,10,90,517.54,226.67,41,167
1295,SKU-001295,Expanded 5thgeneration groupware,8,63,184.66,104.33,37,186
1296,SKU-001296,Operative attitude-oriented toolset,3,89,32.64,17.28,17,111
1297,SKU-001297,Automated multimedia leverage,17,69,654.22,424.82,16,192
1298,SKU-001298,Quality-focused methodical customer loyalty,1,37,58.68,36.45,40,161
1299,SKU-001299,Enterprise-wide bottom-line intranet,10,53,134.96,96.4,25,104
1300,SKU-001300,Profound actuating attitude,17,73,767.02,476.41,11,141
1301,SKU-001301,Implemented even-keeled implementation,16,12,272.64,219.87,35,163
1302,SKU-001302,Object-based optimizing architecture,10,29,669.34,382.48,18,151
1303,SKU-001303,Self-enabling intermediate firmware,11,7,106.19,71.75,44,200
1304,SKU-001304,Automated bifurcated application,11,62,557.87,296.74,19,197
1305,SKU-001305,Triple-buffered global complexity,4,91,19.97,10.68,10,188
1306,SKU-001306,Down-sized solution-oriented frame,13,36,416.87,306.52,37,182
1307,SKU-001307,Multi-layered leadingedge concept,12,100,269.33,154.79,36,134
1308,SKU-001308,Programmable clear-thinking model,4,76,642.68,327.9,8,95
1309,SKU-001309,Reduced maximized superstructure,3,18,148.0,75.9,24,185
1310,SKU-001310,Managed web-enabled paradigm,17,39,501.04,278.24,21,134
1311,SKU-001311,Optimized modular task-force,6,67,525.57,417.12,30,183
1312,SKU-001312,Extended scalable algorithm,7,68,105.79,55.1,37,137
1313,SKU-001313,Configurable object-oriented encryption,16,69,771.22,387.55,10,120
1314,SKU-001314,User-centric regional protocol,6,14,582.52,485.43,33,169
1315,SKU-001315,Digitized next generation interface,14,75,416.64,297.6,18,106
1316,SKU-001316,Switchable foreground synergy,17,69,762.25,423.47,6,168
1317,SKU-001317,Synchronized foreground core,5,87,980.0,494.95,30,55
1318,SKU-001318,Reduced attitude-oriented access,8,69,750.03,384.95,13,196
1319,SKU-001319,Intuitive grid-enabled capability,8,93,444.79,244.39,32,60
1320,SKU-001320,Cross-platform motivating structure,4,6,496.78,295.7,23,133
1321,SKU-001321,Universal maximized database,13,9,42.13,33.17,26,185
1322,SKU-001322,Open-architected client-driven intranet,3,28,502.27,256.26,49,139
1323,SKU-001323,Fully-configurable demand-driven help-desk,8,80,452.22,262.92,8,51
1324,SKU-001324,Optional background hierarchy,10,58,631.94,322.42,47,113
1325,SKU-001325,Multi-tiered disintermediate paradigm,16,73,69.78,46.83,16,141
1326,SKU-001326,Implemented dynamic infrastructure,2,85,265.13,179.14,13,180
1327,SKU-001327,Enterprise-wide logistical algorithm,6,70,758.65,468.3,43,157
1328,SKU-001328,Adaptive global encryption,10,23,600.14,394.83,38,71
1329,SKU-001329,Triple-buffered systemic installation,3,5,351.58,195.32,11,168
1330,SKU-001330,Public-key scalable framework,14,34,699.22,492.41,7,145
1331,SKU-001331,Synchronized next generation moratorium,1,18,613.99,495.15,36,104
1332,SKU-001332,Operative demand-driven interface,5,66,10.25,6.33,11,117
1333,SKU-001333,Customizable multi-tasking system engine,8,76,515.6,326.33,25,104
1334,SKU-001334,Balanced intangible methodology,13,34,823.83,476.2,49,50
1335,SKU-001335,Public-key well-modulated focus group,17,59,480.88,293.22,22,131
1336,SKU-001336,Front-line zero administration groupware,15,18,738.04,388.44,36,81
1337,SKU-001337,Stand-alone interactive workforce,4,14,281.21,234.34,29,119
1338,SKU-001338,Integrated demand-driven parallelism,17,98,499.9,399.92,38,66
1339,SKU-001339,Phased leadingedge projection,12,66,444.77,261.63,19,109
1340,SKU-001340,Phased local access,9,13,219.67,111.51,19,52
1341,SKU-001341,Ergonomic multimedia productivity,14,3,447.98,311.1,16,189
1342,SKU-001342,Fundamental zero tolerance concept,2,34,97.2,67.5,9,93
1343,SKU-001343,Automated uniform projection,12,58,789.06,443.29,34,84
1344,SKU-001344,Ameliorated analyzing strategy,16,89,9.61,5.34,42,119
1345,SKU-001345,Future-proofed holistic time-frame,8,71,64.46,53.72,46,69
1346,SKU-001346,Seamless fault-tolerant attitude,5,19,62.63,32.79,22,189
1347,SKU-001347,Upgradable user-facing open architecture,16,20,856.78,489.59,29,115
1348,SKU-001348,Enterprise-wide context-sensitive hub,3,64,561.62,445.73,24,86
1349,SKU-001349,Team-oriented secondary service-desk,7,23,128.17,96.37,31,75
1350,SKU-001350,Ergonomic fault-tolerant implementation,17,56,80.75,57.68,11,147
1351,SKU-001351,Open-architected local solution,6,8,156.98,112.6,14,58
1352,SKU-001352,Front-line hybrid website,14,93,37.33,18.76,13,67
1353,SKU-001353,Quality-focused optimal algorithm,1,44,447.58,294.46,34,171
1354,SKU-001354,Cross-platform modular encryption,5,43,529.38,311.4,41,53
1355,SKU-001355,Persistent background core,2,84,27.75,15.59,33,93
1356,SKU-001356,Quality-focused homogeneous open system,2,96,105.98,84.11,37,170
1357,SKU-001357,Digitized contextually-based capability,1,33,741.49,454.9,25,121
1358,SKU-001358,Customizable non-volatile concept,3,61,623.51,382.52,5,166
1359,SKU-001359,Business-focused client-server definition,10,38,202.75,133.39,13,97
1360,SKU-001360,Object-based 24/7 circuit,11,24,338.85,186.18,18,200
1361,SKU-001361,Synchronized upward-trending adapter,9,40,344.03,140.96,33,171
1362,SKU-001362,Ameliorated demand-driven service-desk,6,54,808.53,454.23,46,140
1363,SKU-001363,Configurable solution-oriented Local Area Network,10,93,295.48,163.12,40,56
1364,SKU-001364,Monitored system-worthy help-desk,12,15,668.47,498.86,29,59
1365,SKU-001365,Synchronized bifurcated functionalities,3,22,119.59,69.13,32,188
1366,SKU-001366,Robust national installation,9,62,873.34,452.51,40,159
1367,SKU-001367,Multi-tiered analyzing access,17,68,602.53,407.65,22,129
1368,SKU-001368,User-friendly discrete intranet,3,73,388.29,235.33,12,196
1369,SKU-001369,Re-contextualized clear-thinking artificial intelligence,14,39,33.33,18.62,7,62
1370,SKU-001370,Robust upward-trending product,5,26,313.09,208.73,25,108
1371,SKU-001371,Optional encompassing knowledge user,2,65,238.74,144.69,15,80
1372,SKU-001372,Grass-roots intermediate contingency,5,92,163.42,116.73,5,93
1373,SKU-001373,Upgradable mobile software,5,2,68.66,35.21,27,134
1374,SKU-001374,Ameliorated neutral model,13,32,2.89,2.26,23,153
1375,SKU-001375,Adaptive 24hour model,17,74,417.05,234.3,41,73
1376,SKU-001376,Adaptive 3rdgeneration paradigm,3,50,97.12,64.32,41,88
1377,SKU-001377,Proactive dedicated knowledgebase,15,95,789.7,422.3,50,61
1378,SKU-001378,Quality-focused attitude-oriented neural-net,14,62,276.14,200.1,21,149
1379,SKU-001379,Right-sized optimizing migration,9,88,153.0,127.5,19,113
1380,SKU-001380,Fully-configurable local artificial intelligence,4,67,430.37,224.15,10,131
1381,SKU-001381,Fundamental full-range middleware,5,98,93.7,49.84,41,129
1382,SKU-001382,Fundamental static access,3,47,141.54,78.2,18,132
1383,SKU-001383,Open-source 4thgeneration knowledge user,11,49,596.3,392.3,41,114
1384,SKU-001384,Optional leadingedge circuit,2,13,223.09,147.74,8,190
1385,SKU-001385,Quality-focused background solution,17,20,153.23,72.34,13,106
1386,SKU-001386,Object-based client-server alliance,17,45,368.83,264.57,37,67
1387,SKU-001387,Multi-channeled scalable core,14,40,463.4,256.33,15,106
1388,SKU-001388,Diverse regional attitude,5,71,282.7,178.58,49,134
1389,SKU-001389,Operative asymmetric product,6,81,106.03,56.7,25,138
1390,SKU-001390,Object-based bifurcated alliance,2,60,538.72,291.2,43,94
1391,SKU-001391,Open-source 4thgeneration application,3,17,176.64,114.7,40,112
1392,SKU-001392,Up-sized value-added conglomeration,7,17,333.38,269.18,41,159
1393,SKU-001393,Fundamental national structure,12,2,46.36,37.44,36,159
1394,SKU-001394,Visionary upward-trending system engine,9,40,287.95,224.96,29,61
1395,SKU-001395,Operative directional productivity,10,50,1232.03,498.39,6,77
1396,SKU-001396,Adaptive high-level methodology,7,94,416.14,320.11,24,175
1397,SKU-001397,Monitored next generation instruction set,3,63,564.45,434.19,31,186
1398,SKU-001398,Cross-platform value-added service-desk,5,59,172.87,88.2,47,96
1399,SKU-001399,Object-based intangible strategy,13,45,335.89,203.57,49,152
1400,SKU-001400,Compatible regional intranet,14,70,660.41,489.19,33,180
1401,SKU-001401,Persistent attitude-oriented protocol,6,75,704.54,440.34,8,103
1402,SKU-001402,Customer-focused multimedia framework,17,73,284.39,187.1,35,127
1403,SKU-001403,Future-proofed demand-driven function,2,40,106.62,76.16,31,146
1404,SKU-001404,Sharable intermediate extranet,12,21,370.5,282.19,27,115
1405,SKU-001405,Switchable system-worthy focus group,10,83,447.29,296.22,10,81
1406,SKU-001406,Exclusive needs-based neural-net,3,68,107.16,53.85,14,168
1407,SKU-001407,Integrated directional Graphical User Interface,10,65,166.41,129.0,37,95
1408,SKU-001408,Operative national adapter,13,52,652.4,372.8,21,54
1409,SKU-001409,Enterprise-wide background complexity,12,40,268.68,179.12,17,121
1410,SKU-001410,Assimilated bottom-line strategy,13,7,58.85,44.92,24,185
1411,SKU-001411,Digitized bandwidth-monitored structure,17,50,356.97,219.0,8,64
1412,SKU-001412,Exclusive bi-directional policy,15,71,198.83,105.2,42,62
1413,SKU-001413,Advanced demand-driven framework,16,15,60.35,43.11,20,77
1414,SKU-001414,Cross-platform optimizing Local Area Network,14,6,754.42,386.88,11,149
1415,SKU-001415,Universal reciprocal system engine,2,93,849.34,454.19,37,116
1416,SKU-001416,Persistent multi-tasking groupware,12,2,95.46,52.74,45,80
1417,SKU-001417,Face-to-face global moderator,6,91,59.0,41.26,12,55
1418,SKU-001418,User-friendly 24hour leverage,5,100,403.73,243.21,34,64
1419,SKU-001419,Customer-focused interactive algorithm,17,15,894.63,368.29,44,170
1420,SKU-001420,Synergistic radical task-force,13,33,536.49,429.19,35,175
1421,SKU-001421,Mandatory discrete analyzer,15,54,645.0,398.15,40,77
1422,SKU-001422,Reactive 24/7 service-desk,12,46,628.32,462.0,34,178
1423,SKU-001423,Function-based static frame,7,99,33.12,18.1,13,104
1424,SKU-001424,Decentralized hybrid paradigm,2,50,540.6,450.5,43,147
1425,SKU-001425,Object-based static leverage,1,50,378.32,284.45,33,141
1426,SKU-001426,Re-engineered high-level standardization,5,12,46.57,35.55,25,64
1427,SKU-001427,Digitized human-resource archive,1,62,521.83,378.14,5,105
1428,SKU-001428,Programmable zero administration firmware,6,37,189.33,103.46,18,78
1429,SKU-001429,Devolved executive moratorium,10,65,553.05,319.68,9,106
1430,SKU-001430,Right-sized asynchronous access,11,30,30.46,14.1,7,87
1431,SKU-001431,Phased uniform hierarchy,13,90,79.14,53.47,23,153
1432,SKU-001432,Seamless full-range emulation,10,71,679.52,367.31,10,73
1433,SKU-001433,Grass-roots modular instruction set,9,99,8.0,3.41,14,175
1434,SKU-001434,Fully-configurable neutral Graphical User Interface,11,96,421.38,260.74,12,85
1435,SKU-001435,Proactive full-range workforce,4,18,442.71,281.98,19,145
1436,SKU-001436,Cross-platform global hierarchy,9,20,645.7,393.72,29,61
1437,SKU-001437,Focused upward-trending info-mediaries,1,20,471.42,392.85,23,124
1438,SKU-001438,Grass-roots interactive throughput,15,60,445.44,224.97,14,59
1439,SKU-001439,Expanded analyzing middleware,15,16,229.56,185.8,28,148
1440,SKU-001440,Stand-alone web-enabled emulation,16,86,696.07,414.33,8,105
1441,SKU-001441,Focused multi-tasking adapter,6,57,73.14,52.62,23,68
1442,SKU-001442,Persevering static contingency,13,7,821.52,432.38,15,194
1443,SKU-001443,Versatile hybrid software,17,52,179.03,90.42,14,165
1444,SKU-001444,Organized intangible interface,9,18,146.56,97.71,5,164
1445,SKU-001445,Cloned tertiary database,11,27,612.97,336.48,40,152
1446,SKU-001446,Robust clear-thinking data-warehouse,17,56,356.02,245.53,37,171
1447,SKU-001447,Team-oriented 4thgeneration website,9,67,578.31,312.6,38,150
1448,SKU-001448,Centralized system-worthy groupware,12,100,371.93,304.86,20,116
1449,SKU-001449,Progressive real-time throughput,5,61,10.17,5.44,17,197
1450,SKU-001450,Right-sized local interface,9,100,305.9,216.95,5,130
1451,SKU-001451,Organized analyzing support,16,65,153.32,100.87,43,168
1452,SKU-001452,Function-based cohesive Internet solution,3,76,371.38,257.9,50,57
1453,SKU-001453,Polarized demand-driven initiative,5,59,288.87,125.67,18,96
1454,SKU-001454,Stand-alone client-server matrices,4,14,40.14,32.9,9,168
1455,SKU-001455,Robust bottom-line matrix,4,55,658.3,427.47,15,64
1456,SKU-001456,Quality-focused holistic budgetary management,10,35,714.44,401.37,40,153
1457,SKU-001457,Multi-layered context-sensitive benchmark,14,75,416.78,297.7,5,103
1458,SKU-001458,Enterprise-wide value-added installation,1,13,391.59,301.22,22,97
1459,SKU-001459,Compatible analyzing interface,1,10,569.68,349.5,33,168
1460,SKU-001460,Configurable impactful core,15,100,577.81,454.97,7,137
1461,SKU-001461,Reduced dedicated database,6,53,482.38,352.1,34,96
1462,SKU-001462,Face-to-face bifurcated workforce,15,21,227.24,131.35,41,121
1463,SKU-001463,Realigned 24hour moratorium,8,73,523.33,402.56,7,151
1464,SKU-001464,Diverse grid-enabled pricing structure,11,14,662.0,389.41,49,106
1465,SKU-001465,Diverse well-modulated methodology,6,70,683.82,379.77,10,90
1466,SKU-001466,Face-to-face grid-enabled projection,2,39,686.49,460.73,41,159
1467,SKU-001467,Operative local infrastructure,11,22,61.43,32.16,34,92
1468,SKU-001468,Expanded optimizing matrix,9,80,414.44,285.82,45,200
1469,SKU-001469,Adaptive motivating moratorium,14,39,370.94,193.2,5,157
1470,SKU-001470,Open-source 3rdgeneration concept,2,70,755.83,385.63,5,76
1471,SKU-001471,Enterprise-wide zero administration archive,12,100,352.36,291.21,24,110
1472,SKU-001472,Quality-focused object-oriented alliance,8,23,424.8,319.4,15,139
1473,SKU-001473,Enhanced 24hour concept,8,46,620.22,492.24,9,60
1474,SKU-001474,Centralized bifurcated process improvement,8,44,115.88,80.47,23,134
1475,SKU-001475,Open-architected optimal middleware,10,89,524.68,409.91,18,99
1476,SKU-001476,Diverse explicit encryption,13,21,482.35,388.99,42,159
1477,SKU-001477,Re-contextualized value-added support,8,16,99.36,69.0,13,118
1478,SKU-001478,Reduced analyzing intranet,11,97,464.81,387.34,43,150
1479,SKU-001479,Decentralized client-server encryption,16,52,276.73,162.78,17,69
1480,SKU-001480,Multi-layered even-keeled complexity,3,2,435.02,248.58,29,96
1481,SKU-001481,Cross-group non-volatile database,15,44,558.72,306.99,44,75
1482,SKU-001482,Organized asynchronous standardization,8,13,453.24,302.16,35,145
1483,SKU-001483,Grass-roots methodical functionalities,5,86,293.52,120.92,37,152
1484,SKU-001484,Secured interactive capability,15,99,275.54,130.49,19,56
1485,SKU-001485,User-centric national flexibility,11,18,8.7,4.73,22,65
1486,SKU-001486,Multi-channeled system-worthy emulation,11,46,178.58,99.21,5,131
1487,SKU-001487,Visionary client-driven attitude,4,39,96.65,50.34,20,62
1488,SKU-001488,Persistent scalable challenge,9,60,466.48,266.56,43,82
1489,SKU-001489,Cross-group motivating moratorium,8,91,271.3,193.88,21,132
1490,SKU-001490,Enterprise-wide user-facing ability,10,99,631.21,360.69,39,173
1491,SKU-001491,Sharable homogeneous orchestration,7,27,414.83,254.5,20,93
1492,SKU-001492,Cross-platform heuristic process improvement,2,22,440.44,303.75,26,169
1493,SKU-001493,Grass-roots analyzing model,11,82,571.47,368.69,37,141
1494,SKU-001494,Quality-focused composite time-frame,11,90,734.62,378.67,32,172
1495,SKU-001495,User-centric multimedia flexibility,13,62,85.81,71.51,13,199
1496,SKU-001496,Extended zero-defect productivity,11,95,556.29,400.21,28,70
1497,SKU-001497,Realigned cohesive conglomeration,6,45,489.74,404.74,5,77
1498,SKU-001498,Switchable scalable initiative,6,97,531.19,275.23,24,164
1499,SKU-001499,Reverse-engineered well-modulated extranet,6,83,112.47,90.7,5,73
1500,SKU-001500,Grass-roots background forecast,6,77,572.75,437.21,5,53
1501,SKU-001501,Down-sized system-worthy intranet,2,18,469.33,312.89,31,152
1502,SKU-001502,Reduced high-level Internet solution,7,24,3.73,2.33,9,172
1503,SKU-001503,Universal discrete pricing structure,3,7,516.43,430.36,10,197
1504,SKU-001504,Exclusive national process improvement,6,18,225.19,114.31,15,126
1505,SKU-001505,Face-to-face homogeneous ability,2,54,1048.28,430.59,6,185
1506,SKU-001506,Automated fresh-thinking initiative,9,52,139.09,75.59,12,157
1507,SKU-001507,De-engineered hybrid forecast,7,91,662.93,427.7,38,140
1508,SKU-001508,Persistent context-sensitive customer loyalty,9,55,9.16,7.1,10,163
1509,SKU-001509,Synergistic bifurcated database,7,53,543.41,424.54,12,53
1510,SKU-001510,Universal background Internet solution,10,18,451.23,331.79,17,75
1511,SKU-001511,Customizable value-added customer loyalty,15,23,273.96,201.44,34,170
1512,SKU-001512,Operative web-enabled alliance,14,89,546.58,339.49,18,114
1513,SKU-001513,Balanced even-keeled interface,3,61,557.35,311.37,25,137
1514,SKU-001514,Cross-group modular process improvement,7,23,64.38,53.65,24,96
1515,SKU-001515,Face-to-face leadingedge function,9,99,39.69,23.21,22,69
1516,SKU-001516,Future-proofed grid-enabled interface,11,26,506.41,395.63,37,149
1517,SKU-001517,Virtual 24/7 concept,12,38,507.95,295.32,39,144
1518,SKU-001518,Devolved intangible open architecture,2,36,755.06,383.28,49,169
1519,SKU-001519,Triple-buffered encompassing architecture,1,1,174.18,90.25,43,136
1520,SKU-001520,Intuitive mission-critical support,9,23,213.55,118.64,10,150
1521,SKU-001521,Vision-oriented optimizing portal,1,5,526.42,373.35,42,106
1522,SKU-001522,Synergistic interactive application,10,63,328.08,246.68,46,155
1523,SKU-001523,Persevering motivating model,9,36,485.27,379.12,18,167
1524,SKU-001524,Organized solution-oriented hardware,14,33,54.29,28.5,31,169
1525,SKU-001525,Focused impactful neural-net,3,48,136.93,69.86,47,126
1526,SKU-001526,Multi-layered multi-state synergy,2,8,753.44,453.88,14,165
1527,SKU-001527,Customizable 24/7 time-frame,17,40,425.39,245.89,26,60
1528,SKU-001528,Implemented disintermediate hierarchy,14,97,431.5,359.58,32,58
1529,SKU-001529,Fully-configurable leadingedge flexibility,14,76,331.36,174.4,37,112
1530,SKU-001530,Stand-alone leadingedge secured line,7,3,177.58,110.3,30,170
1531,SKU-001531,User-centric contextually-based instruction set,14,61,442.98,360.15,41,121
1532,SKU-001532,Profound local migration,17,56,790.22,399.1,26,105
1533,SKU-001533,Right-sized 6thgeneration info-mediaries,16,97,483.54,259.97,18,196
1534,SKU-001534,Down-sized tangible migration,17,97,400.67,214.26,35,152
1535,SKU-001535,Inverse 3rdgeneration secured line,10,74,27.04,14.94,13,85
1536,SKU-001536,Fundamental secondary open architecture,14,98,724.45,426.15,49,69
1537,SKU-001537,Open-source hybrid database,6,8,365.96,281.51,9,152
1538,SKU-001538,Ergonomic optimal paradigm,6,99,627.52,392.2,37,70
1539,SKU-001539,Decentralized next generation collaboration,14,90,561.69,346.72,25,102
1540,SKU-001540,Adaptive national interface,10,79,713.06,397.29,21,93
1541,SKU-001541,Assimilated demand-driven structure,8,12,251.7,209.75,48,110
1542,SKU-001542,Sharable radical solution,1,15,920.81,492.41,23,141
1543,SKU-001543,Assimilated homogeneous policy,6,9,625.99,398.72,44,137
1544,SKU-001544,Adaptive holistic firmware,17,21,522.88,421.68,22,109
1545,SKU-001545,Fully-configurable actuating standardization,5,89,532.96,289.65,48,69
1546,SKU-001546,Phased motivating ability,13,82,368.61,240.92,29,119
1547,SKU-001547,Stand-alone multi-tasking paradigm,2,14,488.03,341.28,29,114
1548,SKU-001548,Profound background groupware,1,26,830.78,453.98,33,61
1549,SKU-001549,Distributed incremental product,10,6,106.66,60.6,33,62
1550,SKU-001550,Sharable asymmetric knowledgebase,6,52,176.46,106.3,14,185
1551,SKU-001551,Enhanced solution-oriented throughput,10,39,147.49,86.76,38,133
1552,SKU-001552,Digitized multi-state middleware,11,73,611.93,387.3,16,169
1553,SKU-001553,Operative needs-based ability,14,76,618.16,325.35,48,78
1554,SKU-001554,Phased impactful infrastructure,5,2,527.57,370.76,40,58
1555,SKU-001555,Secured bottom-line knowledgebase,2,82,355.12,273.17,16,157
1556,SKU-001556,Future-proofed didactic Graphic Interface,13,81,137.51,101.86,46,97
1557,SKU-001557,Synergized mobile ability,3,23,548.33,330.32,5,125
1558,SKU-001558,Diverse stable hub,7,53,575.24,416.84,43,54
1559,SKU-001559,Persevering high-level encryption,1,24,385.42,301.11,40,118
1560,SKU-001560,Centralized dynamic pricing structure,13,84,557.78,293.57,33,50
1561,SKU-001561,Multi-tiered foreground challenge,10,6,91.65,69.96,27,140
1562,SKU-001562,Profit-focused web-enabled artificial intelligence,15,48,152.97,115.89,22,54
1563,SKU-001563,Future-proofed multimedia moratorium,5,16,943.7,499.31,27,195
1564,SKU-001564,Multi-layered even-keeled structure,13,53,387.83,233.63,14,100
1565,SKU-001565,Automated homogeneous initiative,15,78,759.47,493.16,44,185
1566,SKU-001566,Integrated non-volatile matrix,6,18,354.39,210.36,8,115
1567,SKU-001567,Down-sized incremental open system,5,2,120.26,97.77,29,156
1568,SKU-001568,Reduced incremental conglomeration,7,45,354.15,205.9,29,89
1569,SKU-001569,Inverse web-enabled neural-net,16,52,386.0,303.94,40,181
1570,SKU-001570,Seamless contextually-based hub,14,2,376.64,239.9,24,81
1571,SKU-001571,Programmable eco-centric portal,8,13,205.31,128.32,25,101
1572,SKU-001572,Right-sized attitude-oriented collaboration,5,52,612.02,310.67,5,57
1573,SKU-001573,Business-focused solution-oriented protocol,15,52,6.62,4.8,14,67
1574,SKU-001574,Horizontal upward-trending open system,3,28,687.95,491.39,24,80
1575,SKU-001575,Distributed scalable moratorium,16,17,14.47,10.26,7,188
1576,SKU-001576,Networked exuding complexity,5,38,415.92,224.82,5,134
1577,SKU-001577,Programmable contextually-based emulation,11,30,543.83,319.9,6,195
1578,SKU-001578,Robust bi-directional process improvement,9,72,738.61,479.62,44,152
1579,SKU-001579,Multi-layered impactful monitoring,5,1,122.1,66.72,10,171
1580,SKU-001580,Adaptive local pricing structure,14,53,611.03,339.46,11,184
1581,SKU-001581,Distributed web-enabled task-force,10,1,358.6,222.73,24,113
1582,SKU-001582,Decentralized tertiary complexity,11,29,540.39,409.39,9,99
1583,SKU-001583,Cross-platform 24/7 application,16,63,375.75,248.84,36,100
1584,SKU-001584,Monitored analyzing definition,14,12,538.24,330.21,41,95
1585,SKU-001585,Managed regional synergy,3,76,933.42,496.5,17,182
1586,SKU-001586,Balanced content-based framework,6,38,393.8,249.24,24,120
1587,SKU-001587,Robust 24hour time-frame,9,64,740.47,435.57,32,56
1588,SKU-001588,Intuitive asymmetric ability,16,53,507.46,229.95,25,69
1589,SKU-001589,Self-enabling 5thgeneration solution,12,12,641.54,400.96,35,111
1590,SKU-001590,Reverse-engineered grid-enabled artificial intelligence,9,46,831.33,494.84,29,99
1591,SKU-001591,Compatible next generation utilization,12,66,883.8,499.32,5,138
1592,SKU-001592,User-centric bandwidth-monitored Graphic Interface,15,34,346.8,179.69,22,150
1593,SKU-001593,Synchronized bifurcated infrastructure,2,83,609.69,344.46,36,171
1594,SKU-001594,Advanced transitional function,11,40,7.07,3.6,12,188
1595,SKU-001595,Universal needs-based collaboration,6,11,253.46,143.2,39,56
1596,SKU-001596,Visionary cohesive throughput,2,31,525.39,350.26,37,145
1597,SKU-001597,Grass-roots responsive solution,1,85,880.19,470.69,33,186
1598,SKU-001598,Inverse cohesive portal,11,12,417.15,278.1,29,122
1599,SKU-001599,Up-sized disintermediate Graphical User Interface,14,17,449.25,356.55,17,64
1600,SKU-001600,Fundamental 3rdgeneration middleware,17,7,661.35,479.24,32,174
1601,SKU-001601,Right-sized composite analyzer,4,77,35.46,23.64,49,73
1602,SKU-001602,Configurable background customer loyalty,5,50,357.02,278.92,29,75
1603,SKU-001603,Mandatory next generation application,11,21,87.41,51.42,30,111
1604,SKU-001604,Open-architected 5thgeneration frame,15,88,192.96,97.84,48,90
1605,SKU-001605,Right-sized methodical service-desk,1,61,98.82,77.2,35,119
1606,SKU-001606,Polarized uniform standardization,2,69,258.81,188.91,48,85
1607,SKU-001607,Cloned explicit info-mediaries,3,80,840.15,472.81,41,136
1608,SKU-001608,Pre-emptive human-resource installation,5,53,574.22,375.31,16,113
1609,SKU-001609,Advanced client-driven synergy,13,10,284.11,169.89,39,127
1610,SKU-001610,Realigned local ability,7,50,16.46,10.16,38,152
1611,SKU-001611,Front-line 6thgeneration infrastructure,13,31,39.63,26.42,32,52
1612,SKU-001612,Progressive secondary array,14,35,369.59,191.5,5,189
1613,SKU-001613,Reverse-engineered 6thgeneration parallelism,4,22,383.73,302.15,8,110
1614,SKU-001614,Devolved 3rdgeneration portal,9,44,480.78,329.3,15,101
1615,SKU-001615,Persistent tangible policy,12,30,678.68,394.58,12,197
1616,SKU-001616,Business-focused regional structure,14,6,501.35,334.23,13,168
1617,SKU-001617,Inverse eco-centric workforce,9,81,332.36,180.63,42,85
1618,SKU-001618,Realigned real-time forecast,10,43,47.58,24.4,19,181
1619,SKU-001619,Realigned bottom-line structure,13,45,86.67,48.15,45,139
1620,SKU-001620,Virtual full-range infrastructure,13,21,371.65,273.27,15,144
1621,SKU-001621,Proactive actuating functionalities,14,49,139.11,78.15,5,110
1622,SKU-001622,Devolved fault-tolerant moratorium,14,4,762.74,498.52,33,52
1623,SKU-001623,Operative impactful adapter,5,26,301.0,153.57,27,66
1624,SKU-001624,Compatible holistic customer loyalty,1,9,246.53,189.64,33,108
1625,SKU-001625,Proactive bandwidth-monitored functionalities,14,7,538.88,349.92,27,184
1626,SKU-001626,De-engineered context-sensitive extranet,10,10,334.76,227.73,18,112
1627,SKU-001627,Re-contextualized empowering approach,13,34,474.88,304.41,28,104
1628,SKU-001628,Persistent optimal application,11,93,97.52,51.87,34,81
1629,SKU-001629,Stand-alone multi-tasking productivity,13,56,583.0,295.94,24,153
1630,SKU-001630,Networked bottom-line neural-net,8,25,424.96,299.27,25,176
1631,SKU-001631,Reactive 24hour hub,15,7,206.7,137.8,16,112
1632,SKU-001632,Upgradable background moratorium,9,32,614.21,383.88,5,75
1633,SKU-001633,Robust high-level Internet solution,16,31,377.3,290.23,18,98
1634,SKU-001634,Synergized client-driven database,13,38,555.22,437.18,21,60
1635,SKU-001635,Front-line well-modulated complexity,13,59,137.77,97.71,29,97
1636,SKU-001636,Front-line regional strategy,6,29,214.74,134.21,39,136
1637,SKU-001637,Enterprise-wide 3rdgeneration orchestration,4,33,506.05,335.18,49,50
1638,SKU-001638,Virtual context-sensitive model,9,38,45.85,35.54,13,104
1639,SKU-001639,Compatible real-time parallelism,17,20,909.66,494.38,43,52
1640,SKU-001640,Inverse attitude-oriented groupware,9,89,584.84,411.86,26,82
1641,SKU-001641,Inverse intermediate open system,3,26,719.92,461.49,40,106
1642,SKU-001642,Object-based zero tolerance forecast,8,28,124.72,65.3,48,89
1643,SKU-001643,Up-sized zero-defect collaboration,5,64,174.58,96.99,33,169
1644,SKU-001644,Operative uniform middleware,2,51,458.41,241.27,30,126
1645,SKU-001645,Adaptive demand-driven open architecture,12,7,585.95,375.61,20,146
1646,SKU-001646,Intuitive composite process improvement,17,39,730.51,410.4,13,123
1647,SKU-001647,Phased tertiary framework,2,17,83.13,45.93,36,119
1648,SKU-001648,Virtual high-level middleware,6,55,18.98,11.86,34,157
1649,SKU-001649,Diverse 24/7 analyzer,8,91,112.33,72.47,30,98
1650,SKU-001650,Open-architected empowering installation,3,37,750.52,414.65,41,164
1651,SKU-001651,Reverse-engineered demand-driven benchmark,17,28,251.89,138.4,42,196
1652,SKU-001652,Compatible eco-centric policy,17,55,615.33,349.62,7,200
1653,SKU-001653,Advanced executive policy,7,19,533.11,380.79,31,161
1654,SKU-001654,Reverse-engineered eco-centric implementation,4,17,332.43,153.27,11,90
1655,SKU-001655,Customer-focused full-range pricing structure,10,72,680.25,369.7,26,108
1656,SKU-001656,Compatible contextually-based software,15,56,246.08,130.2,49,91
1657,SKU-001657,Innovative context-sensitive productivity,6,44,117.75,72.24,30,168
1658,SKU-001658,Profound zero-defect middleware,17,19,692.35,384.64,13,102
1659,SKU-001659,Managed stable moratorium,10,9,395.54,232.67,29,183
1660,SKU-001660,Exclusive tangible success,9,74,53.06,27.49,46,144
1661,SKU-001661,Re-engineered radical monitoring,9,51,404.41,207.39,6,133
1662,SKU-001662,Future-proofed non-volatile time-frame,13,25,475.32,265.54,48,188
1663,SKU-001663,Decentralized actuating moratorium,2,74,182.72,125.0,14,156
1664,SKU-001664,Operative fresh-thinking help-desk,11,94,53.82,44.49,33,179
1665,SKU-001665,Synchronized multi-state initiative,11,42,342.87,210.35,27,176
1666,SKU-001666,Phased intermediate focus group,1,1,240.4,182.12,8,148
1667,SKU-001667,Operative multi-tasking capacity,10,88,449.15,270.57,8,141
1668,SKU-001668,Function-based fresh-thinking benchmark,5,23,55.87,38.53,21,127
1669,SKU-001669,Adaptive client-server website,7,26,186.05,135.8,38,154
1670,SKU-001670,Profound zero-defect emulation,11,61,563.62,469.68,7,66
1671,SKU-001671,Ergonomic 6thgeneration process improvement,10,35,354.46,233.2,14,104
1672,SKU-001672,Enhanced 6thgeneration website,11,94,450.19,264.82,8,188
1673,SKU-001673,Robust zero-defect focus group,3,28,410.72,315.94,22,198
1674,SKU-001674,Cloned real-time leverage,16,74,15.82,8.74,36,84
1675,SKU-001675,Customizable demand-driven hierarchy,13,79,830.88,432.34,22,184
1676,SKU-001676,Persistent demand-driven help-desk,13,97,12.57,8.38,49,175
1677,SKU-001677,Inverse modular productivity,8,74,269.27,155.65,21,54
1678,SKU-001678,Optional 24hour concept,9,35,938.06,456.43,14,61
1679,SKU-001679,Progressive radical task-force,5,43,597.82,412.29,38,121
1680,SKU-001680,Integrated coherent analyzer,8,13,389.61,314.2,41,162
1681,SKU-001681,Public-key intermediate knowledgebase,12,79,465.91,342.58,28,79
1682,SKU-001682,Optimized user-facing flexibility,17,93,558.34,338.39,15,101
1683,SKU-001683,Intuitive zero tolerance project,17,51,6.44,3.64,49,181
1684,SKU-001684,Operative cohesive encryption,8,22,716.83,414.35,32,57
1685,SKU-001685,Reactive homogeneous structure,9,22,729.25,379.82,34,157
1686,SKU-001686,Expanded bandwidth-monitored intranet,7,90,716.47,431.61,5,148
1687,SKU-001687,Stand-alone systemic array,12,12,383.14,208.23,38,73
1688,SKU-001688,Vision-oriented client-server implementation,12,44,331.12,241.69,41,129
1689,SKU-001689,Distributed disintermediate challenge,15,93,328.63,214.79,14,106
1690,SKU-001690,Secured motivating paradigm,1,20,528.46,336.6,15,108
1691,SKU-001691,Triple-buffered well-modulated interface,11,35,341.4,243.86,50,188
1692,SKU-001692,Synchronized neutral focus group,15,58,550.48,323.81,42,132
1693,SKU-001693,Organic intangible methodology,11,41,652.19,362.33,17,184
1694,SKU-001694,User-friendly demand-driven Local Area Network,17,9,65.45,41.69,27,199
1695,SKU-001695,Centralized next generation paradigm,10,48,62.68,35.41,37,149
1696,SKU-001696,Fundamental neutral migration,15,53,143.52,87.51,18,184
1697,SKU-001697,Polarized impactful artificial intelligence,5,31,24.67,13.19,42,152
1698,SKU-001698,Synchronized real-time algorithm,11,95,846.04,350.13,10,190
1699,SKU-001699,Stand-alone needs-based model,13,84,1087.18,451.69,11,180
1700,SKU-001700,Pre-emptive 24hour initiative,13,92,721.33,394.17,43,59
1701,SKU-001701,Reverse-engineered clear-thinking definition,16,100,709.66,449.15,14,200
1702,SKU-001702,Robust discrete definition,9,91,486.51,286.18,37,161
1703,SKU-001703,Fully-configurable transitional functionalities,2,54,510.57,340.38,36,133
1704,SKU-001704,Upgradable directional core,11,46,394.5,237.65,49,164
1705,SKU-001705,User-centric bandwidth-monitored throughput,6,85,11.21,8.62,18,75
1706,SKU-001706,Balanced systemic throughput,11,57,301.36,167.42,48,58
1707,SKU-001707,Polarized regional portal,8,67,309.22,185.16,22,121
1708,SKU-001708,Profound national database,4,10,200.66,136.5,24,66
1709,SKU-001709,Total bi-directional system engine,5,30,292.09,159.61,46,132
1710,SKU-001710,Public-key leadingedge budgetary management,11,81,660.78,437.6,30,186
1711,SKU-001711,Sharable leadingedge knowledge user,15,69,540.97,310.9,8,86
1712,SKU-001712,Self-enabling encompassing help-desk,14,66,240.41,120.81,23,117
1713,SKU-001713,Virtual discrete throughput,14,93,276.38,212.6,32,126
1714,SKU-001714,Extended client-driven pricing structure,11,62,648.21,418.2,18,177
1715,SKU-001715,Proactive high-level knowledge user,6,77,435.07,261.84,50,87
1716,SKU-001716,Realigned zero-defect synergy,7,91,635.9,341.56,7,84
1717,SKU-001717,Multi-layered tertiary protocol,10,83,497.8,291.11,15,108
1718,SKU-001718,User-centric holistic architecture,12,81,199.64,118.22,21,187
1719,SKU-001719,Assimilated maximized database,10,38,191.82,128.74,29,170
1720,SKU-001720,Upgradable bottom-line hardware,12,70,445.69,365.32,23,71
1721,SKU-001721,User-centric reciprocal budgetary management,14,9,634.89,473.8,33,50
1722,SKU-001722,Compatible multimedia secured line,4,52,210.66,174.1,41,191
1723,SKU-001723,Virtual exuding focus group,16,50,58.09,38.82,49,64
1724,SKU-001724,Expanded system-worthy matrix,15,37,622.01,363.75,6,82
1725,SKU-001725,Open-architected executive secured line,8,26,512.27,304.92,6,88
1726,SKU-001726,Assimilated object-oriented success,13,91,428.63,219.81,16,79
1727,SKU-001727,Organized logistical capability,13,54,425.12,287.24,31,161
1728,SKU-001728,User-friendly hybrid encoding,9,23,1223.08,489.9,7,84
1729,SKU-001729,Total directional flexibility,2,10,763.26,408.16,18,162
1730,SKU-001730,Pre-emptive heuristic process improvement,1,13,764.3,499.54,35,165
1731,SKU-001731,Grass-roots impactful capability,9,38,642.15,316.9,6,92
1732,SKU-001732,Persevering exuding infrastructure,12,56,198.56,110.31,24,85
1733,SKU-001733,Fully-configurable mobile system engine,5,49,854.77,446.48,18,67
1734,SKU-001734,Stand-alone homogeneous pricing structure,11,46,567.92,292.74,42,90
1735,SKU-001735,Organic homogeneous firmware,3,39,615.66,329.23,43,61
1736,SKU-001736,User-friendly full-range Graphical User Interface,3,94,37.64,15.27,18,119
1737,SKU-001737,Open-architected mission-critical circuit,6,69,682.31,401.36,39,108
1738,SKU-001738,Versatile disintermediate emulation,3,33,472.0,295.0,28,120
1739,SKU-001739,Synergized mission-critical frame,7,20,288.02,195.93,27,73
1740,SKU-001740,Programmable maximized parallelism,11,28,100.75,60.33,9,84
1741,SKU-001741,Advanced optimal Graphic Interface,10,32,616.34,449.88,33,176
1742,SKU-001742,Business-focused tangible moderator,12,65,626.8,335.55,8,65
1743,SKU-001743,Configurable fault-tolerant database,3,42,70.64,53.92,10,66
1744,SKU-001744,Public-key incremental concept,4,2,209.77,130.29,36,190
1745,SKU-001745,Synchronized impactful product,17,41,52.5,41.7,32,127
1746,SKU-001746,Open-source secondary neural-net,1,19,107.87,67.42,32,198
1747,SKU-001747,Compatible holistic firmware,6,91,649.44,338.25,17,53
1748,SKU-001748,Ergonomic actuating contingency,17,56,256.33,208.4,26,135
1749,SKU-001749,Inverse client-driven concept,10,95,870.28,467.89,11,74
1750,SKU-001750,Open-source mission-critical alliance,4,41,226.79,150.19,9,115
1751,SKU-001751,Cross-platform impactful interface,8,27,199.13,165.94,38,86
1752,SKU-001752,Automated 5thgeneration functionalities,8,76,90.68,67.17,13,97
1753,SKU-001753,Multi-tiered client-driven projection,1,13,503.06,342.22,47,61
1754,SKU-001754,Expanded eco-centric monitoring,10,27,862.66,437.9,19,197
1755,SKU-001755,Enhanced high-level contingency,17,49,96.9,53.24,12,104
1756,SKU-001756,Open-source systematic forecast,11,17,118.3,83.31,18,127
1757,SKU-001757,Visionary exuding pricing structure,15,55,134.74,97.64,5,94
1758,SKU-001758,Ergonomic encompassing conglomeration,2,94,212.12,137.74,42,141
1759,SKU-001759,Synchronized methodical product,8,36,232.68,128.55,47,196
1760,SKU-001760,Secured methodical emulation,12,52,346.25,283.81,10,135
1761,SKU-001761,Multi-layered full-range open system,3,35,534.87,354.22,36,149
1762,SKU-001762,Sharable multimedia approach,14,54,646.09,493.2,24,76
1763,SKU-001763,Fully-configurable impactful paradigm,12,21,177.41,138.6,23,163
1764,SKU-001764,Up-sized foreground secured line,8,44,620.53,400.34,18,193
1765,SKU-001765,Visionary object-oriented neural-net,11,96,656.9,299.89,20,89
1766,SKU-001766,Reverse-engineered coherent framework,4,44,244.91,150.25,35,70
1767,SKU-001767,Total intangible customer loyalty,8,42,150.73,82.82,22,104
1768,SKU-001768,Reactive full-range middleware,14,32,735.44,483.84,47,197
1769,SKU-001769,Upgradable national circuit,10,73,23.28,15.52,35,110
1770,SKU-001770,Cross-platform heuristic definition,17,11,486.19,317.77,11,150
1771,SKU-001771,Persistent background algorithm,8,3,867.9,461.65,36,103
1772,SKU-001772,Phased system-worthy concept,1,13,415.07,244.16,22,187
1773,SKU-001773,Universal 3rdgeneration open architecture,5,50,538.12,316.54,22,196
1774,SKU-001774,Object-based zero tolerance customer loyalty,10,99,267.43,108.15,33,151
1775,SKU-001775,Sharable composite info-mediaries,10,45,209.52,96.41,30,102
1776,SKU-001776,Devolved value-added paradigm,10,2,744.56,471.24,18,151
1777,SKU-001777,Synchronized attitude-oriented secured line,4,24,693.28,422.73,46,155
1778,SKU-001778,Persevering background process improvement,14,58,621.76,361.49,48,56
1779,SKU-001779,Managed directional policy,4,5,270.34,212.87,11,149
1780,SKU-001780,Re-engineered 4thgeneration budgetary management,13,100,113.28,57.21,50,113
1781,SKU-001781,Reduced 5thgeneration task-force,3,25,565.05,292.77,19,109
1782,SKU-001782,Synchronized intangible matrices,7,88,226.14,141.34,22,186
1783,SKU-001783,Re-contextualized needs-based website,9,12,612.18,408.12,8,68
1784,SKU-001784,Extended 5thgeneration archive,9,70,782.41,444.55,10,76
1785,SKU-001785,Streamlined tertiary parallelism,3,99,360.35,207.1,6,62
1786,SKU-001786,Distributed multi-tasking open architecture,14,54,610.95,436.39,12,153
1787,SKU-001787,Compatible regional portal,2,32,917.85,470.69,23,86
1788,SKU-001788,Profit-focused value-added groupware,10,71,86.42,64.98,21,89
1789,SKU-001789,Compatible interactive approach,16,73,40.32,32.26,47,74
1790,SKU-001790,Quality-focused homogeneous approach,3,42,315.94,250.75,35,75
1791,SKU-001791,Customizable demand-driven challenge,4,75,717.02,439.89,48,129
1792,SKU-001792,Persistent static ability,6,67,657.16,476.2,40,72
1793,SKU-001793,Persevering responsive framework,11,18,344.13,150.11,36,69
1794,SKU-001794,Phased multimedia hub,16,49,616.54,397.77,23,159
1795,SKU-001795,Reactive zero tolerance artificial intelligence,2,82,128.4,98.77,36,127
1796,SKU-001796,Horizontal composite encryption,5,16,700.94,316.14,27,122
1797,SKU-001797,Front-line attitude-oriented groupware,7,43,858.04,451.6,8,155
1798,SKU-001798,Enterprise-wide human-resource architecture,14,71,566.43,307.84,21,138
1799,SKU-001799,Versatile solution-oriented methodology,10,10,212.54,174.21,5,85
1800,SKU-001800,Up-sized asymmetric strategy,15,75,528.87,326.46,39,120
1801,SKU-001801,Networked real-time forecast,17,73,413.75,268.67,43,106
1802,SKU-001802,Self-enabling tangible superstructure,11,56,61.6,31.3,33,139
1803,SKU-001803,Multi-lateral high-level time-frame,17,38,608.38,482.84,14,97
1804,SKU-001804,Distributed human-resource initiative,5,98,366.26,231.81,46,142
1805,SKU-001805,Multi-tiered 24/7 leverage,1,85,278.58,209.46,7,71
1806,SKU-001806,Adaptive homogeneous migration,14,24,350.05,152.83,21,60
1807,SKU-001807,Customer-focused 24hour ability,14,53,807.72,405.89,39,65
1808,SKU-001808,Devolved national circuit,1,61,561.07,346.34,31,93
1809,SKU-001809,Switchable cohesive challenge,8,19,166.71,100.64,40,87
1810,SKU-001810,Advanced national focus group,16,42,128.14,94.22,14,184
1811,SKU-001811,Adaptive encompassing array,2,93,140.63,100.45,40,118
1812,SKU-001812,Multi-layered zero tolerance benchmark,4,32,301.56,233.77,27,57
1813,SKU-001813,Intuitive zero-defect intranet,5,22,526.99,424.99,46,185
1814,SKU-001814,Implemented bottom-line productivity,12,63,473.0,305.16,40,60
1815,SKU-001815,Front-line 4thgeneration capacity,1,10,515.98,308.97,6,126
1816,SKU-001816,Managed dynamic framework,3,79,104.65,54.79,26,82
1817,SKU-001817,Fundamental executive leverage,14,59,741.1,404.97,23,82
1818,SKU-001818,Synergistic next generation pricing structure,8,3,576.44,283.4,29,106
1819,SKU-001819,Stand-alone tertiary algorithm,8,60,665.94,389.44,40,199
1820,SKU-001820,Switchable regional success,15,33,591.14,397.14,20,153
1821,SKU-001821,Managed neutral Graphic Interface,12,64,430.82,307.73,28,196
1822,SKU-001822,Virtual even-keeled contingency,1,54,268.52,158.89,43,160
1823,SKU-001823,Innovative heuristic collaboration,17,78,550.48,292.81,39,159
1824,SKU-001824,Business-focused human-resource groupware,14,59,18.3,9.48,20,109
1825,SKU-001825,Organic 6thgeneration artificial intelligence,13,41,343.92,233.96,14,163
1826,SKU-001826,Switchable next generation architecture,10,76,327.59,214.11,40,64
1827,SKU-001827,Ameliorated multimedia focus group,7,62,132.94,73.45,30,91
1828,SKU-001828,Future-proofed exuding knowledgebase,16,24,451.8,329.78,25,52
1829,SKU-001829,User-friendly client-server extranet,6,28,356.67,274.36,24,181
1830,SKU-001830,Configurable logistical strategy,5,40,6.72,4.98,12,134
1831,SKU-001831,Customer-focused fresh-thinking monitoring,11,41,312.07,177.31,34,122
1832,SKU-001832,Enhanced modular open system,13,2,649.25,435.74,15,121
1833,SKU-001833,Front-line well-modulated data-warehouse,8,85,147.0,86.47,14,136
1834,SKU-001834,Enterprise-wide directional artificial intelligence,11,82,504.25,347.76,39,85
1835,SKU-001835,Grass-roots 3rdgeneration challenge,14,51,405.74,270.49,16,73
1836,SKU-001836,Implemented cohesive policy,5,17,369.68,228.2,6,127
1837,SKU-001837,Visionary context-sensitive capability,12,88,78.62,46.52,20,95
1838,SKU-001838,Expanded methodical ability,13,29,818.64,462.51,13,140
1839,SKU-001839,Reverse-engineered cohesive middleware,2,39,885.13,386.4,39,141
1840,SKU-001840,Operative bandwidth-monitored secured line,2,14,7.85,5.23,41,111
1841,SKU-001841,Secured directional matrix,16,11,487.03,331.31,43,65
1842,SKU-001842,Triple-buffered optimal project,11,56,4.55,3.7,11,146
1843,SKU-001843,Universal transitional service-desk,9,90,112.82,76.23,36,66
1844,SKU-001844,Right-sized fault-tolerant ability,15,75,385.61,265.94,44,86
1845,SKU-001845,Monitored upward-trending website,7,18,234.82,118.0,19,71
1846,SKU-001846,Public-key zero administration archive,10,43,786.24,494.49,29,124
1847,SKU-001847,Organic 24/7 toolset,4,79,298.59,227.93,23,140
1848,SKU-001848,Proactive interactive instruction set,14,44,213.03,102.86,8,138
1849,SKU-001849,Virtual intangible architecture,5,4,168.97,92.84,41,90
1850,SKU-001850,Reactive analyzing installation,3,93,459.03,285.11,44,65
1851,SKU-001851,Synergistic bifurcated infrastructure,16,81,146.09,81.16,40,163
1852,SKU-001852,Optimized demand-driven groupware,8,18,26.08,14.49,14,100
1853,SKU-001853,Multi-channeled optimal collaboration,3,18,595.93,352.62,29,182
1854,SKU-001854,Face-to-face modular artificial intelligence,3,37,566.65,370.36,14,129
1855,SKU-001855,User-friendly dynamic knowledgebase,11,99,130.26,100.2,20,195
1856,SKU-001856,Total tangible archive,7,19,507.86,387.68,21,161
1857,SKU-001857,Seamless demand-driven capacity,16,97,264.56,178.76,39,116
1858,SKU-001858,Proactive incremental Graphical User Interface,3,44,102.14,54.62,18,184
1859,SKU-001859,Synchronized 4thgeneration info-mediaries,12,21,162.63,73.5,49,159
1860,SKU-001860,Organic directional hub,3,19,315.22,203.37,36,96
1861,SKU-001861,Fully-configurable mobile hierarchy,13,41,186.11,145.4,29,170
1862,SKU-001862,Implemented optimizing interface,6,22,350.34,212.33,22,197
1863,SKU-001863,Open-source responsive challenge,11,1,184.1,149.9,31,198
1864,SKU-001864,Networked national groupware,4,19,96.9,68.72,48,63
1865,SKU-001865,Organized intangible structure,16,23,873.24,445.53,43,109
1866,SKU-001866,Organic optimal time-frame,7,33,677.11,380.4,48,118
1867,SKU-001867,Innovative intermediate toolset,12,1,867.27,445.17,16,87
1868,SKU-001868,Persistent neutral solution,1,37,660.56,405.25,27,176
1869,SKU-001869,Programmable explicit standardization,2,59,628.28,372.72,6,102
1870,SKU-001870,Realigned systemic circuit,8,25,189.38,119.83,33,89
1871,SKU-001871,Cloned transitional infrastructure,16,52,500.78,357.7,33,53
1872,SKU-001872,Face-to-face static challenge,17,55,367.65,204.25,17,51
1873,SKU-001873,Business-focused uniform service-desk,17,38,73.86,59.8,37,118
1874,SKU-001874,Quality-focused demand-driven database,7,55,131.65,66.49,33,197
1875,SKU-001875,Quality-focused real-time initiative,16,93,370.74,197.2,45,71
1876,SKU-001876,Sharable systematic extranet,10,56,828.94,359.26,43,84
1877,SKU-001877,Grass-roots non-volatile structure,2,15,22.51,14.71,17,87
1878,SKU-001878,Cross-group non-volatile data-warehouse,12,7,267.51,135.79,46,50
1879,SKU-001879,Object-based bifurcated leverage,12,68,56.35,41.13,50,65
1880,SKU-001880,Upgradable multimedia orchestration,2,37,465.26,278.6,21,67
1881,SKU-001881,Front-line asymmetric hardware,13,50,44.7,33.36,37,137
1882,SKU-001882,Ergonomic multi-state productivity,4,36,58.04,40.87,37,105
1883,SKU-001883,Multi-channeled motivating application,7,6,344.95,246.39,44,53
1884,SKU-001884,Horizontal local budgetary management,16,58,80.67,54.51,40,117
1885,SKU-001885,Switchable bi-directional initiative,17,89,47.36,20.11,40,102
1886,SKU-001886,Cross-group bi-directional hierarchy,17,50,387.33,249.89,32,182
1887,SKU-001887,Re-engineered methodical info-mediaries,15,46,375.2,218.14,42,183
1888,SKU-001888,Open-source asymmetric leverage,2,93,127.01,105.84,25,57
1889,SKU-001889,Ergonomic eco-centric help-desk,3,76,253.84,172.68,27,158
1890,SKU-001890,Multi-layered dynamic hierarchy,8,32,286.56,169.56,42,180
1891,SKU-001891,Open-architected stable circuit,4,60,127.19,85.36,49,173
1892,SKU-001892,Synergized full-range moratorium,9,55,312.68,173.71,32,190
1893,SKU-001893,Vision-oriented dedicated ability,5,66,566.55,250.77,26,102
1894,SKU-001894,Versatile human-resource Internet solution,8,33,132.97,82.59,25,67
1895,SKU-001895,Intuitive clear-thinking model,12,39,397.45,328.47,32,77
1896,SKU-001896,Persistent content-based ability,16,17,840.44,497.3,5,166
1897,SKU-001897,Phased methodical knowledgebase,4,16,633.18,393.28,37,124
1898,SKU-001898,Upgradable mission-critical projection,17,50,137.99,73.4,17,50
1899,SKU-001899,Configurable client-server archive,2,19,713.29,401.77,50,121
1900,SKU-001900,Implemented mobile data-warehouse,2,45,138.09,74.24,47,173
1901,SKU-001901,Cross-platform web-enabled process improvement,14,16,699.01,436.88,48,198
1902,SKU-001902,Triple-buffered reciprocal Internet solution,12,99,508.07,300.8,30,153
1903,SKU-001903,Balanced real-time pricing structure,13,68,543.31,396.58,20,99
1904,SKU-001904,Ameliorated reciprocal structure,12,20,179.99,149.99,15,122
1905,SKU-001905,Universal high-level customer loyalty,15,80,907.27,485.17,17,96
1906,SKU-001906,Fundamental dynamic process improvement,1,59,132.21,67.11,6,142
1907,SKU-001907,Fully-configurable intangible application,4,43,659.27,356.36,36,200
1908,SKU-001908,User-friendly tangible attitude,2,9,84.14,60.1,30,88
1909,SKU-001909,Automated client-driven initiative,12,72,354.4,216.1,41,103
1910,SKU-001910,Right-sized logistical open architecture,7,29,492.39,344.33,25,123
1911,SKU-001911,Pre-emptive background policy,6,14,379.38,261.64,23,196
1912,SKU-001912,Networked dynamic strategy,17,53,275.35,208.6,45,149
1913,SKU-001913,Expanded background methodology,5,85,539.11,438.36,31,158
1914,SKU-001914,Object-based national groupware,9,76,261.57,188.18,15,177
1915,SKU-001915,Automated system-worthy support,5,3,430.62,344.16,39,150
1916,SKU-001916,Synchronized value-added implementation,1,41,472.79,342.6,10,200
1917,SKU-001917,Expanded client-server methodology,4,52,19.86,14.71,46,101
1918,SKU-001918,Intuitive intangible projection,7,49,488.41,375.7,43,101
1919,SKU-001919,Centralized uniform alliance,2,68,709.07,417.1,43,200
1920,SKU-001920,Customizable upward-trending ability,10,69,203.85,122.8,7,94
1921,SKU-001921,Total even-keeled architecture,11,70,385.98,271.82,43,96
1922,SKU-001922,User-centric discrete application,9,91,576.15,321.87,19,163
1923,SKU-001923,Visionary intangible infrastructure,6,69,282.36,215.54,46,56
1924,SKU-001924,Optimized multi-state architecture,12,98,548.45,264.1,41,127
1925,SKU-001925,Persevering 24hour hardware,8,10,795.13,401.58,10,59
1926,SKU-001926,Vision-oriented user-facing encryption,1,79,336.42,180.87,32,177
1927,SKU-001927,Profit-focused explicit challenge,4,72,856.07,478.25,42,81
1928,SKU-001928,Optimized real-time emulation,16,53,711.12,384.39,27,57
1929,SKU-001929,Pre-emptive interactive matrices,4,66,588.79,389.93,36,172
1930,SKU-001930,Front-line intermediate moratorium,17,86,311.84,205.16,47,141
1931,SKU-001931,Sharable cohesive knowledgebase,13,23,28.08,14.11,42,90
1932,SKU-001932,Organic multimedia solution,17,2,149.64,96.54,41,99
1933,SKU-001933,Inverse composite contingency,1,60,564.36,231.82,23,198
1934,SKU-001934,Public-key bi-directional challenge,11,44,516.52,300.3,44,172
1935,SKU-001935,Inverse real-time methodology,13,38,383.76,247.59,6,190
1936,SKU-001936,Public-key 4thgeneration functionalities,1,10,836.61,431.24,50,124
1937,SKU-001937,Vision-oriented human-resource groupware,16,71,155.68,65.98,42,98
1938,SKU-001938,Multi-channeled hybrid hardware,3,69,515.9,294.8,39,162
1939,SKU-001939,Progressive interactive analyzer,2,84,60.91,43.82,28,61
1940,SKU-001940,Future-proofed radical strategy,6,67,6.53,4.91,33,193
1941,SKU-001941,Persistent actuating product,8,83,777.61,429.62,6,86
1942,SKU-001942,Distributed global productivity,1,9,403.98,303.25,46,179
1943,SKU-001943,Grass-roots composite orchestration,1,52,330.56,202.8,47,138
1944,SKU-001944,Ergonomic incremental portal,7,16,100.92,78.23,45,193
1945,SKU-001945,Advanced zero tolerance methodology,7,3,15.73,10.49,13,116
1946,SKU-001946,Triple-buffered interactive challenge,9,90,739.72,404.22,41,165
1947,SKU-001947,Sharable executive algorithm,11,64,365.3,188.3,49,73
1948,SKU-001948,Object-based stable policy,12,53,577.99,415.82,48,176
1949,SKU-001949,Proactive zero tolerance database,12,83,224.09,132.6,24,114
1950,SKU-001950,Managed uniform architecture,9,49,638.18,483.47,46,159
1951,SKU-001951,Profound dedicated secured line,9,65,668.01,460.7,17,125
1952,SKU-001952,Multi-channeled solution-oriented neural-net,14,81,533.49,289.94,15,156
1953,SKU-001953,Object-based exuding model,11,31,664.38,428.63,14,57
1954,SKU-001954,Multi-lateral multi-tasking leverage,1,66,708.54,442.84,43,124
1955,SKU-001955,Seamless next generation data-warehouse,9,39,249.88,126.2,20,160
1956,SKU-001956,Automated heuristic algorithm,10,41,517.24,307.88,8,142
1957,SKU-001957,Future-proofed impactful Local Area Network,6,94,623.95,371.4,5,63
1958,SKU-001958,Virtual real-time task-force,7,73,288.22,236.25,7,169
1959,SKU-001959,Reverse-engineered foreground flexibility,12,86,529.18,230.29,45,51
1960,SKU-001960,Operative client-driven groupware,12,15,226.28,125.71,27,59
1961,SKU-001961,Mandatory 3rdgeneration protocol,6,72,480.46,348.16,11,129
1962,SKU-001962,Devolved maximized policy,9,99,196.97,109.43,48,109
1963,SKU-001963,Virtual full-range core,3,93,759.46,424.28,11,78
1964,SKU-001964,Assimilated even-keeled concept,13,46,128.54,74.3,16,167
1965,SKU-001965,Optional systematic implementation,6,86,714.56,420.33,27,78
1966,SKU-001966,Face-to-face multi-tasking core,12,45,581.26,356.6,23,137
1967,SKU-001967,Versatile intermediate analyzer,3,75,882.18,490.1,19,132
1968,SKU-001968,Innovative grid-enabled help-desk,11,97,92.69,50.1,48,106
1969,SKU-001969,Operative client-driven leverage,6,70,698.52,354.58,11,156
1970,SKU-001970,Function-based human-resource attitude,5,12,366.99,235.25,47,131
1971,SKU-001971,Up-sized uniform task-force,6,98,658.5,427.6,32,115
1972,SKU-001972,Optimized 4thgeneration migration,9,68,890.08,454.12,12,180
1973,SKU-001973,Diverse 24/7 parallelism,2,55,605.75,403.83,41,109
1974,SKU-001974,Ameliorated disintermediate process improvement,11,10,58.2,44.77,32,176
1975,SKU-001975,Automated transitional groupware,5,17,686.85,483.7,48,157
1976,SKU-001976,Virtual didactic focus group,8,100,277.29,227.29,38,192
1977,SKU-001977,Monitored background protocol,10,84,448.38,273.4,14,64
1978,SKU-001978,Innovative high-level analyzer,5,71,115.47,76.47,16,110
1979,SKU-001979,Visionary holistic intranet,13,60,102.08,56.31,16,66
1980,SKU-001980,Reverse-engineered 4thgeneration synergy,10,81,80.71,58.91,21,99
1981,SKU-001981,Innovative dynamic Internet solution,12,29,837.38,460.1,10,59
1982,SKU-001982,Reduced mission-critical matrices,4,87,654.59,353.83,46,77
1983,SKU-001983,Customizable systematic Local Area Network,5,50,347.08,166.2,26,66
1984,SKU-001984,Profound bifurcated interface,5,88,561.08,467.57,44,71
1985,SKU-001985,Secured coherent complexity,4,76,493.55,382.6,40,113
1986,SKU-001986,Organic didactic service-desk,15,56,290.07,205.72,35,79
1987,SKU-001987,Synergized local matrix,1,57,768.51,397.3,46,124
1988,SKU-001988,Exclusive analyzing extranet,9,41,264.25,179.76,8,52
1989,SKU-001989,Multi-tiered value-added workforce,17,32,919.41,416.22,40,176
1990,SKU-001990,User-friendly fault-tolerant productivity,12,8,364.21,286.78,15,130
1991,SKU-001991,Object-based actuating encoding,2,35,511.23,259.51,5,102
1992,SKU-001992,Monitored exuding product,3,69,263.23,141.52,50,87
1993,SKU-001993,Compatible dynamic neural-net,5,58,186.81,124.54,16,68
1994,SKU-001994,Grass-roots homogeneous approach,4,70,40.89,26.96,24,90
1995,SKU-001995,Public-key stable neural-net,6,47,101.4,78.0,20,94
1996,SKU-001996,Upgradable asynchronous system engine,13,67,35.49,18.98,12,155
1997,SKU-001997,Public-key non-volatile service-desk,3,84,150.19,115.53,49,172
1998,SKU-001998,Advanced maximized synergy,17,76,225.17,127.94,50,128
1999,SKU-001999,Enterprise-wide 6thgeneration analyzer,1,46,537.13,333.62,13,70
2000,SKU-002000,Business-focused methodical access,15,15,266.44,133.89,32,111
2001,SKU-002001,Streamlined static monitoring,11,14,181.62,139.71,16,105
2002,SKU-002002,Vision-oriented optimal system engine,3,80,517.82,236.0,21,127
2003,SKU-002003,Robust methodical circuit,13,45,286.61,187.33,26,149
2004,SKU-002004,Optimized modular artificial intelligence,8,57,668.56,423.14,33,79
2005,SKU-002005,Digitized interactive encoding,12,52,695.72,354.96,11,84
2006,SKU-002006,Organic needs-based definition,1,48,759.2,381.51,28,176
2007,SKU-002007,Quality-focused multi-tasking matrices,10,6,135.72,108.58,15,85
2008,SKU-002008,Multi-tiered asymmetric framework,10,51,210.66,113.87,29,95
2009,SKU-002009,Extended 24hour frame,4,10,493.19,255.54,34,156
2010,SKU-002010,Self-enabling static benchmark,12,24,488.15,400.12,23,180
2011,SKU-002011,User-centric intangible database,14,34,198.48,118.14,35,56
2012,SKU-002012,Multi-tiered national open system,13,76,605.25,432.32,37,173
2013,SKU-002013,Reactive next generation time-frame,8,1,704.78,476.2,6,121
2014,SKU-002014,Robust secondary emulation,13,94,522.25,279.28,19,70
2015,SKU-002015,Digitized zero-defect strategy,4,85,767.21,393.44,46,92
2016,SKU-002016,Right-sized directional focus group,3,6,354.57,249.7,21,62
2017,SKU-002017,Cross-platform attitude-oriented moratorium,15,22,340.95,195.95,13,181
2018,SKU-002018,Ameliorated background monitoring,4,58,154.34,82.35,49,199
2019,SKU-002019,Managed systematic knowledge user,17,79,639.99,397.51,38,114
2020,SKU-002020,Reduced reciprocal knowledge user,2,41,583.07,428.73,15,84
2021,SKU-002021,Open-source full-range instruction set,12,67,88.49,56.62,11,191
2022,SKU-002022,Proactive didactic product,11,53,563.43,319.68,20,74
2023,SKU-002023,Right-sized maximized hierarchy,12,58,254.4,210.25,16,156
2024,SKU-002024,Open-source didactic matrix,17,10,96.52,54.53,10,196
2025,SKU-002025,Progressive composite standardization,2,15,646.9,431.27,18,53
2026,SKU-002026,Monitored content-based utilization,6,15,420.38,257.9,29,106
2027,SKU-002027,Decentralized disintermediate archive,16,79,631.71,412.88,38,134
2028,SKU-002028,Balanced fault-tolerant solution,2,32,273.89,139.74,35,91
2029,SKU-002029,Programmable zero-defect groupware,17,29,454.89,309.45,26,157
2030,SKU-002030,Grass-roots upward-trending data-warehouse,5,19,847.99,464.3,25,137
2031,SKU-002031,Right-sized tangible support,6,42,101.81,56.56,40,67
2032,SKU-002032,Operative context-sensitive benchmark,6,91,529.65,324.94,17,153
2033,SKU-002033,Quality-focused hybrid emulation,9,46,788.89,417.4,21,75
2034,SKU-002034,Focused bandwidth-monitored functionalities,13,28,593.96,424.26,8,112
2035,SKU-002035,Open-architected multi-state protocol,11,100,12.28,6.98,44,61
2036,SKU-002036,Switchable fault-tolerant hierarchy,15,18,634.57,335.75,45,121
2037,SKU-002037,User-friendly reciprocal portal,6,90,805.29,470.93,11,167
2038,SKU-002038,Streamlined well-modulated array,14,52,354.73,249.81,37,66
2039,SKU-002039,Phased content-based interface,15,4,64.91,36.26,35,84
2040,SKU-002040,Implemented 24/7 strategy,6,40,120.86,63.61,13,93
2041,SKU-002041,Progressive uniform emulation,2,53,695.93,332.21,48,112
2042,SKU-002042,Intuitive fault-tolerant access,4,70,150.24,96.93,11,129
2043,SKU-002043,Virtual neutral flexibility,5,86,205.97,150.34,47,57
2044,SKU-002044,Versatile holistic ability,10,57,108.57,82.88,31,139
2045,SKU-002045,User-centric multimedia interface,3,44,668.05,361.11,31,120
2046,SKU-002046,Monitored content-based process improvement,3,25,10.86,6.78,34,59
2047,SKU-002047,Inverse background software,2,66,228.24,165.39,16,148
2048,SKU-002048,Stand-alone dedicated functionalities,13,41,575.77,442.9,44,118
2049,SKU-002049,Sharable context-sensitive encoding,16,49,132.93,94.95,50,147
2050,SKU-002050,Enhanced zero-defect concept,12,30,393.78,223.74,19,187
2051,SKU-002051,Self-enabling needs-based toolset,7,78,452.72,198.11,48,54
2052,SKU-002052,De-engineered even-keeled projection,5,38,597.41,429.79,5,146
2053,SKU-002053,User-friendly content-based flexibility,14,25,362.77,219.86,17,126
2054,SKU-002054,Function-based demand-driven leverage,12,14,451.96,347.66,38,147
2055,SKU-002055,Automated motivating Internet solution,12,37,435.76,225.78,16,122
2056,SKU-002056,Secured client-driven neural-net,11,44,193.6,129.93,6,165
2057,SKU-002057,Re-engineered grid-enabled complexity,17,80,167.11,139.26,28,119
2058,SKU-002058,Re-contextualized interactive workforce,14,37,592.92,452.61,25,103
2059,SKU-002059,Open-architected full-range analyzer,9,59,268.42,167.76,12,190
2060,SKU-002060,Virtual optimizing website,11,36,376.95,269.25,13,190
2061,SKU-002061,Horizontal user-facing superstructure,13,86,354.48,262.58,29,182
2062,SKU-002062,Reverse-engineered national pricing structure,9,59,776.44,494.55,6,154
2063,SKU-002063,Stand-alone 3rdgeneration Internet solution,2,11,680.65,360.13,21,162
2064,SKU-002064,Virtual didactic website,17,34,605.93,466.1,50,164
2065,SKU-002065,Multi-channeled intangible Internet solution,11,1,87.63,54.43,46,136
2066,SKU-002066,Synergized bandwidth-monitored info-mediaries,16,85,50.03,41.69,23,116
2067,SKU-002067,Horizontal system-worthy database,12,79,366.56,290.92,45,161
2068,SKU-002068,Grass-roots fresh-thinking task-force,1,83,355.99,296.66,26,154
2069,SKU-002069,Mandatory fault-tolerant analyzer,5,92,343.28,211.9,21,95
2070,SKU-002070,Phased tangible monitoring,6,43,778.45,409.71,33,81
2071,SKU-002071,Centralized systemic encoding,11,91,220.67,155.4,36,159
2072,SKU-002072,Profound asynchronous product,14,98,528.84,383.22,20,182
2073,SKU-002073,User-friendly incremental open architecture,2,86,656.72,333.36,29,100
2074,SKU-002074,Ameliorated uniform artificial intelligence,1,99,214.59,167.65,10,86
2075,SKU-002075,Managed attitude-oriented workforce,7,1,398.99,226.7,23,178
2076,SKU-002076,Pre-emptive logistical hardware,17,49,840.69,442.47,35,62
2077,SKU-002077,Operative client-server application,7,96,646.16,458.27,32,105
2078,SKU-002078,Self-enabling radical firmware,13,66,166.85,131.38,43,146
2079,SKU-002079,Customer-focused national archive,5,26,496.57,384.94,19,144
2080,SKU-002080,User-friendly actuating knowledge user,8,16,414.66,227.86,33,127
2081,SKU-002081,Optimized context-sensitive service-desk,14,18,231.27,145.45,29,112
2082,SKU-002082,Intuitive tangible analyzer,17,79,813.96,484.5,40,175
2083,SKU-002083,Visionary holistic pricing structure,9,88,682.37,418.63,23,111
2084,SKU-002084,Ergonomic local synergy,15,33,949.16,483.36,6,111
2085,SKU-002085,Realigned methodical forecast,1,34,375.6,245.49,14,55
2086,SKU-002086,Multi-channeled attitude-oriented function,15,45,783.25,492.61,17,126
2087,SKU-002087,Phased zero administration database,7,8,93.88,47.9,44,200
2088,SKU-002088,Grass-roots user-facing alliance,14,48,54.32,31.4,30,141
2089,SKU-002089,User-friendly explicit success,9,44,485.73,373.64,20,184
2090,SKU-002090,Fully-configurable global contingency,7,87,718.93,492.42,13,155
2091,SKU-002091,Fundamental maximized algorithm,3,9,311.36,222.4,8,112
2092,SKU-002092,Compatible attitude-oriented policy,17,73,641.67,419.39,42,152
2093,SKU-002093,Synergized foreground middleware,7,96,819.06,428.4,33,120
2094,SKU-002094,Upgradable fault-tolerant leverage,15,55,288.48,207.54,10,180
2095,SKU-002095,Pre-emptive static ability,9,93,547.75,331.97,34,199
2096,SKU-002096,Digitized tertiary pricing structure,1,95,361.27,212.51,28,84
2097,SKU-002097,Reverse-engineered holistic adapter,17,83,335.3,190.51,44,67
2098,SKU-002098,Focused system-worthy emulation,1,94,271.99,143.91,16,197
2099,SKU-002099,Horizontal 3rdgeneration functionalities,9,62,557.83,362.23,48,111
2100,SKU-002100,Distributed asymmetric extranet,2,46,392.45,321.68,9,105
2101,SKU-002101,Automated fault-tolerant matrix,10,58,666.16,450.11,20,104
2102,SKU-002102,Persevering upward-trending support,17,44,375.87,284.75,15,116
2103,SKU-002103,Inverse real-time firmware,10,14,283.27,235.38,6,92
2104,SKU-002104,Polarized secondary definition,12,11,773.95,471.92,39,154
2105,SKU-002105,Innovative bandwidth-monitored database,3,27,343.56,213.39,28,69
2106,SKU-002106,Profound holistic customer loyalty,9,54,360.97,260.86,25,186
2107,SKU-002107,Secured multi-tasking time-frame,12,82,528.07,419.1,15,80
2108,SKU-002108,Secured regional approach,17,39,361.36,252.7,50,69
2109,SKU-002109,Multi-lateral multi-state budgetary management,13,59,669.12,471.21,27,95
2110,SKU-002110,Integrated national task-force,3,71,221.29,112.68,50,60
2111,SKU-002111,Cloned empowering info-mediaries,7,34,632.86,376.7,13,94
2112,SKU-002112,Robust holistic orchestration,15,96,303.06,161.2,20,63
2113,SKU-002113,Cloned multimedia functionalities,5,61,527.96,432.75,17,125
2114,SKU-002114,Open-architected background customer loyalty,8,11,92.37,48.11,26,141
2115,SKU-002115,Inverse directional alliance,7,8,337.05,187.25,24,125
2116,SKU-002116,Cross-group static structure,4,7,12.72,7.57,44,154
2117,SKU-002117,Visionary foreground functionalities,15,53,343.68,186.78,50,160
2118,SKU-002118,Innovative bottom-line toolset,6,77,174.77,123.95,42,75
2119,SKU-002119,Distributed analyzing instruction set,10,88,106.56,74.52,10,76
2120,SKU-002120,User-friendly homogeneous project,13,89,25.44,13.53,44,73
2121,SKU-002121,Synchronized eco-centric challenge,4,52,12.84,10.7,39,86
2122,SKU-002122,Sharable modular help-desk,13,22,451.36,215.64,46,147
2123,SKU-002123,Ergonomic responsive flexibility,16,74,532.78,429.79,50,72
2124,SKU-002124,Re-contextualized discrete challenge,12,64,551.52,383.0,13,83
2125,SKU-002125,Triple-buffered dedicated complexity,5,4,455.68,284.8,7,168
2126,SKU-002126,Proactive user-facing capacity,9,25,835.43,469.34,40,168
2127,SKU-002127,Monitored background frame,11,24,858.23,482.15,50,61
2128,SKU-002128,Digitized responsive model,13,3,326.53,171.86,29,61
2129,SKU-002129,Enterprise-wide empowering access,14,46,182.63,149.7,24,172
2130,SKU-002130,Robust global analyzer,1,33,256.75,136.57,10,178
2131,SKU-002131,Object-based system-worthy firmware,7,5,774.89,499.93,11,149
2132,SKU-002132,Devolved directional migration,16,68,264.74,170.8,37,180
2133,SKU-002133,Optimized tangible pricing structure,8,10,329.66,228.93,18,149
2134,SKU-002134,De-engineered client-driven parallelism,1,12,618.07,339.6,11,99
2135,SKU-002135,Polarized optimizing focus group,15,11,386.75,286.48,41,53
2136,SKU-002136,Managed bottom-line task-force,9,67,140.68,111.65,42,132
2137,SKU-002137,Re-contextualized explicit function,3,76,716.84,375.31,50,81
2138,SKU-002138,Focused fault-tolerant intranet,5,72,196.49,134.58,20,200
2139,SKU-002139,Extended scalable approach,11,94,296.18,185.11,19,82
2140,SKU-002140,Advanced next generation extranet,17,98,552.46,338.93,38,153
2141,SKU-002141,Multi-tiered system-worthy protocol,5,76,596.12,419.8,15,144
2142,SKU-002142,Progressive composite structure,1,98,478.61,398.84,12,184
2143,SKU-002143,Expanded 6thgeneration Internet solution,17,66,166.39,113.19,26,159
2144,SKU-002144,Optimized mobile installation,16,65,517.86,276.93,6,152
2145,SKU-002145,Future-proofed upward-trending focus group,11,74,232.5,144.41,35,135
2146,SKU-002146,Sharable dedicated artificial intelligence,16,42,111.79,77.1,27,134
2147,SKU-002147,Total regional matrix,9,69,508.07,309.8,50,167
2148,SKU-002148,Cloned tertiary productivity,10,68,928.17,496.35,29,90
2149,SKU-002149,Decentralized value-added projection,4,79,436.47,221.56,44,176
2150,SKU-002150,Future-proofed reciprocal installation,12,41,280.73,219.32,9,141
2151,SKU-002151,Customizable reciprocal initiative,15,68,557.14,400.82,43,159
2152,SKU-002152,Re-contextualized demand-driven hardware,17,24,198.27,123.92,8,78
2153,SKU-002153,Inverse object-oriented leverage,5,23,446.51,204.24,22,87
2154,SKU-002154,Quality-focused value-added data-warehouse,10,99,131.34,66.67,47,92
2155,SKU-002155,Business-focused non-volatile product,17,99,420.72,247.48,21,161
2156,SKU-002156,Profit-focused 5thgeneration focus group,1,27,758.81,337.88,17,126
2157,SKU-002157,Face-to-face leadingedge synergy,8,48,404.7,285.0,38,152
2158,SKU-002158,Inverse empowering flexibility,14,3,498.15,206.95,27,112
2159,SKU-002159,Seamless intermediate matrix,9,96,451.78,301.19,30,85
2160,SKU-002160,Managed value-added database,13,90,459.31,255.17,24,196
2161,SKU-002161,Progressive grid-enabled installation,15,95,64.85,34.13,45,89
2162,SKU-002162,Balanced composite artificial intelligence,12,42,802.46,413.64,46,105
2163,SKU-002163,Proactive logistical Graphical User Interface,11,71,534.4,287.31,13,72
2164,SKU-002164,Operative empowering data-warehouse,12,51,578.35,470.2,35,181
2165,SKU-002165,Seamless zero-defect adapter,16,44,246.22,138.36,10,194
2166,SKU-002166,Profit-focused asymmetric knowledgebase,16,48,634.93,358.72,28,67
2167,SKU-002167,Cross-platform fault-tolerant portal,6,44,111.41,80.73,18,75
2168,SKU-002168,Virtual systematic task-force,8,67,367.44,221.35,46,136
2169,SKU-002169,Organic leadingedge Internet solution,12,49,457.92,341.73,25,199
2170,SKU-002170,Multi-lateral fresh-thinking framework,9,84,553.68,461.4,50,103
2171,SKU-002171,Optional national leverage,16,14,650.21,328.39,26,155
2172,SKU-002172,Reduced encompassing throughput,2,63,882.6,411.72,30,111
2173,SKU-002173,Multi-lateral optimizing Local Area Network,15,16,194.22,154.14,8,62
2174,SKU-002174,Function-based maximized knowledgebase,8,99,105.83,58.15,23,117
2175,SKU-002175,Fundamental system-worthy monitoring,16,18,231.55,125.84,16,140
2176,SKU-002176,Mandatory impactful extranet,4,29,794.51,484.46,26,119
2177,SKU-002177,Cross-platform hybrid monitoring,11,84,464.16,333.93,28,169
2178,SKU-002178,Digitized national hierarchy,12,45,168.7,111.79,40,54
2179,SKU-002179,User-friendly radical framework,16,47,696.58,429.99,37,75
2180,SKU-002180,Distributed zero tolerance moderator,9,81,504.78,336.52,45,80
2181,SKU-002181,Front-line didactic support,10,57,483.08,399.24,5,126
2182,SKU-002182,Open-architected optimizing intranet,4,33,15.3,11.59,36,175
2183,SKU-002183,Decentralized next generation hardware,11,74,508.11,370.88,26,60
2184,SKU-002184,Horizontal holistic structure,13,5,436.69,267.91,12,168
2185,SKU-002185,Persevering grid-enabled pricing structure,1,85,18.67,15.24,7,76
2186,SKU-002186,Persevering object-oriented utilization,9,74,338.16,226.95,7,175
2187,SKU-002187,Intuitive foreground software,4,51,468.52,280.55,50,89
2188,SKU-002188,Vision-oriented disintermediate secured line,14,57,102.57,58.95,30,113
2189,SKU-002189,Front-line holistic service-desk,12,91,295.25,182.25,38,154
2190,SKU-002190,De-engineered client-driven monitoring,7,35,40.48,25.62,10,104
2191,SKU-002191,Ergonomic reciprocal ability,3,35,236.06,120.44,17,62
2192,SKU-002192,Proactive scalable function,8,56,377.02,311.59,30,107
2193,SKU-002193,Visionary asymmetric solution,9,67,253.67,162.61,6,100
2194,SKU-002194,Business-focused logistical service-desk,8,47,671.51,362.98,45,161
2195,SKU-002195,Assimilated multimedia conglomeration,11,24,645.86,433.46,47,156
2196,SKU-002196,Fundamental tertiary time-frame,3,19,216.88,123.93,37,183
2197,SKU-002197,Synergistic clear-thinking customer loyalty,6,10,454.13,201.54,21,92
2198,SKU-002198,Reduced mobile utilization,5,43,401.32,167.2,44,128
2199,SKU-002199,Fundamental responsive product,9,49,320.23,203.97,28,104
2200,SKU-002200,Horizontal asynchronous budgetary management,17,13,127.53,94.47,49,186
2201,SKU-002201,Organized content-based migration,1,88,506.9,342.97,26,86
2202,SKU-002202,Reverse-engineered didactic intranet,14,66,58.77,31.26,24,75
2203,SKU-002203,Configurable empowering implementation,5,22,451.49,276.99,6,69
2204,SKU-002204,Fully-configurable fresh-thinking flexibility,2,13,169.8,135.84,12,97
2205,SKU-002205,Advanced dedicated ability,17,62,340.03,228.21,30,124
2206,SKU-002206,Re-engineered 24/7 instruction set,16,56,466.31,241.61,11,189
2207,SKU-002207,Digitized user-facing portal,12,1,183.51,123.99,35,157
2208,SKU-002208,Operative contextually-based attitude,16,19,609.26,336.61,7,122
2209,SKU-002209,Business-focused stable framework,4,65,481.66,281.67,29,197
2210,SKU-002210,Diverse human-resource framework,11,52,213.68,115.5,21,159
2211,SKU-002211,Seamless attitude-oriented initiative,2,42,422.41,241.38,50,109
2212,SKU-002212,Function-based non-volatile alliance,16,83,467.67,313.87,5,108
2213,SKU-002213,Customizable tertiary policy,15,88,283.65,154.16,8,81
2214,SKU-002214,Re-engineered bandwidth-monitored core,13,70,487.01,284.8,14,198
2215,SKU-002215,Grass-roots context-sensitive capability,11,32,322.12,202.59,9,113
2216,SKU-002216,Mandatory composite initiative,1,18,653.72,328.5,16,78
2217,SKU-002217,Triple-buffered multimedia knowledgebase,12,36,371.84,218.73,37,52
2218,SKU-002218,Visionary holistic moratorium,8,97,93.46,74.77,37,126
2219,SKU-002219,Organized disintermediate website,11,11,174.58,100.87,35,129
2220,SKU-002220,Extended zero administration solution,12,16,303.3,175.32,6,91
2221,SKU-002221,Virtual background collaboration,8,25,604.96,378.1,10,196
2222,SKU-002222,Reduced 24/7 definition,11,98,294.93,171.47,43,166
2223,SKU-002223,Total 4thgeneration core,2,45,124.11,53.63,31,178
2224,SKU-002224,De-engineered eco-centric standardization,13,1,444.03,233.7,26,73
2225,SKU-002225,Focused well-modulated productivity,11,27,837.39,495.5,20,164
2226,SKU-002226,Persevering well-modulated initiative,15,60,435.94,199.71,47,161
2227,SKU-002227,Grass-roots directional function,11,84,658.13,441.7,50,200
2228,SKU-002228,Sharable static emulation,3,82,766.15,411.91,35,110
2229,SKU-002229,Fundamental optimal utilization,14,96,29.63,24.29,33,135
2230,SKU-002230,Mandatory bifurcated time-frame,1,39,625.05,469.96,39,121
2231,SKU-002231,Innovative tangible intranet,7,15,807.94,461.68,39,73
2232,SKU-002232,Implemented cohesive matrices,2,59,255.24,178.49,43,199
2233,SKU-002233,Open-source bottom-line benchmark,4,7,738.12,458.46,35,197
2234,SKU-002234,Multi-lateral explicit service-desk,12,54,383.87,244.5,26,168
2235,SKU-002235,Synergized object-oriented database,10,65,111.4,78.65,26,118
2236,SKU-002236,Expanded optimal access,17,34,955.19,484.87,48,147
2237,SKU-002237,Multi-tiered uniform parallelism,6,84,625.44,272.44,50,154
2238,SKU-002238,Reactive methodical alliance,15,57,55.13,36.27,34,162
2239,SKU-002239,Versatile solution-oriented database,14,19,461.21,307.47,29,107
2240,SKU-002240,Virtual leadingedge architecture,3,8,500.35,256.59,33,111
2241,SKU-002241,Right-sized intangible conglomeration,6,85,314.75,185.15,7,154
2242,SKU-002242,Exclusive cohesive emulation,7,88,379.21,278.83,20,63
2243,SKU-002243,Reverse-engineered discrete extranet,9,49,721.22,405.18,6,152
2244,SKU-002244,Re-contextualized empowering strategy,8,88,619.97,418.9,5,152
2245,SKU-002245,Mandatory leadingedge monitoring,13,42,391.15,315.44,13,128
2246,SKU-002246,Polarized transitional application,2,49,63.1,48.17,21,114
2247,SKU-002247,Public-key mission-critical time-frame,11,32,372.25,273.71,11,79
2248,SKU-002248,Down-sized high-level hardware,10,19,653.06,494.74,38,51
2249,SKU-002249,Virtual exuding capacity,12,43,254.31,167.31,6,172
2250,SKU-002250,Object-based 4thgeneration service-desk,6,6,485.94,287.54,19,83
2251,SKU-002251,Polarized 5thgeneration array,11,72,167.49,88.15,30,156
2252,SKU-002252,Phased non-volatile moderator,16,21,801.5,474.26,38,177
2253,SKU-002253,Diverse fault-tolerant open system,12,53,139.77,105.89,16,197
2254,SKU-002254,Re-engineered hybrid function,10,15,777.26,420.14,32,52
2255,SKU-002255,Realigned motivating ability,16,1,206.59,122.24,6,132
2256,SKU-002256,Progressive mobile function,11,88,52.33,42.89,10,88
2257,SKU-002257,Diverse upward-trending strategy,1,11,901.71,482.2,36,142
2258,SKU-002258,Object-based even-keeled moderator,16,80,278.03,154.46,13,67
2259,SKU-002259,De-engineered maximized functionalities,1,100,46.42,30.34,11,141
2260,SKU-002260,Grass-roots composite application,8,93,118.15,89.51,30,64
2261,SKU-002261,User-centric needs-based workforce,7,26,340.69,248.68,5,196
2262,SKU-002262,Team-oriented next generation data-warehouse,13,69,1180.35,497.47,50,52
2263,SKU-002263,Managed local policy,5,30,293.4,220.6,13,152
2264,SKU-002264,Switchable national Graphical User Interface,17,91,486.75,250.9,11,167
2265,SKU-002265,Up-sized bi-directional open system,14,64,7.68,5.12,43,173
2266,SKU-002266,De-engineered grid-enabled archive,5,6,616.05,344.16,12,193
2267,SKU-002267,Triple-buffered coherent open system,15,1,123.35,81.7,22,197
2268,SKU-002268,Mandatory motivating complexity,4,44,579.86,333.25,39,145
2269,SKU-002269,Optimized didactic website,15,11,893.78,470.41,23,92
2270,SKU-002270,Innovative tangible budgetary management,10,24,18.31,11.59,24,193
2271,SKU-002271,Open-source cohesive info-mediaries,5,45,726.61,417.59,43,70
2272,SKU-002272,Cloned context-sensitive framework,16,94,501.38,266.69,33,110
2273,SKU-002273,Persistent mission-critical concept,9,39,742.56,390.82,17,128
2274,SKU-002274,Secured maximized model,16,22,143.24,103.8,43,146
2275,SKU-002275,Open-architected web-enabled structure,10,29,268.27,187.6,38,61
2276,SKU-002276,Face-to-face encompassing monitoring,1,83,845.52,429.2,23,82
2277,SKU-002277,Self-enabling 4thgeneration success,2,73,244.16,152.6,23,52
2278,SKU-002278,Multi-channeled mission-critical emulation,16,54,585.52,309.8,13,123
2279,SKU-002279,Team-oriented zero-defect solution,5,17,669.27,452.21,28,116
2280,SKU-002280,Open-source zero tolerance policy,8,7,391.92,306.19,43,71
2281,SKU-002281,Digitized maximized encoding,4,91,769.11,369.34,12,167
2282,SKU-002282,Cloned empowering matrix,11,54,133.76,96.23,41,53
2283,SKU-002283,Future-proofed clear-thinking pricing structure,8,28,748.83,451.1,26,185
2284,SKU-002284,Diverse cohesive orchestration,8,98,527.28,379.34,46,132
2285,SKU-002285,Polarized zero tolerance matrices,3,46,596.96,317.53,20,55
2286,SKU-002286,Visionary cohesive support,10,60,629.63,406.21,20,153
2287,SKU-002287,Exclusive client-server portal,1,74,322.75,168.1,7,64
2288,SKU-002288,Cloned secondary function,10,19,339.54,223.38,33,178
2289,SKU-002289,Fundamental stable application,10,23,353.23,252.31,46,113
2290,SKU-002290,Digitized uniform strategy,2,95,115.3,65.51,32,163
2291,SKU-002291,Face-to-face regional customer loyalty,10,30,845.04,488.46,48,197
2292,SKU-002292,Intuitive didactic support,6,89,279.11,206.75,27,94
2293,SKU-002293,Persevering dedicated encryption,17,13,375.73,264.6,19,113
2294,SKU-002294,Mandatory dynamic product,7,7,17.02,12.61,16,108
2295,SKU-002295,Distributed explicit task-force,16,33,266.44,218.39,6,195
2296,SKU-002296,Persevering cohesive approach,8,30,529.97,277.47,27,61
2297,SKU-002297,De-engineered dynamic capacity,11,13,268.64,167.9,6,174
2298,SKU-002298,Inverse national methodology,2,76,527.96,364.11,22,63
2299,SKU-002299,Synergized systematic framework,11,51,256.97,141.19,24,68
2300,SKU-002300,Multi-layered background capacity,11,30,62.84,42.75,37,59
2301,SKU-002301,Cross-group dynamic superstructure,12,3,846.34,483.62,27,107
2302,SKU-002302,Function-based well-modulated architecture,16,15,669.07,375.88,26,177
2303,SKU-002303,Proactive bottom-line infrastructure,14,30,640.84,441.96,16,181
2304,SKU-002304,Open-source dynamic adapter,14,16,439.87,325.83,31,84
2305,SKU-002305,Optional disintermediate functionalities,5,2,830.66,434.9,5,167
2306,SKU-002306,Implemented coherent approach,11,78,338.85,225.9,40,148
2307,SKU-002307,Organized logistical archive,10,25,454.87,258.45,48,105
2308,SKU-002308,Balanced value-added task-force,2,14,584.73,356.54,7,70
2309,SKU-002309,Cross-platform actuating superstructure,7,77,909.72,471.36,14,174
2310,SKU-002310,Right-sized demand-driven alliance,9,51,718.45,427.65,47,79
2311,SKU-002311,Profound methodical strategy,12,12,302.95,199.31,38,140
2312,SKU-002312,Self-enabling 5thgeneration protocol,13,43,690.52,479.53,30,192
2313,SKU-002313,Polarized context-sensitive moderator,2,2,409.92,276.97,35,89
2314,SKU-002314,Reactive bifurcated service-desk,10,58,787.15,367.62,14,99
2315,SKU-002315,Horizontal 3rdgeneration Local Area Network,17,29,361.48,236.26,50,57
2316,SKU-002316,Visionary impactful portal,15,67,789.89,493.68,43,199
2317,SKU-002317,Monitored executive portal,7,53,658.45,323.72,34,70
2318,SKU-002318,Re-contextualized 5thgeneration Internet solution,13,68,180.2,135.49,37,156
2319,SKU-002319,Mandatory well-modulated matrix,4,11,397.52,232.47,32,127
2320,SKU-002320,Synchronized real-time utilization,12,52,264.31,183.55,18,127
2321,SKU-002321,Business-focused responsive projection,15,27,213.13,129.96,42,87
2322,SKU-002322,Monitored interactive groupware,7,31,18.07,10.92,35,172
2323,SKU-002323,Exclusive bandwidth-monitored implementation,16,89,461.84,248.3,40,173
2324,SKU-002324,Customer-focused holistic forecast,16,87,88.36,57.75,14,53
2325,SKU-002325,Synchronized analyzing challenge,12,38,582.71,438.13,26,132
2326,SKU-002326,Implemented optimizing alliance,17,96,21.22,14.84,7,194
2327,SKU-002327,Proactive impactful product,15,31,520.64,302.7,38,180
2328,SKU-002328,Cross-platform hybrid data-warehouse,1,26,364.33,246.17,23,113
2329,SKU-002329,Assimilated optimal artificial intelligence,10,29,352.66,271.28,25,90
2330,SKU-002330,Pre-emptive system-worthy structure,9,14,379.67,316.39,33,195
2331,SKU-002331,Future-proofed incremental system engine,13,20,408.55,291.82,37,177
2332,SKU-002332,Multi-tiered cohesive circuit,11,20,669.17,356.24,33,133
2333,SKU-002333,Fully-configurable 5thgeneration capacity,8,37,460.83,325.51,7,145
2334,SKU-002334,Customer-focused contextually-based hierarchy,3,85,310.78,197.95,28,182
2335,SKU-002335,Customer-focused multi-state product,6,99,386.95,290.94,37,53
2336,SKU-002336,Optional 6thgeneration strategy,4,24,263.95,174.8,18,198
2337,SKU-002337,Grass-roots mobile productivity,2,75,133.89,67.62,40,147
2338,SKU-002338,Phased hybrid pricing structure,11,71,667.98,411.24,23,127
2339,SKU-002339,Fundamental system-worthy open architecture,5,33,221.34,157.19,39,189
2340,SKU-002340,Compatible dynamic Local Area Network,8,60,826.56,430.5,9,126
2341,SKU-002341,Customizable national alliance,5,49,360.05,189.5,48,147
2342,SKU-002342,Decentralized real-time task-force,8,86,433.25,325.75,41,154
2343,SKU-002343,Fundamental logistical toolset,3,65,7.14,5.49,41,81
2344,SKU-002344,Intuitive homogeneous protocol,5,39,824.36,427.13,36,154
2345,SKU-002345,Cloned 6thgeneration definition,9,11,395.52,288.7,22,73
2346,SKU-002346,Customer-focused bifurcated open architecture,4,40,172.57,103.96,5,137
2347,SKU-002347,Intuitive scalable budgetary management,15,76,567.72,473.1,47,50
2348,SKU-002348,Profit-focused high-level instruction set,1,74,224.55,160.39,22,62
2349,SKU-002349,Profit-focused logistical moderator,7,9,658.42,415.49,6,100
2350,SKU-002350,Networked encompassing functionalities,16,17,109.0,55.33,14,167
2351,SKU-002351,Future-proofed actuating knowledgebase,9,4,298.92,169.84,19,104
2352,SKU-002352,Secured responsive paradigm,17,58,587.29,441.57,5,108
2353,SKU-002353,Focused hybrid synergy,10,12,244.66,128.77,16,153
2354,SKU-002354,Ameliorated directional concept,14,98,1131.2,495.38,33,139
2355,SKU-002355,Pre-emptive hybrid encoding,3,88,175.39,121.8,7,70
2356,SKU-002356,Managed explicit installation,4,22,28.54,15.68,25,107
2357,SKU-002357,Ameliorated analyzing focus group,15,38,277.98,204.4,38,152
2358,SKU-002358,Multi-tiered zero-defect productivity,17,76,409.99,239.76,22,180
2359,SKU-002359,Advanced solution-oriented encryption,13,14,209.34,131.66,6,63
2360,SKU-002360,Organic mobile task-force,8,84,1032.19,473.58,35,130
2361,SKU-002361,Automated leadingedge moderator,4,15,369.24,295.39,9,163
2362,SKU-002362,Automated even-keeled pricing structure,1,22,90.77,56.73,10,118
2363,SKU-002363,Managed optimizing interface,15,36,215.14,148.37,19,109
2364,SKU-002364,Re-contextualized upward-trending installation,11,48,224.2,121.85,15,108
2365,SKU-002365,Synergized 4thgeneration data-warehouse,8,47,581.34,292.13,20,50
2366,SKU-002366,Secured system-worthy website,6,50,626.83,450.96,45,153
2367,SKU-002367,Customizable user-facing pricing structure,16,83,344.32,180.27,34,110
2368,SKU-002368,Innovative well-modulated interface,5,35,95.6,55.58,37,176
2369,SKU-002369,User-friendly next generation hardware,17,49,462.4,369.92,26,112
2370,SKU-002370,Switchable human-resource neural-net,15,85,691.96,429.79,10,116
2371,SKU-002371,Re-engineered dedicated utilization,4,98,487.49,361.1,35,149
2372,SKU-002372,Realigned secondary attitude,16,30,380.87,227.4,25,168
2373,SKU-002373,Decentralized human-resource challenge,11,4,598.14,313.16,30,200
2374,SKU-002374,Versatile empowering infrastructure,10,52,423.04,287.78,18,186
2375,SKU-002375,Implemented stable product,11,47,476.58,357.76,36,51
2376,SKU-002376,Switchable clear-thinking leverage,4,93,574.58,435.29,39,151
2377,SKU-002377,Inverse clear-thinking portal,2,43,300.69,205.95,6,94
2378,SKU-002378,Synchronized attitude-oriented toolset,4,86,322.56,201.6,8,71
2379,SKU-002379,Operative asynchronous paradigm,15,25,798.78,420.41,40,116
2380,SKU-002380,Focused 24hour application,17,18,985.67,405.32,46,99
2381,SKU-002381,Secured actuating task-force,13,62,472.95,273.38,13,100
2382,SKU-002382,Fundamental static firmware,17,16,590.36,347.27,36,169
2383,SKU-002383,Open-source high-level functionalities,14,9,878.04,487.8,43,85
2384,SKU-002384,Extended web-enabled artificial intelligence,17,94,82.11,66.9,30,123
2385,SKU-002385,Sharable responsive product,8,4,116.3,64.61,14,98
2386,SKU-002386,Self-enabling intermediate portal,8,55,401.06,213.33,37,98
2387,SKU-002387,Persistent intermediate focus group,1,32,250.5,164.8,14,107
2388,SKU-002388,Re-engineered upward-trending emulation,6,44,769.21,402.73,13,186
2389,SKU-002389,Customer-focused context-sensitive implementation,8,60,124.52,78.81,42,116
2390,SKU-002390,Enterprise-wide foreground contingency,14,98,377.27,311.79,21,116
2391,SKU-002391,Fully-configurable value-added product,14,99,309.03,156.87,50,188
2392,SKU-002392,Face-to-face directional analyzer,14,33,291.29,224.64,6,183
2393,SKU-002393,Configurable full-range functionalities,12,77,23.2,14.41,48,64
2394,SKU-002394,Down-sized zero-defect matrices,17,62,749.97,396.81,44,63
2395,SKU-002395,Distributed 3rdgeneration structure,9,50,168.17,89.45,20,169
2396,SKU-002396,Up-sized hybrid infrastructure,1,28,107.53,88.14,14,98
2397,SKU-002397,Public-key 24hour conglomeration,11,45,318.53,167.65,47,200
2398,SKU-002398,Focused uniform knowledgebase,7,78,579.39,292.62,27,175
2399,SKU-002399,Monitored asymmetric open system,5,33,864.32,438.74,33,118
2400,SKU-002400,Polarized systematic data-warehouse,13,59,631.98,351.1,5,105
2401,SKU-002401,Object-based solution-oriented Local Area Network,14,14,895.78,365.67,11,91
2402,SKU-002402,Diverse demand-driven database,1,2,364.21,188.71,39,60
2403,SKU-002403,User-friendly multimedia standardization,5,74,262.5,187.5,15,114
2404,SKU-002404,Persistent directional concept,4,6,542.37,328.71,35,183
2405,SKU-002405,Sharable leadingedge emulation,14,46,327.0,270.25,23,189
2406,SKU-002406,Adaptive asymmetric pricing structure,15,3,326.78,180.19,40,125
2407,SKU-002407,Synergistic asymmetric Internet solution,6,63,95.95,72.69,44,160
2408,SKU-002408,Cloned cohesive process improvement,11,46,553.09,392.26,26,73
2409,SKU-002409,Multi-lateral attitude-oriented alliance,17,15,423.48,352.9,44,127
2410,SKU-002410,De-engineered clear-thinking interface,6,27,673.89,354.68,49,62
2411,SKU-002411,Devolved clear-thinking encoding,11,5,20.61,8.26,14,185
2412,SKU-002412,Future-proofed systemic circuit,9,26,222.0,120.0,34,134
2413,SKU-002413,Visionary object-oriented circuit,1,78,643.65,415.26,12,156
2414,SKU-002414,Optimized reciprocal info-mediaries,16,94,639.13,365.5,48,128
2415,SKU-002415,Grass-roots eco-centric architecture,1,50,9.66,6.31,11,161
2416,SKU-002416,Quality-focused executive frame,11,71,250.85,202.33,6,75
2417,SKU-002417,Open-source exuding circuit,14,89,276.91,170.93,15,182
2418,SKU-002418,Cross-platform bottom-line help-desk,1,41,5.14,3.75,6,154
2419,SKU-002419,Visionary content-based capability,11,21,683.14,317.73,50,134
2420,SKU-002420,Diverse client-driven protocol,2,42,363.26,192.2,37,190
2421,SKU-002421,Innovative disintermediate hardware,9,95,182.05,100.58,8,128
2422,SKU-002422,User-friendly systematic customer loyalty,12,6,366.81,256.51,11,72
2423,SKU-002423,Intuitive motivating software,14,24,86.6,61.42,34,164
2424,SKU-002424,Balanced directional artificial intelligence,15,36,547.66,362.69,39,200
2425,SKU-002425,Multi-channeled national website,17,1,14.92,11.3,50,170
2426,SKU-002426,Integrated clear-thinking conglomeration,8,48,112.84,62.69,49,134
2427,SKU-002427,Upgradable high-level policy,6,6,908.74,493.88,25,140
2428,SKU-002428,Organic modular policy,3,14,409.63,290.52,48,98
2429,SKU-002429,Triple-buffered fault-tolerant task-force,11,60,485.48,404.57,31,86
2430,SKU-002430,Synergized bi-directional array,13,1,452.07,228.32,40,195
2431,SKU-002431,Versatile bi-directional hardware,6,24,641.83,458.45,12,102
2432,SKU-002432,Adaptive multimedia customer loyalty,9,59,179.32,105.48,32,68
2433,SKU-002433,Proactive even-keeled info-mediaries,4,95,144.1,68.85,12,113
2434,SKU-002434,Right-sized clear-thinking Local Area Network,4,82,651.74,376.73,26,150
2435,SKU-002435,Programmable systematic matrix,17,87,610.36,480.6,27,87
2436,SKU-002436,Streamlined bi-directional moratorium,9,100,436.36,264.46,20,197
2437,SKU-002437,Universal non-volatile access,1,61,386.4,241.5,20,177
2438,SKU-002438,Intuitive maximized software,9,40,408.19,302.36,22,78
2439,SKU-002439,Reduced composite synergy,14,18,660.62,437.5,29,137
2440,SKU-002440,Visionary local help-desk,4,89,204.01,147.83,30,57
2441,SKU-002441,Mandatory optimal projection,17,27,631.33,481.93,44,182
2442,SKU-002442,Robust tertiary toolset,14,47,271.57,170.8,37,130
2443,SKU-002443,Proactive full-range instruction set,3,49,432.71,232.64,35,184
2444,SKU-002444,Automated mobile solution,7,8,298.1,160.27,33,75
2445,SKU-002445,Networked bandwidth-monitored software,7,41,659.64,414.87,47,56
2446,SKU-002446,Profound national data-warehouse,13,75,535.9,330.8,15,88
2447,SKU-002447,Advanced disintermediate core,14,75,134.98,99.25,42,137
2448,SKU-002448,Visionary 6thgeneration superstructure,6,29,128.47,68.7,10,85
2449,SKU-002449,Exclusive cohesive knowledgebase,8,41,670.42,478.87,49,134
2450,SKU-002450,Organized coherent firmware,2,25,744.91,416.15,13,82
2451,SKU-002451,Compatible explicit interface,11,5,206.29,127.34,42,112
2452,SKU-002452,Monitored system-worthy knowledge user,2,20,537.21,365.45,7,60
2453,SKU-002453,Compatible content-based instruction set,10,34,280.02,212.14,28,194
2454,SKU-002454,Customer-focused neutral open system,8,85,313.12,142.6,43,73
2455,SKU-002455,Synergistic upward-trending system engine,1,54,791.81,491.81,25,57
2456,SKU-002456,Down-sized coherent moratorium,8,84,539.66,226.94,50,56
2457,SKU-002457,Operative next generation solution,12,32,256.35,188.49,47,51
2458,SKU-002458,Inverse global paradigm,11,7,707.54,481.32,13,154
2459,SKU-002459,Adaptive modular methodology,16,99,170.79,110.9,39,129
2460,SKU-002460,Devolved mobile installation,7,74,863.17,474.27,43,65
2461,SKU-002461,Assimilated multi-state conglomeration,8,52,191.6,136.86,41,146
2462,SKU-002462,Re-contextualized 3rdgeneration contingency,6,20,572.63,371.84,8,194
2463,SKU-002463,Ameliorated impactful benchmark,15,99,426.81,229.47,43,59
2464,SKU-002464,Up-sized asymmetric Graphical User Interface,4,23,290.97,223.82,7,64
2465,SKU-002465,Integrated reciprocal alliance,15,56,143.54,108.74,43,171
2466,SKU-002466,Enterprise-wide upward-trending archive,7,88,679.62,459.2,20,109
2467,SKU-002467,Right-sized cohesive orchestration,13,84,589.64,303.94,44,87
2468,SKU-002468,Assimilated mission-critical artificial intelligence,6,23,75.52,59.0,31,60
2469,SKU-002469,Streamlined maximized intranet,9,24,830.87,445.7,34,63
2470,SKU-002470,User-centric needs-based monitoring,15,22,264.64,163.36,40,87
2471,SKU-002471,Switchable multi-state solution,1,11,47.13,33.51,15,157
2472,SKU-002472,Fundamental intangible strategy,14,47,407.85,297.7,37,198
2473,SKU-002473,Open-source 24/7 open system,14,89,270.82,167.17,6,159
2474,SKU-002474,Function-based global conglomeration,12,60,957.65,455.33,18,165
2475,SKU-002475,Proactive neutral monitoring,9,2,453.74,283.59,33,50
2476,SKU-002476,Intuitive mission-critical Local Area Network,15,100,637.84,416.89,8,161
2477,SKU-002477,Distributed impactful model,2,77,88.18,46.18,13,181
2478,SKU-002478,Up-sized asynchronous strategy,13,33,765.17,409.18,12,162
2479,SKU-002479,Proactive asynchronous project,17,55,18.75,15.0,7,135
2480,SKU-002480,Profound 24/7 utilization,7,10,339.57,200.93,49,152
2481,SKU-002481,Multi-layered scalable architecture,5,60,338.02,195.39,42,184
2482,SKU-002482,Virtual empowering challenge,12,31,195.33,99.15,28,119
2483,SKU-002483,Configurable reciprocal open architecture,9,72,86.79,44.51,6,183
2484,SKU-002484,Adaptive system-worthy migration,13,63,363.2,227.0,11,143
2485,SKU-002485,Streamlined bi-directional success,2,61,142.31,89.5,23,64
2486,SKU-002486,Reactive optimal hub,15,77,226.81,147.28,29,165
2487,SKU-002487,Configurable static application,11,9,547.49,360.19,10,58
2488,SKU-002488,Synergistic methodical application,4,64,762.77,476.73,40,142
2489,SKU-002489,Distributed grid-enabled secured line,10,73,28.49,16.92,35,91
2490,SKU-002490,Synergized regional conglomeration,2,11,672.54,353.97,5,94
2491,SKU-002491,Robust methodical flexibility,15,87,572.08,319.6,49,135
2492,SKU-002492,Right-sized value-added knowledge user,10,33,464.3,329.29,15,138
2493,SKU-002493,Streamlined composite approach,10,11,147.06,79.49,30,122
2494,SKU-002494,Implemented 6thgeneration utilization,12,12,92.73,59.44,17,111
2495,SKU-002495,Optimized web-enabled infrastructure,15,49,369.7,236.99,39,79
2496,SKU-002496,Adaptive multi-tasking functionalities,11,64,758.06,382.86,10,167
2497,SKU-002497,Programmable exuding pricing structure,13,67,228.87,156.76,37,70
2498,SKU-002498,Centralized didactic website,11,65,234.86,142.34,30,93
2499,SKU-002499,Multi-channeled leadingedge extranet,9,43,275.17,147.94,6,194
2500,SKU-002500,Enterprise-wide empowering hub,8,41,401.6,318.73,14,162
2501,SKU-002501,Cross-group system-worthy approach,17,48,900.68,379.75,49,68
2502,SKU-002502,Synergistic interactive migration,11,77,751.91,494.68,19,92
2503,SKU-002503,Open-source bottom-line middleware,7,7,71.47,41.31,47,166
2504,SKU-002504,Grass-roots system-worthy monitoring,1,98,682.37,372.88,7,89
2505,SKU-002505,Distributed grid-enabled pricing structure,16,85,103.53,77.84,13,52
2506,SKU-002506,Diverse object-oriented model,16,71,293.08,173.42,11,86
2507,SKU-002507,Synergized eco-centric portal,9,58,796.48,497.8,24,148
2508,SKU-002508,Fully-configurable logistical benchmark,16,93,7.6,4.37,40,114
2509,SKU-002509,Configurable logistical contingency,16,44,541.79,351.6,39,62
2510,SKU-002510,Enterprise-wide interactive knowledge user,14,80,835.99,416.34,37,182
2511,SKU-002511,Quality-focused multi-tasking Local Area Network,16,43,585.88,334.79,23,121
2512,SKU-002512,Virtual explicit architecture,8,36,267.92,170.65,5,79
2513,SKU-002513,Reduced system-worthy data-warehouse,14,1,907.74,472.78,49,134
2514,SKU-002514,Total logistical groupware,3,90,608.57,494.77,42,103
2515,SKU-002515,Robust 4thgeneration budgetary management,5,36,216.6,130.48,38,123
2516,SKU-002516,Fully-configurable interactive success,12,53,717.5,405.37,12,67
2517,SKU-002517,Total disintermediate approach,15,4,394.83,186.52,47,157
2518,SKU-002518,Assimilated foreground emulation,4,49,288.47,173.78,7,83
2519,SKU-002519,Innovative disintermediate encryption,2,28,657.32,363.16,33,95
2520,SKU-002520,Public-key incremental productivity,6,37,748.49,415.83,24,166
2521,SKU-002521,Cloned bi-directional capacity,3,27,556.08,448.45,39,53
2522,SKU-002522,Pre-emptive needs-based task-force,2,51,433.81,253.69,31,69
2523,SKU-002523,Secured multimedia groupware,17,52,238.88,165.89,29,109
2524,SKU-002524,Implemented attitude-oriented model,1,22,348.75,183.55,45,191
2525,SKU-002525,Devolved asynchronous concept,17,91,501.44,350.66,39,147
2526,SKU-002526,Seamless encompassing info-mediaries,17,98,313.24,223.74,24,94
2527,SKU-002527,Public-key executive knowledge user,2,43,520.08,276.64,14,61
2528,SKU-002528,Down-sized reciprocal moratorium,15,12,234.55,126.1,15,103
2529,SKU-002529,Optional homogeneous model,14,38,482.83,383.2,13,163
2530,SKU-002530,Networked client-driven interface,11,24,807.74,477.95,35,86
2531,SKU-002531,Up-sized dynamic collaboration,1,65,354.37,272.59,35,164
2532,SKU-002532,Configurable value-added ability,14,24,451.28,289.28,47,187
2533,SKU-002533,Sharable grid-enabled system engine,12,62,214.09,118.28,20,137
2534,SKU-002534,Streamlined clear-thinking website,15,64,568.59,458.54,46,59
2535,SKU-002535,Mandatory multi-tasking help-desk,16,28,38.51,30.32,8,82
2536,SKU-002536,Sharable static capacity,6,71,779.2,399.59,27,164
2537,SKU-002537,Diverse zero tolerance extranet,2,98,900.98,474.2,14,134
2538,SKU-002538,Programmable real-time success,8,75,269.69,177.43,33,167
2539,SKU-002539,Polarized next generation monitoring,3,47,446.49,334.4,42,157
2540,SKU-002540,Persevering discrete moderator,13,44,597.62,328.36,29,52
2541,SKU-002541,Synchronized intermediate methodology,8,27,300.98,154.35,16,95
2542,SKU-002542,Quality-focused real-time groupware,12,69,437.78,321.9,34,162
2543,SKU-002543,Front-line systematic pricing structure,9,41,19.32,16.1,42,121
2544,SKU-002544,Automated mobile installation,1,82,664.47,492.2,40,132
2545,SKU-002545,Business-focused directional encryption,17,4,261.42,107.7,49,80
2546,SKU-002546,Multi-tiered client-server moratorium,8,32,293.05,125.92,27,158
2547,SKU-002547,Reactive zero-defect archive,2,70,400.14,283.79,48,54
2548,SKU-002548,Expanded logistical focus group,7,42,617.4,486.14,30,167
2549,SKU-002549,Down-sized multimedia throughput,15,10,19.7,12.16,25,147
2550,SKU-002550,Secured holistic Local Area Network,10,46,349.18,189.77,36,137
2551,SKU-002551,Assimilated global Graphic Interface,8,89,429.87,292.43,45,149
2552,SKU-002552,Customizable exuding migration,12,37,110.32,70.72,9,193
2553,SKU-002553,Team-oriented foreground capacity,12,19,140.15,116.79,8,166
2554,SKU-002554,Virtual asynchronous infrastructure,11,13,915.1,459.85,9,97
2555,SKU-002555,Implemented tertiary frame,11,20,80.0,49.38,8,102
2556,SKU-002556,Self-enabling human-resource task-force,9,60,36.56,22.85,17,56
2557,SKU-002557,Centralized content-based superstructure,12,88,365.6,264.93,20,94
2558,SKU-002558,Horizontal executive access,6,75,721.89,372.11,17,161
2559,SKU-002559,Function-based background conglomeration,3,71,209.97,121.37,7,142
2560,SKU-002560,Polarized object-oriented functionalities,2,91,536.27,369.84,6,122
2561,SKU-002561,Streamlined disintermediate collaboration,11,39,655.0,475.61,31,52
2562,SKU-002562,Innovative user-facing superstructure,8,34,68.42,46.7,37,143
2563,SKU-002563,Right-sized zero administration software,14,89,310.9,244.8,16,168
2564,SKU-002564,Front-line explicit capacity,4,99,318.09,220.69,12,88
2565,SKU-002565,Cross-group tangible strategy,7,65,28.6,15.98,10,107
2566,SKU-002566,Integrated next generation alliance,6,80,38.69,22.11,38,62
2567,SKU-002567,Multi-tiered systematic installation,10,47,498.84,286.69,15,98
2568,SKU-002568,Re-engineered optimizing alliance,17,20,114.82,61.73,9,105
2569,SKU-002569,Upgradable tangible database,4,57,171.7,100.41,14,109
2570,SKU-002570,Business-focused exuding structure,3,62,634.31,391.55,10,52
2571,SKU-002571,Reactive non-volatile array,4,65,830.64,441.83,35,124
2572,SKU-002572,Expanded zero tolerance complexity,1,98,30.84,20.41,20,119
2573,SKU-002573,Assimilated modular archive,9,67,758.46,489.33,35,150
2574,SKU-002574,Monitored web-enabled strategy,5,46,282.35,178.7,50,167
2575,SKU-002575,Versatile value-added database,4,51,117.33,79.28,6,100
2576,SKU-002576,Synchronized value-added throughput,2,41,699.67,341.63,49,162
2577,SKU-002577,Re-engineered reciprocal implementation,7,8,857.54,435.3,32,152
2578,SKU-002578,Robust even-keeled initiative,13,51,738.07,447.59,48,112
2579,SKU-002579,Fully-configurable didactic solution,15,8,876.96,442.91,6,176
2580,SKU-002580,Advanced zero tolerance algorithm,16,9,96.2,57.95,22,62
2581,SKU-002581,Enterprise-wide didactic framework,7,4,377.97,288.53,30,136
2582,SKU-002582,Horizontal tangible moratorium,17,71,627.02,457.68,17,93
2583,SKU-002583,Upgradable 24hour orchestration,16,24,222.8,126.59,14,184
2584,SKU-002584,Multi-layered neutral Graphical User Interface,9,46,817.96,437.41,25,78
2585,SKU-002585,Operative zero tolerance algorithm,7,40,191.67,110.79,38,92
2586,SKU-002586,Proactive needs-based open architecture,7,71,617.48,400.96,50,175
2587,SKU-002587,Public-key 3rdgeneration alliance,9,89,249.97,102.5,20,155
2588,SKU-002588,Integrated incremental instruction set,9,67,220.05,132.56,32,172
2589,SKU-002589,Pre-emptive zero administration array,5,5,831.28,485.91,30,108
2590,SKU-002590,Down-sized object-oriented intranet,16,52,81.48,56.58,7,81
2591,SKU-002591,Customizable value-added time-frame,9,33,252.85,135.45,10,144
2592,SKU-002592,Integrated transitional data-warehouse,13,9,429.82,226.22,9,156
2593,SKU-002593,Assimilated dedicated implementation,3,12,443.69,277.48,38,92
2594,SKU-002594,Mandatory global strategy,9,49,293.87,206.95,27,116
2595,SKU-002595,Fully-configurable homogeneous middleware,9,100,150.78,91.94,19,177
2596,SKU-002596,Exclusive explicit website,9,81,303.04,233.11,48,130
2597,SKU-002597,Open-source zero tolerance interface,1,2,270.5,145.43,19,51
2598,SKU-002598,Open-source secondary challenge,5,64,769.31,437.11,14,106
2599,SKU-002599,Phased encompassing software,5,89,870.91,497.66,11,163
2600,SKU-002600,Focused national hub,2,75,638.37,382.26,25,165
2601,SKU-002601,Assimilated zero-defect structure,3,53,16.94,12.74,48,142
2602,SKU-002602,Ergonomic incremental website,9,97,33.64,18.69,6,111
2603,SKU-002603,Future-proofed content-based synergy,16,60,243.97,142.67,7,53
2604,SKU-002604,Re-engineered full-range structure,11,91,575.96,355.53,12,128
2605,SKU-002605,Horizontal reciprocal synergy,13,55,550.74,417.23,41,134
2606,SKU-002606,Versatile tangible leverage,12,56,295.21,152.17,13,171
2607,SKU-002607,User-friendly transitional architecture,15,27,238.51,177.21,22,128
2608,SKU-002608,Versatile foreground paradigm,6,30,451.22,238.74,25,80
2609,SKU-002609,Focused cohesive interface,9,94,713.18,419.52,37,174
2610,SKU-002610,Cross-group leadingedge access,15,72,590.58,369.11,11,82
2611,SKU-002611,Streamlined global knowledge user,13,10,636.96,351.91,20,60
2612,SKU-002612,Horizontal background standardization,10,23,752.98,440.34,45,112
2613,SKU-002613,Distributed zero tolerance moratorium,7,82,324.19,162.91,18,173
2614,SKU-002614,Multi-channeled impactful protocol,16,74,169.72,88.86,40,81
2615,SKU-002615,Inverse homogeneous focus group,15,92,589.95,339.26,35,74
2616,SKU-002616,Realigned clear-thinking superstructure,3,68,705.67,425.1,34,59
2617,SKU-002617,Up-sized 24hour matrix,4,15,660.55,347.66,31,80
2618,SKU-002618,Function-based homogeneous structure,3,14,53.3,40.38,42,179
2619,SKU-002619,Innovative context-sensitive superstructure,10,63,183.52,125.7,18,182
2620,SKU-002620,Enterprise-wide disintermediate methodology,16,38,896.21,471.69,40,176
2621,SKU-002621,Realigned next generation capability,5,44,377.6,236.0,20,94
2622,SKU-002622,Upgradable zero administration open architecture,1,71,376.75,173.12,15,92
2623,SKU-002623,Open-source static initiative,14,94,373.11,209.61,6,87
2624,SKU-002624,Expanded neutral data-warehouse,12,59,536.74,279.55,9,154
2625,SKU-002625,Adaptive 24/7 core,16,2,350.78,159.51,42,55
2626,SKU-002626,Programmable zero-defect approach,17,81,373.41,230.5,37,156
2627,SKU-002627,Reduced directional concept,2,64,926.9,472.91,50,58
2628,SKU-002628,Profit-focused encompassing policy,5,87,394.83,294.65,49,161
2629,SKU-002629,Organic incremental software,6,79,429.12,253.92,31,138
2630,SKU-002630,Future-proofed global infrastructure,11,57,60.64,32.6,13,159
2631,SKU-002631,Grass-roots background throughput,17,21,452.91,243.5,37,76
2632,SKU-002632,Polarized object-oriented hardware,1,6,376.12,230.75,17,128
2633,SKU-002633,Distributed analyzing contingency,14,23,339.02,172.97,30,107
2634,SKU-002634,Networked stable extranet,12,22,60.98,31.27,28,163
2635,SKU-002635,Universal well-modulated alliance,15,97,207.01,116.3,21,60
2636,SKU-002636,Cross-group intermediate migration,11,19,536.02,377.48,46,88
2637,SKU-002637,Polarized holistic capability,5,44,276.1,141.59,50,192
2638,SKU-002638,Up-sized heuristic database,13,93,177.84,104.61,31,103
2639,SKU-002639,Focused didactic firmware,5,20,156.81,101.17,39,140
2640,SKU-002640,Visionary multi-state emulation,15,18,709.85,358.51,19,177
2641,SKU-002641,Versatile optimal database,4,5,496.52,347.22,19,108
2642,SKU-002642,Reduced fault-tolerant circuit,7,33,704.53,369.6,7,102
2643,SKU-002643,Exclusive content-based emulation,7,88,512.64,382.57,12,187
2644,SKU-002644,Grass-roots high-level initiative,3,17,767.17,456.65,28,174
2645,SKU-002645,Persistent directional intranet,4,76,614.66,458.7,38,145
2646,SKU-002646,Operative object-oriented protocol,13,70,624.47,387.87,6,148
2647,SKU-002647,Innovative upward-trending solution,5,13,213.32,153.47,28,175
2648,SKU-002648,Secured static complexity,14,38,545.2,342.89,6,132
2649,SKU-002649,Organized dedicated project,14,67,194.24,107.91,38,142
2650,SKU-002650,De-engineered multi-tasking open architecture,7,82,609.14,317.26,41,59
2651,SKU-002651,Robust maximized service-desk,17,28,206.07,115.77,48,104
2652,SKU-002652,Front-line composite attitude,17,48,52.66,43.88,42,157
2653,SKU-002653,Configurable systemic software,1,17,985.93,495.44,26,52
2654,SKU-002654,Streamlined multi-tasking initiative,2,52,396.83,204.55,46,167
2655,SKU-002655,Phased background framework,14,32,178.06,116.38,14,193
2656,SKU-002656,Adaptive discrete moderator,11,24,579.87,300.45,24,87
2657,SKU-002657,Distributed bi-directional Graphic Interface,12,73,533.13,440.6,30,111
2658,SKU-002658,Expanded object-oriented service-desk,14,30,639.6,466.86,43,115
2659,SKU-002659,Re-contextualized grid-enabled Graphic Interface,10,54,462.42,316.43,28,161
2660,SKU-002660,Compatible methodical approach,17,63,501.05,400.84,18,58
2661,SKU-002661,Switchable client-server support,15,27,35.03,29.19,29,146
2662,SKU-002662,User-centric human-resource protocol,15,27,166.85,115.87,50,97
2663,SKU-002663,Profit-focused local flexibility,7,77,122.3,89.93,9,159
2664,SKU-002664,Automated real-time access,10,71,671.32,343.5,38,160
2665,SKU-002665,Organic demand-driven synergy,5,53,399.59,204.92,24,127
2666,SKU-002666,Visionary next generation orchestration,7,86,947.16,475.96,35,181
2667,SKU-002667,Grass-roots background matrices,14,8,332.6,184.78,44,55
2668,SKU-002668,Implemented zero administration strategy,12,82,737.95,308.25,40,77
2669,SKU-002669,Pre-emptive dynamic structure,9,54,18.35,9.36,32,197
2670,SKU-002670,Extended system-worthy emulation,15,99,699.89,429.38,40,64
2671,SKU-002671,Re-engineered 4thgeneration protocol,11,50,710.95,383.98,32,138
2672,SKU-002672,Quality-focused exuding support,15,57,736.49,472.11,10,185
2673,SKU-002673,Grass-roots dynamic firmware,12,6,740.94,474.96,43,153
2674,SKU-002674,Balanced hybrid complexity,11,8,430.34,262.4,14,111
2675,SKU-002675,Object-based real-time productivity,6,34,34.63,25.65,19,126
2676,SKU-002676,Progressive impactful policy,11,23,525.74,398.29,12,97
2677,SKU-002677,Automated disintermediate middleware,15,9,627.48,421.13,5,183
2678,SKU-002678,Integrated intangible process improvement,10,49,399.73,281.5,32,50
2679,SKU-002679,Polarized impactful firmware,15,36,591.03,465.38,34,160
2680,SKU-002680,User-centric attitude-oriented interface,3,24,696.88,378.74,16,79
2681,SKU-002681,Front-line upward-trending orchestration,13,90,818.16,417.43,25,139
2682,SKU-002682,Re-contextualized scalable analyzer,2,39,514.98,284.52,12,130
2683,SKU-002683,Extended holistic capacity,14,92,341.34,268.77,50,152
2684,SKU-002684,Intuitive foreground synergy,1,99,3.5,2.12,6,92
2685,SKU-002685,Programmable 24/7 benchmark,1,9,375.01,302.43,16,125
2686,SKU-002686,Cross-group holistic open architecture,2,50,1023.6,417.45,46,73
2687,SKU-002687,Open-architected responsive toolset,12,5,382.38,308.37,27,136
2688,SKU-002688,User-centric optimizing definition,14,69,117.9,63.73,33,70
2689,SKU-002689,Polarized 24hour monitoring,1,83,491.25,258.55,24,87
2690,SKU-002690,Realigned transitional toolset,12,3,602.23,307.26,36,75
2691,SKU-002691,Face-to-face demand-driven challenge,3,98,758.9,309.54,17,121
2692,SKU-002692,Visionary empowering analyzer,2,28,373.22,297.45,35,68
2693,SKU-002693,Programmable next generation hardware,13,20,703.14,481.6,50,164
2694,SKU-002694,Open-architected bi-directional architecture,6,54,197.71,132.69,13,58
2695,SKU-002695,Reverse-engineered holistic archive,14,41,498.09,334.29,36,73
2696,SKU-002696,Optional actuating project,3,70,149.84,88.14,10,81
2697,SKU-002697,Triple-buffered secondary time-frame,8,87,636.27,343.93,44,106
2698,SKU-002698,Multi-channeled optimal synergy,17,99,144.81,102.7,36,198
2699,SKU-002699,Distributed directional budgetary management,10,85,570.06,370.17,26,160
2700,SKU-002700,Reduced tertiary info-mediaries,4,74,344.21,286.84,30,190
2701,SKU-002701,Monitored cohesive array,3,19,34.27,26.36,8,105
2702,SKU-002702,Decentralized impactful toolset,9,100,676.52,407.54,11,192
2703,SKU-002703,User-friendly incremental analyzer,3,89,521.53,395.1,44,177
2704,SKU-002704,Vision-oriented neutral encoding,9,55,652.58,466.13,41,133
2705,SKU-002705,Open-architected 24/7 parallelism,11,65,177.25,136.35,7,155
2706,SKU-002706,Mandatory hybrid Internet solution,8,88,565.46,425.16,44,189
2707,SKU-002707,Fundamental client-server portal,9,11,762.11,470.44,24,86
2708,SKU-002708,Secured heuristic knowledgebase,15,56,469.62,342.79,16,130
2709,SKU-002709,Open-architected web-enabled info-mediaries,3,77,689.26,436.24,27,99
2710,SKU-002710,Proactive client-driven moderator,13,16,32.8,24.12,35,125
2711,SKU-002711,Intuitive optimal access,5,88,575.87,346.91,29,83
2712,SKU-002712,Networked human-resource challenge,13,56,425.59,313.57,5,98
2713,SKU-002713,Open-architected neutral policy,14,62,214.08,159.76,46,61
2714,SKU-002714,Diverse modular synergy,16,88,96.94,65.5,23,61
2715,SKU-002715,De-engineered demand-driven array,5,42,134.96,82.8,14,120
2716,SKU-002716,User-friendly human-resource alliance,1,67,153.31,93.25,25,183
2717,SKU-002717,Networked asymmetric knowledge user,6,14,758.19,430.79,28,64
2718,SKU-002718,Upgradable discrete groupware,7,99,354.37,175.98,10,98
2719,SKU-002719,Open-source 3rdgeneration groupware,8,37,544.12,370.15,47,88
2720,SKU-002720,Universal transitional capability,1,78,242.28,126.19,10,87
2721,SKU-002721,User-friendly directional success,4,36,630.07,473.74,49,69
2722,SKU-002722,Face-to-face empowering solution,7,88,239.75,145.3,45,169
2723,SKU-002723,Innovative 6thgeneration system engine,5,13,847.15,450.61,12,159
2724,SKU-002724,Cross-group didactic matrix,17,11,617.48,478.67,37,77
2725,SKU-002725,Re-contextualized human-resource collaboration,10,21,628.51,336.1,31,138
2726,SKU-002726,Synergistic full-range hierarchy,17,61,304.37,239.66,33,122
2727,SKU-002727,Extended zero administration standardization,10,65,611.14,399.44,38,186
2728,SKU-002728,Distributed foreground function,10,96,135.45,75.25,16,82
2729,SKU-002729,Customizable asymmetric Local Area Network,17,87,464.47,329.41,40,97
2730,SKU-002730,Fully-configurable eco-centric Graphical User Interface,12,30,427.95,285.3,40,184
2731,SKU-002731,Adaptive empowering intranet,13,61,117.18,97.65,32,147
2732,SKU-002732,De-engineered needs-based moratorium,16,39,790.41,470.48,25,178
2733,SKU-002733,Self-enabling methodical functionalities,7,10,391.17,230.1,48,105
2734,SKU-002734,Ergonomic bi-directional hub,5,51,652.23,368.49,13,74
2735,SKU-002735,Implemented transitional artificial intelligence,9,34,545.52,338.83,19,50
2736,SKU-002736,Configurable even-keeled forecast,12,19,487.45,327.15,42,147
2737,SKU-002737,Persistent fault-tolerant flexibility,7,28,908.94,478.39,9,172
2738,SKU-002738,Focused dynamic focus group,15,22,65.98,51.15,44,160
2739,SKU-002739,Cross-group 4thgeneration system engine,2,96,563.91,433.78,18,127
2740,SKU-002740,Right-sized modular hierarchy,12,71,206.57,117.37,50,155
2741,SKU-002741,Profound impactful application,5,15,516.48,322.8,28,196
2742,SKU-002742,Function-based didactic knowledgebase,14,29,538.42,304.19,37,82
2743,SKU-002743,Extended bottom-line complexity,6,24,319.23,253.36,19,132
2744,SKU-002744,Advanced explicit knowledge user,7,88,214.83,137.71,12,129
2745,SKU-002745,Realigned maximized function,15,61,565.41,376.94,36,115
2746,SKU-002746,Open-architected human-resource installation,12,52,7.14,5.58,5,50
2747,SKU-002747,Devolved cohesive neural-net,5,16,661.95,346.57,16,187
2748,SKU-002748,Operative national concept,16,72,110.13,67.15,21,162
2749,SKU-002749,Extended radical database,7,2,134.03,70.54,24,142
2750,SKU-002750,Down-sized stable task-force,2,52,570.61,331.75,30,151
2751,SKU-002751,Cross-platform contextually-based customer loyalty,9,84,23.66,18.34,21,102
2752,SKU-002752,Realigned background budgetary management,17,85,307.39,176.66,24,160
2753,SKU-002753,Enterprise-wide bottom-line algorithm,13,96,240.89,181.12,20,169
2754,SKU-002754,Versatile tertiary adapter,10,72,460.59,287.87,50,107
2755,SKU-002755,Progressive bandwidth-monitored artificial intelligence,14,94,731.66,406.48,26,198
2756,SKU-002756,Fundamental composite archive,8,64,313.93,181.46,41,100
2757,SKU-002757,Open-source content-based solution,13,44,932.07,473.13,41,177
2758,SKU-002758,Optimized multi-state methodology,16,63,147.27,92.62,28,195
2759,SKU-002759,Expanded zero-defect function,3,63,207.97,109.46,21,68
2760,SKU-002760,Realigned 4thgeneration neural-net,10,23,599.87,301.44,32,175
2761,SKU-002761,Robust real-time access,16,52,548.95,439.16,12,143
2762,SKU-002762,Face-to-face reciprocal benchmark,11,40,577.77,445.3,38,50
2763,SKU-002763,Exclusive incremental extranet,16,80,310.75,159.36,15,69
2764,SKU-002764,Up-sized multi-tasking infrastructure,4,50,163.34,135.74,21,167
2765,SKU-002765,Self-enabling stable portal,3,44,504.25,362.77,35,107
2766,SKU-002766,Persevering reciprocal orchestration,13,60,405.28,273.84,47,109
2767,SKU-002767,Reduced systematic infrastructure,4,6,280.8,200.57,16,99
2768,SKU-002768,Face-to-face systematic conglomeration,2,47,328.36,236.23,37,149
2769,SKU-002769,Future-proofed high-level process improvement,16,14,351.26,292.72,47,143
2770,SKU-002770,Exclusive cohesive throughput,16,60,336.29,187.87,5,80
2771,SKU-002771,Synergistic regional attitude,15,87,86.0,61.87,36,102
2772,SKU-002772,Reverse-engineered interactive migration,11,53,728.98,322.23,37,191
2773,SKU-002773,Cloned 5thgeneration system engine,17,44,695.17,354.68,48,171
2774,SKU-002774,Reverse-engineered explicit data-warehouse,7,53,168.15,104.44,22,119
2775,SKU-002775,Multi-tiered dedicated collaboration,16,51,550.1,454.63,36,158
2776,SKU-002776,Object-based empowering support,11,67,802.51,455.97,33,149
2777,SKU-002777,Sharable empowering intranet,3,45,347.63,199.79,27,111
2778,SKU-002778,Stand-alone 5thgeneration structure,5,33,199.58,142.56,6,143
2779,SKU-002779,Right-sized secondary ability,9,87,151.93,125.56,38,151
2780,SKU-002780,Assimilated disintermediate intranet,12,36,231.87,163.29,40,58
2781,SKU-002781,Focused national data-warehouse,7,94,584.49,397.61,39,145
2782,SKU-002782,Up-sized real-time capability,8,53,584.88,475.51,43,147
2783,SKU-002783,Grass-roots zero-defect algorithm,16,29,298.51,157.94,34,103
2784,SKU-002784,Adaptive uniform info-mediaries,7,23,44.01,30.35,50,115
2785,SKU-002785,User-centric client-server installation,12,67,543.29,431.3,19,186
2786,SKU-002786,Exclusive explicit infrastructure,15,36,294.59,233.8,46,159
2787,SKU-002787,User-friendly 5thgeneration encryption,7,18,215.26,138.88,36,100
2788,SKU-002788,Customizable full-range policy,5,7,562.23,422.73,50,197
2789,SKU-002789,Self-enabling mobile Internet solution,2,62,181.42,147.8,39,78
2790,SKU-002790,Programmable empowering parallelism,15,61,601.25,351.76,41,170
2791,SKU-002791,Ameliorated interactive array,9,33,137.36,105.66,18,132
2792,SKU-002792,Triple-buffered methodical moderator,7,44,309.31,230.83,6,138
2793,SKU-002793,Automated contextually-based task-force,15,4,524.34,344.96,30,185
2794,SKU-002794,Phased analyzing matrices,3,82,475.14,242.42,49,188
2795,SKU-002795,Enterprise-wide disintermediate success,13,13,616.26,350.15,18,195
2796,SKU-002796,Persistent eco-centric hierarchy,17,39,94.22,58.16,48,76
2797,SKU-002797,Proactive incremental middleware,15,2,472.83,360.94,26,179
2798,SKU-002798,Cloned well-modulated analyzer,13,83,696.17,400.1,28,80
2799,SKU-002799,Balanced modular alliance,15,68,610.1,455.3,18,187
2800,SKU-002800,Progressive upward-trending flexibility,17,26,547.28,350.82,5,108
2801,SKU-002801,Extended intermediate groupware,10,89,210.93,132.66,48,51
2802,SKU-002802,De-engineered mission-critical contingency,17,8,799.0,446.37,44,52
2803,SKU-002803,Profit-focused dynamic utilization,13,33,166.86,98.15,20,71
2804,SKU-002804,Secured motivating flexibility,9,35,432.18,221.63,7,191
2805,SKU-002805,Reverse-engineered didactic algorithm,7,24,565.19,289.84,45,58
2806,SKU-002806,Adaptive transitional Graphical User Interface,5,55,370.14,238.8,44,63
2807,SKU-002807,Expanded solution-oriented alliance,5,78,79.14,65.95,43,152
2808,SKU-002808,Right-sized composite encryption,12,52,236.7,197.25,27,117
2809,SKU-002809,Organic radical project,4,46,647.4,498.0,22,65
2810,SKU-002810,Diverse 4thgeneration capability,5,81,520.67,413.23,43,141
2811,SKU-002811,De-engineered dedicated artificial intelligence,5,90,137.74,112.11,7,148
2812,SKU-002812,Innovative multi-tasking capability,2,73,815.42,479.66,20,64
2813,SKU-002813,Horizontal tertiary knowledge user,7,67,780.62,467.44,27,163
2814,SKU-002814,Reverse-engineered multi-tasking synergy,5,35,490.92,389.62,50,134
2815,SKU-002815,Progressive bi-directional hub,3,69,427.53,328.87,15,174
2816,SKU-002816,Profound client-driven Internet solution,9,17,151.41,76.86,42,140
2817,SKU-002817,Multi-lateral high-level project,15,88,548.73,446.12,31,185
2818,SKU-002818,Mandatory optimizing analyzer,8,7,577.25,403.67,37,81
2819,SKU-002819,Fundamental user-facing middleware,15,50,409.23,296.54,11,136
2820,SKU-002820,Reactive executive paradigm,4,92,16.34,9.9,25,57
2821,SKU-002821,Function-based executive installation,10,6,482.63,263.73,20,135
2822,SKU-002822,Multi-lateral grid-enabled toolset,12,77,27.39,15.56,49,103
2823,SKU-002823,Profit-focused web-enabled structure,5,85,323.71,190.42,14,164
2824,SKU-002824,Organized zero administration knowledge user,16,64,313.25,226.99,22,145
2825,SKU-002825,Triple-buffered bottom-line capacity,7,66,402.87,296.23,33,87
2826,SKU-002826,Right-sized methodical pricing structure,2,3,704.15,437.36,36,65
2827,SKU-002827,Right-sized executive neural-net,10,73,533.43,365.36,49,156
2828,SKU-002828,Optimized clear-thinking customer loyalty,11,54,369.41,238.33,47,175
2829,SKU-002829,Reverse-engineered directional Graphical User Interface,1,22,90.8,62.19,33,160
2830,SKU-002830,Innovative bottom-line toolset,5,100,340.89,230.33,14,175
2831,SKU-002831,Multi-lateral dedicated workforce,3,37,116.79,77.86,28,78
2832,SKU-002832,Customer-focused modular productivity,2,8,483.03,357.8,26,122
2833,SKU-002833,Front-line explicit help-desk,12,80,843.82,493.46,26,143
2834,SKU-002834,Realigned stable data-warehouse,7,48,831.01,474.55,47,173
2835,SKU-002835,Profound actuating open architecture,12,98,552.28,360.97,5,127
2836,SKU-002836,Profit-focused intangible task-force,2,38,538.13,413.95,17,70
2837,SKU-002837,Synergized methodical open architecture,11,99,346.64,244.11,15,73
2838,SKU-002838,Focused directional infrastructure,13,6,561.86,322.91,44,112
2839,SKU-002839,Progressive object-oriented model,17,70,626.92,447.8,27,56
2840,SKU-002840,Virtual neutral customer loyalty,3,12,69.68,47.4,11,144
2841,SKU-002841,Diverse impactful forecast,2,5,648.39,432.26,44,98
2842,SKU-002842,Extended object-oriented Internet solution,8,64,672.33,353.86,42,60
2843,SKU-002843,Realigned scalable knowledge user,17,22,162.24,96.0,46,66
2844,SKU-002844,Innovative executive knowledge user,17,13,482.1,288.68,31,165
2845,SKU-002845,Future-proofed client-driven support,1,70,435.84,223.51,19,126
2846,SKU-002846,Implemented contextually-based synergy,13,56,325.81,264.89,23,173
2847,SKU-002847,Grass-roots 4thgeneration extranet,15,83,200.42,144.19,40,99
2848,SKU-002848,Proactive radical Internet solution,14,31,777.89,394.87,33,133
2849,SKU-002849,Innovative encompassing pricing structure,6,40,416.69,267.11,29,184
2850,SKU-002850,Function-based human-resource pricing structure,7,73,320.87,230.84,44,135
2851,SKU-002851,Optional impactful function,5,26,183.34,129.11,44,121
2852,SKU-002852,Virtual 24/7 open architecture,13,35,12.51,7.19,42,149
2853,SKU-002853,Public-key contextually-based challenge,5,32,415.09,201.53,47,84
2854,SKU-002854,Business-focused directional Local Area Network,7,30,199.63,138.49,36,192
2855,SKU-002855,Synergistic transitional architecture,7,66,593.53,398.34,31,175
2856,SKU-002856,Profit-focused dynamic application,9,43,769.98,472.38,25,199
2857,SKU-002857,Vision-oriented local protocol,13,84,371.76,199.87,47,145
2858,SKU-002858,Synergistic 24hour application,12,44,726.03,424.58,9,83
2859,SKU-002859,Optimized empowering productivity,9,78,862.85,471.5,21,104
2860,SKU-002860,Persistent 5thgeneration hub,14,14,602.01,497.53,21,161
2861,SKU-002861,Enhanced 6thgeneration approach,10,20,241.88,183.24,10,180
2862,SKU-002862,Universal bandwidth-monitored hub,5,7,351.64,222.56,20,133
2863,SKU-002863,Progressive grid-enabled secured line,1,44,77.5,44.8,31,145
2864,SKU-002864,Intuitive neutral functionalities,2,70,413.59,323.12,10,117
2865,SKU-002865,Re-contextualized motivating leverage,14,53,186.64,98.23,50,102
2866,SKU-002866,Grass-roots clear-thinking database,7,71,194.26,97.62,11,50
2867,SKU-002867,Pre-emptive 6thgeneration alliance,12,20,402.55,207.5,13,70
2868,SKU-002868,Streamlined zero-defect frame,14,47,430.3,272.34,44,55
2869,SKU-002869,Triple-buffered contextually-based hardware,14,13,206.59,172.16,12,124
2870,SKU-002870,Integrated 24hour product,16,62,168.6,112.4,28,81
2871,SKU-002871,Advanced radical system engine,5,18,219.45,115.5,11,152
2872,SKU-002872,Mandatory dedicated knowledgebase,4,37,385.9,283.75,33,111
2873,SKU-002873,Fully-configurable attitude-oriented pricing structure,5,57,674.82,496.19,23,113
2874,SKU-002874,Optimized incremental hardware,13,6,624.89,411.11,16,106
2875,SKU-002875,Multi-channeled global migration,1,54,160.38,105.51,14,114
2876,SKU-002876,Distributed intangible knowledgebase,5,7,335.21,234.41,48,111
2877,SKU-002877,Centralized client-server knowledgebase,11,15,409.11,209.8,5,51
2878,SKU-002878,Pre-emptive 6thgeneration interface,1,41,777.66,457.45,34,69
2879,SKU-002879,Cross-group human-resource knowledgebase,7,24,838.44,397.9,20,143
2880,SKU-002880,Total discrete adapter,12,35,810.14,411.24,38,122
2881,SKU-002881,Operative full-range leverage,2,57,880.94,377.74,42,125
2882,SKU-002882,Progressive discrete alliance,5,35,186.54,98.18,16,151
2883,SKU-002883,Progressive zero tolerance groupware,11,95,685.09,351.33,12,196
2884,SKU-002884,Cloned zero-defect projection,3,42,19.57,14.18,50,128
2885,SKU-002885,Intuitive bandwidth-monitored application,8,25,558.47,280.64,23,150
2886,SKU-002886,Operative dedicated task-force,8,1,510.03,398.46,25,173
2887,SKU-002887,Innovative content-based Local Area Network,2,1,689.81,364.98,41,188
2888,SKU-002888,Visionary empowering emulation,15,58,698.16,462.36,7,87
2889,SKU-002889,Future-proofed leadingedge approach,4,24,100.6,51.59,26,93
2890,SKU-002890,Self-enabling non-volatile synergy,16,12,361.78,284.87,33,188
2891,SKU-002891,Multi-tiered real-time intranet,12,5,305.7,193.48,27,74
2892,SKU-002892,Vision-oriented non-volatile encoding,1,98,479.29,254.94,49,67
2893,SKU-002893,Multi-lateral optimizing artificial intelligence,13,78,61.19,31.87,40,98
2894,SKU-002894,Reverse-engineered didactic implementation,10,83,208.83,128.91,36,57
2895,SKU-002895,Innovative 6thgeneration info-mediaries,12,91,514.12,267.77,50,125
2896,SKU-002896,Managed object-oriented customer loyalty,12,60,926.25,477.45,6,177
2897,SKU-002897,Object-based contextually-based access,16,69,854.82,438.48,46,132
2898,SKU-002898,Customizable optimal protocol,6,53,344.11,219.18,6,82
2899,SKU-002899,Cloned bottom-line open architecture,14,66,930.81,479.8,6,80
2900,SKU-002900,Adaptive optimizing projection,3,76,24.44,15.77,22,196
2901,SKU-002901,Persistent actuating application,7,18,6.79,3.71,36,153
2902,SKU-002902,Synchronized static solution,17,60,494.22,343.21,34,175
2903,SKU-002903,Reverse-engineered maximized challenge,13,65,683.05,437.63,13,75
2904,SKU-002904,Stand-alone solution-oriented throughput,13,40,85.81,55.72,32,57
2905,SKU-002905,Sharable foreground policy,12,50,619.52,495.62,49,194
2906,SKU-002906,Decentralized demand-driven hub,13,31,440.72,353.14,41,167
2907,SKU-002907,Balanced actuating methodology,12,14,595.02,410.36,32,169
2908,SKU-002908,Phased content-based hierarchy,4,71,695.66,384.34,13,78
2909,SKU-002909,Profound local forecast,16,58,336.4,252.93,43,111
2910,SKU-002910,Reactive fault-tolerant data-warehouse,8,48,354.62,193.78,29,198
2911,SKU-002911,Monitored client-server throughput,2,11,371.61,304.6,44,101
2912,SKU-002912,Optimized scalable orchestration,4,20,44.73,33.89,29,175
2913,SKU-002913,Operative optimal orchestration,7,27,102.74,59.73,28,111
2914,SKU-002914,Compatible dynamic task-force,16,72,628.92,349.4,18,60
2915,SKU-002915,De-engineered multimedia website,16,48,278.59,166.82,19,110
2916,SKU-002916,Team-oriented composite application,5,77,262.45,170.42,48,120
2917,SKU-002917,Polarized motivating capability,4,24,527.6,399.7,40,90
2918,SKU-002918,User-friendly holistic capability,15,30,285.99,208.75,41,92
2919,SKU-002919,Face-to-face attitude-oriented intranet,15,66,715.42,411.16,32,135
2920,SKU-002920,Streamlined even-keeled software,15,48,799.97,465.1,46,64
2921,SKU-002921,Switchable modular success,16,100,307.21,163.41,41,70
2922,SKU-002922,De-engineered static framework,7,39,449.12,236.38,46,131
2923,SKU-002923,Total asynchronous architecture,11,64,176.2,107.44,27,58
2924,SKU-002924,Diverse actuating process improvement,9,66,696.38,440.75,7,98
2925,SKU-002925,Stand-alone heuristic instruction set,6,79,308.9,196.75,21,100
2926,SKU-002926,Public-key homogeneous utilization,15,1,159.19,104.73,38,187
2927,SKU-002927,Re-engineered well-modulated flexibility,8,100,246.75,163.41,42,119
2928,SKU-002928,Cloned 3rdgeneration framework,5,63,263.83,138.13,42,171
2929,SKU-002929,Grass-roots optimal collaboration,4,1,195.54,135.79,11,184
2930,SKU-002930,Secured secondary budgetary management,7,20,733.18,411.9,45,200
2931,SKU-002931,Expanded multi-tasking function,17,82,179.73,127.47,9,75
2932,SKU-002932,Ergonomic exuding knowledgebase,12,51,66.37,47.41,8,73
2933,SKU-002933,Diverse human-resource contingency,10,43,836.86,447.52,25,122
2934,SKU-002934,Decentralized discrete Graphical User Interface,9,50,262.54,215.2,44,93
2935,SKU-002935,Horizontal 24hour matrix,3,97,130.44,75.84,33,113
2936,SKU-002936,Networked human-resource approach,11,34,463.55,343.37,35,62
2937,SKU-002937,Business-focused dynamic orchestration,17,10,568.92,371.84,8,163
2938,SKU-002938,Mandatory client-driven archive,9,81,509.13,297.99,10,95
2939,SKU-002939,Sharable bi-directional matrix,11,52,3.03,2.21,9,148
2940,SKU-002940,Function-based static artificial intelligence,17,94,411.53,265.5,26,119
2941,SKU-002941,Exclusive intermediate infrastructure,12,94,119.49,64.24,5,85
2942,SKU-002942,Optional tangible task-force,11,71,379.75,267.43,12,162
2943,SKU-002943,Multi-layered upward-trending leverage,6,73,617.49,333.78,8,134
2944,SKU-002944,Enhanced composite artificial intelligence,4,83,162.64,92.94,48,76
2945,SKU-002945,Reduced real-time flexibility,17,15,580.17,335.36,23,78
2946,SKU-002946,Profound high-level solution,13,74,186.69,147.0,42,98
2947,SKU-002947,Open-source fresh-thinking collaboration,1,16,361.97,299.15,15,57
2948,SKU-002948,Distributed actuating process improvement,17,83,86.36,57.57,24,128
2949,SKU-002949,Multi-lateral regional framework,3,89,340.94,225.79,39,87
2950,SKU-002950,Switchable human-resource knowledgebase,11,78,313.39,239.23,11,156
2951,SKU-002951,Ergonomic coherent success,4,72,225.88,161.34,46,56
2952,SKU-002952,Centralized multi-state functionalities,5,28,568.07,458.12,11,141
2953,SKU-002953,Implemented contextually-based moratorium,9,92,271.28,208.68,5,82
2954,SKU-002954,Enhanced hybrid matrices,3,81,116.88,77.92,20,90
2955,SKU-002955,Versatile eco-centric complexity,8,69,9.39,7.17,32,162
2956,SKU-002956,Networked 4thgeneration function,5,80,658.4,411.5,17,187
2957,SKU-002957,Object-based methodical framework,2,70,484.14,254.81,49,177
2958,SKU-002958,Organized solution-oriented Graphical User Interface,6,38,376.75,251.17,49,63
2959,SKU-002959,Automated holistic archive,1,89,23.25,12.3,48,176
2960,SKU-002960,Devolved grid-enabled focus group,6,56,788.93,496.18,27,124
2961,SKU-002961,Synchronized national parallelism,7,76,888.81,455.8,16,174
2962,SKU-002962,Reactive foreground standardization,6,29,756.12,434.55,40,76
2963,SKU-002963,Re-engineered content-based implementation,7,86,684.25,414.7,45,92
2964,SKU-002964,Ameliorated mission-critical support,2,36,663.3,399.58,16,109
2965,SKU-002965,Robust holistic paradigm,8,10,342.77,182.58,10,159
2966,SKU-002966,Configurable solution-oriented core,11,32,654.24,351.74,24,169
2967,SKU-002967,Streamlined 24hour methodology,16,48,837.64,370.7,5,192
2968,SKU-002968,Horizontal stable orchestration,13,26,490.18,284.99,27,166
2969,SKU-002969,Operative clear-thinking throughput,3,31,371.72,195.64,39,52
2970,SKU-002970,Seamless zero-defect extranet,9,95,793.08,417.41,27,121
2971,SKU-002971,Reduced full-range Graphical User Interface,4,26,566.26,385.21,17,58
2972,SKU-002972,Implemented bandwidth-monitored paradigm,14,27,550.67,382.41,47,140
2973,SKU-002973,Right-sized incremental methodology,10,44,76.64,58.95,11,108
2974,SKU-002974,Versatile heuristic superstructure,1,43,668.24,442.54,6,114
2975,SKU-002975,Digitized client-server encoding,9,18,58.06,35.62,31,174
2976,SKU-002976,Triple-buffered dedicated service-desk,6,28,650.46,433.64,45,189
2977,SKU-002977,Cloned multi-tasking process improvement,8,46,92.31,59.17,24,163
2978,SKU-002978,Decentralized asynchronous complexity,15,96,931.95,381.87,25,198
2979,SKU-002979,Compatible background function,7,31,277.25,218.31,11,54
2980,SKU-002980,Front-line actuating Internet solution,11,75,330.77,275.64,21,56
2981,SKU-002981,Ameliorated dynamic strategy,14,39,25.25,15.3,40,145
2982,SKU-002982,De-engineered asymmetric middleware,5,39,552.16,368.11,9,114
2983,SKU-002983,Balanced client-driven model,9,55,23.06,14.69,9,158
2984,SKU-002984,Organized secondary utilization,7,24,548.86,326.7,9,122
2985,SKU-002985,De-engineered 3rdgeneration focus group,7,83,431.11,292.77,24,176
2986,SKU-002986,Integrated clear-thinking benchmark,2,53,183.86,132.27,28,66
2987,SKU-002987,Object-based 24hour architecture,1,81,613.08,447.5,23,78
2988,SKU-002988,Multi-lateral full-range synergy,15,74,148.93,104.15,24,84
2989,SKU-002989,Digitized systemic software,5,87,53.03,26.92,19,141
2990,SKU-002990,Pre-emptive homogeneous utilization,3,91,449.75,218.96,38,193
2991,SKU-002991,Reactive logistical matrix,14,61,923.94,483.74,33,144
2992,SKU-002992,Polarized maximized protocol,3,17,729.47,444.8,18,187
2993,SKU-002993,Persevering secondary productivity,6,6,81.31,45.68,22,179
2994,SKU-002994,Multi-lateral bifurcated parallelism,9,41,331.13,245.28,26,178
2995,SKU-002995,User-centric logistical success,8,36,385.2,211.65,12,187
2996,SKU-002996,Reduced stable initiative,10,94,467.6,286.87,48,60
2997,SKU-002997,Pre-emptive foreground migration,11,80,185.47,128.8,17,195
2998,SKU-002998,Switchable hybrid success,5,5,74.07,56.98,28,121
2999,SKU-002999,Front-line optimal contingency,15,11,842.27,425.39,48,194
3000,SKU-003000,Focused multi-state functionalities,14,59,248.25,163.32,5,85
3001,SKU-003001,Compatible zero administration help-desk,7,59,54.19,29.94,40,121
3002,SKU-003002,Synergized solution-oriented hardware,11,97,141.66,97.7,19,131
3003,SKU-003003,Virtual multi-state strategy,14,59,217.23,138.36,34,178
3004,SKU-003004,Universal upward-trending challenge,4,98,818.4,449.67,7,59
3005,SKU-003005,Synchronized 24/7 focus group,1,99,438.94,235.99,44,129
3006,SKU-003006,Implemented impactful benchmark,15,47,567.48,255.97,47,175
3007,SKU-003007,Cross-platform 3rdgeneration solution,10,71,375.14,277.88,32,154
3008,SKU-003008,Future-proofed coherent Internet solution,5,99,328.81,249.1,23,126
3009,SKU-003009,Fundamental non-volatile neural-net,14,61,800.66,423.63,10,79
3010,SKU-003010,Persistent maximized time-frame,1,30,679.29,414.2,20,90
3011,SKU-003011,Horizontal stable frame,8,97,318.83,169.59,6,168
3012,SKU-003012,Switchable interactive throughput,17,73,188.21,127.17,44,173
3013,SKU-003013,Extended scalable time-frame,2,34,663.11,338.32,19,181
3014,SKU-003014,Right-sized user-facing middleware,5,34,95.93,53.59,30,196
3015,SKU-003015,Horizontal multi-tasking capability,4,88,101.23,84.36,17,65
3016,SKU-003016,Horizontal dynamic challenge,8,11,98.31,49.65,21,141
3017,SKU-003017,Decentralized composite Local Area Network,12,77,660.44,354.48,10,171
3018,SKU-003018,Front-line well-modulated knowledgebase,9,26,41.81,31.2,14,140
3019,SKU-003019,Assimilated zero tolerance solution,11,27,625.38,456.48,29,85
3020,SKU-003020,Decentralized asynchronous Graphical User Interface,9,14,205.52,163.11,45,67
3021,SKU-003021,Devolved 4thgeneration implementation,1,63,109.96,60.75,11,113
3022,SKU-003022,Automated high-level capacity,6,10,607.22,379.51,48,129
3023,SKU-003023,Streamlined dynamic synergy,12,26,214.03,137.2,40,117
3024,SKU-003024,Optimized bottom-line capability,14,14,684.9,344.17,48,130
3025,SKU-003025,User-centric client-server installation,3,69,462.26,344.97,22,134
3026,SKU-003026,Vision-oriented foreground monitoring,5,52,321.62,163.26,38,82
3027,SKU-003027,Public-key bi-directional flexibility,10,5,630.39,370.82,16,99
3028,SKU-003028,Multi-layered optimizing emulation,12,66,120.11,70.24,8,102
3029,SKU-003029,Down-sized multimedia model,1,44,887.89,487.85,6,176
3030,SKU-003030,Synchronized multimedia array,15,28,312.28,163.5,28,116
3031,SKU-003031,Enterprise-wide even-keeled strategy,16,64,587.79,405.37,36,173
3032,SKU-003032,Networked empowering utilization,8,5,225.94,131.36,24,159
3033,SKU-003033,Advanced human-resource open system,17,18,227.23,146.6,29,126
3034,SKU-003034,Synchronized logistical hierarchy,12,27,546.21,281.55,36,168
3035,SKU-003035,Implemented solution-oriented website,13,3,558.68,305.29,42,75
3036,SKU-003036,Assimilated maximized complexity,12,33,96.56,73.15,27,100
3037,SKU-003037,Centralized object-oriented pricing structure,8,19,677.73,310.55,45,114
3038,SKU-003038,Digitized hybrid challenge,12,86,415.04,241.3,11,172
3039,SKU-003039,Object-based zero-defect approach,7,17,286.58,153.25,28,65
3040,SKU-003040,Synergistic scalable policy,17,68,437.92,334.29,21,118
3041,SKU-003041,Re-engineered heuristic collaboration,8,55,824.54,482.19,10,177
3042,SKU-003042,Fundamental global website,10,78,584.31,304.33,49,140
3043,SKU-003043,Upgradable motivating budgetary management,6,58,579.53,366.79,17,77
3044,SKU-003044,Upgradable stable website,5,57,476.66,254.9,11,185
3045,SKU-003045,Grass-roots 4thgeneration complexity,7,77,222.83,119.16,18,150
3046,SKU-003046,Networked bi-directional Local Area Network,14,35,710.16,443.85,50,57
3047,SKU-003047,Grass-roots upward-trending info-mediaries,11,85,592.28,394.85,28,75
3048,SKU-003048,Profit-focused attitude-oriented capability,1,45,55.73,43.2,5,84
3049,SKU-003049,Polarized zero-defect projection,10,87,509.82,364.16,45,136
3050,SKU-003050,Universal client-driven intranet,14,63,505.09,302.45,35,119
3051,SKU-003051,Total empowering data-warehouse,8,82,133.36,95.26,34,99
3052,SKU-003052,Extended real-time instruction set,6,11,624.44,376.17,27,80
3053,SKU-003053,Adaptive mobile intranet,6,9,34.19,23.1,21,99
3054,SKU-003054,Programmable human-resource open system,13,44,869.02,459.8,18,177
3055,SKU-003055,Fully-configurable bifurcated algorithm,12,24,58.34,36.46,5,193
3056,SKU-003056,Realigned logistical definition,1,86,526.88,292.71,41,142
3057,SKU-003057,Persistent local emulation,4,17,36.89,28.6,44,171
3058,SKU-003058,Integrated multi-state Graphical User Interface,2,99,194.68,100.35,15,166
3059,SKU-003059,Distributed incremental moratorium,1,1,575.26,344.47,43,65
3060,SKU-003060,Realigned solution-oriented product,16,11,316.15,243.19,15,81
3061,SKU-003061,Enterprise-wide dynamic policy,11,73,388.43,269.74,31,59
3062,SKU-003062,Inverse regional time-frame,17,93,131.67,69.3,34,139
3063,SKU-003063,Secured 4thgeneration customer loyalty,6,26,95.11,60.58,5,191
3064,SKU-003064,Adaptive real-time forecast,3,60,421.1,271.68,26,53
3065,SKU-003065,Assimilated actuating intranet,17,81,216.18,88.93,39,158
3066,SKU-003066,Total zero tolerance matrix,11,44,423.02,254.83,48,188
3067,SKU-003067,Versatile bandwidth-monitored framework,11,6,302.75,175.0,23,162
3068,SKU-003068,Secured explicit service-desk,13,17,140.31,92.31,33,95
3069,SKU-003069,Decentralized executive throughput,5,6,491.8,258.54,24,107
3070,SKU-003070,Switchable fresh-thinking analyzer,9,52,661.33,335.7,14,77
3071,SKU-003071,Ergonomic explicit portal,7,74,462.74,251.49,23,77
3072,SKU-003072,Function-based 5thgeneration intranet,14,73,345.26,219.91,37,142
3073,SKU-003073,Secured asynchronous system engine,3,7,367.7,274.4,30,161
3074,SKU-003074,Implemented background middleware,15,80,364.7,236.82,20,198
3075,SKU-003075,Persevering methodical application,3,21,295.5,232.68,22,197
3076,SKU-003076,Future-proofed heuristic service-desk,17,19,213.67,110.14,21,113
3077,SKU-003077,Organic 24hour frame,2,62,645.29,481.56,45,200
3078,SKU-003078,Profound local hub,13,75,188.08,104.49,16,160
3079,SKU-003079,Business-focused zero-defect time-frame,8,86,907.26,462.89,15,170
3080,SKU-003080,Proactive bottom-line circuit,12,50,973.63,489.26,35,97
3081,SKU-003081,Vision-oriented global knowledgebase,17,74,48.4,39.19,27,200
3082,SKU-003082,Enterprise-wide global time-frame,13,49,128.04,60.47,6,51
3083,SKU-003083,Pre-emptive national data-warehouse,14,84,425.56,299.69,43,61
3084,SKU-003084,Future-proofed asynchronous encryption,13,44,449.07,359.26,46,98
3085,SKU-003085,Upgradable national flexibility,15,93,103.46,66.75,33,57
3086,SKU-003086,Balanced 4thgeneration methodology,9,49,584.63,379.63,11,121
3087,SKU-003087,Automated actuating toolset,9,94,632.27,405.3,42,70
3088,SKU-003088,Horizontal dedicated info-mediaries,15,11,522.42,375.84,47,147
3089,SKU-003089,Enterprise-wide attitude-oriented help-desk,16,91,193.19,124.64,36,127
3090,SKU-003090,Multi-layered motivating Internet solution,14,16,564.96,428.0,38,88
3091,SKU-003091,Cloned even-keeled concept,16,65,209.85,150.97,28,109
3092,SKU-003092,Robust motivating middleware,16,23,694.08,323.8,31,103
3093,SKU-003093,Devolved demand-driven structure,8,74,737.0,364.33,42,184
3094,SKU-003094,Re-contextualized zero tolerance algorithm,1,60,645.68,461.2,49,81
3095,SKU-003095,Universal encompassing migration,9,100,150.93,110.17,27,157
3096,SKU-003096,Synchronized encompassing budgetary management,15,84,342.53,234.61,49,147
3097,SKU-003097,Operative neutral parallelism,8,74,281.4,201.0,10,75
3098,SKU-003098,Organic solution-oriented initiative,16,86,305.57,207.87,33,152
3099,SKU-003099,Optional human-resource initiative,9,62,920.58,479.47,30,61
3100,SKU-003100,User-centric global project,5,76,535.53,289.45,32,129
3101,SKU-003101,Pre-emptive high-level approach,10,74,323.78,170.41,44,187
3102,SKU-003102,Realigned motivating matrix,5,60,468.35,267.63,28,126
3103,SKU-003103,Adaptive intermediate archive,12,89,461.43,381.35,7,156
3104,SKU-003104,Public-key maximized toolset,8,83,805.68,457.77,38,160
3105,SKU-003105,Centralized homogeneous website,16,18,565.42,403.87,24,156
3106,SKU-003106,Automated dynamic complexity,3,33,770.04,442.55,20,64
3107,SKU-003107,Front-line disintermediate adapter,3,14,173.91,101.11,12,180
3108,SKU-003108,Multi-channeled eco-centric middleware,11,44,206.64,136.85,38,177
3109,SKU-003109,Implemented heuristic collaboration,13,14,312.74,165.47,26,69
3110,SKU-003110,Persevering eco-centric hardware,15,91,253.53,143.24,38,104
3111,SKU-003111,Quality-focused dedicated projection,17,59,285.28,164.9,50,72
3112,SKU-003112,Object-based interactive process improvement,14,32,487.15,338.3,47,102
3113,SKU-003113,User-friendly national Internet solution,9,9,789.81,415.69,34,186
3114,SKU-003114,Networked 6thgeneration solution,4,77,886.72,474.18,44,199
3115,SKU-003115,Optimized real-time function,16,54,91.01,58.99,50,93
3116,SKU-003116,Public-key executive challenge,14,68,570.82,305.25,28,79
3117,SKU-003117,Optional mission-critical open system,2,12,310.93,250.75,5,83
3118,SKU-003118,Virtual analyzing service-desk,11,93,597.61,337.63,48,82
3119,SKU-003119,Switchable logistical complexity,4,17,726.87,430.1,12,143
3120,SKU-003120,Grass-roots heuristic superstructure,13,22,595.31,328.9,24,119
3121,SKU-003121,Object-based global interface,14,28,269.06,215.88,45,110
3122,SKU-003122,Programmable coherent forecast,7,94,434.38,310.27,13,148
3123,SKU-003123,Public-key background focus group,1,31,125.38,67.41,8,176
3124,SKU-003124,Synergistic even-keeled complexity,2,19,292.32,162.4,23,185
3125,SKU-003125,Pre-emptive even-keeled hub,1,98,246.78,154.24,43,104
3126,SKU-003126,Business-focused optimal productivity,15,4,625.86,379.31,13,117
3127,SKU-003127,Cross-group 4thgeneration process improvement,1,60,175.0,140.0,35,74
3128,SKU-003128,Synergistic full-range standardization,8,17,448.12,344.71,36,171
3129,SKU-003129,Optional heuristic Graphical User Interface,9,57,526.21,324.82,30,66
3130,SKU-003130,Phased directional Graphical User Interface,11,40,327.93,226.16,40,77
3131,SKU-003131,Networked incremental interface,4,44,184.0,149.59,48,113
3132,SKU-003132,Future-proofed context-sensitive Local Area Network,2,18,529.71,299.27,9,138
3133,SKU-003133,Function-based directional productivity,8,73,41.35,32.82,8,161
3134,SKU-003134,Enterprise-wide executive workforce,15,61,135.46,82.6,17,105
3135,SKU-003135,Robust 6thgeneration definition,15,15,719.61,362.72,49,78
3136,SKU-003136,Fully-configurable non-volatile standardization,12,41,136.51,77.56,34,72
3137,SKU-003137,Cross-group intangible service-desk,6,23,1085.21,487.36,7,150
3138,SKU-003138,Cross-group 6thgeneration ability,9,33,775.86,440.83,17,150
3139,SKU-003139,Implemented eco-centric database,6,96,174.56,130.27,41,157
3140,SKU-003140,Virtual tertiary ability,2,60,425.32,303.11,45,88
3141,SKU-003141,Profit-focused disintermediate functionalities,6,60,165.33,86.56,37,62
3142,SKU-003142,Intuitive static matrices,4,8,736.5,435.8,43,105
3143,SKU-003143,Balanced 24/7 analyzer,2,8,125.34,98.69,47,158
3144,SKU-003144,Profound upward-trending interface,16,58,158.46,110.81,26,122
3145,SKU-003145,Reactive stable function,15,84,380.1,208.47,6,111
3146,SKU-003146,Extended directional contingency,10,49,272.13,150.35,27,155
3147,SKU-003147,Cloned full-range frame,14,95,872.53,440.67,17,135
3148,SKU-003148,Expanded foreground system engine,3,66,103.65,63.59,28,77
3149,SKU-003149,Re-contextualized systematic info-mediaries,12,91,608.89,405.93,41,142
3150,SKU-003150,Open-source 24/7 analyzer,8,91,662.33,469.74,19,164
3151,SKU-003151,Re-contextualized hybrid support,9,67,470.35,382.4,21,85
3152,SKU-003152,De-engineered fresh-thinking array,9,44,57.93,47.1,27,172
3153,SKU-003153,Exclusive logistical project,5,30,905.76,471.75,36,151
3154,SKU-003154,Horizontal client-server interface,10,28,384.3,213.5,8,97
3155,SKU-003155,Compatible directional utilization,16,20,538.43,318.6,16,193
3156,SKU-003156,Vision-oriented dedicated hierarchy,5,40,134.52,75.15,47,98
3157,SKU-003157,Sharable holistic alliance,3,92,552.58,312.19,48,128
3158,SKU-003158,Fundamental 4thgeneration knowledgebase,14,87,500.18,292.5,46,134
3159,SKU-003159,Persistent national data-warehouse,10,97,175.37,103.77,36,153
3160,SKU-003160,Organic motivating collaboration,10,39,378.99,236.87,30,160
3161,SKU-003161,Realigned directional Internet solution,1,88,380.66,202.48,41,129
3162,SKU-003162,Diverse systemic synergy,12,94,179.84,109.66,6,185
3163,SKU-003163,Sharable interactive concept,16,24,240.58,169.42,29,147
3164,SKU-003164,Vision-oriented client-server Graphic Interface,15,95,367.87,291.96,15,174
3165,SKU-003165,Open-source needs-based structure,6,61,244.1,127.8,8,119
3166,SKU-003166,Synergistic systemic encoding,9,82,480.03,241.22,21,160
3167,SKU-003167,Multi-channeled bandwidth-monitored framework,13,12,323.25,215.5,39,62
3168,SKU-003168,Profit-focused neutral info-mediaries,17,90,236.74,195.65,38,170
3169,SKU-003169,Function-based real-time extranet,1,97,649.61,484.78,20,142
3170,SKU-003170,Triple-buffered fresh-thinking instruction set,3,30,79.94,44.66,47,126
3171,SKU-003171,Streamlined disintermediate attitude,8,70,267.62,141.6,6,81
3172,SKU-003172,Phased intangible paradigm,3,18,274.35,204.74,46,102
3173,SKU-003173,Seamless neutral workforce,1,12,458.33,254.63,48,90
3174,SKU-003174,Extended bandwidth-monitored middleware,12,24,124.12,83.3,6,51
3175,SKU-003175,Cross-platform high-level collaboration,7,10,562.35,323.19,17,112
3176,SKU-003176,Cloned explicit throughput,1,76,778.41,418.5,40,95
3177,SKU-003177,Enterprise-wide dynamic capability,14,62,63.31,42.21,16,58
3178,SKU-003178,Monitored real-time adapter,8,13,766.37,428.14,47,166
3179,SKU-003179,Re-engineered tangible solution,1,1,378.72,250.81,49,51
3180,SKU-003180,Multi-tiered global data-warehouse,6,38,564.66,355.13,24,185
3181,SKU-003181,Vision-oriented mission-critical budgetary management,12,10,205.13,124.32,25,122
3182,SKU-003182,Secured bifurcated budgetary management,15,81,574.48,370.63,8,191
3183,SKU-003183,Digitized national contingency,2,33,375.29,233.1,8,61
3184,SKU-003184,Upgradable dedicated forecast,4,23,543.0,321.3,18,92
3185,SKU-003185,Multi-layered radical strategy,7,23,77.32,59.48,21,69
3186,SKU-003186,User-centric web-enabled hardware,6,92,526.01,281.29,33,148
3187,SKU-003187,Balanced cohesive array,8,15,154.56,84.46,11,161
3188,SKU-003188,Implemented composite moderator,7,22,464.1,241.72,29,176
3189,SKU-003189,Versatile attitude-oriented initiative,15,65,681.13,349.3,12,78
3190,SKU-003190,Public-key incremental support,5,77,802.29,413.55,5,95
3191,SKU-003191,Profit-focused hybrid extranet,6,56,204.75,165.12,33,109
3192,SKU-003192,Balanced reciprocal orchestration,10,11,485.45,401.2,35,136
3193,SKU-003193,Synergistic 24/7 hierarchy,7,10,148.0,108.82,43,183
3194,SKU-003194,Synchronized global algorithm,15,42,248.18,145.99,25,50
3195,SKU-003195,Reactive explicit installation,16,58,326.8,272.33,8,109
3196,SKU-003196,Organized reciprocal matrix,2,94,624.08,402.63,5,193
3197,SKU-003197,Streamlined local infrastructure,9,85,439.3,337.92,23,60
3198,SKU-003198,Inverse transitional ability,3,64,247.67,175.65,15,163
3199,SKU-003199,Up-sized client-driven neural-net,6,73,114.73,87.58,6,80
3200,SKU-003200,Customer-focused background system engine,6,9,529.22,435.88,17,115
3201,SKU-003201,Public-key 4thgeneration archive,2,47,24.64,16.54,6,95
3202,SKU-003202,Cloned asymmetric service-desk,16,82,220.5,157.5,50,119
3203,SKU-003203,Cross-group logistical application,13,35,845.95,440.6,39,140
3204,SKU-003204,Realigned impactful core,3,21,796.22,482.56,21,64
3205,SKU-003205,Sharable exuding moratorium,3,32,322.4,231.94,39,183
3206,SKU-003206,Versatile even-keeled groupware,14,64,84.74,63.73,49,152
3207,SKU-003207,Reduced global capacity,9,73,455.16,239.56,30,57
3208,SKU-003208,Distributed bandwidth-monitored knowledge user,14,40,88.77,51.61,26,69
3209,SKU-003209,Balanced clear-thinking collaboration,7,72,944.83,479.61,5,114
3210,SKU-003210,Organized motivating complexity,15,59,503.79,362.44,47,84
3211,SKU-003211,Secured heuristic productivity,6,69,284.31,167.24,22,184
3212,SKU-003212,Multi-lateral tertiary middleware,16,23,377.92,290.71,34,93
3213,SKU-003213,Self-enabling uniform Graphical User Interface,16,88,406.11,319.77,45,54
3214,SKU-003214,Seamless dynamic orchestration,17,52,111.66,85.89,47,158
3215,SKU-003215,Networked executive monitoring,10,35,203.76,102.91,13,166
3216,SKU-003216,Up-sized well-modulated infrastructure,12,17,181.64,129.74,50,111
3217,SKU-003217,Persevering impactful concept,5,61,572.06,310.9,20,135
3218,SKU-003218,Adaptive human-resource product,6,8,618.94,445.28,11,155
3219,SKU-003219,Vision-oriented analyzing budgetary management,9,89,293.78,219.24,13,73
3220,SKU-003220,Team-oriented global conglomeration,14,28,255.42,193.5,30,93
3221,SKU-003221,Extended content-based hierarchy,15,5,506.35,411.67,23,120
3222,SKU-003222,Decentralized user-facing projection,10,27,264.46,138.46,22,124
3223,SKU-003223,Customer-focused maximized Graphical User Interface,9,74,912.34,480.18,21,125
3224,SKU-003224,Horizontal composite task-force,3,81,532.2,292.42,40,186
3225,SKU-003225,Visionary exuding implementation,8,65,664.88,369.38,12,143
3226,SKU-003226,Open-source encompassing system engine,16,83,99.39,40.2,44,94
3227,SKU-003227,Enhanced optimizing policy,17,57,630.12,463.32,16,114
3228,SKU-003228,Extended solution-oriented process improvement,17,64,321.38,227.93,28,195
3229,SKU-003229,Adaptive analyzing Local Area Network,11,16,542.29,417.15,21,144
3230,SKU-003230,Face-to-face even-keeled matrices,6,88,811.34,485.83,20,62
3231,SKU-003231,Inverse user-facing customer loyalty,3,4,233.53,175.59,37,73
3232,SKU-003232,Front-line value-added matrices,13,22,101.18,73.32,24,102
3233,SKU-003233,Self-enabling intangible access,14,54,514.02,383.6,42,149
3234,SKU-003234,Right-sized responsive installation,8,96,90.16,60.92,33,129
3235,SKU-003235,Programmable mobile policy,2,50,561.83,312.13,26,52
3236,SKU-003236,Configurable grid-enabled paradigm,1,14,343.04,219.9,11,92
3237,SKU-003237,Ergonomic attitude-oriented instruction set,2,1,318.45,165.0,21,63
3238,SKU-003238,Secured needs-based instruction set,17,30,166.91,97.61,45,84
3239,SKU-003239,Object-based attitude-oriented firmware,10,19,100.67,59.22,28,59
3240,SKU-003240,Multi-tiered regional portal,15,65,862.05,437.59,21,91
3241,SKU-003241,Configurable even-keeled flexibility,5,33,25.43,18.7,30,53
3242,SKU-003242,Down-sized dynamic strategy,14,9,535.57,330.6,50,140
3243,SKU-003243,Triple-buffered fresh-thinking support,9,59,495.46,298.47,25,170
3244,SKU-003244,Pre-emptive tangible task-force,17,22,704.72,359.55,42,108
3245,SKU-003245,Polarized object-oriented leverage,7,50,26.78,16.43,33,161
3246,SKU-003246,Self-enabling bandwidth-monitored analyzer,12,76,20.35,10.6,18,119
3247,SKU-003247,Adaptive zero administration focus group,8,73,526.2,375.86,8,110
3248,SKU-003248,Visionary neutral product,14,80,333.67,176.55,45,148
3249,SKU-003249,Operative didactic help-desk,10,87,393.64,219.91,34,150
3250,SKU-003250,Cross-group analyzing array,17,38,23.75,10.62,13,149
3251,SKU-003251,Integrated solution-oriented forecast,4,68,128.52,86.84,6,83
3252,SKU-003252,Implemented analyzing middleware,12,78,764.47,439.35,45,109
3253,SKU-003253,Mandatory cohesive website,9,83,216.46,166.51,20,170
3254,SKU-003254,Organized uniform instruction set,12,100,556.61,397.58,25,167
3255,SKU-003255,Realigned value-added website,12,94,607.57,460.28,14,134
3256,SKU-003256,User-friendly neutral frame,14,59,57.1,40.21,42,63
3257,SKU-003257,Visionary composite complexity,16,76,63.22,44.84,45,94
3258,SKU-003258,Diverse demand-driven toolset,13,64,451.69,320.35,21,199
3259,SKU-003259,Face-to-face static model,11,35,624.72,488.72,7,162
3260,SKU-003260,Cross-group global orchestration,3,17,5.32,2.7,23,86
3261,SKU-003261,Intuitive directional solution,11,9,343.55,214.72,50,101
3262,SKU-003262,Triple-buffered dynamic groupware,6,79,514.7,347.77,23,156
3263,SKU-003263,Optional value-added concept,1,35,73.71,38.39,8,180
3264,SKU-003264,Fully-configurable demand-driven firmware,14,10,274.77,183.18,9,184
3265,SKU-003265,Organized client-server model,6,84,382.7,308.63,29,139
3266,SKU-003266,Profit-focused 6thgeneration forecast,4,92,583.25,310.24,44,66
3267,SKU-003267,Fully-configurable dedicated support,8,8,396.96,248.1,37,145
3268,SKU-003268,Streamlined exuding encryption,14,84,252.77,151.36,32,63
3269,SKU-003269,Robust dedicated array,8,61,616.01,342.23,40,188
3270,SKU-003270,Cloned 5thgeneration paradigm,8,54,50.36,26.93,36,155
3271,SKU-003271,Front-line intangible Graphical User Interface,15,49,406.98,257.58,24,141
3272,SKU-003272,Centralized demand-driven extranet,17,15,322.88,180.38,44,134
3273,SKU-003273,Multi-channeled zero administration support,4,14,518.61,414.89,8,85
3274,SKU-003274,Intuitive holistic database,8,7,342.18,197.79,39,84
3275,SKU-003275,Streamlined attitude-oriented database,12,87,125.09,100.88,9,129
3276,SKU-003276,User-friendly zero tolerance algorithm,15,3,482.85,337.66,14,146
3277,SKU-003277,Optimized 24/7 info-mediaries,15,37,291.7,130.2,50,77
3278,SKU-003278,Innovative fault-tolerant middleware,16,56,323.31,165.8,15,77
3279,SKU-003279,Fully-configurable user-facing extranet,5,59,820.0,479.53,49,198
3280,SKU-003280,Reduced executive application,14,73,285.86,234.31,25,172
3281,SKU-003281,Synchronized 5thgeneration complexity,8,95,571.37,472.21,28,179
3282,SKU-003282,Visionary bifurcated complexity,12,70,507.62,319.26,16,187
3283,SKU-003283,Synchronized transitional parallelism,10,78,240.92,137.67,27,71
3284,SKU-003284,Reduced asymmetric synergy,9,41,355.96,198.86,30,125
3285,SKU-003285,Inverse client-server encoding,1,4,306.01,154.55,21,68
3286,SKU-003286,Distributed user-facing moderator,13,64,686.51,497.47,39,143
3287,SKU-003287,Profit-focused optimizing leverage,16,77,380.96,171.32,48,138
3288,SKU-003288,Innovative homogeneous knowledge user,2,96,735.85,393.5,44,108
3289,SKU-003289,Stand-alone global analyzer,5,65,430.68,218.62,49,57
3290,SKU-003290,Compatible maximized matrices,2,82,58.98,31.88,36,111
3291,SKU-003291,Synergistic dynamic benchmark,14,13,211.33,140.89,19,126
3292,SKU-003292,Secured clear-thinking website,3,50,15.66,8.95,22,139
3293,SKU-003293,Monitored executive project,6,92,402.42,248.41,37,101
3294,SKU-003294,Synergized motivating Graphical User Interface,3,46,724.4,447.16,48,63
3295,SKU-003295,Multi-channeled value-added Local Area Network,4,89,314.64,218.5,25,143
3296,SKU-003296,Operative next generation paradigm,10,6,995.43,429.53,41,111
3297,SKU-003297,Function-based incremental productivity,1,44,324.75,217.95,41,144
3298,SKU-003298,Compatible directional database,11,54,376.63,162.15,17,97
3299,SKU-003299,Profound coherent hub,13,78,131.73,69.33,30,67
3300,SKU-003300,Optimized non-volatile knowledge user,10,72,620.58,305.16,49,149
3301,SKU-003301,Polarized object-oriented system engine,17,81,498.7,298.62,43,154
3302,SKU-003302,Optimized directional approach,12,21,657.83,380.25,36,63
3303,SKU-003303,Re-engineered contextually-based contingency,12,73,202.49,135.9,10,158
3304,SKU-003304,Devolved mission-critical forecast,13,76,315.49,130.17,50,52
3305,SKU-003305,Customer-focused web-enabled portal,3,74,73.86,58.62,37,158
3306,SKU-003306,Multi-lateral static hardware,8,50,211.41,126.59,5,157
3307,SKU-003307,Advanced incremental core,12,54,502.44,405.19,35,102
3308,SKU-003308,Persevering holistic infrastructure,10,22,536.12,330.94,43,183
3309,SKU-003309,Advanced tertiary alliance,7,96,221.9,160.8,15,170
3310,SKU-003310,De-engineered fault-tolerant throughput,17,23,208.15,106.2,50,163
3311,SKU-003311,User-friendly fresh-thinking capacity,8,44,198.93,157.88,31,70
3312,SKU-003312,Quality-focused 24hour software,14,87,151.49,61.71,50,199
3313,SKU-003313,Realigned full-range customer loyalty,3,91,351.47,170.64,11,74
3314,SKU-003314,Pre-emptive real-time algorithm,7,82,536.15,337.2,30,158
3315,SKU-003315,Streamlined uniform pricing structure,10,62,299.25,199.5,16,179
3316,SKU-003316,Operative fresh-thinking paradigm,17,36,47.8,39.83,26,52
3317,SKU-003317,Business-focused transitional conglomeration,9,4,178.44,100.25,19,175
3318,SKU-003318,Team-oriented dedicated secured line,4,85,337.15,186.27,17,89
3319,SKU-003319,Organized system-worthy groupware,14,58,839.89,365.32,11,199
3320,SKU-003320,Fully-configurable actuating hub,13,65,628.08,325.43,34,192
3321,SKU-003321,Visionary hybrid groupware,5,37,70.9,33.58,44,124
3322,SKU-003322,Multi-channeled cohesive website,17,31,671.89,409.69,37,178
3323,SKU-003323,Compatible fresh-thinking capability,9,76,882.82,462.21,34,163
3324,SKU-003324,Cross-group dynamic initiative,3,53,443.78,256.52,27,162
3325,SKU-003325,Down-sized client-driven strategy,13,14,352.18,213.44,41,133
3326,SKU-003326,Realigned empowering paradigm,10,25,653.52,338.34,47,115
3327,SKU-003327,Open-source hybrid archive,8,70,614.05,381.4,39,161
3328,SKU-003328,Vision-oriented user-facing alliance,3,90,213.36,177.8,28,138
3329,SKU-003329,Ergonomic client-server database,12,97,611.34,370.51,42,98
3330,SKU-003330,Vision-oriented executive array,5,82,344.69,198.1,34,57
3331,SKU-003331,Vision-oriented fresh-thinking secured line,8,53,366.78,214.49,7,185
3332,SKU-003332,Devolved 24hour secured line,5,4,397.3,254.68,19,104
3333,SKU-003333,Diverse 24/7 task-force,14,51,510.66,283.7,35,159
3334,SKU-003334,Exclusive secondary intranet,8,38,137.47,114.56,21,178
3335,SKU-003335,Polarized 24hour knowledgebase,4,75,178.21,116.48,45,50
3336,SKU-003336,Horizontal content-based parallelism,14,63,290.81,179.51,35,58
3337,SKU-003337,Exclusive radical encryption,3,51,258.0,164.33,21,51
3338,SKU-003338,Optimized neutral projection,16,96,408.63,304.95,20,62
3339,SKU-003339,Decentralized analyzing complexity,11,28,652.6,388.45,11,84
3340,SKU-003340,Operative clear-thinking functionalities,9,64,766.53,497.75,37,62
3341,SKU-003341,Business-focused fault-tolerant access,3,100,586.64,353.4,23,148
3342,SKU-003342,Upgradable 24/7 analyzer,1,10,127.51,64.4,42,64
3343,SKU-003343,Programmable motivating functionalities,9,51,625.46,496.4,33,109
3344,SKU-003344,Fully-configurable impactful system engine,8,74,441.17,324.39,45,58
3345,SKU-003345,Re-engineered multi-tasking functionalities,13,64,421.19,285.77,9,184
3346,SKU-003346,Advanced grid-enabled frame,5,85,142.73,114.18,39,114
3347,SKU-003347,Self-enabling asymmetric benchmark,3,75,489.95,337.9,46,60
3348,SKU-003348,Innovative value-added access,10,22,181.21,102.96,47,197
3349,SKU-003349,Re-contextualized local process improvement,2,94,205.52,146.8,48,108
3350,SKU-003350,Realigned needs-based strategy,15,87,513.49,391.98,31,169
3351,SKU-003351,Networked composite superstructure,17,74,362.79,201.55,25,68
3352,SKU-003352,Stand-alone didactic open system,16,71,551.1,459.25,18,186
3353,SKU-003353,Total solution-oriented core,1,68,440.97,238.36,11,180
3354,SKU-003354,Team-oriented web-enabled open system,7,82,123.02,102.52,44,164
3355,SKU-003355,Versatile homogeneous encryption,17,22,541.02,363.1,5,170
3356,SKU-003356,Configurable neutral Graphic Interface,4,29,110.19,64.44,19,76
3357,SKU-003357,Mandatory leadingedge knowledge user,13,58,70.72,41.6,36,68
3358,SKU-003358,Automated discrete approach,5,68,601.18,305.17,33,131
3359,SKU-003359,Multi-channeled motivating process improvement,6,31,578.98,413.56,48,53
3360,SKU-003360,Organic mobile moderator,16,15,162.1,109.53,43,93
3361,SKU-003361,Enhanced homogeneous Graphic Interface,11,97,255.7,138.97,34,66
3362,SKU-003362,Operative mission-critical firmware,12,13,170.42,98.51,49,129
3363,SKU-003363,Virtual context-sensitive help-desk,15,93,236.77,163.29,24,126
3364,SKU-003364,Devolved uniform instruction set,2,91,493.02,349.66,12,183
3365,SKU-003365,Optional methodical encryption,8,70,304.32,189.13,27,69
3366,SKU-003366,User-centric intangible methodology,2,84,225.19,165.58,28,65
3367,SKU-003367,Quality-focused dedicated middleware,7,9,602.72,340.52,42,107
3368,SKU-003368,Centralized context-sensitive task-force,16,41,254.3,134.55,37,159
3369,SKU-003369,User-friendly grid-enabled implementation,7,89,55.2,28.31,20,102
3370,SKU-003370,Innovative regional hierarchy,5,36,524.9,400.69,25,165
3371,SKU-003371,Mandatory uniform leverage,17,82,41.2,29.43,13,153
3372,SKU-003372,Exclusive composite flexibility,5,60,182.23,100.68,10,146
3373,SKU-003373,Diverse transitional solution,17,81,116.52,58.85,29,198
3374,SKU-003374,Operative uniform workforce,6,28,773.75,480.59,45,170
3375,SKU-003375,Grass-roots methodical open architecture,15,97,26.1,14.26,49,97
3376,SKU-003376,Ergonomic bottom-line utilization,5,23,369.65,213.67,41,121
3377,SKU-003377,Face-to-face client-driven migration,1,98,92.57,48.98,30,97
3378,SKU-003378,Cross-platform motivating hierarchy,9,44,347.98,180.3,28,121
3379,SKU-003379,Public-key multi-tasking encoding,3,34,48.57,34.69,5,63
3380,SKU-003380,Face-to-face 4thgeneration customer loyalty,6,65,690.51,457.29,14,160
3381,SKU-003381,Innovative reciprocal access,10,58,453.69,245.24,42,189
3382,SKU-003382,Cross-platform interactive utilization,17,75,763.59,489.48,50,161
3383,SKU-003383,Digitized zero-defect support,12,8,416.85,336.17,38,156
3384,SKU-003384,Intuitive human-resource frame,7,39,152.36,90.69,33,148
3385,SKU-003385,Ameliorated object-oriented concept,12,70,35.12,27.87,33,95
3386,SKU-003386,Persistent static data-warehouse,13,27,403.14,268.76,9,151
3387,SKU-003387,Implemented human-resource analyzer,4,61,179.03,105.31,15,150
3388,SKU-003388,Expanded tangible initiative,10,78,646.35,497.19,8,181
3389,SKU-003389,Re-engineered attitude-oriented product,3,56,577.13,424.36,20,115
3390,SKU-003390,Automated discrete attitude,2,92,820.61,438.83,49,75
3391,SKU-003391,Multi-tiered intermediate conglomeration,5,68,397.03,200.52,22,142
3392,SKU-003392,Implemented web-enabled ability,11,59,817.76,430.4,44,146
3393,SKU-003393,Virtual bi-directional productivity,1,66,150.48,79.2,24,184
3394,SKU-003394,Upgradable zero-defect instruction set,2,95,325.75,220.1,47,65
3395,SKU-003395,Operative optimizing adapter,4,57,130.82,95.49,21,135
3396,SKU-003396,Multi-tiered client-driven function,9,10,200.93,104.65,6,156
3397,SKU-003397,Quality-focused executive functionalities,16,29,341.04,201.8,14,69
3398,SKU-003398,Synergized even-keeled collaboration,7,100,271.38,222.44,38,196
3399,SKU-003399,Function-based 24/7 knowledgebase,3,9,197.81,101.44,46,53
3400,SKU-003400,Programmable holistic algorithm,6,32,629.39,353.59,47,56
3401,SKU-003401,Optional leadingedge attitude,9,70,276.91,179.81,26,109
3402,SKU-003402,Decentralized modular task-force,3,33,951.78,478.28,34,197
3403,SKU-003403,User-centric asymmetric concept,6,38,516.65,391.4,42,95
3404,SKU-003404,Synchronized neutral archive,12,84,134.48,82.0,16,62
3405,SKU-003405,Organic hybrid neural-net,1,16,353.1,262.75,15,156
3406,SKU-003406,Balanced fresh-thinking task-force,2,62,443.82,312.55,19,84
3407,SKU-003407,Right-sized explicit encoding,2,32,186.99,144.95,49,93
3408,SKU-003408,Function-based radical infrastructure,5,31,306.99,189.5,40,108
3409,SKU-003409,Virtual systematic emulation,16,83,416.58,260.36,30,140
3410,SKU-003410,Realigned web-enabled help-desk,17,3,305.95,133.26,17,107
3411,SKU-003411,Function-based bandwidth-monitored forecast,14,84,28.34,15.66,20,82
3412,SKU-003412,Intuitive 3rdgeneration groupware,2,97,502.97,304.83,22,180
3413,SKU-003413,Reduced 4thgeneration functionalities,4,72,624.27,439.63,13,104
3414,SKU-003414,Business-focused mission-critical extranet,10,33,307.31,240.62,35,196
3415,SKU-003415,Compatible methodical capability,16,33,667.95,355.29,50,52
3416,SKU-003416,Object-based multi-tasking service-desk,17,89,25.01,17.25,22,185
3417,SKU-003417,Expanded mission-critical frame,9,77,400.66,204.42,29,153
3418,SKU-003418,Multi-tiered upward-trending approach,10,61,289.55,195.0,21,76
3419,SKU-003419,Adaptive content-based Internet solution,17,77,130.13,77.0,18,178
3420,SKU-003420,Synergistic optimal product,10,1,733.33,329.19,24,105
3421,SKU-003421,Devolved hybrid portal,11,62,515.65,299.31,33,145
3422,SKU-003422,Realigned explicit open architecture,2,28,106.92,69.88,47,75
3423,SKU-003423,Programmable asymmetric knowledgebase,11,20,352.4,220.25,21,191
3424,SKU-003424,Pre-emptive human-resource flexibility,6,79,47.57,36.31,37,108
3425,SKU-003425,Secured well-modulated help-desk,8,77,573.74,389.78,28,84
3426,SKU-003426,Programmable solution-oriented monitoring,12,25,572.84,381.89,16,193
3427,SKU-003427,Triple-buffered 4thgeneration array,3,33,589.91,430.59,44,175
3428,SKU-003428,Managed encompassing superstructure,16,26,679.27,429.92,48,165
3429,SKU-003429,Virtual optimizing pricing structure,2,74,594.8,440.59,31,167
3430,SKU-003430,Networked global orchestration,16,58,402.67,275.8,19,148
3431,SKU-003431,Exclusive zero administration software,9,3,93.82,50.99,26,170
3432,SKU-003432,Programmable value-added adapter,10,15,172.02,107.51,50,177
3433,SKU-003433,Sharable even-keeled data-warehouse,2,61,888.56,496.4,50,91
3434,SKU-003434,Persevering asymmetric service-desk,14,74,762.0,414.13,42,75
3435,SKU-003435,Focused incremental encryption,10,98,246.49,200.4,9,80
3436,SKU-003436,Realigned transitional instruction set,15,15,28.59,18.33,14,148
3437,SKU-003437,Cloned neutral circuit,4,22,288.34,169.61,36,193
3438,SKU-003438,Down-sized empowering orchestration,3,80,588.93,321.82,30,56
3439,SKU-003439,Monitored systematic open architecture,11,48,701.63,328.67,17,169
3440,SKU-003440,Grass-roots didactic knowledgebase,14,27,697.85,367.29,12,185
3441,SKU-003441,Ameliorated modular capability,14,97,271.35,166.47,44,115
3442,SKU-003442,User-friendly fault-tolerant ability,1,8,177.82,132.7,22,59
3443,SKU-003443,Balanced coherent encoding,4,7,613.41,403.56,32,129
3444,SKU-003444,Visionary real-time matrix,6,75,778.42,498.99,31,184
3445,SKU-003445,Realigned motivating protocol,11,96,735.72,381.2,24,89
3446,SKU-003446,Reverse-engineered transitional matrix,5,48,311.57,234.26,12,172
3447,SKU-003447,Self-enabling fresh-thinking focus group,15,94,539.96,355.24,28,180
3448,SKU-003448,Polarized asymmetric approach,11,25,857.64,463.59,42,86
3449,SKU-003449,Team-oriented modular knowledgebase,4,72,284.92,183.82,25,99
3450,SKU-003450,Sharable bi-directional leverage,10,29,727.67,367.51,49,55
3451,SKU-003451,Multi-tiered analyzing analyzer,10,16,192.53,133.7,17,75
3452,SKU-003452,Persistent heuristic circuit,16,100,345.35,211.87,5,162
3453,SKU-003453,Triple-buffered user-facing solution,15,14,100.67,58.19,33,160
3454,SKU-003454,Virtual explicit conglomeration,15,21,194.06,111.94,41,56
3455,SKU-003455,Reactive responsive attitude,16,93,584.71,354.37,31,168
3456,SKU-003456,Automated client-server support,12,40,320.07,205.17,20,68
3457,SKU-003457,Cloned foreground migration,10,54,354.32,204.81,22,173
3458,SKU-003458,Horizontal human-resource workforce,15,66,106.27,66.42,15,61
3459,SKU-003459,Ameliorated hybrid solution,4,41,628.76,351.26,50,139
3460,SKU-003460,Cloned disintermediate extranet,1,90,28.26,18.84,44,170
3461,SKU-003461,Synergistic analyzing structure,14,50,261.26,117.11,33,161
3462,SKU-003462,Adaptive fresh-thinking emulation,6,36,383.22,209.41,15,79
3463,SKU-003463,Managed directional standardization,6,65,456.35,356.52,32,68
3464,SKU-003464,Reactive asymmetric encoding,17,5,351.42,240.7,26,165
3465,SKU-003465,Multi-tiered zero-defect workforce,15,72,148.77,116.23,46,193
3466,SKU-003466,Multi-layered client-driven installation,4,41,283.11,199.37,12,57
3467,SKU-003467,Multi-lateral modular access,12,21,420.13,227.1,44,145
3468,SKU-003468,Proactive encompassing frame,3,17,34.79,20.71,17,137
3469,SKU-003469,Enhanced foreground open architecture,13,77,874.48,477.86,14,152
3470,SKU-003470,Automated human-resource project,6,43,166.92,128.4,47,138
3471,SKU-003471,Virtual optimizing system engine,15,89,55.48,34.46,28,69
3472,SKU-003472,Programmable eco-centric parallelism,11,28,713.18,445.74,9,94
3473,SKU-003473,Function-based full-range moderator,1,86,461.47,234.25,9,176
3474,SKU-003474,Future-proofed intangible task-force,3,51,318.81,218.88,22,146
3475,SKU-003475,Optional zero administration groupware,8,20,78.25,41.4,14,82
3476,SKU-003476,Organized 6thgeneration support,17,13,867.36,435.86,5,77
3477,SKU-003477,Reduced uniform intranet,3,79,170.21,140.67,40,187
3478,SKU-003478,Organized zero administration utilization,10,71,185.37,141.5,47,80
3479,SKU-003479,Customizable mobile system engine,8,2,686.68,416.17,5,183
3480,SKU-003480,Quality-focused optimizing portal,1,43,723.03,438.2,46,180
3481,SKU-003481,Ameliorated content-based data-warehouse,10,92,31.74,23.69,6,137
3482,SKU-003482,Up-sized actuating Graphical User Interface,13,91,37.04,19.7,19,137
3483,SKU-003483,Reverse-engineered 5thgeneration productivity,6,14,862.43,492.82,20,67
3484,SKU-003484,Innovative intangible adapter,5,82,88.61,51.52,9,91
3485,SKU-003485,Optimized zero-defect firmware,5,65,736.91,469.37,12,88
3486,SKU-003486,Progressive content-based infrastructure,6,7,625.86,363.87,34,118
3487,SKU-003487,Team-oriented uniform Graphic Interface,3,23,557.93,320.65,29,51
3488,SKU-003488,Configurable uniform firmware,14,48,673.64,443.74,31,140
3489,SKU-003489,Operative hybrid help-desk,16,66,504.14,255.91,45,74
3490,SKU-003490,Secured grid-enabled approach,10,31,190.65,110.2,37,195
3491,SKU-003491,Streamlined bandwidth-monitored infrastructure,9,46,476.71,347.96,7,185
3492,SKU-003492,De-engineered zero administration capacity,8,3,246.98,199.18,35,87
3493,SKU-003493,Function-based bandwidth-monitored contingency,14,13,209.99,140.93,18,195
3494,SKU-003494,Function-based fresh-thinking moratorium,13,16,306.16,188.99,37,53
3495,SKU-003495,Fully-configurable fault-tolerant alliance,17,29,613.13,354.41,28,119
3496,SKU-003496,Sharable methodical migration,17,46,607.01,326.35,41,189
3497,SKU-003497,Enhanced 24/7 Internet solution,13,48,835.89,477.65,29,100
3498,SKU-003498,Optional system-worthy complexity,5,31,227.83,93.47,31,187
3499,SKU-003499,Mandatory discrete extranet,4,69,195.36,122.1,18,138
3500,SKU-003500,User-friendly zero-defect alliance,6,18,848.9,496.43,37,54
3501,SKU-003501,Assimilated intangible capacity,10,47,99.03,47.58,6,84
3502,SKU-003502,Persevering directional time-frame,12,86,516.56,385.49,18,121
3503,SKU-003503,Fully-configurable regional archive,1,96,96.05,50.82,18,97
3504,SKU-003504,Optional stable synergy,14,60,815.46,488.3,41,62
3505,SKU-003505,Pre-emptive value-added extranet,16,62,826.34,456.54,46,84
3506,SKU-003506,Centralized explicit ability,8,66,796.56,386.6,21,113
3507,SKU-003507,Ameliorated attitude-oriented project,15,61,572.38,381.59,50,171
3508,SKU-003508,Face-to-face content-based synergy,10,19,736.72,404.79,13,133
3509,SKU-003509,De-engineered client-driven firmware,5,47,197.13,110.75,36,172
3510,SKU-003510,Persevering eco-centric hierarchy,15,87,368.11,232.98,26,62
3511,SKU-003511,Cross-group bandwidth-monitored forecast,17,40,105.94,86.13,32,58
3512,SKU-003512,Progressive discrete paradigm,13,92,147.45,118.91,39,175
3513,SKU-003513,Ameliorated well-modulated synergy,10,60,341.16,279.64,26,200
3514,SKU-003514,Switchable motivating utilization,10,58,584.63,397.71,35,64
3515,SKU-003515,Reverse-engineered context-sensitive moderator,11,31,846.16,452.49,13,63
3516,SKU-003516,Configurable intangible structure,16,76,119.17,78.4,23,155
3517,SKU-003517,Synchronized asymmetric model,17,56,642.22,384.56,18,156
3518,SKU-003518,Inverse regional structure,10,100,664.49,384.1,45,133
3519,SKU-003519,Cloned bifurcated structure,11,96,769.01,404.74,33,94
3520,SKU-003520,Business-focused background process improvement,9,59,215.64,119.8,18,176
3521,SKU-003521,Exclusive motivating toolset,13,46,433.31,251.73,23,194
3522,SKU-003522,Persistent non-volatile artificial intelligence,16,71,903.57,485.79,45,89
3523,SKU-003523,Reactive transitional project,4,3,624.25,416.17,6,74
3524,SKU-003524,Open-source static instruction set,2,51,627.0,382.32,16,131
3525,SKU-003525,Reverse-engineered global benchmark,9,75,64.03,45.41,7,194
3526,SKU-003526,Synchronized 24/7 protocol,17,2,729.01,360.5,5,117
3527,SKU-003527,Future-proofed cohesive protocol,6,62,400.3,325.45,48,125
3528,SKU-003528,Monitored tertiary protocol,5,80,694.42,450.92,24,182
3529,SKU-003529,Reverse-engineered maximized collaboration,11,9,185.64,103.5,16,105
3530,SKU-003530,Front-line fresh-thinking emulation,14,60,875.31,444.32,28,164
3531,SKU-003531,Extended eco-centric success,5,50,546.95,350.61,26,186
3532,SKU-003532,Expanded static architecture,1,39,703.38,439.61,50,162
3533,SKU-003533,Polarized asynchronous product,6,66,558.11,308.11,6,155
3534,SKU-003534,Fundamental hybrid infrastructure,14,78,73.8,45.84,36,119
3535,SKU-003535,Decentralized web-enabled concept,10,99,385.82,244.19,19,144
3536,SKU-003536,Business-focused didactic collaboration,12,97,390.99,201.54,17,149
3537,SKU-003537,Digitized high-level Graphic Interface,15,94,914.37,478.73,29,175
3538,SKU-003538,Realigned well-modulated array,2,85,171.84,107.4,36,95
3539,SKU-003539,Right-sized exuding workforce,15,50,493.88,269.88,22,156
3540,SKU-003540,Synergized homogeneous array,9,79,474.61,385.86,49,102
3541,SKU-003541,Object-based context-sensitive intranet,11,51,745.47,338.51,49,126
3542,SKU-003542,Intuitive asymmetric product,11,51,230.17,132.28,30,105
3543,SKU-003543,Networked client-server structure,4,7,13.38,10.7,27,69
3544,SKU-003544,Profound maximized support,2,39,316.09,201.33,37,77
3545,SKU-003545,Versatile dedicated solution,16,96,95.07,48.26,45,113
3546,SKU-003546,Polarized responsive complexity,11,75,373.84,311.53,39,150
3547,SKU-003547,Centralized full-range hierarchy,10,67,430.13,227.58,42,199
3548,SKU-003548,Cross-group contextually-based solution,13,78,588.77,367.98,43,74
3549,SKU-003549,Advanced actuating protocol,5,74,271.08,168.37,20,105
3550,SKU-003550,De-engineered hybrid migration,7,61,507.86,399.89,21,157
3551,SKU-003551,Optional well-modulated moratorium,10,10,15.98,12.2,28,177
3552,SKU-003552,Robust asymmetric moderator,9,23,481.31,248.1,49,145
3553,SKU-003553,Versatile attitude-oriented leverage,14,86,53.08,34.92,28,136
3554,SKU-003554,Multi-layered high-level capacity,11,72,427.65,287.76,36,56
3555,SKU-003555,Distributed zero administration circuit,6,78,993.11,447.55,19,110
3556,SKU-003556,Seamless modular benchmark,12,93,307.58,184.18,17,139
3557,SKU-003557,Pre-emptive cohesive installation,17,86,570.99,413.76,24,177
3558,SKU-003558,Multi-lateral fresh-thinking alliance,15,88,257.65,138.52,14,183
3559,SKU-003559,Multi-channeled uniform software,2,68,317.61,127.13,39,62
3560,SKU-003560,Open-architected user-facing function,12,97,672.97,480.69,6,136
3561,SKU-003561,Progressive 24/7 benchmark,1,72,390.8,279.14,46,192
3562,SKU-003562,Right-sized mobile website,9,33,741.75,457.87,36,161
3563,SKU-003563,Public-key zero administration superstructure,14,49,67.12,42.75,17,148
3564,SKU-003564,Virtual full-range encryption,8,30,603.17,404.81,24,163
3565,SKU-003565,Exclusive mission-critical orchestration,5,20,294.57,228.35,49,160
3566,SKU-003566,Compatible grid-enabled ability,6,28,840.53,472.21,36,124
3567,SKU-003567,Horizontal foreground application,11,22,141.09,107.7,12,124
3568,SKU-003568,Phased clear-thinking system engine,14,4,8.45,6.4,44,172
3569,SKU-003569,Right-sized asynchronous flexibility,12,76,533.78,444.82,36,165
3570,SKU-003570,Re-engineered national system engine,11,75,147.02,122.52,12,192
3571,SKU-003571,Up-sized discrete info-mediaries,14,47,80.29,49.56,18,162
3572,SKU-003572,Organized exuding middleware,12,84,555.56,332.67,28,165
3573,SKU-003573,Seamless national extranet,9,34,110.36,61.31,43,149
3574,SKU-003574,Intuitive contextually-based Graphical User Interface,16,33,61.15,35.55,35,172
3575,SKU-003575,Sharable cohesive artificial intelligence,5,29,388.99,249.35,37,120
3576,SKU-003576,Networked asynchronous toolset,3,71,390.4,265.58,41,182
3577,SKU-003577,Reverse-engineered static monitoring,8,17,395.14,242.42,16,60
3578,SKU-003578,Inverse optimizing access,11,37,560.98,329.99,27,79
3579,SKU-003579,Reactive high-level forecast,2,42,319.07,226.29,41,67
3580,SKU-003580,Enterprise-wide explicit installation,5,85,406.11,294.28,35,76
3581,SKU-003581,Centralized zero-defect task-force,14,44,92.01,70.24,20,101
3582,SKU-003582,Phased foreground paradigm,1,74,342.19,192.24,30,90
3583,SKU-003583,Open-architected 24hour moderator,16,72,456.24,259.23,36,133
3584,SKU-003584,Total zero tolerance leverage,7,60,649.93,326.6,32,113
3585,SKU-003585,Face-to-face optimal project,17,93,42.27,26.75,20,161
3586,SKU-003586,Re-contextualized modular protocol,16,65,564.84,434.49,25,135
3587,SKU-003587,Stand-alone explicit focus group,12,85,14.89,7.96,7,163
3588,SKU-003588,Seamless upward-trending throughput,1,88,434.6,362.17,10,54
3589,SKU-003589,Enterprise-wide system-worthy circuit,13,46,907.36,477.56,14,164
3590,SKU-003590,Networked disintermediate adapter,11,80,364.69,266.2,24,70
3591,SKU-003591,Decentralized asymmetric knowledgebase,15,41,618.49,379.44,18,199
3592,SKU-003592,Grass-roots scalable functionalities,3,92,344.83,284.98,42,191
3593,SKU-003593,Synchronized motivating framework,1,64,390.07,237.85,26,130
3594,SKU-003594,Exclusive user-facing infrastructure,11,80,574.14,393.25,45,172
3595,SKU-003595,Multi-layered 5thgeneration throughput,15,95,133.44,74.55,49,56
3596,SKU-003596,Open-source real-time instruction set,15,24,270.15,180.1,9,82
3597,SKU-003597,Reactive dynamic neural-net,15,4,409.94,275.13,16,173
3598,SKU-003598,Organized non-volatile open architecture,5,15,569.16,444.66,23,196
3599,SKU-003599,Phased bi-directional matrices,8,1,114.42,89.39,32,99
3600,SKU-003600,Extended 5thgeneration installation,9,88,486.64,291.4,37,102
3601,SKU-003601,Organic cohesive customer loyalty,13,55,681.51,442.54,26,155
3602,SKU-003602,Multi-layered grid-enabled open system,12,58,41.07,25.51,20,133
3603,SKU-003603,User-friendly web-enabled productivity,15,62,210.17,150.12,47,83
3604,SKU-003604,Enhanced full-range solution,17,71,274.65,183.1,9,56
3605,SKU-003605,Progressive local collaboration,7,44,456.4,323.69,36,178
3606,SKU-003606,Self-enabling coherent analyzer,17,3,243.14,151.96,14,123
3607,SKU-003607,Configurable holistic approach,15,95,657.07,483.14,24,198
3608,SKU-003608,Advanced multi-state secured line,4,55,188.17,127.14,48,79
3609,SKU-003609,Multi-tiered intermediate array,8,83,83.57,46.43,23,54
3610,SKU-003610,Streamlined heuristic analyzer,2,6,666.72,362.35,24,135
3611,SKU-003611,Reactive optimizing challenge,5,81,517.57,284.38,35,55
3612,SKU-003612,Networked fault-tolerant portal,10,80,383.81,209.73,20,135
3613,SKU-003613,Total solution-oriented middleware,2,87,438.11,225.83,19,150
3614,SKU-003614,Implemented mobile challenge,6,39,167.17,110.71,28,133
3615,SKU-003615,Automated multi-tasking superstructure,8,31,642.57,396.65,27,66
3616,SKU-003616,Synchronized contextually-based firmware,9,83,733.41,402.97,45,154
3617,SKU-003617,Robust 5thgeneration throughput,2,94,384.6,207.89,7,116
3618,SKU-003618,Total uniform neural-net,14,64,246.92,184.27,45,92
3619,SKU-003619,Advanced systemic orchestration,13,15,598.09,433.4,33,63
3620,SKU-003620,Compatible modular access,17,15,367.59,291.74,30,154
3621,SKU-003621,Ameliorated discrete product,10,49,631.91,493.68,43,77
3622,SKU-003622,Business-focused bandwidth-monitored implementation,9,42,509.88,349.23,21,154
3623,SKU-003623,Focused bifurcated collaboration,12,29,310.74,199.19,31,77
3624,SKU-003624,Profit-focused local infrastructure,6,99,118.23,67.56,15,199
3625,SKU-003625,Grass-roots high-level alliance,2,81,297.48,183.63,41,179
3626,SKU-003626,Focused solution-oriented definition,3,98,504.94,317.57,26,176
3627,SKU-003627,Enhanced homogeneous artificial intelligence,9,99,68.23,50.54,21,164
3628,SKU-003628,Fundamental empowering throughput,4,48,65.14,46.53,16,160
3629,SKU-003629,Switchable motivating support,5,77,253.12,135.36,31,123
3630,SKU-003630,Re-engineered bifurcated definition,15,72,770.59,374.47,7,115
3631,SKU-003631,Devolved 3rdgeneration portal,7,71,472.23,306.64,17,163
3632,SKU-003632,User-centric composite function,6,61,181.55,128.76,47,156
3633,SKU-003633,Switchable systematic capability,10,56,5.3,3.9,21,119
3634,SKU-003634,Decentralized content-based help-desk,7,37,6.03,3.21,14,133
3635,SKU-003635,Digitized intermediate success,5,12,351.01,182.43,18,186
3636,SKU-003636,Compatible 24/7 orchestration,12,35,190.3,132.15,13,142
3637,SKU-003637,Adaptive holistic initiative,17,82,567.97,397.18,8,180
3638,SKU-003638,Advanced leadingedge complexity,16,10,879.51,465.35,14,150
3639,SKU-003639,Team-oriented stable contingency,7,63,137.56,98.26,38,76
3640,SKU-003640,Phased cohesive knowledge user,8,32,573.51,377.31,14,154
3641,SKU-003641,Optimized leadingedge frame,14,79,127.81,66.57,26,179
3642,SKU-003642,Sharable explicit task-force,13,69,711.05,408.65,33,167
3643,SKU-003643,Implemented encompassing portal,7,10,670.15,387.37,17,156
3644,SKU-003644,Upgradable web-enabled initiative,14,65,302.93,252.44,21,51
3645,SKU-003645,Open-architected solution-oriented interface,15,83,603.55,467.87,37,103
3646,SKU-003646,Compatible hybrid capability,7,14,486.37,392.23,35,165
3647,SKU-003647,Innovative 6thgeneration database,8,25,402.3,307.1,17,76
3648,SKU-003648,Ameliorated bi-directional infrastructure,13,36,555.06,336.4,39,52
3649,SKU-003649,Decentralized radical definition,17,68,156.31,82.31,49,143
3650,SKU-003650,Vision-oriented static encoding,16,70,813.65,490.24,11,142
3651,SKU-003651,Reduced attitude-oriented adapter,13,100,580.3,250.31,32,53
3652,SKU-003652,Universal homogeneous help-desk,2,38,336.09,258.53,30,59
3653,SKU-003653,Enhanced client-server function,16,71,893.37,488.18,45,83
3654,SKU-003654,Reactive tangible circuit,14,83,138.34,76.43,11,112
3655,SKU-003655,Progressive explicit alliance,3,42,224.16,174.5,35,198
3656,SKU-003656,Devolved tertiary pricing structure,17,9,385.25,256.83,7,194
3657,SKU-003657,Optimized multi-tasking infrastructure,14,48,388.2,315.61,8,186
3658,SKU-003658,Object-based next generation workforce,6,15,219.71,111.53,23,60
3659,SKU-003659,Business-focused multi-tasking software,15,11,285.35,228.28,22,100
3660,SKU-003660,Advanced real-time collaboration,1,7,533.78,298.2,26,150
3661,SKU-003661,Adaptive responsive conglomeration,10,64,148.93,92.5,23,181
3662,SKU-003662,Programmable transitional monitoring,17,79,759.69,424.41,15,66
3663,SKU-003663,Public-key bottom-line groupware,6,20,155.07,120.21,43,103
3664,SKU-003664,Synergistic context-sensitive throughput,11,33,166.81,90.17,7,78
3665,SKU-003665,Synergized explicit matrix,12,38,261.38,153.75,20,71
3666,SKU-003666,Multi-lateral radical flexibility,15,70,363.74,261.68,8,64
3667,SKU-003667,Future-proofed web-enabled interface,7,52,476.85,245.8,31,183
3668,SKU-003668,Sharable solution-oriented hierarchy,1,36,183.39,125.61,26,189
3669,SKU-003669,Automated 24/7 support,16,96,184.97,126.69,34,58
3670,SKU-003670,Ergonomic bifurcated intranet,5,13,613.24,317.74,45,69
3671,SKU-003671,Triple-buffered motivating ability,10,25,714.51,408.29,18,110
3672,SKU-003672,Operative optimal instruction set,9,3,109.67,58.96,12,62
3673,SKU-003673,Cross-group regional service-desk,7,27,57.71,44.39,25,97
3674,SKU-003674,Networked actuating software,7,10,6.77,5.55,29,120
3675,SKU-003675,Focused discrete budgetary management,13,13,104.14,68.97,23,63
3676,SKU-003676,Customer-focused 24hour architecture,16,11,576.23,464.7,49,164
3677,SKU-003677,Persistent user-facing extranet,2,43,89.28,63.77,12,196
3678,SKU-003678,Triple-buffered 24/7 ability,11,53,329.65,187.3,33,109
3679,SKU-003679,Face-to-face high-level policy,12,12,502.53,328.45,35,160
3680,SKU-003680,Customizable disintermediate projection,1,20,165.53,124.46,50,97
3681,SKU-003681,Cross-platform actuating infrastructure,14,42,667.62,414.67,32,55
3682,SKU-003682,Multi-lateral local intranet,15,37,109.58,88.37,10,127
3683,SKU-003683,Configurable modular Graphical User Interface,7,20,477.6,298.5,13,176
3684,SKU-003684,Synergistic zero administration hardware,6,51,836.36,444.87,12,130
3685,SKU-003685,Upgradable neutral encryption,4,62,410.1,271.59,11,131
3686,SKU-003686,Fundamental cohesive success,9,15,801.25,445.14,15,124
3687,SKU-003687,Integrated intangible intranet,7,10,527.99,361.64,48,102
3688,SKU-003688,Fundamental background orchestration,1,88,439.11,229.9,31,152
3689,SKU-003689,Streamlined actuating moratorium,12,61,430.37,307.41,5,99
3690,SKU-003690,Cross-group modular initiative,3,60,241.56,132.0,6,149
3691,SKU-003691,De-engineered local data-warehouse,8,12,73.75,55.26,47,183
3692,SKU-003692,Diverse 4thgeneration encryption,11,61,514.81,325.83,42,147
3693,SKU-003693,Re-contextualized asymmetric secured line,11,38,230.04,185.54,13,152
3694,SKU-003694,Distributed explicit archive,4,54,633.59,372.7,22,102
3695,SKU-003695,Switchable tertiary architecture,4,33,194.54,140.97,35,131
3696,SKU-003696,Digitized even-keeled system engine,17,19,699.62,451.37,13,108
3697,SKU-003697,De-engineered value-added archive,3,55,670.89,489.7,37,116
3698,SKU-003698,Right-sized grid-enabled attitude,11,79,343.12,206.7,14,110
3699,SKU-003699,Intuitive client-server architecture,16,37,217.32,144.88,32,115
3700,SKU-003700,Versatile encompassing paradigm,11,2,408.91,168.24,32,58
3701,SKU-003701,Extended methodical projection,4,29,530.53,400.41,46,124
3702,SKU-003702,Customer-focused web-enabled software,1,64,594.97,330.54,39,61
3703,SKU-003703,Synergized value-added Graphic Interface,15,96,570.23,329.61,29,63
3704,SKU-003704,Total systematic Graphic Interface,9,82,92.94,59.71,23,175
3705,SKU-003705,Future-proofed tangible definition,12,84,206.22,158.63,46,170
3706,SKU-003706,Cross-platform static interface,17,99,181.37,129.55,28,89
3707,SKU-003707,Synchronized tangible matrices,11,7,817.87,430.46,21,51
3708,SKU-003708,Ameliorated attitude-oriented synergy,4,67,655.55,409.72,25,151
3709,SKU-003709,Stand-alone 3rdgeneration support,12,22,385.56,287.73,41,55
3710,SKU-003710,Right-sized grid-enabled matrices,5,65,237.89,169.92,9,185
3711,SKU-003711,Object-based motivating application,13,27,206.47,138.57,43,94
3712,SKU-003712,Cross-platform background policy,12,35,271.32,149.9,7,147
3713,SKU-003713,Stand-alone reciprocal algorithm,17,69,153.35,92.94,46,63
3714,SKU-003714,Distributed static capability,15,75,446.13,203.64,26,85
3715,SKU-003715,Diverse demand-driven encoding,3,24,898.88,451.7,26,149
3716,SKU-003716,Adaptive system-worthy strategy,7,67,360.91,250.63,27,159
3717,SKU-003717,Persevering tangible budgetary management,9,12,123.22,65.54,17,121
3718,SKU-003718,Triple-buffered modular core,5,26,745.21,407.22,25,175
3719,SKU-003719,Enterprise-wide zero tolerance attitude,10,93,160.89,121.89,14,53
3720,SKU-003720,Organic radical encoding,16,34,438.65,313.32,12,144
3721,SKU-003721,Secured tertiary pricing structure,10,19,602.37,334.65,26,62
3722,SKU-003722,Devolved stable utilization,11,29,761.68,442.84,46,50
3723,SKU-003723,Team-oriented user-facing software,16,64,645.22,444.98,43,107
3724,SKU-003724,Expanded logistical paradigm,12,59,331.08,204.37,14,106
3725,SKU-003725,Synergized zero tolerance archive,5,75,414.14,268.92,14,71
3726,SKU-003726,Sharable asynchronous encoding,7,7,255.99,124.41,11,57
3727,SKU-003727,Virtual systematic analyzer,6,34,360.77,245.42,30,197
3728,SKU-003728,Upgradable bi-directional concept,7,18,276.32,144.67,13,96
3729,SKU-003729,Polarized zero tolerance encryption,17,97,202.14,118.21,25,171
3730,SKU-003730,Reduced bi-directional encryption,16,2,41.55,32.98,38,140
3731,SKU-003731,Secured composite capability,8,15,466.19,289.56,32,191
3732,SKU-003732,Business-focused multi-state ability,7,58,177.82,97.17,9,145
3733,SKU-003733,Organized needs-based framework,9,92,107.9,56.79,43,189
3734,SKU-003734,Adaptive dedicated intranet,9,84,488.38,288.98,33,109
3735,SKU-003735,Expanded local approach,9,74,358.59,280.15,22,151
3736,SKU-003736,Integrated 4thgeneration intranet,16,2,123.75,88.39,5,132
3737,SKU-003737,Streamlined motivating model,5,27,661.7,469.29,21,191
3738,SKU-003738,Profound 4thgeneration secured line,6,73,740.52,372.12,46,109
3739,SKU-003739,Public-key even-keeled matrix,16,76,572.22,266.41,40,92
3740,SKU-003740,Multi-channeled directional Local Area Network,3,48,959.19,494.43,32,125
3741,SKU-003741,User-friendly 5thgeneration knowledge user,1,49,67.83,53.41,31,156
3742,SKU-003742,Switchable tangible initiative,7,98,638.15,350.63,19,73
3743,SKU-003743,Optional tangible array,4,76,102.62,53.73,26,136
3744,SKU-003744,Fully-configurable mobile database,4,25,672.81,382.28,21,64
3745,SKU-003745,Compatible maximized access,7,63,214.12,119.62,41,104
3746,SKU-003746,Reduced client-driven application,1,37,27.77,16.53,28,182
3747,SKU-003747,Object-based contextually-based flexibility,15,89,154.01,68.5,24,82
3748,SKU-003748,Fully-configurable client-server hierarchy,11,8,248.83,154.55,32,134
3749,SKU-003749,Universal directional info-mediaries,15,80,609.42,429.17,45,80
3750,SKU-003750,User-friendly upward-trending alliance,12,62,81.96,68.3,40,55
3751,SKU-003751,Total fresh-thinking access,4,73,822.7,435.29,43,156
3752,SKU-003752,Inverse intermediate Graphic Interface,15,96,376.58,278.95,49,187
3753,SKU-003753,Implemented contextually-based alliance,11,34,533.46,401.1,8,142
3754,SKU-003754,Synchronized fresh-thinking instruction set,16,36,872.51,464.1,5,194
3755,SKU-003755,Stand-alone modular website,11,77,868.32,404.22,43,112
3756,SKU-003756,Function-based responsive artificial intelligence,10,5,25.98,20.3,27,187
3757,SKU-003757,Re-engineered asynchronous extranet,9,56,34.19,28.49,27,129
3758,SKU-003758,Advanced 6thgeneration frame,2,3,427.71,267.32,23,155
3759,SKU-003759,Persistent human-resource moderator,7,38,237.09,132.45,39,162
3760,SKU-003760,Ameliorated executive neural-net,5,37,275.44,181.21,30,158
3761,SKU-003761,Centralized attitude-oriented core,17,6,108.42,70.4,49,170
3762,SKU-003762,Customizable composite secured line,4,50,771.1,310.42,27,95
3763,SKU-003763,Realigned systematic capability,12,73,596.43,350.84,26,55
3764,SKU-003764,Ameliorated leadingedge archive,16,33,227.8,159.3,9,160
3765,SKU-003765,Visionary uniform protocol,13,25,567.28,352.35,11,60
3766,SKU-003766,Fully-configurable bottom-line paradigm,15,52,671.5,355.29,35,64
3767,SKU-003767,Cross-platform incremental migration,9,38,126.48,85.46,22,147
3768,SKU-003768,Virtual secondary middleware,6,33,446.07,305.53,48,128
3769,SKU-003769,Profound zero administration architecture,3,31,56.4,45.85,33,82
3770,SKU-003770,Proactive transitional policy,6,100,281.06,141.95,42,167
3771,SKU-003771,Cross-group transitional flexibility,10,68,667.62,385.91,41,128
3772,SKU-003772,Mandatory well-modulated moratorium,9,52,17.88,12.0,20,198
3773,SKU-003773,User-centric motivating methodology,1,83,139.91,81.82,35,112
3774,SKU-003774,Function-based object-oriented leverage,7,58,377.14,246.5,38,61
3775,SKU-003775,Re-contextualized bandwidth-monitored monitoring,15,16,275.38,166.31,32,82
3776,SKU-003776,Organic intermediate workforce,15,56,605.6,435.68,32,152
3777,SKU-003777,Decentralized radical core,12,21,678.48,387.7,29,114
3778,SKU-003778,Reduced modular access,17,46,118.43,66.43,31,164
3779,SKU-003779,Self-enabling holistic projection,14,94,215.45,165.73,18,156
3780,SKU-003780,Organized mission-critical matrices,4,35,338.18,250.5,7,140
3781,SKU-003781,Devolved high-level synergy,1,90,704.77,414.57,10,142
3782,SKU-003782,Horizontal 5thgeneration productivity,11,59,340.74,190.36,25,83
3783,SKU-003783,Fundamental encompassing synergy,9,46,310.21,191.49,26,136
3784,SKU-003784,Versatile systematic installation,7,31,545.12,365.85,26,119
3785,SKU-003785,Managed 4thgeneration open system,11,28,948.54,499.23,5,165
3786,SKU-003786,Triple-buffered tangible time-frame,5,61,159.59,84.6,29,196
3787,SKU-003787,Universal next generation paradigm,9,21,288.76,169.86,46,159
3788,SKU-003788,Open-source interactive workforce,1,82,546.66,420.51,16,168
3789,SKU-003789,Quality-focused context-sensitive project,10,26,299.08,224.87,49,142
3790,SKU-003790,Object-based bi-directional Internet solution,12,29,45.49,25.7,35,176
3791,SKU-003791,Progressive eco-centric challenge,9,63,837.74,447.99,11,157
3792,SKU-003792,Customizable human-resource core,14,75,262.01,149.72,26,55
3793,SKU-003793,Mandatory real-time conglomeration,12,5,536.64,439.87,11,149
3794,SKU-003794,Seamless methodical moderator,2,62,481.87,312.9,44,180
3795,SKU-003795,Synchronized 6thgeneration adapter,17,9,119.56,74.26,17,105
3796,SKU-003796,Reduced 3rdgeneration circuit,7,99,754.56,388.95,35,126
3797,SKU-003797,Universal context-sensitive task-force,9,80,207.98,120.22,23,75
3798,SKU-003798,Multi-tiered systematic orchestration,12,79,536.76,284.0,44,80
3799,SKU-003799,Innovative intangible firmware,2,32,108.68,62.82,9,77
3800,SKU-003800,Cross-platform empowering Internet solution,12,76,491.37,279.19,27,74
3801,SKU-003801,Ergonomic discrete open system,2,48,58.28,44.83,43,148
3802,SKU-003802,Reduced eco-centric collaboration,7,74,407.44,223.87,23,98
3803,SKU-003803,Polarized heuristic service-desk,10,21,552.69,287.86,38,178
3804,SKU-003804,Up-sized mission-critical encoding,10,81,248.78,155.49,40,133
3805,SKU-003805,Upgradable context-sensitive knowledge user,16,18,67.7,29.94,48,70
3806,SKU-003806,Open-architected cohesive help-desk,2,43,445.99,234.73,27,100
3807,SKU-003807,Robust client-server focus group,10,87,147.75,82.54,49,180
3808,SKU-003808,Realigned transitional Local Area Network,16,76,219.05,127.88,20,180
3809,SKU-003809,Configurable composite moderator,14,57,797.02,452.85,15,179
3810,SKU-003810,Public-key human-resource pricing structure,3,7,410.12,251.61,23,54
3811,SKU-003811,Multi-tiered regional utilization,13,41,402.12,228.48,16,122
3812,SKU-003812,Face-to-face asynchronous secured line,17,7,87.4,53.95,14,54
3813,SKU-003813,Triple-buffered 24/7 knowledgebase,4,73,281.58,148.2,9,84
3814,SKU-003814,Team-oriented dynamic knowledgebase,2,24,402.16,306.99,32,143
3815,SKU-003815,Secured hybrid definition,12,41,310.54,226.67,6,70
3816,SKU-003816,Cloned stable artificial intelligence,1,15,378.33,300.26,25,180
3817,SKU-003817,Face-to-face background definition,16,8,244.09,156.47,49,61
3818,SKU-003818,Team-oriented maximized focus group,7,12,689.85,372.89,33,142
3819,SKU-003819,Adaptive contextually-based benchmark,15,28,276.45,214.3,34,104
3820,SKU-003820,Switchable 6thgeneration artificial intelligence,1,13,222.2,122.76,47,124
3821,SKU-003821,Compatible neutral pricing structure,6,21,349.45,291.21,48,116
3822,SKU-003822,Expanded multi-tasking implementation,11,35,17.1,9.0,49,159
3823,SKU-003823,Streamlined foreground artificial intelligence,9,32,576.58,476.51,26,188
3824,SKU-003824,Configurable asymmetric open architecture,1,5,594.4,371.5,24,136
3825,SKU-003825,Fully-configurable asymmetric strategy,4,74,54.8,28.1,25,154
3826,SKU-003826,Right-sized zero-defect core,9,97,47.1,31.19,36,174
3827,SKU-003827,Inverse eco-centric middleware,11,49,500.08,312.55,14,131
3828,SKU-003828,Down-sized context-sensitive function,13,34,326.21,243.44,8,149
3829,SKU-003829,Customizable zero-defect superstructure,16,44,596.49,304.33,21,77
3830,SKU-003830,Vision-oriented modular benchmark,4,39,620.48,380.66,40,192
3831,SKU-003831,Multi-layered next generation adapter,3,73,722.7,425.12,36,134
3832,SKU-003832,Down-sized impactful matrix,13,42,313.99,183.62,7,117
3833,SKU-003833,Grass-roots value-added challenge,9,99,334.43,140.93,14,153
3834,SKU-003834,Public-key analyzing standardization,12,6,425.52,254.8,9,134
3835,SKU-003835,Synchronized multimedia protocol,14,99,656.99,421.15,16,155
3836,SKU-003836,Implemented client-server extranet,3,53,394.98,263.32,41,179
3837,SKU-003837,Multi-tiered stable monitoring,3,57,109.17,61.37,46,52
3838,SKU-003838,Face-to-face interactive hierarchy,16,20,32.64,24.54,47,107
3839,SKU-003839,Open-source user-facing benchmark,2,41,461.92,307.95,21,81
3840,SKU-003840,Automated 4thgeneration utilization,16,56,628.27,445.58,5,70
3841,SKU-003841,Customizable tertiary synergy,1,1,694.98,354.58,33,171
3842,SKU-003842,Horizontal holistic hierarchy,15,56,467.92,285.32,11,185
3843,SKU-003843,Balanced intermediate interface,16,17,519.29,322.54,49,73
3844,SKU-003844,Reactive well-modulated emulation,10,76,380.54,311.92,12,116
3845,SKU-003845,Organized context-sensitive synergy,12,80,178.97,107.1,36,186
3846,SKU-003846,Grass-roots zero tolerance solution,2,68,183.25,115.25,48,197
3847,SKU-003847,Reverse-engineered optimal workforce,9,37,78.06,54.21,49,169
3848,SKU-003848,User-centric national moratorium,1,12,566.97,323.98,16,92
3849,SKU-003849,Extended intangible attitude,1,72,227.62,177.96,39,59
3850,SKU-003850,Automated asymmetric initiative,6,92,144.35,78.45,8,151
3851,SKU-003851,Face-to-face holistic Graphical User Interface,12,80,627.81,369.3,11,131
3852,SKU-003852,Versatile asynchronous Internet solution,14,20,96.94,65.5,41,153
3853,SKU-003853,Ergonomic human-resource application,5,100,878.36,450.44,28,112
3854,SKU-003854,Digitized analyzing process improvement,5,23,549.92,443.48,25,120
3855,SKU-003855,Seamless encompassing adapter,15,72,277.88,186.5,34,102
3856,SKU-003856,Public-key dedicated productivity,10,16,958.87,423.83,8,63
3857,SKU-003857,Inverse needs-based frame,17,37,490.21,329.0,20,194
3858,SKU-003858,Optional analyzing definition,11,84,162.41,120.3,50,156
3859,SKU-003859,Networked even-keeled open system,8,61,4.06,2.9,28,51
3860,SKU-003860,Business-focused scalable functionalities,8,8,262.3,147.36,21,170
3861,SKU-003861,Progressive object-oriented algorithm,6,59,16.76,9.16,32,117
3862,SKU-003862,Visionary actuating Graphic Interface,2,16,397.64,190.14,44,189
3863,SKU-003863,Innovative mission-critical database,17,100,676.5,476.41,5,188
3864,SKU-003864,Assimilated homogeneous complexity,17,22,203.26,146.23,37,133
3865,SKU-003865,Monitored foreground definition,6,2,483.6,403.0,28,85
3866,SKU-003866,Intuitive holistic approach,4,25,939.89,494.68,26,90
3867,SKU-003867,Reactive multimedia leverage,12,2,294.93,131.59,28,81
3868,SKU-003868,Sharable encompassing array,17,4,181.68,108.79,27,73
3869,SKU-003869,Universal 24hour methodology,9,81,518.96,422.37,7,120
3870,SKU-003870,Optimized optimal portal,7,28,537.43,378.47,14,171
3871,SKU-003871,Multi-tiered next generation orchestration,9,58,419.67,210.89,19,180
3872,SKU-003872,Re-contextualized coherent service-desk,12,23,361.17,240.78,18,62
3873,SKU-003873,Exclusive incremental workforce,2,57,295.79,194.6,10,88
3874,SKU-003874,Expanded reciprocal framework,3,18,251.4,156.15,46,130
3875,SKU-003875,Networked optimal forecast,7,56,429.04,276.8,24,103
3876,SKU-003876,Team-oriented content-based artificial intelligence,10,95,925.42,497.54,25,121
3877,SKU-003877,Automated web-enabled moratorium,11,14,283.02,192.53,23,147
3878,SKU-003878,Organized regional neural-net,16,53,606.97,361.29,19,111
3879,SKU-003879,Grass-roots coherent workforce,7,31,505.89,346.97,19,182
3880,SKU-003880,Networked 24hour throughput,5,42,557.8,270.8,6,89
3881,SKU-003881,Integrated dynamic time-frame,14,49,314.29,255.2,32,181
3882,SKU-003882,Streamlined coherent info-mediaries,2,95,256.87,157.59,15,168
3883,SKU-003883,Exclusive incremental middleware,1,46,251.96,163.61,18,174
3884,SKU-003884,Vision-oriented multi-tasking circuit,7,25,173.86,101.67,7,194
3885,SKU-003885,Reduced needs-based concept,10,60,420.02,237.3,36,62
3886,SKU-003886,Cross-platform multi-tasking solution,13,18,475.77,325.87,11,50
3887,SKU-003887,Open-architected logistical moderator,6,65,360.39,290.64,46,67
3888,SKU-003888,Vision-oriented impactful utilization,17,88,551.15,452.54,38,66
3889,SKU-003889,Business-focused fault-tolerant superstructure,6,48,787.85,450.2,15,189
3890,SKU-003890,Profit-focused 3rdgeneration interface,3,87,488.34,346.34,33,84
3891,SKU-003891,Seamless zero tolerance knowledgebase,15,2,171.03,82.8,18,81
3892,SKU-003892,Extended empowering open architecture,1,80,39.6,23.71,39,138
3893,SKU-003893,Progressive logistical neural-net,2,35,601.81,455.92,39,113
3894,SKU-003894,Quality-focused homogeneous solution,15,95,140.45,100.32,45,84
3895,SKU-003895,Synchronized motivating solution,1,55,297.34,200.7,50,158
3896,SKU-003896,Centralized foreground productivity,16,82,531.2,384.93,48,127
3897,SKU-003897,Proactive uniform open architecture,1,90,193.4,115.81,18,163
3898,SKU-003898,Front-line leadingedge benchmark,5,54,513.42,270.22,38,185
3899,SKU-003899,Intuitive mobile moratorium,4,31,418.56,256.2,45,162
3900,SKU-003900,Down-sized bottom-line matrices,11,50,142.68,104.91,13,119
3901,SKU-003901,Function-based dynamic customer loyalty,4,64,477.62,248.76,39,90
3902,SKU-003902,Streamlined reciprocal matrices,14,56,336.81,232.28,13,58
3903,SKU-003903,Programmable even-keeled structure,13,33,424.93,272.39,5,79
3904,SKU-003904,Open-source human-resource challenge,4,77,236.41,172.56,44,174
3905,SKU-003905,Mandatory responsive capacity,11,44,406.31,263.84,47,126
3906,SKU-003906,Optimized impactful knowledgebase,6,79,133.94,78.33,16,196
3907,SKU-003907,Devolved transitional instruction set,16,79,375.24,312.7,22,61
3908,SKU-003908,Vision-oriented empowering benchmark,8,67,360.12,223.85,15,162
3909,SKU-003909,Public-key multi-tasking data-warehouse,8,79,683.19,369.29,13,101
3910,SKU-003910,Stand-alone eco-centric interface,17,95,602.27,429.68,31,97
3911,SKU-003911,Multi-lateral impactful hub,16,35,371.43,290.52,46,191
3912,SKU-003912,Pre-emptive solution-oriented artificial intelligence,10,99,35.89,28.71,42,91
3913,SKU-003913,Self-enabling high-level ability,13,5,273.71,212.18,8,69
3914,SKU-003914,Networked scalable alliance,14,10,106.81,78.54,23,59
3915,SKU-003915,Right-sized bi-directional Internet solution,13,46,467.36,292.1,47,132
3916,SKU-003916,Fully-configurable 5thgeneration application,4,61,308.03,160.43,38,118
3917,SKU-003917,User-centric mobile superstructure,10,98,804.3,439.51,46,90
3918,SKU-003918,Universal clear-thinking Graphical User Interface,17,59,507.99,413.0,48,100
3919,SKU-003919,Customer-focused incremental infrastructure,12,100,36.76,30.63,30,195
3920,SKU-003920,Organized analyzing product,13,97,887.5,455.13,9,80
3921,SKU-003921,Synchronized eco-centric ability,5,46,531.66,418.63,7,55
3922,SKU-003922,Operative zero tolerance extranet,8,40,520.04,210.34,41,128
3923,SKU-003923,Devolved intermediate service-desk,12,8,561.78,392.85,25,99
3924,SKU-003924,Fundamental attitude-oriented artificial intelligence,14,2,274.59,147.63,15,180
3925,SKU-003925,Universal neutral monitoring,16,44,240.42,193.89,27,193
3926,SKU-003926,Fundamental uniform architecture,12,42,432.48,254.4,15,185
3927,SKU-003927,Cross-platform impactful focus group,8,3,606.74,379.21,47,113
3928,SKU-003928,Triple-buffered even-keeled frame,10,30,510.61,323.17,19,87
3929,SKU-003929,Synergistic logistical moderator,14,64,440.48,305.89,49,122
3930,SKU-003930,Phased logistical capacity,9,82,619.1,451.9,45,150
3931,SKU-003931,User-centric multimedia data-warehouse,10,14,823.37,370.35,41,52
3932,SKU-003932,Automated radical orchestration,15,72,253.88,211.57,23,124
3933,SKU-003933,Re-contextualized dynamic architecture,13,82,157.96,90.78,21,83
3934,SKU-003934,Multi-channeled motivating hardware,16,100,98.81,64.16,8,96
3935,SKU-003935,Multi-lateral methodical open system,3,47,242.92,147.66,38,116
3936,SKU-003936,Monitored bifurcated projection,5,99,176.61,119.33,19,123
3937,SKU-003937,Universal maximized solution,1,66,180.76,106.33,6,156
3938,SKU-003938,Upgradable disintermediate parallelism,11,79,833.78,438.83,46,124
3939,SKU-003939,User-friendly zero tolerance projection,9,42,210.25,124.41,44,55
3940,SKU-003940,Upgradable bottom-line collaboration,17,21,719.29,382.6,9,75
3941,SKU-003941,Integrated scalable collaboration,4,85,613.35,408.9,37,70
3942,SKU-003942,Proactive neutral middleware,7,99,327.33,165.32,34,166
3943,SKU-003943,Assimilated leadingedge algorithm,12,83,42.07,28.62,6,152
3944,SKU-003944,Extended contextually-based intranet,13,23,886.45,479.16,21,101
3945,SKU-003945,Distributed 24hour throughput,16,78,107.61,68.54,38,63
3946,SKU-003946,Polarized multimedia process improvement,8,57,199.41,132.94,43,182
3947,SKU-003947,Total solution-oriented core,14,25,309.16,257.63,29,194
3948,SKU-003948,Grass-roots encompassing benchmark,8,65,604.63,414.13,28,165
3949,SKU-003949,Down-sized impactful workforce,5,96,617.43,369.72,43,54
3950,SKU-003950,Up-sized object-oriented functionalities,6,62,86.2,53.53,23,164
3951,SKU-003951,Managed user-facing definition,7,27,732.37,438.69,9,164
3952,SKU-003952,Synchronized didactic project,10,64,562.38,295.99,26,148
3953,SKU-003953,Cross-platform maximized implementation,12,81,882.96,452.8,8,86
3954,SKU-003954,Down-sized modular moderator,14,40,88.8,59.2,47,194
3955,SKU-003955,Visionary 24hour hardware,4,82,313.92,184.66,13,133
3956,SKU-003956,Operative content-based attitude,1,43,217.13,118.65,18,176
3957,SKU-003957,Upgradable next generation Local Area Network,6,91,519.68,429.49,36,123
3958,SKU-003958,Object-based multimedia service-desk,16,41,423.94,347.49,17,72
3959,SKU-003959,Synchronized empowering task-force,7,69,50.34,41.95,36,84
3960,SKU-003960,Inverse local portal,7,94,689.27,441.84,11,129
3961,SKU-003961,Streamlined real-time flexibility,4,76,584.54,442.83,50,194
3962,SKU-003962,Synergistic object-oriented task-force,13,23,272.78,194.84,45,117
3963,SKU-003963,Universal client-server throughput,16,58,845.34,344.25,47,69
3964,SKU-003964,Synchronized scalable installation,17,43,560.44,434.45,5,163
3965,SKU-003965,Distributed grid-enabled array,4,4,54.77,32.41,17,72
3966,SKU-003966,De-engineered 3rdgeneration matrices,12,75,528.59,336.68,11,120
3967,SKU-003967,Optimized asynchronous process improvement,14,52,221.76,144.94,34,146
3968,SKU-003968,Managed actuating structure,9,31,785.47,409.1,22,50
3969,SKU-003969,Object-based solution-oriented hub,11,59,485.97,395.1,29,127
3970,SKU-003970,Visionary hybrid hierarchy,15,25,434.02,238.47,13,200
3971,SKU-003971,Configurable well-modulated approach,11,1,457.62,331.61,32,183
3972,SKU-003972,Up-sized coherent encoding,8,7,330.81,168.78,44,126
3973,SKU-003973,Pre-emptive scalable adapter,14,13,735.41,458.54,29,135
3974,SKU-003974,Vision-oriented explicit concept,1,63,185.47,114.59,50,185
3975,SKU-003975,Centralized object-oriented website,13,15,73.82,37.81,27,64
3976,SKU-003976,Object-based bottom-line infrastructure,2,29,383.07,247.14,32,167
3977,SKU-003977,Decentralized bottom-line knowledgebase,16,57,42.1,31.42,43,160
3978,SKU-003978,Re-engineered executive installation,15,5,611.16,347.25,41,149
3979,SKU-003979,Seamless intangible architecture,5,20,464.44,346.6,43,180
3980,SKU-003980,Programmable fault-tolerant structure,16,58,193.0,114.2,41,188
3981,SKU-003981,Vision-oriented didactic knowledgebase,12,80,346.68,262.64,30,185
3982,SKU-003982,Organized eco-centric middleware,6,90,465.43,381.5,19,53
3983,SKU-003983,Universal leadingedge architecture,11,33,772.26,448.99,36,135
3984,SKU-003984,Ergonomic well-modulated website,7,50,686.88,304.45,33,88
3985,SKU-003985,Inverse homogeneous knowledge user,17,9,674.71,374.84,22,54
3986,SKU-003986,Versatile impactful function,4,83,378.39,276.2,20,165
3987,SKU-003987,Re-contextualized even-keeled secured line,6,85,72.3,42.53,18,77
3988,SKU-003988,Front-line methodical monitoring,3,29,350.63,193.72,12,66
3989,SKU-003989,Front-line homogeneous workforce,1,4,357.45,188.13,22,162
3990,SKU-003990,Upgradable fault-tolerant forecast,9,8,475.23,306.6,27,189
3991,SKU-003991,Virtual directional pricing structure,9,20,62.69,35.42,36,193
3992,SKU-003992,Synergized cohesive Internet solution,2,3,521.09,291.11,44,178
3993,SKU-003993,Optimized multi-state archive,10,40,786.52,434.54,10,159
3994,SKU-003994,Networked bandwidth-monitored benchmark,16,98,884.76,460.81,34,88
3995,SKU-003995,Adaptive incremental leverage,2,72,515.72,429.77,6,137
3996,SKU-003996,Distributed even-keeled service-desk,1,33,648.82,381.66,44,172
3997,SKU-003997,Polarized context-sensitive forecast,1,5,474.22,250.91,19,65
3998,SKU-003998,User-friendly zero tolerance model,14,12,185.58,103.1,33,138
3999,SKU-003999,Visionary coherent software,10,79,370.53,303.71,24,169
4000,SKU-004000,Future-proofed optimizing hardware,17,28,385.07,216.33,16,142
4001,SKU-004001,Open-architected discrete data-warehouse,9,80,49.44,40.76,13,87
4002,SKU-004002,Virtual methodical approach,11,74,432.73,228.96,24,92
4003,SKU-004003,Seamless stable synergy,12,95,284.23,218.64,28,117
4004,SKU-004004,Public-key zero tolerance contingency,3,31,137.12,103.88,38,51
4005,SKU-004005,Mandatory mission-critical initiative,9,100,113.11,62.15,11,144
4006,SKU-004006,Quality-focused well-modulated hierarchy,12,32,800.36,447.13,15,102
4007,SKU-004007,Virtual didactic pricing structure,16,32,397.63,242.46,12,168
4008,SKU-004008,Universal directional circuit,9,31,344.6,165.21,21,87
4009,SKU-004009,Monitored user-facing matrices,14,42,89.34,51.94,32,92
4010,SKU-004010,Face-to-face holistic adapter,1,54,355.0,284.0,50,116
4011,SKU-004011,Inverse uniform model,2,40,872.94,440.88,38,93
4012,SKU-004012,Synergistic needs-based complexity,17,49,504.59,315.37,16,143
4013,SKU-004013,Enterprise-wide object-oriented core,15,3,737.96,378.44,32,90
4014,SKU-004014,Persistent uniform data-warehouse,13,3,532.69,324.81,38,65
4015,SKU-004015,Devolved intangible circuit,7,91,354.24,190.45,47,71
4016,SKU-004016,Ameliorated asymmetric artificial intelligence,12,26,734.29,499.52,13,165
4017,SKU-004017,Visionary bandwidth-monitored forecast,15,62,530.33,384.3,26,147
4018,SKU-004018,User-centric mobile array,8,57,556.12,437.89,42,200
4019,SKU-004019,Assimilated system-worthy groupware,8,65,463.59,277.6,16,188
4020,SKU-004020,Triple-buffered coherent projection,8,85,586.5,480.74,44,149
4021,SKU-004021,User-friendly high-level core,16,98,775.35,412.42,29,119
4022,SKU-004022,Inverse human-resource collaboration,6,20,582.63,414.36,5,188
4023,SKU-004023,Visionary incremental extranet,9,17,669.38,495.84,42,194
4024,SKU-004024,Centralized local archive,13,6,521.2,353.93,32,195
4025,SKU-004025,Right-sized empowering Graphical User Interface,3,5,541.32,305.83,29,185
4026,SKU-004026,Digitized asynchronous implementation,5,75,186.29,104.66,38,146
4027,SKU-004027,Profit-focused holistic standardization,16,14,15.21,9.39,8,112
4028,SKU-004028,Advanced high-level implementation,11,84,394.27,217.83,46,156
4029,SKU-004029,Automated systemic paradigm,13,79,844.6,469.22,24,68
4030,SKU-004030,Reactive multi-tasking moratorium,1,87,88.66,73.27,40,181
4031,SKU-004031,Assimilated multi-tasking architecture,3,1,770.21,390.97,34,75
4032,SKU-004032,Triple-buffered impactful algorithm,8,100,184.92,146.76,31,180
4033,SKU-004033,Switchable motivating forecast,9,99,30.16,17.64,22,103
4034,SKU-004034,Customizable dedicated conglomeration,14,92,821.11,412.62,50,176
4035,SKU-004035,Face-to-face zero-defect archive,3,88,436.96,255.53,37,64
4036,SKU-004036,Innovative tangible encoding,2,99,680.43,412.38,42,170
4037,SKU-004037,Multi-tiered multimedia structure,9,23,581.37,293.62,12,192
4038,SKU-004038,Progressive value-added leverage,9,60,116.48,64.71,15,73
4039,SKU-004039,Networked heuristic process improvement,15,40,500.3,367.88,29,51
4040,SKU-004040,Extended bi-directional challenge,3,63,212.62,113.7,38,79
4041,SKU-004041,Enhanced tertiary encryption,5,64,322.42,231.96,25,184
4042,SKU-004042,Seamless composite algorithm,14,28,531.36,280.7,6,116
4043,SKU-004043,Down-sized hybrid array,4,2,142.95,61.48,41,138
4044,SKU-004044,Cloned logistical portal,6,97,140.54,117.12,25,66
4045,SKU-004045,Streamlined 3rdgeneration archive,7,85,170.78,117.5,33,58
4046,SKU-004046,Integrated 24hour archive,9,50,162.45,92.3,44,149
4047,SKU-004047,Automated maximized methodology,5,63,67.8,44.9,15,59
4048,SKU-004048,Business-focused tangible structure,1,56,475.89,325.95,18,139
4049,SKU-004049,Assimilated bifurcated initiative,6,54,174.18,119.3,13,133
4050,SKU-004050,Future-proofed homogeneous capability,16,32,62.97,36.4,7,142
4051,SKU-004051,Switchable clear-thinking algorithm,13,57,503.73,342.9,17,64
4052,SKU-004052,Adaptive mission-critical function,3,82,609.31,444.75,17,136
4053,SKU-004053,Mandatory disintermediate encoding,2,29,447.98,292.8,29,107
4054,SKU-004054,Grass-roots dedicated definition,4,76,548.46,340.66,25,179
4055,SKU-004055,Reactive exuding benchmark,13,19,15.46,11.89,48,146
4056,SKU-004056,Optional multi-state encoding,4,35,534.95,251.46,30,142
4057,SKU-004057,Function-based zero administration productivity,12,47,7.27,4.2,37,124
4058,SKU-004058,Diverse analyzing attitude,17,14,365.73,200.95,46,55
4059,SKU-004059,Monitored bi-directional policy,17,71,96.97,73.27,43,51
4060,SKU-004060,Customizable mobile throughput,12,5,369.51,209.95,34,137
4061,SKU-004061,Persistent methodical productivity,12,3,95.29,63.95,22,152
4062,SKU-004062,Digitized systematic productivity,17,81,92.92,50.5,23,100
4063,SKU-004063,Optimized national synergy,16,22,543.99,377.77,5,86
4064,SKU-004064,Pre-emptive attitude-oriented algorithm,8,50,779.76,456.0,48,136
4065,SKU-004065,Versatile explicit array,9,38,175.17,118.36,14,170
4066,SKU-004066,Mandatory didactic architecture,10,47,83.39,60.87,42,144
4067,SKU-004067,Digitized responsive process improvement,1,55,292.96,183.1,42,139
4068,SKU-004068,Optimized eco-centric challenge,15,89,222.04,158.6,13,115
4069,SKU-004069,Seamless 4thgeneration open system,17,21,149.13,106.52,21,132
4070,SKU-004070,Triple-buffered intermediate secured line,10,57,42.32,31.82,7,88
4071,SKU-004071,Customizable mobile approach,14,2,762.23,430.25,15,94
4072,SKU-004072,Exclusive stable protocol,3,25,263.97,187.21,21,73
4073,SKU-004073,Quality-focused 4thgeneration orchestration,12,39,286.01,232.53,9,175
4074,SKU-004074,Organized reciprocal alliance,12,99,326.21,191.34,40,118
4075,SKU-004075,Ergonomic reciprocal database,7,97,447.78,285.21,44,153
4076,SKU-004076,Virtual well-modulated moratorium,6,75,414.44,318.8,32,140
4077,SKU-004077,Multi-tiered executive info-mediaries,9,93,381.02,224.13,31,172
4078,SKU-004078,Multi-channeled homogeneous concept,11,7,332.3,194.33,40,116
4079,SKU-004079,Synergized asynchronous projection,10,32,923.23,473.45,41,198
4080,SKU-004080,Advanced optimal paradigm,6,66,462.99,291.19,32,80
4081,SKU-004081,Managed well-modulated benchmark,9,31,11.12,6.18,38,89
4082,SKU-004082,Enterprise-wide systematic success,14,44,203.89,167.87,41,80
4083,SKU-004083,Progressive 5thgeneration time-frame,12,24,476.39,276.97,38,102
4084,SKU-004084,Ergonomic 24/7 Internet solution,16,29,595.98,416.77,5,188
4085,SKU-004085,Progressive explicit adapter,4,95,201.1,117.6,32,171
4086,SKU-004086,Team-oriented asymmetric paradigm,4,95,452.67,239.51,6,134
4087,SKU-004087,Persevering 5thgeneration portal,12,63,15.0,8.62,23,128
4088,SKU-004088,Optional optimizing budgetary management,10,32,235.17,180.9,37,166
4089,SKU-004089,Reactive secondary function,8,15,517.29,410.55,49,131
4090,SKU-004090,Optimized real-time functionalities,15,80,625.06,383.47,15,194
4091,SKU-004091,Down-sized transitional leverage,7,22,251.85,195.23,21,108
4092,SKU-004092,Synergistic scalable pricing structure,3,74,313.67,252.96,47,60
4093,SKU-004093,Inverse systemic workforce,4,34,333.95,169.52,9,109
4094,SKU-004094,Object-based multi-state projection,8,20,250.01,159.24,41,179
4095,SKU-004095,Sharable value-added Internet solution,2,46,417.67,229.49,45,72
4096,SKU-004096,Future-proofed contextually-based encoding,14,96,422.64,300.13,20,163
4097,SKU-004097,Fully-configurable national analyzer,3,28,208.18,130.93,9,184
4098,SKU-004098,Ergonomic grid-enabled service-desk,16,92,258.86,136.24,12,161
4099,SKU-004099,Decentralized asymmetric benchmark,10,60,586.28,385.71,29,93
4100,SKU-004100,Persistent national matrices,8,94,19.22,14.56,27,129
4101,SKU-004101,Operative fault-tolerant knowledge user,7,9,91.22,63.35,46,75
4102,SKU-004102,Enhanced impactful initiative,8,61,700.88,400.5,45,54
4103,SKU-004103,Reactive content-based analyzer,4,39,12.4,9.69,40,143
4104,SKU-004104,Multi-layered intermediate access,17,68,369.41,244.64,8,117
4105,SKU-004105,Synchronized clear-thinking forecast,10,52,905.13,461.8,50,97
4106,SKU-004106,Cloned maximized database,9,89,444.34,286.67,29,58
4107,SKU-004107,Virtual intermediate customer loyalty,3,34,605.4,476.69,41,99
4108,SKU-004108,Organized client-driven task-force,5,76,440.34,355.11,17,183
4109,SKU-004109,Adaptive solution-oriented emulation,1,100,547.69,383.0,46,184
4110,SKU-004110,Re-contextualized bifurcated projection,3,52,548.02,405.94,23,175
4111,SKU-004111,Polarized dedicated open architecture,14,72,409.57,213.32,11,102
4112,SKU-004112,De-engineered tangible complexity,16,90,825.86,451.29,40,76
4113,SKU-004113,Expanded stable paradigm,6,47,414.58,287.9,49,178
4114,SKU-004114,Cross-group dedicated infrastructure,16,9,335.88,275.31,31,63
4115,SKU-004115,Integrated asynchronous success,16,98,549.89,335.3,38,166
4116,SKU-004116,Proactive fault-tolerant policy,1,61,343.36,208.1,15,155
4117,SKU-004117,Profound asynchronous ability,11,89,784.7,469.88,6,113
4118,SKU-004118,Public-key asynchronous conglomeration,17,66,486.4,302.11,47,112
4119,SKU-004119,Stand-alone needs-based groupware,8,97,406.71,229.78,8,192
4120,SKU-004120,Stand-alone multi-state attitude,9,55,720.93,459.19,41,139
4121,SKU-004121,Vision-oriented intangible parallelism,17,94,169.97,129.75,14,112
4122,SKU-004122,Organic composite product,10,66,730.49,486.99,31,75
4123,SKU-004123,Optional systematic toolset,6,30,633.29,442.86,8,149
4124,SKU-004124,Synergistic object-oriented focus group,13,63,463.86,257.7,7,71
4125,SKU-004125,Adaptive eco-centric frame,15,14,277.69,143.9,15,59
4126,SKU-004126,Organized fault-tolerant middleware,11,52,454.26,289.25,16,104
4127,SKU-004127,Cloned mission-critical definition,5,58,792.99,419.57,34,154
4128,SKU-004128,Ergonomic reciprocal projection,11,82,29.35,14.9,9,111
4129,SKU-004129,Multi-lateral zero administration leverage,10,10,324.49,210.71,49,155
4130,SKU-004130,Face-to-face intangible initiative,8,87,556.37,305.7,20,171
4131,SKU-004131,Configurable motivating flexibility,12,29,759.13,381.47,26,173
4132,SKU-004132,Multi-lateral non-volatile challenge,9,44,390.13,233.61,37,109
4133,SKU-004133,Implemented fault-tolerant moratorium,6,25,333.68,213.9,44,146
4134,SKU-004134,Future-proofed fresh-thinking ability,6,45,28.62,21.36,29,177
4135,SKU-004135,Programmable context-sensitive process improvement,11,76,818.29,329.7,40,189
4136,SKU-004136,Customer-focused uniform ability,8,57,925.7,469.9,31,103
4137,SKU-004137,Profound uniform algorithm,10,28,585.72,393.2,36,115
4138,SKU-004138,Seamless neutral access,17,94,75.64,48.8,29,131
4139,SKU-004139,Open-source zero-defect benchmark,15,1,275.8,165.15,36,178
4140,SKU-004140,Configurable disintermediate capacity,10,5,200.49,107.79,15,170
4141,SKU-004141,Multi-channeled 6thgeneration architecture,13,48,502.41,408.46,33,143
4142,SKU-004142,Programmable homogeneous data-warehouse,5,72,259.99,188.4,9,52
4143,SKU-004143,User-friendly web-enabled ability,11,51,652.77,352.85,8,136
4144,SKU-004144,Universal responsive task-force,10,15,271.59,163.61,8,196
4145,SKU-004145,Optional homogeneous budgetary management,14,87,407.55,209.0,9,137
4146,SKU-004146,Open-architected 3rdgeneration website,6,38,149.63,101.1,23,145
4147,SKU-004147,Reverse-engineered background migration,3,38,368.1,194.76,18,108
4148,SKU-004148,Organized full-range knowledgebase,11,47,699.68,390.88,21,150
4149,SKU-004149,Ergonomic encompassing time-frame,6,54,691.18,404.2,6,145
4150,SKU-004150,Integrated real-time strategy,14,76,182.34,101.3,30,146
4151,SKU-004151,Persistent web-enabled functionalities,17,72,616.44,373.6,7,123
4152,SKU-004152,Operative directional function,17,57,71.14,57.37,21,135
4153,SKU-004153,Front-line local pricing structure,2,22,131.31,55.17,15,103
4154,SKU-004154,Extended asymmetric software,6,11,619.51,452.2,17,120
4155,SKU-004155,Organic real-time pricing structure,1,6,621.83,437.91,35,97
4156,SKU-004156,Realigned mobile capacity,8,8,347.92,177.51,29,103
4157,SKU-004157,Progressive dedicated intranet,3,83,759.14,483.53,48,144
4158,SKU-004158,Pre-emptive logistical matrices,13,63,86.8,57.6,43,142
4159,SKU-004159,De-engineered uniform capacity,9,77,806.79,413.74,29,172
4160,SKU-004160,Operative methodical functionalities,11,100,198.78,113.59,33,199
4161,SKU-004161,Integrated full-range firmware,1,21,110.02,62.16,39,121
4162,SKU-004162,User-centric multi-tasking challenge,13,76,792.38,463.38,33,153
4163,SKU-004163,Synergistic human-resource info-mediaries,16,35,382.66,294.35,39,183
4164,SKU-004164,Advanced multi-state throughput,16,67,390.53,220.64,32,109
4165,SKU-004165,Front-line fresh-thinking paradigm,2,96,553.38,291.1,44,123
4166,SKU-004166,Fundamental maximized focus group,6,59,431.0,314.6,8,165
4167,SKU-004167,Mandatory uniform collaboration,16,72,97.1,72.46,31,66
4168,SKU-004168,Persevering solution-oriented complexity,16,36,44.58,33.77,8,166
4169,SKU-004169,Decentralized eco-centric implementation,1,31,292.12,164.11,33,189
4170,SKU-004170,Intuitive incremental model,4,87,114.44,88.71,6,193
4171,SKU-004171,Proactive mission-critical knowledgebase,1,93,564.18,335.82,35,141
4172,SKU-004172,Streamlined systematic process improvement,7,77,29.63,17.13,45,94
4173,SKU-004173,Polarized system-worthy throughput,10,99,298.15,167.5,48,150
4174,SKU-004174,Polarized zero-defect matrices,3,67,826.04,419.31,30,96
4175,SKU-004175,Virtual multi-tasking installation,3,52,408.41,210.52,19,107
4176,SKU-004176,Public-key bottom-line encoding,1,26,496.07,393.71,14,154
4177,SKU-004177,Assimilated reciprocal extranet,13,51,94.36,68.38,28,120
4178,SKU-004178,Vision-oriented foreground definition,13,39,380.41,292.62,22,113
4179,SKU-004179,Customer-focused clear-thinking benchmark,15,49,571.64,420.32,15,62
4180,SKU-004180,Total context-sensitive moderator,8,33,884.81,465.69,37,91
4181,SKU-004181,Reverse-engineered cohesive adapter,12,32,509.83,274.1,29,132
4182,SKU-004182,Progressive interactive process improvement,14,77,23.19,15.36,7,59
4183,SKU-004183,Ergonomic background toolset,11,18,604.65,476.1,24,53
4184,SKU-004184,Sharable logistical Graphic Interface,17,89,683.68,488.34,22,87
4185,SKU-004185,Enhanced mission-critical knowledge user,7,31,488.33,238.54,19,111
4186,SKU-004186,Integrated coherent adapter,3,71,759.03,426.42,22,115
4187,SKU-004187,Multi-tiered attitude-oriented instruction set,6,74,614.12,409.41,50,143
4188,SKU-004188,Cloned 24/7 data-warehouse,3,69,40.7,29.93,24,66
4189,SKU-004189,Synchronized contextually-based productivity,14,48,429.46,327.83,13,104
4190,SKU-004190,Total high-level forecast,14,96,195.23,132.81,9,82
4191,SKU-004191,Virtual well-modulated moratorium,9,95,538.68,420.84,31,166
4192,SKU-004192,Innovative systematic application,3,78,461.8,347.22,37,94
4193,SKU-004193,Synergistic demand-driven groupware,7,44,501.84,363.65,45,117
4194,SKU-004194,Universal intermediate capacity,14,96,763.61,424.23,46,50
4195,SKU-004195,Fully-configurable zero tolerance middleware,10,92,506.05,256.88,34,135
4196,SKU-004196,Virtual eco-centric time-frame,2,60,845.65,435.9,48,119
4197,SKU-004197,Multi-layered tangible monitoring,5,86,381.73,318.11,21,63
4198,SKU-004198,Future-proofed intangible structure,12,10,773.07,390.44,13,65
4199,SKU-004199,Self-enabling secondary Internet solution,4,13,382.32,207.78,44,139
4200,SKU-004200,Sharable leadingedge collaboration,11,31,503.87,396.75,5,109
4201,SKU-004201,Integrated discrete task-force,9,35,92.35,62.4,13,190
4202,SKU-004202,Synergistic 3rdgeneration approach,6,100,14.36,10.88,18,77
4203,SKU-004203,Realigned modular encryption,1,44,474.32,296.45,48,98
4204,SKU-004204,Virtual encompassing productivity,7,24,389.09,299.3,44,90
4205,SKU-004205,Managed systemic hierarchy,12,91,588.24,452.49,27,147
4206,SKU-004206,Proactive holistic info-mediaries,12,94,745.49,421.18,33,189
4207,SKU-004207,Fully-configurable real-time paradigm,10,27,627.05,356.28,9,57
4208,SKU-004208,Profit-focused multimedia help-desk,15,71,735.94,298.87,33,185
4209,SKU-004209,Re-contextualized global matrices,6,93,880.21,473.23,37,112
4210,SKU-004210,Compatible next generation portal,14,47,650.17,311.57,45,200
4211,SKU-004211,Versatile scalable solution,1,58,665.88,440.98,23,137
4212,SKU-004212,Intuitive systematic synergy,13,82,826.08,446.53,34,50
4213,SKU-004213,Cross-platform national workforce,17,58,722.61,460.26,27,183
4214,SKU-004214,Reactive 5thgeneration secured line,5,5,406.15,233.42,36,137
4215,SKU-004215,Function-based impactful utilization,2,60,683.76,455.84,23,103
4216,SKU-004216,Public-key eco-centric matrices,16,25,397.94,299.2,44,92
4217,SKU-004217,Function-based zero-defect flexibility,1,88,41.74,23.19,35,110
4218,SKU-004218,Streamlined regional synergy,1,16,779.07,327.12,9,96
4219,SKU-004219,Object-based mobile contingency,3,95,62.64,31.96,30,114
4220,SKU-004220,Vision-oriented hybrid instruction set,14,36,1179.75,477.16,35,66
4221,SKU-004221,Enterprise-wide leadingedge Graphical User Interface,14,47,23.93,16.62,13,56
4222,SKU-004222,Virtual web-enabled core,1,84,524.18,280.31,5,69
4223,SKU-004223,Progressive directional conglomeration,3,43,686.88,379.49,15,195
4224,SKU-004224,Implemented asymmetric workforce,13,49,783.21,480.5,50,118
4225,SKU-004225,Implemented client-server open architecture,8,13,142.22,109.4,30,175
4226,SKU-004226,Multi-tiered user-facing extranet,9,61,101.11,73.27,12,59
4227,SKU-004227,Optional logistical project,8,63,334.22,196.6,34,185
4228,SKU-004228,Function-based bottom-line moratorium,4,6,522.1,274.79,8,167
4229,SKU-004229,Switchable eco-centric leverage,2,93,139.02,84.77,11,74
4230,SKU-004230,Object-based encompassing Local Area Network,14,95,466.69,235.7,26,188
4231,SKU-004231,Multi-lateral local parallelism,1,29,635.96,324.47,19,152
4232,SKU-004232,Reverse-engineered web-enabled superstructure,9,99,585.7,323.59,36,71
4233,SKU-004233,Polarized multi-tasking forecast,13,41,834.99,428.2,15,105
4234,SKU-004234,Intuitive didactic core,9,28,539.24,396.5,6,117
4235,SKU-004235,Persistent 5thgeneration ability,1,20,410.4,315.69,30,169
4236,SKU-004236,Monitored dedicated workforce,14,38,283.28,180.43,50,72
4237,SKU-004237,Devolved global artificial intelligence,4,61,814.19,487.54,14,101
4238,SKU-004238,Diverse background leverage,6,50,46.31,28.24,19,113
4239,SKU-004239,Fundamental neutral productivity,1,69,868.34,445.3,49,181
4240,SKU-004240,Multi-layered motivating adapter,10,39,520.49,367.54,49,109
4241,SKU-004241,Vision-oriented maximized matrices,5,12,60.78,32.5,11,84
4242,SKU-004242,Customer-focused 24hour open system,17,13,380.36,229.13,47,166
4243,SKU-004243,De-engineered attitude-oriented groupware,5,54,315.37,214.54,35,101
4244,SKU-004244,Organized well-modulated ability,13,69,551.24,425.83,31,184
4245,SKU-004245,User-centric fault-tolerant attitude,10,61,508.8,332.55,20,139
4246,SKU-004246,Reactive non-volatile groupware,7,82,692.65,449.77,34,124
4247,SKU-004247,Persevering leadingedge implementation,16,92,136.4,97.43,35,106
4248,SKU-004248,Networked 5thgeneration definition,6,86,597.8,350.73,46,113
4249,SKU-004249,Up-sized 3rdgeneration pricing structure,12,92,523.0,338.61,46,65
4250,SKU-004250,Stand-alone zero administration attitude,13,94,503.37,349.56,47,106
4251,SKU-004251,Integrated mobile matrix,5,44,135.93,74.28,50,157
4252,SKU-004252,Sharable secondary portal,12,88,59.7,40.89,48,108
4253,SKU-004253,Versatile systemic paradigm,1,56,205.38,119.99,16,190
4254,SKU-004254,Up-sized tangible superstructure,14,51,534.35,378.97,8,99
4255,SKU-004255,Configurable scalable model,7,34,22.65,15.73,17,120
4256,SKU-004256,Fully-configurable fresh-thinking Internet solution,17,8,637.97,419.72,49,183
4257,SKU-004257,Pre-emptive client-server frame,9,13,350.28,257.56,50,158
4258,SKU-004258,Pre-emptive value-added frame,8,3,536.69,239.49,44,154
4259,SKU-004259,Exclusive client-driven infrastructure,17,31,294.81,148.63,24,183
4260,SKU-004260,Managed bi-directional instruction set,6,72,433.78,249.3,50,200
4261,SKU-004261,Fundamental multi-tasking utilization,5,49,32.7,22.71,13,162
4262,SKU-004262,Enterprise-wide global model,4,17,571.33,246.26,47,193
4263,SKU-004263,Face-to-face encompassing ability,9,14,707.57,468.59,44,163
4264,SKU-004264,Persistent interactive Graphical User Interface,6,99,593.11,445.95,13,127
4265,SKU-004265,Managed well-modulated budgetary management,14,76,344.91,207.78,16,67
4266,SKU-004266,Customer-focused dynamic hub,5,81,391.89,246.47,40,126
4267,SKU-004267,Universal responsive Graphic Interface,1,81,220.13,169.33,6,140
4268,SKU-004268,Managed tertiary moderator,2,63,775.23,414.56,31,157
4269,SKU-004269,Innovative bifurcated definition,8,16,268.39,161.68,16,166
4270,SKU-004270,Visionary disintermediate customer loyalty,12,78,378.84,225.5,23,188
4271,SKU-004271,Multi-lateral clear-thinking forecast,4,50,122.51,92.81,5,98
4272,SKU-004272,Customer-focused mobile interface,12,40,628.92,452.46,31,77
4273,SKU-004273,Reduced solution-oriented benchmark,2,84,846.5,415.33,11,124
4274,SKU-004274,Re-contextualized secondary protocol,3,81,444.15,346.99,15,197
4275,SKU-004275,Programmable eco-centric forecast,1,87,366.56,261.83,11,84
4276,SKU-004276,Pre-emptive tangible benchmark,11,50,556.63,236.6,46,178
4277,SKU-004277,Cross-platform systemic knowledge user,10,35,306.67,175.24,36,195
4278,SKU-004278,Adaptive stable core,1,97,780.42,467.32,39,90
4279,SKU-004279,Fundamental bandwidth-monitored portal,13,42,132.46,87.72,40,125
4280,SKU-004280,Operative eco-centric Graphic Interface,5,54,28.92,18.19,45,131
4281,SKU-004281,Advanced composite encoding,13,41,478.57,286.57,31,95
4282,SKU-004282,Advanced high-level paradigm,1,86,362.95,213.5,12,184
4283,SKU-004283,Adaptive 24hour groupware,7,59,834.41,395.7,39,89
4284,SKU-004284,Diverse zero tolerance success,5,7,506.7,281.5,17,52
4285,SKU-004285,Cloned well-modulated interface,6,22,396.98,234.9,18,169
4286,SKU-004286,Customizable high-level flexibility,3,45,236.94,195.82,49,67
4287,SKU-004287,Adaptive zero-defect service-desk,5,59,468.97,298.71,13,92
4288,SKU-004288,Open-source didactic groupware,8,40,881.8,427.88,42,92
4289,SKU-004289,Reduced zero administration productivity,16,83,619.86,362.49,46,118
4290,SKU-004290,Cross-group actuating pricing structure,5,99,561.82,317.41,19,111
4291,SKU-004291,Distributed multimedia projection,8,34,294.61,186.46,30,105
4292,SKU-004292,Configurable stable policy,1,45,517.17,333.66,25,192
4293,SKU-004293,Total scalable collaboration,14,12,301.75,251.46,22,199
4294,SKU-004294,Seamless exuding architecture,14,60,576.32,309.85,41,133
4295,SKU-004295,Balanced contextually-based Local Area Network,17,79,592.63,323.84,48,74
4296,SKU-004296,Configurable asynchronous open architecture,4,61,240.69,142.42,45,91
4297,SKU-004297,Innovative national support,16,35,438.82,264.35,42,115
4298,SKU-004298,Enterprise-wide neutral time-frame,17,51,35.95,23.5,27,188
4299,SKU-004299,Enterprise-wide 3rdgeneration approach,1,46,795.25,432.2,34,55
4300,SKU-004300,Expanded well-modulated protocol,11,58,59.46,43.72,25,87
4301,SKU-004301,Monitored tangible task-force,12,82,481.07,338.78,31,178
4302,SKU-004302,Right-sized upward-trending access,1,14,22.93,14.89,26,193
4303,SKU-004303,Distributed encompassing strategy,6,38,86.08,58.16,44,123
4304,SKU-004304,Monitored bifurcated orchestration,2,51,555.39,403.61,46,164
4305,SKU-004305,Future-proofed zero-defect interface,2,80,872.64,464.17,28,171
4306,SKU-004306,Public-key mission-critical matrix,10,59,482.28,354.62,29,112
4307,SKU-004307,Organic clear-thinking secured line,1,80,695.23,489.6,11,64
4308,SKU-004308,Future-proofed secondary knowledgebase,10,81,27.39,20.91,48,70
4309,SKU-004309,Devolved 6thgeneration service-desk,5,21,517.6,260.1,17,53
4310,SKU-004310,Persevering dynamic data-warehouse,14,72,236.15,163.99,46,97
4311,SKU-004311,Monitored local hierarchy,12,45,708.39,478.64,13,134
4312,SKU-004312,Quality-focused high-level algorithm,14,98,391.15,262.52,29,118
4313,SKU-004313,Down-sized stable initiative,10,66,831.06,497.64,35,78
4314,SKU-004314,Enhanced global help-desk,9,52,186.4,116.5,46,117
4315,SKU-004315,Organic regional migration,12,18,239.78,176.31,42,117
4316,SKU-004316,Persevering 24hour forecast,4,89,445.81,327.8,49,129
4317,SKU-004317,User-friendly human-resource data-warehouse,7,62,355.94,192.4,7,159
4318,SKU-004318,Programmable bi-directional parallelism,13,83,558.76,310.42,12,100
4319,SKU-004319,Streamlined reciprocal hardware,11,73,402.7,275.82,22,91
4320,SKU-004320,Ergonomic dynamic project,5,37,173.4,93.73,9,167
4321,SKU-004321,Customer-focused transitional solution,13,57,817.05,435.59,49,167
4322,SKU-004322,Fundamental needs-based process improvement,1,76,243.58,152.24,38,134
4323,SKU-004323,Face-to-face systemic instruction set,9,61,775.86,311.19,21,102
4324,SKU-004324,Polarized human-resource standardization,17,69,992.63,498.81,42,104
4325,SKU-004325,User-centric background standardization,17,86,629.73,368.64,35,167
4326,SKU-004326,Synergistic analyzing moratorium,10,25,331.31,198.39,10,156
4327,SKU-004327,Cloned system-worthy knowledge user,2,82,626.69,326.4,6,132
4328,SKU-004328,Ameliorated holistic functionalities,16,39,253.65,101.84,8,85
4329,SKU-004329,Secured holistic monitoring,15,55,667.52,466.8,41,132
4330,SKU-004330,Down-sized intangible model,3,30,350.63,193.72,7,176
4331,SKU-004331,Customer-focused zero tolerance model,8,45,336.8,267.3,42,128
4332,SKU-004332,User-friendly empowering Graphic Interface,6,26,112.7,57.21,16,144
4333,SKU-004333,Enterprise-wide executive hardware,11,64,695.49,356.66,9,76
4334,SKU-004334,Persistent encompassing throughput,7,43,745.59,394.49,11,122
4335,SKU-004335,Devolved modular standardization,2,20,383.95,307.16,18,75
4336,SKU-004336,Compatible 6thgeneration implementation,1,100,450.42,239.32,45,174
4337,SKU-004337,Expanded demand-driven focus group,14,1,270.39,200.29,16,146
4338,SKU-004338,Multi-lateral hybrid focus group,3,91,956.66,498.26,30,95
4339,SKU-004339,Down-sized full-range collaboration,4,47,427.98,305.7,10,118
4340,SKU-004340,Cross-platform methodical capacity,7,86,503.73,349.81,29,179
4341,SKU-004341,User-friendly stable function,12,22,365.74,189.5,29,63
4342,SKU-004342,Fully-configurable full-range forecast,16,20,627.76,326.96,15,115
4343,SKU-004343,Balanced well-modulated initiative,3,15,26.52,20.4,19,54
4344,SKU-004344,Progressive real-time challenge,16,47,7.94,4.34,45,92
4345,SKU-004345,Pre-emptive 5thgeneration system engine,12,54,167.84,102.34,40,107
4346,SKU-004346,Open-architected disintermediate migration,12,76,165.91,114.42,40,66
4347,SKU-004347,Fundamental demand-driven pricing structure,15,39,465.09,271.98,38,149
4348,SKU-004348,Monitored transitional hierarchy,16,92,448.06,298.71,18,101
4349,SKU-004349,Secured user-facing capacity,13,81,737.34,466.67,29,50
4350,SKU-004350,Persevering holistic algorithm,4,59,475.14,297.86,25,53
4351,SKU-004351,Inverse multi-state policy,2,83,248.43,172.52,30,132
4352,SKU-004352,Universal transitional challenge,6,26,537.23,275.5,15,124
4353,SKU-004353,Ameliorated analyzing initiative,8,89,124.15,95.5,9,196
4354,SKU-004354,Phased bandwidth-monitored support,8,49,95.29,55.4,20,137
4355,SKU-004355,Universal client-server application,5,71,419.66,304.1,30,77
4356,SKU-004356,Reactive incremental service-desk,4,35,84.22,70.18,5,83
4357,SKU-004357,Devolved client-server firmware,5,22,451.76,327.36,23,111
4358,SKU-004358,De-engineered zero-defect standardization,2,2,24.8,13.19,6,74
4359,SKU-004359,Robust composite moratorium,6,34,165.6,99.16,47,110
4360,SKU-004360,Cross-platform transitional emulation,11,30,297.04,172.7,15,132
4361,SKU-004361,Enterprise-wide optimizing focus group,17,36,298.13,196.14,31,174
4362,SKU-004362,Visionary national system engine,15,59,699.52,411.48,42,142
4363,SKU-004363,Adaptive neutral core,1,83,151.85,112.48,34,60
4364,SKU-004364,Front-line homogeneous approach,5,63,402.96,307.6,17,81
4365,SKU-004365,Up-sized cohesive instruction set,3,63,594.27,371.42,17,159
4366,SKU-004366,Inverse radical secured line,16,91,133.92,97.75,33,166
4367,SKU-004367,Innovative content-based middleware,5,9,193.06,102.69,22,160
4368,SKU-004368,Enterprise-wide cohesive moderator,8,26,106.19,87.76,38,71
4369,SKU-004369,Up-sized cohesive data-warehouse,11,77,125.22,102.64,6,148
4370,SKU-004370,Reduced tertiary frame,2,93,151.71,76.62,48,74
4371,SKU-004371,Integrated global complexity,6,76,174.7,144.38,14,114
4372,SKU-004372,Synergistic 4thgeneration model,8,74,651.25,417.47,50,108
4373,SKU-004373,Grass-roots intangible complexity,7,26,652.25,465.89,46,167
4374,SKU-004374,Mandatory neutral workforce,8,27,180.17,144.14,50,183
4375,SKU-004375,Configurable upward-trending workforce,1,44,412.86,230.65,20,58
4376,SKU-004376,Realigned mission-critical hierarchy,12,8,427.3,298.81,37,97
4377,SKU-004377,Enterprise-wide user-facing standardization,7,2,228.62,178.61,5,173
4378,SKU-004378,Realigned intermediate portal,10,65,8.48,4.71,24,150
4379,SKU-004379,Up-sized responsive system engine,12,22,557.42,350.58,44,75
4380,SKU-004380,Multi-lateral secondary implementation,12,6,271.02,139.7,40,147
4381,SKU-004381,Switchable 24hour synergy,6,43,464.79,294.17,13,144
4382,SKU-004382,Customer-focused bifurcated synergy,2,97,744.86,413.81,28,140
4383,SKU-004383,Innovative asynchronous circuit,14,85,696.35,380.52,31,164
4384,SKU-004384,Re-contextualized empowering application,11,73,396.43,217.82,30,127
4385,SKU-004385,Optimized encompassing concept,10,99,311.75,249.4,25,100
4386,SKU-004386,Intuitive encompassing success,8,18,570.69,368.19,31,67
4387,SKU-004387,Total static throughput,7,62,260.58,153.28,9,138
4388,SKU-004388,Decentralized 6thgeneration portal,3,43,97.85,78.91,48,155
4389,SKU-004389,User-centric high-level encoding,3,96,492.8,275.31,16,91
4390,SKU-004390,Reverse-engineered leadingedge forecast,15,71,254.07,188.2,34,65
4391,SKU-004391,Horizontal cohesive middleware,14,81,307.65,224.56,19,59
4392,SKU-004392,Progressive attitude-oriented support,2,94,380.53,240.84,9,59
4393,SKU-004393,Progressive zero administration access,12,51,78.32,57.17,43,126
4394,SKU-004394,Polarized fault-tolerant structure,1,4,1046.06,484.16,22,115
4395,SKU-004395,Vision-oriented uniform approach,15,22,555.31,301.8,49,99
4396,SKU-004396,Enhanced 4thgeneration forecast,7,3,610.43,354.9,50,156
4397,SKU-004397,Centralized logistical analyzer,9,88,206.33,150.7,18,69
4398,SKU-004398,Multi-lateral upward-trending model,17,59,24.37,16.44,40,131
4399,SKU-004399,Organic heuristic project,4,35,47.32,21.49,12,117
4400,SKU-004400,Managed impactful adapter,12,16,511.65,269.29,22,83
4401,SKU-004401,Synergized coherent architecture,11,100,765.73,478.58,19,188
4402,SKU-004402,Decentralized bottom-line artificial intelligence,14,23,284.2,200.14,35,74
4403,SKU-004403,Ergonomic empowering budgetary management,2,51,237.2,133.26,11,157
4404,SKU-004404,Function-based tangible methodology,6,41,891.74,495.41,27,105
4405,SKU-004405,Exclusive modular archive,6,19,105.77,64.89,5,162
4406,SKU-004406,Stand-alone fault-tolerant Graphic Interface,6,39,129.13,76.41,6,190
4407,SKU-004407,Seamless interactive service-desk,5,41,517.11,266.55,19,110
4408,SKU-004408,Advanced optimal support,8,10,391.34,210.4,42,75
4409,SKU-004409,Centralized 4thgeneration workforce,17,15,962.24,485.98,15,165
4410,SKU-004410,Devolved stable standardization,6,67,848.57,484.9,38,164
4411,SKU-004411,Triple-buffered optimizing extranet,5,46,626.77,441.39,21,99
4412,SKU-004412,Distributed impactful interface,9,83,232.35,154.9,16,172
4413,SKU-004413,Right-sized hybrid Internet solution,9,71,228.02,126.68,9,71
4414,SKU-004414,Down-sized non-volatile productivity,5,90,42.41,21.42,34,87
4415,SKU-004415,User-centric interactive methodology,16,64,505.61,421.34,44,182
4416,SKU-004416,Persevering motivating architecture,1,64,192.51,121.84,5,180
4417,SKU-004417,Profit-focused reciprocal utilization,8,82,568.27,355.17,27,71
4418,SKU-004418,User-friendly well-modulated attitude,12,59,457.41,368.88,41,95
4419,SKU-004419,Fully-configurable intermediate info-mediaries,3,91,56.81,30.71,29,91
4420,SKU-004420,Inverse upward-trending budgetary management,5,49,19.86,10.1,46,152
4421,SKU-004421,Optimized zero-defect budgetary management,3,3,55.77,31.87,40,119
4422,SKU-004422,Assimilated value-added open system,6,85,5.12,2.86,46,172
4423,SKU-004423,Open-source 3rdgeneration time-frame,17,54,397.12,202.61,19,102
4424,SKU-004424,Object-based hybrid standardization,13,83,170.61,113.74,36,159
4425,SKU-004425,Ameliorated multi-tasking project,1,84,10.02,6.91,7,136
4426,SKU-004426,Extended 6thgeneration instruction set,6,47,726.92,427.6,8,179
4427,SKU-004427,Optional explicit function,3,75,626.81,426.4,41,123
4428,SKU-004428,Extended intangible architecture,13,7,530.4,398.8,28,53
4429,SKU-004429,Open-architected background paradigm,4,98,560.4,359.23,45,179
4430,SKU-004430,Public-key demand-driven installation,16,67,104.91,58.94,21,53
4431,SKU-004431,Organic even-keeled open system,3,16,193.38,123.17,35,161
4432,SKU-004432,Team-oriented static utilization,2,36,271.7,226.42,17,176
4433,SKU-004433,Customer-focused full-range knowledge user,12,83,341.09,175.82,47,83
4434,SKU-004434,Universal national encryption,13,5,734.75,459.22,17,199
4435,SKU-004435,Implemented next generation interface,15,47,52.6,32.27,30,170
4436,SKU-004436,Inverse asynchronous functionalities,8,34,969.15,489.47,47,176
4437,SKU-004437,Adaptive multi-state benchmark,6,8,240.02,147.25,34,189
4438,SKU-004438,Proactive needs-based array,1,15,31.46,24.97,5,113
4439,SKU-004439,Distributed disintermediate extranet,4,99,534.94,326.18,30,52
4440,SKU-004440,Persistent grid-enabled matrix,17,69,532.62,307.87,27,79
4441,SKU-004441,Proactive hybrid firmware,10,35,879.71,455.51,43,62
4442,SKU-004442,Synchronized tertiary initiative,3,56,283.3,145.28,46,86
4443,SKU-004443,Team-oriented leadingedge capacity,14,14,106.34,66.88,6,137
4444,SKU-004444,Up-sized homogeneous adapter,6,67,169.39,139.99,46,127
4445,SKU-004445,Managed optimal circuit,3,91,840.04,437.52,38,200
4446,SKU-004446,Secured object-oriented data-warehouse,7,86,217.13,164.49,42,165
4447,SKU-004447,Cloned national analyzer,6,30,252.14,142.45,39,125
4448,SKU-004448,Innovative exuding extranet,8,94,636.27,286.56,50,107
4449,SKU-004449,Multi-tiered zero administration project,2,80,444.87,344.86,8,181
4450,SKU-004450,Vision-oriented user-facing Local Area Network,10,57,218.32,170.56,30,105
4451,SKU-004451,Function-based contextually-based strategy,1,2,101.88,55.67,15,123
4452,SKU-004452,Pre-emptive national utilization,11,21,873.14,479.75,17,125
4453,SKU-004453,Cloned cohesive budgetary management,14,63,289.69,206.92,30,51
4454,SKU-004454,Cross-group 3rdgeneration implementation,14,41,633.99,422.66,37,164
4455,SKU-004455,Integrated clear-thinking support,12,54,493.73,259.86,28,191
4456,SKU-004456,Managed eco-centric standardization,2,81,117.92,68.96,47,126
4457,SKU-004457,Team-oriented discrete orchestration,13,25,445.64,371.37,38,100
4458,SKU-004458,Robust web-enabled adapter,17,16,572.64,384.32,21,125
4459,SKU-004459,Devolved real-time structure,13,43,469.0,312.67,19,96
4460,SKU-004460,Monitored stable customer loyalty,1,62,672.05,353.71,6,169
4461,SKU-004461,Balanced explicit strategy,17,90,821.18,458.76,36,182
4462,SKU-004462,Centralized multimedia strategy,8,31,317.84,219.2,22,131
4463,SKU-004463,Stand-alone value-added extranet,12,35,67.65,38.22,10,180
4464,SKU-004464,Programmable bi-directional framework,16,97,185.11,108.25,50,128
4465,SKU-004465,Integrated directional moderator,5,6,120.78,76.44,17,141
4466,SKU-004466,Universal analyzing intranet,17,55,777.49,424.86,33,164
4467,SKU-004467,Inverse content-based synergy,11,62,554.52,445.42,45,148
4468,SKU-004468,Organized demand-driven data-warehouse,13,9,551.55,367.7,22,96
4469,SKU-004469,Configurable heuristic task-force,3,56,674.08,499.32,19,88
4470,SKU-004470,Triple-buffered asymmetric project,9,66,485.62,317.4,49,90
4471,SKU-004471,Front-line intangible framework,11,10,903.82,493.89,33,185
4472,SKU-004472,Multi-lateral value-added methodology,16,26,158.74,84.89,8,149
4473,SKU-004473,Configurable modular secured line,9,99,47.23,36.33,10,146
4474,SKU-004474,Upgradable optimizing collaboration,11,53,269.11,158.3,48,180
4475,SKU-004475,Streamlined interactive capacity,15,67,715.0,406.25,20,192
4476,SKU-004476,Managed empowering ability,5,29,362.02,244.61,24,170
4477,SKU-004477,Customizable content-based knowledge user,9,85,564.7,392.15,5,82
4478,SKU-004478,Multi-channeled secondary throughput,14,44,420.47,274.82,16,195
4479,SKU-004479,Multi-lateral human-resource conglomeration,15,48,188.13,116.85,21,137
4480,SKU-004480,Vision-oriented fault-tolerant paradigm,17,97,448.06,347.33,41,113
4481,SKU-004481,Multi-channeled full-range encoding,13,85,557.71,311.57,24,93
4482,SKU-004482,Fundamental leadingedge alliance,11,33,165.07,94.87,21,176
4483,SKU-004483,Triple-buffered tangible customer loyalty,1,9,730.62,445.5,40,169
4484,SKU-004484,Centralized encompassing encoding,17,70,313.97,199.98,26,87
4485,SKU-004485,Multi-channeled zero administration solution,17,30,802.19,445.66,22,118
4486,SKU-004486,Secured system-worthy protocol,15,92,204.1,117.3,20,190
4487,SKU-004487,Grass-roots analyzing collaboration,9,69,200.56,164.39,5,127
4488,SKU-004488,Up-sized responsive process improvement,2,70,679.53,359.54,50,165
4489,SKU-004489,Enhanced mobile concept,10,57,381.34,207.25,34,76
4490,SKU-004490,Persevering content-based matrices,3,44,101.05,59.44,31,81
4491,SKU-004491,User-centric mobile data-warehouse,13,61,776.72,431.51,10,110
4492,SKU-004492,Cloned explicit adapter,7,10,477.09,381.67,41,80
4493,SKU-004493,Universal bottom-line interface,6,40,409.02,205.54,48,151
4494,SKU-004494,Object-based context-sensitive support,3,65,513.46,318.92,13,96
4495,SKU-004495,Open-architected solution-oriented neural-net,14,57,248.03,161.59,7,166
4496,SKU-004496,Programmable static orchestration,12,59,110.59,54.5,44,86
4497,SKU-004497,Enhanced content-based functionalities,5,77,324.45,172.58,37,64
4498,SKU-004498,Virtual asymmetric definition,15,31,21.63,15.79,21,137
4499,SKU-004499,Versatile bandwidth-monitored architecture,12,41,224.05,139.16,38,97
4500,SKU-004500,Customizable non-volatile groupware,3,57,754.5,441.23,10,50
4501,SKU-004501,Phased solution-oriented interface,7,15,367.03,232.3,18,74
4502,SKU-004502,Fully-configurable neutral customer loyalty,7,52,571.9,408.5,23,91
4503,SKU-004503,Multi-lateral dynamic encryption,6,94,230.92,180.41,10,58
4504,SKU-004504,Total impactful knowledge user,11,99,73.42,53.2,43,67
4505,SKU-004505,Virtual web-enabled knowledge user,16,6,262.51,151.74,19,74
4506,SKU-004506,Optimized national protocol,5,48,527.95,361.61,40,100
4507,SKU-004507,Extended full-range function,12,50,130.65,97.5,17,151
4508,SKU-004508,Profit-focused intermediate encoding,14,81,696.88,449.6,24,129
4509,SKU-004509,Switchable impactful core,5,53,481.51,370.39,33,99
4510,SKU-004510,Triple-buffered zero tolerance adapter,9,18,430.93,291.17,42,125
4511,SKU-004511,Compatible background pricing structure,6,35,152.45,77.78,33,117
4512,SKU-004512,Optional real-time protocol,16,70,786.03,491.27,15,65
4513,SKU-004513,Polarized client-driven capability,4,18,486.65,296.74,6,105
4514,SKU-004514,Versatile radical analyzer,4,48,460.58,263.19,5,144
4515,SKU-004515,Optimized attitude-oriented Internet solution,2,93,519.11,320.44,45,149
4516,SKU-004516,Integrated upward-trending algorithm,1,42,370.16,264.4,48,119
4517,SKU-004517,Visionary dedicated capability,9,28,1004.71,447.53,20,156
4518,SKU-004518,Exclusive contextually-based benchmark,4,16,3.26,2.45,27,118
4519,SKU-004519,Configurable well-modulated software,16,77,512.81,296.42,11,147
4520,SKU-004520,Cloned disintermediate implementation,10,9,767.81,433.79,36,156
4521,SKU-004521,Multi-layered object-oriented framework,7,51,197.87,164.89,6,195
4522,SKU-004522,Advanced bi-directional system engine,3,44,26.39,15.9,47,105
4523,SKU-004523,Networked explicit database,10,47,682.94,381.53,45,100
4524,SKU-004524,De-engineered analyzing ability,14,5,425.05,337.34,12,145
4525,SKU-004525,Assimilated heuristic definition,6,99,184.36,102.42,27,160
4526,SKU-004526,Realigned needs-based support,1,39,712.79,383.22,43,176
4527,SKU-004527,Reactive tangible groupware,11,46,32.85,24.33,11,153
4528,SKU-004528,Universal executive alliance,11,98,352.72,293.93,45,165
4529,SKU-004529,Sharable non-volatile database,12,26,508.66,389.86,41,75
4530,SKU-004530,Stand-alone zero-defect paradigm,3,89,531.3,322.0,30,152
4531,SKU-004531,Synergistic high-level collaboration,3,65,459.24,256.56,26,179
4532,SKU-004532,Team-oriented content-based portal,9,19,581.85,437.48,42,53
4533,SKU-004533,Vision-oriented zero tolerance moratorium,11,62,26.3,18.65,37,101
4534,SKU-004534,Polarized 4thgeneration data-warehouse,15,61,389.25,313.91,18,71
4535,SKU-004535,Realigned incremental open system,10,67,137.02,80.6,27,102
4536,SKU-004536,Programmable logistical neural-net,3,25,470.84,356.7,21,55
4537,SKU-004537,Streamlined bottom-line focus group,1,41,700.77,372.75,8,68
4538,SKU-004538,Triple-buffered human-resource archive,16,5,541.73,285.12,5,59
4539,SKU-004539,Upgradable stable benchmark,5,88,686.34,497.35,17,114
4540,SKU-004540,Reduced executive service-desk,11,22,501.37,261.13,25,133
4541,SKU-004541,Multi-lateral intermediate artificial intelligence,9,35,736.05,454.31,11,89
4542,SKU-004542,Cloned analyzing pricing structure,7,85,581.25,341.91,13,81
4543,SKU-004543,Optional bifurcated budgetary management,4,40,317.69,172.18,37,109
4544,SKU-004544,Open-architected value-added Graphical User Interface,5,87,144.88,82.32,31,69
4545,SKU-004545,Universal non-volatile framework,17,12,105.11,69.15,49,65
4546,SKU-004546,Triple-buffered demand-driven definition,1,16,3.51,2.9,31,166
4547,SKU-004547,Self-enabling human-resource projection,15,32,438.77,298.48,16,106
4548,SKU-004548,Profit-focused fault-tolerant attitude,10,31,421.57,282.93,24,122
4549,SKU-004549,Ameliorated value-added matrix,9,85,333.26,203.21,43,64
4550,SKU-004550,Upgradable reciprocal hub,1,79,232.02,162.25,22,91
4551,SKU-004551,Quality-focused discrete infrastructure,5,43,419.77,270.82,33,175
4552,SKU-004552,Profit-focused mobile contingency,15,37,175.96,93.1,12,62
4553,SKU-004553,User-centric logistical orchestration,17,96,617.0,428.47,10,145
4554,SKU-004554,Integrated optimizing help-desk,12,22,298.23,175.43,44,158
4555,SKU-004555,Polarized dedicated capacity,10,19,183.84,133.31,21,184
4556,SKU-004556,Public-key analyzing protocol,6,3,426.25,247.82,14,69
4557,SKU-004557,Intuitive zero-defect benchmark,8,93,494.05,331.58,21,87
4558,SKU-004558,Programmable web-enabled budgetary management,8,14,29.79,18.39,23,142
4559,SKU-004559,Focused analyzing data-warehouse,2,18,1054.05,492.97,22,66
4560,SKU-004560,Cloned executive interface,10,40,153.83,114.2,16,71
4561,SKU-004561,Polarized motivating service-desk,1,48,266.28,146.31,26,85
4562,SKU-004562,Assimilated stable capacity,14,7,608.27,380.17,24,194
4563,SKU-004563,Reduced user-facing model,15,90,428.11,240.51,16,139
4564,SKU-004564,Vision-oriented fault-tolerant archive,3,28,380.11,208.85,27,53
4565,SKU-004565,Secured regional implementation,15,22,602.21,439.57,49,164
4566,SKU-004566,Re-contextualized incremental middleware,1,6,461.66,363.51,33,78
4567,SKU-004567,Intuitive actuating protocol,12,82,763.05,468.13,16,82
4568,SKU-004568,Polarized 24/7 superstructure,10,19,59.02,25.12,13,144
4569,SKU-004569,Streamlined transitional challenge,7,98,623.64,479.72,40,71
4570,SKU-004570,Customizable incremental archive,14,52,527.53,415.38,44,170
4571,SKU-004571,Reduced mobile analyzer,16,15,242.99,159.86,12,184
4572,SKU-004572,Customizable bottom-line hub,16,70,748.64,415.91,34,82
4573,SKU-004573,Proactive bottom-line Graphic Interface,12,67,155.92,124.74,30,52
4574,SKU-004574,Enhanced uniform framework,11,66,140.72,95.51,39,123
4575,SKU-004575,Cloned even-keeled Local Area Network,16,45,575.37,366.48,6,182
4576,SKU-004576,Team-oriented logistical product,3,9,628.26,345.2,36,185
4577,SKU-004577,Business-focused analyzing collaboration,16,34,181.98,134.8,37,115
4578,SKU-004578,Organic real-time database,13,50,115.26,89.35,32,63
4579,SKU-004579,Persevering bifurcated capability,17,10,287.88,148.39,31,67
4580,SKU-004580,Organic secondary definition,10,58,518.01,271.21,34,123
4581,SKU-004581,User-centric explicit hub,5,60,503.86,303.53,20,112
4582,SKU-004582,Programmable multi-state benchmark,11,54,598.77,330.81,36,133
4583,SKU-004583,Managed even-keeled product,12,44,557.99,439.36,47,162
4584,SKU-004584,Persevering radical toolset,2,61,590.55,307.58,33,64
4585,SKU-004585,Expanded 4thgeneration adapter,3,63,612.6,428.39,17,76
4586,SKU-004586,Monitored optimizing conglomeration,4,82,723.58,399.33,16,197
4587,SKU-004587,Organized system-worthy capacity,9,7,477.6,322.7,28,143
4588,SKU-004588,Customer-focused modular leverage,10,82,250.73,177.82,39,140
4589,SKU-004589,Open-architected fault-tolerant collaboration,9,28,407.01,222.41,33,128
4590,SKU-004590,De-engineered actuating focus group,3,1,100.48,81.64,31,124
4591,SKU-004591,Persevering cohesive implementation,11,21,698.6,465.73,50,65
4592,SKU-004592,Grass-roots multimedia Local Area Network,14,7,942.47,490.87,44,155
4593,SKU-004593,Multi-layered 5thgeneration approach,8,21,282.28,233.29,12,196
4594,SKU-004594,Centralized holistic superstructure,1,55,216.54,177.49,27,60
4595,SKU-004595,Customizable systematic success,11,70,370.3,205.72,38,114
4596,SKU-004596,Function-based optimal firmware,3,14,210.31,141.85,6,58
4597,SKU-004597,Public-key non-volatile implementation,16,52,572.4,408.86,7,126
4598,SKU-004598,Enterprise-wide bandwidth-monitored hierarchy,4,90,41.29,31.52,34,130
4599,SKU-004599,Reverse-engineered context-sensitive orchestration,14,4,105.23,65.77,26,183
4600,SKU-004600,Synergistic didactic flexibility,6,23,541.47,222.45,7,176
4601,SKU-004601,Configurable systemic analyzer,15,59,540.38,425.5,15,92
4602,SKU-004602,Secured radical groupware,17,73,99.94,75.71,17,152
4603,SKU-004603,Upgradable hybrid alliance,3,63,424.82,251.37,30,170
4604,SKU-004604,Profit-focused well-modulated model,2,16,436.46,343.67,11,66
4605,SKU-004605,Monitored context-sensitive software,5,27,758.1,414.26,38,106
4606,SKU-004606,Persistent modular groupware,2,35,237.14,188.21,23,184
4607,SKU-004607,Front-line responsive contingency,9,36,754.51,412.3,40,152
4608,SKU-004608,Grass-roots bifurcated structure,6,54,396.65,283.32,11,151
4609,SKU-004609,Self-enabling fault-tolerant capacity,15,75,525.86,372.95,20,100
4610,SKU-004610,De-engineered bottom-line framework,13,10,577.57,339.75,29,58
4611,SKU-004611,Business-focused coherent pricing structure,14,85,307.04,161.6,46,143
4612,SKU-004612,User-friendly 6thgeneration system engine,9,26,238.65,136.37,36,169
4613,SKU-004613,Switchable intangible knowledgebase,2,43,797.27,445.4,5,102
4614,SKU-004614,Organized contextually-based system engine,9,51,216.48,166.52,47,118
4615,SKU-004615,Virtual heuristic array,3,75,628.84,397.41,42,58
4616,SKU-004616,Object-based upward-trending encoding,6,24,918.28,468.51,48,153
4617,SKU-004617,Customizable asynchronous matrix,17,44,494.02,250.77,12,96
4618,SKU-004618,Persevering context-sensitive utilization,3,52,336.17,179.77,43,124
4619,SKU-004619,Robust client-server hardware,8,70,1137.45,485.17,21,68
4620,SKU-004620,Networked background matrix,13,48,458.14,284.56,48,174
4621,SKU-004621,Programmable multi-state encoding,14,56,122.93,84.2,5,177
4622,SKU-004622,Switchable executive application,17,26,392.22,301.71,17,170
4623,SKU-004623,Customizable heuristic productivity,6,50,476.52,263.27,31,183
4624,SKU-004624,Ameliorated mission-critical parallelism,12,54,354.02,209.48,26,111
4625,SKU-004625,Digitized mobile hierarchy,1,79,34.81,28.3,17,154
4626,SKU-004626,Adaptive regional collaboration,2,31,542.72,339.2,19,165
4627,SKU-004627,Extended methodical forecast,15,23,860.02,412.11,36,195
4628,SKU-004628,Digitized systemic installation,17,80,213.73,118.74,22,196
4629,SKU-004629,Operative user-facing capacity,8,94,276.01,169.33,20,151
4630,SKU-004630,Assimilated systematic leverage,6,66,820.37,376.73,10,138
4631,SKU-004631,Synchronized intangible archive,17,4,568.15,315.64,42,179
4632,SKU-004632,Public-key next generation success,2,34,742.65,421.96,6,103
4633,SKU-004633,Digitized encompassing time-frame,10,43,187.98,120.5,13,97
4634,SKU-004634,Focused client-driven solution,16,23,425.73,249.46,16,87
4635,SKU-004635,Digitized foreground application,4,51,70.72,54.4,44,198
4636,SKU-004636,Organic eco-centric hierarchy,4,11,170.26,98.99,50,151
4637,SKU-004637,Adaptive needs-based initiative,6,100,270.87,175.89,23,133
4638,SKU-004638,Reduced interactive interface,1,95,563.91,451.13,26,168
4639,SKU-004639,User-friendly fault-tolerant matrices,3,88,250.78,167.19,10,181
4640,SKU-004640,Adaptive logistical collaboration,7,95,83.3,45.27,41,80
4641,SKU-004641,Fundamental impactful groupware,12,7,505.51,300.9,31,105
4642,SKU-004642,Multi-tiered logistical support,14,84,402.73,223.74,28,140
4643,SKU-004643,Multi-tiered incremental paradigm,15,52,562.83,319.79,8,97
4644,SKU-004644,Integrated object-oriented strategy,12,88,97.54,72.25,11,124
4645,SKU-004645,Future-proofed dedicated software,9,20,237.79,122.57,23,76
4646,SKU-004646,Exclusive bottom-line methodology,15,61,679.72,438.53,22,119
4647,SKU-004647,Synergized exuding capacity,4,92,178.8,77.23,42,172
4648,SKU-004648,Upgradable systemic orchestration,1,30,186.2,100.65,21,163
4649,SKU-004649,Cross-platform 5thgeneration protocol,6,76,149.64,106.13,28,188
4650,SKU-004650,Expanded disintermediate concept,16,13,230.26,123.93,6,126
4651,SKU-004651,Intuitive solution-oriented interface,7,87,398.32,162.26,50,125
4652,SKU-004652,Robust systematic product,3,49,223.82,117.8,19,100
4653,SKU-004653,Self-enabling attitude-oriented standardization,12,34,612.99,390.44,18,112
4654,SKU-004654,Innovative bi-directional matrix,14,70,679.35,481.81,41,86
4655,SKU-004655,Object-based needs-based challenge,9,44,496.8,354.86,40,60
4656,SKU-004656,Persevering bottom-line service-desk,14,74,130.54,90.65,48,75
4657,SKU-004657,User-friendly context-sensitive hub,10,77,600.17,389.72,43,100
4658,SKU-004658,Upgradable intangible Graphical User Interface,4,26,73.86,56.38,18,182
4659,SKU-004659,Operative maximized solution,10,50,635.58,496.55,10,160
4660,SKU-004660,Future-proofed disintermediate definition,15,88,74.96,53.54,6,173
4661,SKU-004661,Phased attitude-oriented capacity,16,90,574.02,387.85,21,173
4662,SKU-004662,Compatible context-sensitive benchmark,15,68,5.89,4.53,43,127
4663,SKU-004663,Visionary local challenge,14,58,787.6,440.0,14,63
4664,SKU-004664,Seamless dedicated architecture,4,83,170.74,141.11,29,163
4665,SKU-004665,User-friendly system-worthy open architecture,13,89,398.72,284.8,21,175
4666,SKU-004666,Customizable real-time circuit,12,45,985.71,495.33,20,80
4667,SKU-004667,Customer-focused intermediate budgetary management,10,91,359.15,233.42,19,188
4668,SKU-004668,Focused real-time Local Area Network,5,49,695.89,434.93,35,136
4669,SKU-004669,Reverse-engineered responsive approach,10,12,224.05,146.44,21,83
4670,SKU-004670,Multi-channeled hybrid customer loyalty,14,87,329.02,184.84,8,105
4671,SKU-004671,Profit-focused web-enabled model,6,25,314.9,262.42,12,103
4672,SKU-004672,Profound didactic function,7,46,127.64,78.79,39,143
4673,SKU-004673,Persistent zero-defect Local Area Network,14,32,564.17,318.74,37,142
4674,SKU-004674,Stand-alone tangible flexibility,8,63,432.28,264.5,49,154
4675,SKU-004675,Profit-focused modular attitude,3,60,125.09,102.53,12,161
4676,SKU-004676,Versatile full-range hardware,7,78,336.64,191.27,22,144
4677,SKU-004677,Re-contextualized multi-state pricing structure,11,65,768.86,415.6,47,82
4678,SKU-004678,Centralized real-time orchestration,15,91,406.03,312.33,14,183
4679,SKU-004679,Expanded tangible throughput,10,29,307.01,172.41,10,129
4680,SKU-004680,Diverse asynchronous help-desk,9,40,614.09,461.72,7,198
4681,SKU-004681,Digitized neutral hierarchy,16,34,333.11,207.59,7,129
4682,SKU-004682,User-friendly static solution,16,82,16.79,13.99,49,169
4683,SKU-004683,Function-based maximized Internet solution,13,30,701.48,477.2,8,165
4684,SKU-004684,Robust mobile Graphic Interface,3,86,703.83,406.84,46,50
4685,SKU-004685,Streamlined heuristic throughput,4,80,570.57,300.3,23,55
4686,SKU-004686,Open-source bi-directional hierarchy,2,35,339.13,251.21,12,66
4687,SKU-004687,Distributed client-driven application,5,41,443.07,257.6,10,103
4688,SKU-004688,Reduced system-worthy help-desk,2,9,388.33,318.3,10,127
4689,SKU-004689,Seamless object-oriented approach,12,48,277.33,227.32,25,82
4690,SKU-004690,Secured 4thgeneration extranet,16,45,236.15,125.61,35,124
4691,SKU-004691,Devolved homogeneous emulation,7,27,220.97,162.48,20,192
4692,SKU-004692,Cloned object-oriented analyzer,7,92,400.96,280.39,23,193
4693,SKU-004693,Cross-group demand-driven analyzer,4,55,143.3,104.6,8,153
4694,SKU-004694,User-centric empowering website,2,26,627.4,340.98,28,194
4695,SKU-004695,Synergized mission-critical support,7,27,204.72,126.37,23,109
4696,SKU-004696,Triple-buffered logistical budgetary management,5,13,947.49,480.96,45,186
4697,SKU-004697,Ameliorated intermediate secured line,7,73,153.75,83.11,15,106
4698,SKU-004698,Sharable static model,4,87,58.31,36.67,10,56
4699,SKU-004699,Quality-focused next generation encoding,13,74,364.91,280.7,48,172
4700,SKU-004700,Multi-channeled local portal,11,31,863.95,467.0,27,158
4701,SKU-004701,Robust solution-oriented software,7,45,288.61,160.34,23,165
4702,SKU-004702,Reverse-engineered non-volatile standardization,13,21,467.97,357.23,24,54
4703,SKU-004703,Total empowering process improvement,5,8,559.57,341.2,19,68
4704,SKU-004704,Compatible empowering Graphic Interface,1,78,440.0,245.81,7,56
4705,SKU-004705,Polarized client-driven model,13,79,667.74,337.24,20,137
4706,SKU-004706,Networked transitional matrices,8,29,159.55,122.73,18,183
4707,SKU-004707,Extended well-modulated frame,2,23,135.18,96.56,49,126
4708,SKU-004708,Seamless object-oriented strategy,6,31,493.83,297.49,40,142
4709,SKU-004709,Enterprise-wide 4thgeneration archive,1,88,547.93,282.44,12,143
4710,SKU-004710,Integrated neutral function,16,77,695.29,349.39,14,51
4711,SKU-004711,Customer-focused upward-trending solution,15,2,336.3,230.34,17,84
4712,SKU-004712,Managed reciprocal pricing structure,2,18,140.83,89.13,27,114
4713,SKU-004713,Compatible 4thgeneration database,6,1,667.43,385.8,49,120
4714,SKU-004714,Sharable mobile capacity,17,98,73.43,56.92,9,64
4715,SKU-004715,Right-sized global knowledge user,11,46,96.33,78.96,12,89
4716,SKU-004716,Stand-alone analyzing methodology,14,99,377.86,222.27,46,104
4717,SKU-004717,Diverse grid-enabled benchmark,15,50,133.93,108.89,32,161
4718,SKU-004718,Pre-emptive executive instruction set,6,13,1021.75,429.68,18,104
4719,SKU-004719,Enhanced scalable process improvement,12,51,269.26,157.46,27,151
4720,SKU-004720,Up-sized fresh-thinking policy,2,75,147.49,83.8,41,127
4721,SKU-004721,Innovative modular hierarchy,7,98,880.78,449.38,33,159
4722,SKU-004722,Realigned tertiary conglomeration,12,54,857.44,435.25,23,180
4723,SKU-004723,Proactive intermediate instruction set,12,85,255.33,183.69,25,177
4724,SKU-004724,Decentralized next generation installation,12,7,353.8,250.92,30,168
4725,SKU-004725,Mandatory asymmetric attitude,12,75,417.06,308.93,46,51
4726,SKU-004726,Open-source motivating knowledgebase,1,40,231.15,162.78,15,158
4727,SKU-004727,Multi-channeled 6thgeneration superstructure,2,100,244.3,136.48,24,151
4728,SKU-004728,Profit-focused tertiary toolset,6,65,268.8,210.0,28,58
4729,SKU-004729,Digitized well-modulated Local Area Network,11,1,563.61,368.37,45,91
4730,SKU-004730,Managed context-sensitive budgetary management,6,99,20.68,16.81,19,193
4731,SKU-004731,Total homogeneous challenge,16,49,10.93,8.22,20,132
4732,SKU-004732,Profound maximized firmware,16,81,673.93,491.92,10,130
4733,SKU-004733,Right-sized full-range focus group,12,97,641.92,345.12,40,111
4734,SKU-004734,Self-enabling discrete groupware,17,85,480.88,375.69,23,196
4735,SKU-004735,Reverse-engineered grid-enabled definition,12,98,486.39,313.8,46,136
4736,SKU-004736,Synergistic fresh-thinking artificial intelligence,5,1,137.56,75.17,41,61
4737,SKU-004737,Synchronized exuding system engine,15,32,58.19,35.7,9,81
4738,SKU-004738,Expanded interactive algorithm,4,7,55.07,42.36,25,50
4739,SKU-004739,Versatile human-resource productivity,4,80,259.94,146.86,46,165
4740,SKU-004740,Assimilated tertiary hierarchy,16,47,786.81,462.83,38,103
4741,SKU-004741,Right-sized user-facing flexibility,6,12,198.45,136.86,6,126
4742,SKU-004742,Enterprise-wide needs-based product,14,42,199.31,85.2,22,195
4743,SKU-004743,Inverse full-range alliance,12,40,25.12,20.59,12,135
4744,SKU-004744,Expanded logistical hub,15,98,789.14,456.15,34,50
4745,SKU-004745,Assimilated systemic initiative,3,86,792.23,430.56,32,200
4746,SKU-004746,Multi-lateral bandwidth-monitored concept,9,72,281.99,143.14,18,147
4747,SKU-004747,Multi-lateral optimizing hierarchy,6,63,869.15,436.76,34,65
4748,SKU-004748,Switchable bifurcated hub,13,73,620.56,356.52,48,114
4749,SKU-004749,Progressive secondary conglomeration,16,55,369.96,308.3,12,54
4750,SKU-004750,Compatible stable challenge,1,80,10.45,7.21,21,143
4751,SKU-004751,Customizable full-range time-frame,16,27,527.05,302.9,50,116
4752,SKU-004752,Monitored scalable protocol,14,26,528.95,309.33,18,172
4753,SKU-004753,Team-oriented attitude-oriented encryption,16,91,325.01,185.72,38,177
4754,SKU-004754,Programmable background product,3,16,764.37,447.0,19,109
4755,SKU-004755,Diverse demand-driven customer loyalty,4,35,757.76,409.6,20,92
4756,SKU-004756,Virtual well-modulated attitude,5,63,296.2,143.1,37,174
4757,SKU-004757,Fully-configurable value-added migration,16,98,517.1,397.77,44,60
4758,SKU-004758,Synergistic context-sensitive conglomeration,2,65,536.49,432.65,14,96
4759,SKU-004759,Programmable explicit protocol,8,41,615.54,452.6,12,175
4760,SKU-004760,Function-based optimizing help-desk,16,15,406.96,265.99,7,124
4761,SKU-004761,Reverse-engineered 3rdgeneration access,6,66,893.53,499.18,23,92
4762,SKU-004762,Balanced tertiary capability,8,81,114.67,70.35,11,111
4763,SKU-004763,Function-based 5thgeneration definition,2,44,322.09,255.63,47,171
4764,SKU-004764,Sharable background methodology,8,29,560.9,295.21,20,138
4765,SKU-004765,Profit-focused cohesive task-force,6,7,407.57,268.14,10,135
4766,SKU-004766,Operative neutral hub,10,52,783.54,440.19,16,70
4767,SKU-004767,Operative composite analyzer,17,18,100.17,49.49,11,83
4768,SKU-004768,Switchable homogeneous Internet solution,10,93,276.81,139.1,45,136
4769,SKU-004769,De-engineered bifurcated system engine,8,93,781.48,343.27,26,61
4770,SKU-004770,Future-proofed eco-centric portal,13,70,423.96,326.12,49,198
4771,SKU-004771,Configurable multi-tasking forecast,17,75,291.2,169.3,42,115
4772,SKU-004772,Right-sized leadingedge circuit,12,38,357.62,184.34,34,87
4773,SKU-004773,Pre-emptive eco-centric toolset,10,17,462.36,339.97,48,77
4774,SKU-004774,Re-contextualized eco-centric parallelism,1,34,298.58,231.46,29,133
4775,SKU-004775,Integrated intangible solution,12,63,70.97,53.36,24,182
4776,SKU-004776,Intuitive client-driven strategy,17,97,43.64,36.37,37,186
4777,SKU-004777,Intuitive 3rdgeneration open architecture,8,4,508.38,343.5,21,110
4778,SKU-004778,Right-sized bandwidth-monitored definition,14,90,57.95,44.6,43,177
4779,SKU-004779,Extended mobile matrix,16,17,313.87,176.33,33,81
4780,SKU-004780,Function-based bifurcated concept,11,98,224.78,187.32,5,102
4781,SKU-004781,Versatile bandwidth-monitored contingency,10,61,592.2,438.67,13,96
4782,SKU-004782,Organic exuding architecture,16,45,179.37,119.58,18,172
4783,SKU-004783,Front-line cohesive encoding,16,59,42.9,27.86,18,107
4784,SKU-004784,Progressive global moderator,7,82,1223.71,491.47,34,143
4785,SKU-004785,Face-to-face cohesive array,17,78,282.85,184.87,22,144
4786,SKU-004786,Programmable grid-enabled task-force,17,73,773.13,452.12,50,198
4787,SKU-004787,Decentralized bandwidth-monitored website,9,24,445.72,266.9,40,80
4788,SKU-004788,Devolved zero-defect project,1,53,349.38,256.9,21,98
4789,SKU-004789,Ergonomic fault-tolerant customer loyalty,7,37,149.92,104.84,41,166
4790,SKU-004790,Future-proofed actuating open system,7,24,737.03,366.12,23,87
4791,SKU-004791,Visionary 5thgeneration algorithm,3,88,259.18,143.99,34,107
4792,SKU-004792,Devolved explicit project,8,1,76.13,59.48,47,182
4793,SKU-004793,Down-sized fault-tolerant extranet,16,65,665.56,337.85,20,196
4794,SKU-004794,Configurable composite hierarchy,16,80,896.77,379.3,39,200
4795,SKU-004795,Digitized exuding budgetary management,17,85,358.02,223.76,16,170
4796,SKU-004796,Streamlined regional hierarchy,6,5,538.68,393.2,33,148
4797,SKU-004797,Digitized needs-based database,3,12,427.37,294.74,41,168
4798,SKU-004798,Multi-channeled analyzing benchmark,2,7,446.66,254.64,28,120
4799,SKU-004799,Organic human-resource approach,4,86,243.59,153.2,13,106
4800,SKU-004800,Phased holistic array,1,5,73.63,51.49,6,105
4801,SKU-004801,Integrated disintermediate paradigm,16,83,319.23,199.52,20,190
4802,SKU-004802,Team-oriented needs-based flexibility,12,65,274.11,140.57,9,149
4803,SKU-004803,Compatible national complexity,7,53,169.15,118.6,17,171
4804,SKU-004804,Right-sized stable model,2,96,659.59,499.17,18,72
4805,SKU-004805,Assimilated high-level alliance,13,59,42.35,28.19,48,125
4806,SKU-004806,Monitored cohesive collaboration,6,42,535.53,287.92,23,150
4807,SKU-004807,Multi-tiered directional workforce,3,56,285.18,174.96,43,73
4808,SKU-004808,Business-focused demand-driven info-mediaries,11,29,271.87,154.47,27,122
4809,SKU-004809,Function-based intermediate interface,15,50,99.91,83.26,13,92
4810,SKU-004810,Compatible modular framework,15,76,315.72,211.89,5,121
4811,SKU-004811,Versatile client-server frame,6,89,501.48,414.45,7,142
4812,SKU-004812,Robust local monitoring,2,49,515.46,307.54,22,108
4813,SKU-004813,Team-oriented secondary core,10,97,372.15,248.1,37,174
4814,SKU-004814,Decentralized grid-enabled implementation,11,31,824.36,469.28,41,144
4815,SKU-004815,User-centric scalable superstructure,11,36,190.3,96.11,16,115
4816,SKU-004816,Synergistic user-facing firmware,7,82,4.93,4.11,34,65
4817,SKU-004817,Assimilated multi-tasking website,17,31,616.54,362.67,26,184
4818,SKU-004818,Profit-focused secondary definition,14,34,536.43,369.95,25,117
4819,SKU-004819,Virtual reciprocal knowledge user,16,34,480.26,326.71,13,139
4820,SKU-004820,Reduced secondary approach,10,28,679.27,377.37,29,185
4821,SKU-004821,Profound eco-centric paradigm,16,87,132.29,87.61,38,133
4822,SKU-004822,Stand-alone intermediate website,16,24,56.24,33.88,25,109
4823,SKU-004823,Progressive 24hour moratorium,13,57,45.4,31.97,38,116
4824,SKU-004824,Face-to-face systematic complexity,10,53,341.84,193.13,35,68
4825,SKU-004825,Mandatory composite data-warehouse,15,14,529.33,332.91,6,52
4826,SKU-004826,Stand-alone human-resource core,11,10,662.48,372.18,40,174
4827,SKU-004827,Expanded contextually-based analyzer,8,49,265.09,181.57,9,106
4828,SKU-004828,Horizontal fault-tolerant workforce,14,36,635.04,352.8,11,173
4829,SKU-004829,Switchable analyzing data-warehouse,14,64,157.51,82.9,25,185
4830,SKU-004830,Vision-oriented uniform definition,5,91,841.25,489.1,38,118
4831,SKU-004831,Compatible content-based alliance,8,91,36.18,22.9,36,57
4832,SKU-004832,Fundamental incremental knowledgebase,2,71,532.03,318.58,34,171
4833,SKU-004833,Extended scalable benchmark,14,74,659.02,411.89,14,164
4834,SKU-004834,Integrated incremental application,3,6,289.62,178.78,6,152
4835,SKU-004835,Implemented actuating ability,15,8,526.03,328.77,9,181
4836,SKU-004836,Synergistic system-worthy toolset,13,49,201.89,112.16,9,189
4837,SKU-004837,Mandatory zero tolerance encryption,15,6,12.21,6.48,5,177
4838,SKU-004838,Versatile client-driven capacity,4,22,79.51,33.2,49,151
4839,SKU-004839,Cross-platform value-added alliance,4,10,403.58,288.27,39,67
4840,SKU-004840,Up-sized optimizing budgetary management,1,49,505.82,377.48,34,161
4841,SKU-004841,Balanced bifurcated forecast,10,11,571.79,317.66,10,158
4842,SKU-004842,Distributed high-level budgetary management,13,33,232.48,119.22,13,134
4843,SKU-004843,Digitized bi-directional architecture,16,3,461.4,261.8,14,133
4844,SKU-004844,Inverse 5thgeneration complexity,9,95,183.93,131.38,15,71
4845,SKU-004845,Fundamental scalable moderator,2,43,612.87,434.66,49,169
4846,SKU-004846,Down-sized explicit circuit,9,84,1207.75,487.44,13,157
4847,SKU-004847,Focused bifurcated protocol,15,81,137.02,112.31,25,123
4848,SKU-004848,Ergonomic coherent ability,5,3,596.22,259.56,30,73
4849,SKU-004849,Vision-oriented multi-tasking instruction set,15,55,534.89,355.26,34,121
4850,SKU-004850,Profound value-added matrix,1,64,194.79,159.66,17,65
4851,SKU-004851,Automated tangible paradigm,13,54,31.45,24.38,30,164
4852,SKU-004852,Multi-tiered 5thgeneration product,6,91,670.03,389.55,43,161
4853,SKU-004853,Right-sized asymmetric productivity,2,33,866.56,486.83,50,176
4854,SKU-004854,Inverse eco-centric Graphic Interface,17,34,113.57,64.53,24,154
4855,SKU-004855,Decentralized dynamic solution,15,15,341.11,178.59,27,100
4856,SKU-004856,User-friendly optimal data-warehouse,6,67,216.82,132.21,34,105
4857,SKU-004857,Visionary homogeneous interface,11,33,122.41,76.99,39,124
4858,SKU-004858,Right-sized zero administration website,10,55,133.91,67.63,49,128
4859,SKU-004859,Centralized content-based superstructure,1,93,323.6,177.8,6,89
4860,SKU-004860,Networked intangible Graphic Interface,10,46,427.14,331.12,17,191
4861,SKU-004861,Integrated full-range success,8,28,705.72,285.22,27,149
4862,SKU-004862,Progressive radical superstructure,14,47,475.82,215.65,35,144
4863,SKU-004863,Adaptive zero tolerance definition,1,15,291.87,157.77,17,109
4864,SKU-004864,Object-based asynchronous utilization,3,47,754.43,416.81,48,166
4865,SKU-004865,Cross-group bifurcated artificial intelligence,12,96,344.86,248.1,38,77
4866,SKU-004866,Cloned heuristic encryption,9,21,415.9,327.48,40,68
4867,SKU-004867,Open-architected global alliance,3,49,114.14,59.45,17,164
4868,SKU-004868,Multi-layered leadingedge synergy,5,16,543.37,452.81,28,66
4869,SKU-004869,Assimilated secondary paradigm,9,38,37.11,21.83,19,53
4870,SKU-004870,Face-to-face client-driven system engine,1,87,32.68,20.17,29,135
4871,SKU-004871,Open-source responsive core,1,82,366.27,205.72,38,94
4872,SKU-004872,Organic intangible support,8,89,295.88,197.25,46,75
4873,SKU-004873,Persevering global emulation,17,61,100.69,46.39,10,120
4874,SKU-004874,Up-sized explicit challenge,8,4,88.88,57.34,29,115
4875,SKU-004875,Exclusive motivating superstructure,7,94,512.01,376.48,37,66
4876,SKU-004876,Up-sized client-driven solution,11,40,405.9,213.63,8,141
4877,SKU-004877,Fully-configurable next generation utilization,10,63,364.9,274.36,26,84
4878,SKU-004878,Streamlined fault-tolerant groupware,15,73,491.58,409.65,40,200
4879,SKU-004879,Mandatory grid-enabled solution,10,4,381.1,280.22,46,121
4880,SKU-004880,Sharable optimizing pricing structure,13,16,106.58,79.15,12,171
4881,SKU-004881,Multi-layered demand-driven open system,2,93,311.4,230.67,27,162
4882,SKU-004882,De-engineered value-added Internet solution,6,28,540.56,362.79,20,195
4883,SKU-004883,User-friendly static product,5,84,245.42,175.3,27,139
4884,SKU-004884,Enterprise-wide scalable hub,13,89,891.02,484.25,18,166
4885,SKU-004885,Multi-channeled cohesive function,12,68,619.39,433.62,36,58
4886,SKU-004886,Customizable asymmetric intranet,12,16,124.7,64.28,36,110
4887,SKU-004887,Exclusive incremental circuit,10,73,586.97,343.26,45,95
4888,SKU-004888,Optimized optimal function,10,29,93.56,65.43,40,176
4889,SKU-004889,Persevering asymmetric emulation,11,88,820.26,455.7,43,105
4890,SKU-004890,Monitored zero tolerance focus group,6,43,307.51,180.89,32,90
4891,SKU-004891,Optimized zero tolerance focus group,7,87,661.47,371.61,17,81
4892,SKU-004892,Seamless client-server neural-net,14,85,452.5,222.1,39,171
4893,SKU-004893,Team-oriented methodical matrices,11,14,531.63,287.37,25,106
4894,SKU-004894,Reverse-engineered leadingedge synergy,12,5,259.62,205.84,29,146
4895,SKU-004895,Stand-alone clear-thinking superstructure,11,95,594.19,317.75,30,182
4896,SKU-004896,Configurable intangible forecast,8,27,233.89,170.72,11,71
4897,SKU-004897,Sharable tertiary moratorium,11,40,90.94,46.4,6,93
4898,SKU-004898,Object-based transitional solution,1,92,376.43,200.95,20,154
4899,SKU-004899,Multi-layered user-facing capability,11,22,241.62,129.21,14,72
4900,SKU-004900,Centralized leadingedge support,8,80,321.65,220.45,37,162
4901,SKU-004901,Implemented systemic Graphic Interface,9,40,70.65,42.82,17,57
4902,SKU-004902,Synergistic well-modulated knowledge user,16,61,6.56,4.59,23,81
4903,SKU-004903,Monitored bandwidth-monitored middleware,7,13,650.07,333.37,30,112
4904,SKU-004904,Face-to-face zero tolerance encryption,14,26,153.24,104.96,7,135
4905,SKU-004905,Team-oriented motivating implementation,13,8,375.14,235.94,34,64
4906,SKU-004906,Up-sized homogeneous interface,14,6,153.94,97.43,29,197
4907,SKU-004907,Profound high-level structure,5,55,397.03,330.86,10,62
4908,SKU-004908,Monitored user-facing database,5,50,319.95,217.65,21,177
4909,SKU-004909,Enterprise-wide systematic flexibility,1,87,252.23,140.13,21,100
4910,SKU-004910,Expanded foreground paradigm,13,7,484.36,293.55,5,51
4911,SKU-004911,Pre-emptive bi-directional info-mediaries,7,68,1076.49,453.8,40,81
4912,SKU-004912,Configurable non-volatile attitude,17,76,491.48,305.27,41,106
4913,SKU-004913,De-engineered bandwidth-monitored installation,11,1,509.99,288.13,11,184
4914,SKU-004914,Multi-lateral logistical instruction set,1,14,954.29,491.9,37,58
4915,SKU-004915,Organic systemic functionalities,5,17,948.62,496.66,31,83
4916,SKU-004916,De-engineered systemic model,8,22,225.44,158.76,37,77
4917,SKU-004917,User-friendly attitude-oriented matrix,16,26,667.11,466.51,9,102
4918,SKU-004918,Re-contextualized dynamic budgetary management,8,42,61.35,44.78,13,175
4919,SKU-004919,Mandatory reciprocal encryption,16,55,501.9,348.54,47,144
4920,SKU-004920,Optional web-enabled interface,11,15,48.1,34.11,29,104
4921,SKU-004921,Phased bandwidth-monitored throughput,11,33,371.64,307.14,39,99
4922,SKU-004922,Ergonomic executive capability,8,43,413.65,213.22,6,98
4923,SKU-004923,Integrated optimizing instruction set,17,57,224.17,105.36,25,164
4924,SKU-004924,Total foreground framework,9,69,241.5,156.82,14,79
4925,SKU-004925,Realigned stable conglomeration,4,98,472.8,265.62,13,134
4926,SKU-004926,Grass-roots 6thgeneration time-frame,12,8,744.66,465.41,18,66
4927,SKU-004927,Virtual static implementation,12,7,245.75,176.8,39,156
4928,SKU-004928,Re-contextualized interactive solution,8,70,300.51,167.88,36,118
4929,SKU-004929,Cross-group composite Graphical User Interface,8,83,228.46,152.61,38,113
4930,SKU-004930,Multi-layered zero-defect knowledgebase,5,79,209.61,136.11,44,164
4931,SKU-004931,Virtual cohesive structure,2,54,332.74,217.48,36,62
4932,SKU-004932,Multi-tiered leadingedge software,16,59,565.53,445.3,21,129
4933,SKU-004933,Synergized next generation extranet,7,75,844.13,435.12,35,81
4934,SKU-004934,Enterprise-wide tertiary approach,1,28,640.73,385.98,47,120
4935,SKU-004935,User-centric web-enabled migration,6,62,29.52,20.79,48,79
4936,SKU-004936,Upgradable client-driven application,7,11,883.8,472.62,47,52
4937,SKU-004937,Optional tangible hierarchy,4,65,306.68,225.5,22,171
4938,SKU-004938,Stand-alone regional Local Area Network,17,71,501.66,262.65,37,127
4939,SKU-004939,Upgradable heuristic Local Area Network,16,11,325.14,181.64,11,124
4940,SKU-004940,Robust explicit instruction set,3,83,710.62,449.76,44,63
4941,SKU-004941,Sharable transitional orchestration,12,13,612.45,478.48,6,187
4942,SKU-004942,Synchronized multi-state infrastructure,13,67,970.02,442.83,32,188
4943,SKU-004943,Focused contextually-based info-mediaries,11,8,611.34,499.84,46,108
4944,SKU-004944,Cross-platform bandwidth-monitored flexibility,6,6,36.44,27.4,33,154
4945,SKU-004945,Mandatory context-sensitive open system,10,77,245.26,193.12,28,171
4946,SKU-004946,Self-enabling web-enabled open system,14,89,430.9,225.6,9,57
4947,SKU-004947,Universal optimizing matrices,2,39,545.55,278.34,25,102
4948,SKU-004948,Cloned client-server solution,15,53,404.31,269.54,36,146
4949,SKU-004949,Innovative responsive Graphic Interface,13,97,112.38,79.14,9,121
4950,SKU-004950,User-centric dedicated secured line,17,81,534.66,371.29,17,127
4951,SKU-004951,Cloned context-sensitive application,2,67,377.04,287.82,26,197
4952,SKU-004952,Vision-oriented 4thgeneration conglomeration,9,14,759.2,474.5,48,165
4953,SKU-004953,Function-based contextually-based encryption,16,93,34.9,18.27,20,105
4954,SKU-004954,Distributed fault-tolerant architecture,10,81,74.68,41.26,33,81
4955,SKU-004955,Diverse asynchronous task-force,16,61,618.97,412.65,43,125
4956,SKU-004956,Customer-focused modular challenge,16,35,466.07,374.18,39,84
4957,SKU-004957,Visionary global adapter,16,88,104.21,43.9,41,157
4958,SKU-004958,Centralized stable superstructure,9,76,189.99,122.1,29,70
4959,SKU-004959,Object-based composite matrices,3,36,638.95,320.53,27,173
4960,SKU-004960,Public-key system-worthy Internet solution,17,56,53.66,28.54,15,104
4961,SKU-004961,Versatile local Local Area Network,4,87,432.15,228.65,34,81
4962,SKU-004962,Streamlined real-time toolset,3,64,176.34,93.8,29,172
4963,SKU-004963,Advanced 24hour capacity,6,83,5.16,2.85,33,197
4964,SKU-004964,Grass-roots fault-tolerant Graphical User Interface,6,57,860.47,443.54,37,124
4965,SKU-004965,Advanced directional portal,16,65,920.9,487.25,45,60
4966,SKU-004966,Re-contextualized fault-tolerant support,3,85,310.82,217.36,39,156
4967,SKU-004967,Streamlined multimedia matrix,9,78,492.48,279.82,50,99
4968,SKU-004968,Up-sized optimal circuit,6,49,452.62,359.22,40,153
4969,SKU-004969,Synergized demand-driven leverage,12,48,470.65,258.6,36,186
4970,SKU-004970,Triple-buffered system-worthy info-mediaries,11,28,306.48,190.36,5,198
4971,SKU-004971,Expanded 3rdgeneration middleware,4,29,102.45,75.33,13,88
4972,SKU-004972,Ameliorated empowering archive,5,21,132.95,90.44,31,150
4973,SKU-004973,Multi-layered upward-trending task-force,1,74,298.84,158.96,22,130
4974,SKU-004974,Cross-platform executive throughput,5,85,247.6,191.94,32,158
4975,SKU-004975,Organic interactive ability,7,72,149.33,92.18,14,178
4976,SKU-004976,Business-focused client-server extranet,11,68,55.44,32.61,50,185
4977,SKU-004977,Customizable responsive knowledgebase,8,77,467.62,348.97,43,149
4978,SKU-004978,Versatile zero tolerance toolset,8,97,580.72,315.61,44,101
4979,SKU-004979,Exclusive multi-tasking knowledge user,14,71,245.07,127.64,37,103
4980,SKU-004980,Reduced multi-tasking collaboration,12,66,472.97,284.92,12,164
4981,SKU-004981,Customer-focused homogeneous hardware,6,96,184.31,109.71,14,113
4982,SKU-004982,Robust tertiary product,8,62,312.04,172.4,39,175
4983,SKU-004983,Robust multi-state algorithm,13,67,164.39,121.93,21,153
4984,SKU-004984,Implemented context-sensitive policy,12,8,22.49,17.85,39,151
4985,SKU-004985,Switchable responsive Internet solution,6,69,363.57,239.19,10,64
4986,SKU-004986,User-centric leadingedge workforce,14,57,367.37,232.51,47,108
4987,SKU-004987,Public-key asymmetric portal,2,46,687.36,361.77,46,197
4988,SKU-004988,Re-engineered non-volatile emulation,7,5,371.18,226.33,28,105
4989,SKU-004989,Synchronized interactive complexity,9,18,534.93,356.62,29,80
4990,SKU-004990,Distributed even-keeled open architecture,16,64,40.17,30.9,17,149
4991,SKU-004991,Robust bifurcated pricing structure,14,97,360.45,181.13,30,70
4992,SKU-004992,Open-architected disintermediate hierarchy,16,24,132.22,110.18,21,169
4993,SKU-004993,Virtual client-server workforce,13,85,333.22,208.26,49,183
4994,SKU-004994,Devolved neutral service-desk,10,30,266.17,167.4,37,140
4995,SKU-004995,Reduced regional workforce,17,55,352.29,270.99,32,195
4996,SKU-004996,Intuitive system-worthy adapter,11,9,154.5,84.89,22,57
4997,SKU-004997,Face-to-face grid-enabled success,16,48,313.25,160.64,22,107
4998,SKU-004998,Multi-tiered explicit process improvement,13,13,559.47,430.36,50,65
4999,SKU-004999,Digitized coherent complexity,5,90,397.58,251.63,32,128
5000,SKU-005000,Inverse disintermediate encoding,2,2,877.06,447.48,14,177
