transfer_id,product_id,from_warehouse_id,to_warehouse_id,employee_id,quantity,transfer_date,status
1,816,3,4,11,82,2024-11-07,completed
2,1324,1,7,199,195,2024-07-25,completed
3,4444,9,7,30,288,2025-06-12,completed
4,4765,3,5,268,17,2024-08-21,completed
5,2608,3,2,299,227,2025-10-08,completed
6,4636,1,8,296,132,2024-07-22,completed
7,4000,9,10,211,64,2025-11-26,completed
8,668,8,10,54,166,2025-05-21,completed
9,370,9,8,87,227,2024-11-22,completed
10,2078,3,6,83,187,2026-06-25,completed
11,3073,6,2,141,262,2025-03-20,completed
12,1764,7,3,288,66,2025-06-07,completed
13,3370,4,10,253,293,2023-10-24,completed
14,1014,9,2,198,170,2024-03-28,completed
15,402,4,10,143,137,2024-05-08,completed
16,2674,7,8,183,79,2023-07-12,completed
17,2436,7,8,232,58,2025-01-05,completed
18,2379,9,6,292,239,2024-03-20,completed
19,2546,5,2,224,53,2024-11-28,completed
20,2480,2,6,106,286,2025-07-04,completed
21,4222,10,3,281,39,2026-03-29,completed
22,39,4,3,212,114,2026-06-11,completed
23,3778,10,2,87,189,2026-07-22,completed
24,1176,4,3,149,140,2024-02-17,completed
25,3236,4,9,174,158,2023-02-19,completed
26,2747,5,7,47,237,2024-04-12,completed
27,4722,3,8,172,254,2025-07-19,completed
28,2316,9,6,287,149,2025-08-16,cancelled
29,648,4,6,39,257,2023-08-21,completed
30,2585,4,10,294,33,2023-06-11,completed
31,4509,5,8,272,203,2024-09-26,completed
32,4978,1,9,176,248,2023-06-26,completed
33,1633,8,9,242,53,2023-09-25,in_transit
34,3389,4,5,11,299,2025-09-07,completed
35,2950,10,6,28,200,2024-01-28,completed
36,3314,2,10,176,20,2025-04-04,completed
37,4860,8,9,208,35,2023-02-06,in_transit
38,4344,3,4,136,62,2023-03-11,completed
39,1078,7,2,170,54,2023-10-08,completed
40,3466,7,5,207,63,2023-12-21,completed
41,3356,6,2,77,285,2025-10-18,completed
42,1029,4,2,288,140,2023-06-30,completed
43,3733,5,7,1,88,2024-06-13,completed
44,16,10,7,48,155,2023-08-03,cancelled
45,2175,8,5,98,173,2026-04-27,completed
46,3758,9,1,104,191,2025-06-04,completed
47,3600,10,7,133,82,2025-09-26,completed
48,1625,4,1,115,294,2023-09-24,completed
49,2717,2,5,74,30,2024-02-29,in_transit
50,3599,2,7,82,194,2025-09-21,completed
51,1263,9,1,250,261,2023-06-26,completed
52,4342,3,1,23,125,2024-10-27,completed
53,1525,3,10,251,187,2026-01-26,completed
54,1206,8,9,223,176,2024-03-03,completed
55,3551,2,9,90,224,2024-09-18,in_transit
56,996,10,8,155,83,2023-11-01,completed
57,961,2,3,35,256,2025-11-12,completed
58,140,9,1,91,204,2026-02-14,completed
59,2417,3,9,182,48,2025-09-29,completed
60,4847,6,5,103,103,2024-12-01,completed
61,1426,9,10,94,35,2024-05-23,completed
62,1945,10,7,66,95,2024-06-30,completed
63,4677,1,9,75,212,2026-04-06,completed
64,4734,1,2,173,78,2026-03-14,completed
65,3077,9,3,263,87,2025-04-18,cancelled
66,1626,6,1,212,44,2023-01-17,completed
67,848,7,4,212,287,2025-09-05,completed
68,3117,7,8,70,27,2026-05-03,completed
69,2038,9,3,50,40,2023-01-07,completed
70,2979,4,2,163,108,2025-11-22,completed
71,1927,9,7,145,176,2026-05-12,completed
72,1993,1,2,48,147,2024-02-04,completed
73,4726,2,9,46,53,2025-05-13,completed
74,3525,3,6,299,110,2024-07-16,completed
75,463,2,8,152,180,2024-09-20,completed
76,3939,1,3,215,167,2023-08-03,completed
77,3899,1,10,262,278,2023-01-17,completed
78,3132,5,9,218,118,2025-04-20,completed
79,3043,3,6,117,191,2023-10-21,completed
80,2490,10,1,198,288,2023-09-08,completed
81,3858,6,9,181,174,2024-10-28,completed
82,3611,9,4,186,271,2025-08-18,completed
83,3280,2,7,111,246,2026-01-04,in_transit
84,4150,4,6,86,142,2025-04-17,in_transit
85,4246,7,6,85,151,2026-07-21,completed
86,2836,3,9,97,31,2026-01-28,completed
87,1864,7,9,183,58,2025-08-12,in_transit
88,1039,1,7,114,75,2023-02-19,completed
89,4606,1,6,250,55,2024-01-24,completed
90,3770,4,3,33,120,2025-07-13,completed
91,3099,9,7,225,69,2025-07-27,completed
92,370,4,2,270,128,2023-04-18,completed
93,4834,4,3,30,213,2025-05-22,completed
94,3813,8,1,157,289,2023-08-26,completed
95,3605,7,2,236,256,2026-07-04,completed
96,2706,9,5,116,148,2023-03-08,completed
97,1528,8,2,265,140,2023-07-01,completed
98,475,2,3,44,54,2026-07-26,in_transit
99,3296,10,6,109,101,2025-08-21,completed
100,3208,4,7,276,12,2023-11-30,completed
101,919,5,8,37,242,2025-03-01,completed
102,2427,5,1,155,155,2026-04-22,completed
103,2035,6,4,181,82,2024-05-26,completed
104,2713,1,10,46,173,2023-07-27,completed
105,1710,1,2,180,141,2023-08-16,completed
106,3675,6,8,238,95,2023-08-28,completed
107,4106,5,10,219,88,2024-10-16,completed
108,1721,6,9,216,104,2025-02-13,completed
109,804,9,5,18,163,2024-06-12,completed
110,4553,7,6,193,97,2024-09-23,completed
111,1013,3,2,190,45,2023-02-16,completed
112,653,10,3,250,288,2023-12-05,completed
113,3888,8,1,39,227,2026-03-07,completed
114,2444,8,3,203,119,2026-04-05,completed
115,3735,8,2,142,173,2025-05-21,in_transit
116,4413,10,9,218,114,2023-03-07,completed
117,2159,10,4,142,16,2024-02-01,completed
118,2607,4,10,84,59,2024-05-17,in_transit
119,4861,7,2,211,242,2024-10-23,in_transit
120,768,5,2,139,121,2025-08-25,in_transit
121,875,10,5,196,117,2023-01-08,completed
122,3238,10,3,137,265,2026-02-13,cancelled
123,875,8,4,61,166,2026-03-09,completed
124,2274,9,4,242,263,2025-04-29,completed
125,152,6,1,189,213,2023-07-24,in_transit
126,2902,3,2,271,181,2024-04-09,cancelled
127,2642,4,7,182,53,2026-06-11,completed
128,334,4,7,66,251,2023-01-02,completed
129,422,10,3,75,216,2025-10-12,completed
130,689,6,4,250,46,2024-01-10,completed
131,444,6,8,109,86,2024-08-12,completed
132,4312,10,1,210,11,2025-04-01,completed
133,425,10,8,102,300,2023-02-07,completed
134,2127,3,8,282,173,2025-02-20,completed
135,1645,9,10,144,130,2024-01-25,in_transit
136,983,10,3,95,253,2025-04-14,completed
137,1902,10,1,122,11,2025-12-06,completed
138,3672,2,9,237,67,2024-04-06,completed
139,4032,3,6,202,244,2025-08-03,completed
140,991,9,6,144,295,2024-06-11,completed
141,397,1,7,132,177,2025-10-11,completed
142,4961,9,3,8,125,2024-07-24,completed
143,4280,5,10,214,241,2026-06-19,completed
144,3787,6,10,24,238,2025-03-19,completed
145,155,7,6,262,56,2026-02-01,completed
146,620,4,1,54,287,2026-06-09,in_transit
147,3203,7,1,152,237,2023-06-04,completed
148,3035,4,5,218,73,2025-03-07,in_transit
149,4417,9,4,136,248,2023-12-24,completed
150,1434,4,10,233,280,2023-08-10,completed
151,1305,6,8,124,30,2026-05-07,completed
152,2890,7,10,239,66,2023-06-13,completed
153,2322,9,1,268,227,2024-10-05,completed
154,579,8,1,186,10,2024-10-29,completed
155,4535,10,2,112,213,2026-07-14,completed
156,554,9,4,123,102,2023-08-08,completed
157,1318,4,2,232,288,2023-09-09,completed
158,4024,1,8,109,235,2024-02-20,cancelled
159,4095,10,1,78,209,2025-08-04,in_transit
160,4368,3,2,23,132,2025-09-18,completed
161,4880,2,4,72,152,2024-06-27,completed
162,1696,9,2,49,278,2024-04-28,completed
163,3677,4,5,192,37,2026-01-18,completed
164,1199,3,6,73,103,2025-08-13,completed
165,577,6,2,31,65,2025-10-23,completed
166,2009,9,4,1,60,2024-07-25,completed
167,4986,6,4,291,20,2023-09-06,completed
168,1907,7,1,295,291,2025-12-18,cancelled
169,3261,6,7,179,79,2024-05-17,cancelled
170,884,2,7,159,39,2025-09-21,completed
171,2526,8,2,296,63,2025-01-07,cancelled
172,2780,9,1,68,201,2024-10-25,completed
173,1226,8,2,21,233,2023-12-17,completed
174,4710,2,6,251,220,2025-06-01,completed
175,121,8,6,138,217,2024-12-06,in_transit
176,3650,6,8,103,104,2023-06-24,completed
177,2319,6,1,158,73,2026-05-29,completed
178,3904,10,8,155,44,2025-02-18,completed
179,3812,2,4,177,139,2026-01-04,completed
180,1876,10,1,146,259,2025-04-22,completed
181,2395,4,6,214,177,2023-11-07,completed
182,265,4,10,292,117,2025-05-18,completed
183,2337,2,4,57,89,2025-08-06,completed
184,283,9,6,217,37,2026-07-31,cancelled
185,1702,4,5,72,161,2024-01-10,completed
186,3243,1,2,90,225,2024-05-23,completed
187,2509,10,9,47,158,2025-11-05,completed
188,2326,7,8,55,90,2024-12-26,completed
189,3431,6,9,172,174,2024-05-03,completed
190,52,8,9,122,105,2025-05-30,completed
191,4397,2,1,233,247,2025-08-21,completed
192,3606,8,3,34,228,2025-12-03,completed
193,2533,2,1,154,64,2025-04-17,completed
194,617,3,8,165,294,2023-07-27,in_transit
195,774,3,2,75,21,2024-06-20,completed
196,3427,3,5,285,80,2023-06-12,cancelled
197,4325,9,6,189,145,2023-11-07,cancelled
198,336,7,9,281,124,2023-08-24,completed
199,22,3,1,105,53,2025-04-10,in_transit
200,3728,6,5,194,147,2024-09-07,completed
201,4703,4,8,131,146,2024-12-14,completed
202,3287,1,10,65,238,2024-04-13,completed
203,1064,6,8,132,214,2023-05-31,completed
204,3713,5,3,32,15,2023-07-27,completed
205,1073,4,1,29,20,2025-01-29,in_transit
206,438,5,3,280,91,2023-12-14,completed
207,4736,3,1,200,155,2025-06-02,completed
208,2527,1,3,262,171,2025-01-31,completed
209,4137,4,3,51,229,2025-12-26,completed
210,3709,9,5,164,25,2023-02-20,completed
211,4295,7,4,144,63,2023-09-26,cancelled
212,2601,1,5,194,120,2023-02-12,completed
213,1346,10,7,15,250,2024-03-07,cancelled
214,2521,7,3,263,76,2026-07-16,completed
215,4974,8,5,106,24,2025-11-03,completed
216,416,4,7,115,202,2026-05-18,completed
217,1749,5,9,290,125,2024-09-06,completed
218,1998,2,10,50,273,2025-05-06,completed
219,4301,8,5,130,188,2023-08-23,completed
220,4485,7,10,130,21,2024-01-14,completed
221,2927,5,7,177,285,2024-01-30,completed
222,2795,10,4,239,90,2023-10-25,completed
223,499,3,2,159,141,2026-05-13,completed
224,4340,3,5,209,209,2024-05-21,completed
225,2349,7,5,125,285,2024-04-17,completed
226,4932,1,9,19,109,2025-12-04,completed
227,2450,3,9,199,286,2025-03-03,cancelled
228,4898,7,9,94,274,2025-04-21,completed
229,2118,9,1,267,58,2024-04-24,in_transit
230,4297,4,6,219,40,2024-02-11,completed
231,2523,3,8,208,210,2023-06-18,cancelled
232,2218,1,3,184,249,2026-01-15,completed
233,4896,10,6,99,153,2024-01-06,in_transit
234,3887,1,4,167,15,2023-09-27,completed
235,2721,10,4,263,288,2023-04-09,completed
236,4354,8,7,214,245,2025-02-25,completed
237,952,2,5,26,181,2026-02-19,completed
238,1147,5,8,88,84,2024-02-26,in_transit
239,232,8,5,185,112,2024-08-25,completed
240,493,4,8,163,200,2026-02-27,completed
241,3662,3,8,73,120,2025-10-15,cancelled
242,2321,4,3,89,297,2024-04-10,completed
243,2072,9,7,159,103,2023-12-08,completed
244,1876,3,10,141,156,2024-12-21,completed
245,4742,6,1,179,275,2023-05-02,completed
246,1737,9,4,30,147,2025-06-05,completed
247,4995,4,3,78,38,2024-11-30,completed
248,3754,8,1,156,138,2024-02-15,completed
249,3287,8,6,222,211,2025-09-28,completed
250,1279,7,2,166,270,2023-05-14,completed
251,2747,10,6,1,24,2024-10-22,completed
252,2792,9,1,230,39,2023-01-10,completed
253,1348,10,7,204,258,2024-10-10,completed
254,3601,8,1,255,17,2026-03-30,completed
255,1406,9,3,26,136,2024-12-10,completed
256,3955,3,4,172,280,2024-09-16,completed
257,3577,10,9,269,53,2026-01-19,completed
258,4631,3,4,16,299,2024-06-26,completed
259,66,2,5,134,226,2026-02-07,completed
260,4438,9,6,130,45,2023-07-30,completed
261,2134,6,4,172,106,2025-08-03,completed
262,2306,4,6,116,34,2023-08-28,completed
263,3046,2,9,284,188,2024-08-17,completed
264,1471,2,7,72,278,2023-06-06,completed
265,3945,7,4,255,29,2023-12-31,completed
266,1379,2,5,59,103,2025-09-08,completed
267,3472,2,7,194,196,2023-02-08,completed
268,555,1,4,110,152,2023-12-19,completed
269,4640,1,5,281,155,2024-01-22,completed
270,3105,3,10,227,188,2025-04-04,completed
271,1864,7,10,192,132,2025-08-07,in_transit
272,3961,4,9,131,284,2023-09-06,completed
273,4499,5,4,146,269,2025-08-26,completed
274,3588,1,4,180,110,2024-10-11,completed
275,3424,1,4,19,266,2023-09-13,cancelled
276,2511,9,10,267,21,2025-12-05,completed
277,1517,2,8,231,291,2025-05-15,completed
278,4266,8,4,116,21,2024-10-09,completed
279,2271,1,7,201,58,2024-11-02,completed
280,4938,6,1,279,35,2025-02-24,completed
281,2536,5,1,217,158,2026-06-10,completed
282,1979,5,3,95,239,2023-12-31,completed
283,4730,4,2,134,109,2024-10-14,completed
284,2647,4,9,19,80,2024-08-30,completed
285,4507,4,6,200,110,2024-02-29,completed
286,3821,1,7,163,118,2023-03-12,completed
287,1685,3,7,266,37,2023-10-08,completed
288,1786,1,8,242,130,2023-08-13,completed
289,2095,4,7,280,153,2024-03-08,completed
290,653,1,4,1,208,2024-05-26,completed
291,3719,2,8,259,192,2025-12-30,in_transit
292,233,3,6,135,294,2023-02-24,completed
293,1442,6,4,255,261,2025-03-22,completed
294,2232,7,3,284,135,2025-12-09,completed
295,814,6,4,182,230,2023-01-08,completed
296,4851,5,2,222,132,2024-04-30,completed
297,865,10,7,79,13,2024-02-19,completed
298,4940,2,9,195,289,2025-02-21,completed
299,4051,3,10,35,164,2023-10-07,completed
300,1372,4,8,3,170,2024-04-23,completed
301,4945,8,9,1,287,2024-01-26,completed
302,1093,10,5,96,283,2024-06-28,completed
303,3540,4,6,152,194,2023-09-12,completed
304,1886,10,7,6,257,2023-08-17,completed
305,4695,8,5,183,180,2025-04-13,completed
306,1157,5,2,26,85,2023-03-14,completed
307,4615,3,6,60,269,2026-06-04,cancelled
308,3685,7,3,280,88,2024-02-27,completed
309,1649,2,8,255,96,2024-12-23,completed
310,2912,5,8,132,243,2025-07-08,completed
311,4736,8,1,165,127,2025-11-06,completed
312,868,8,7,205,20,2024-04-18,in_transit
313,3350,2,9,112,193,2023-02-21,completed
314,3138,1,5,90,246,2023-03-28,completed
315,1926,9,7,120,93,2025-01-12,completed
316,1770,1,5,22,198,2023-05-14,completed
317,1200,6,2,274,252,2026-02-16,completed
318,3818,6,4,141,21,2024-08-29,completed
319,3922,3,2,127,25,2025-02-06,completed
320,1786,10,1,66,140,2023-10-09,completed
321,4548,2,7,256,249,2023-08-19,completed
322,3250,9,6,257,237,2023-09-30,completed
323,744,6,5,170,287,2023-06-03,completed
324,4465,9,5,79,284,2025-11-01,in_transit
325,918,6,1,71,270,2025-12-29,completed
326,4526,9,4,237,251,2025-03-18,in_transit
327,2848,1,7,233,296,2023-01-17,completed
328,2105,8,3,288,272,2025-04-12,completed
329,1485,8,1,50,206,2026-06-04,completed
330,1630,2,9,221,23,2024-07-29,completed
331,3806,2,3,204,129,2023-04-29,completed
332,1356,3,2,114,72,2026-05-29,completed
333,3443,2,3,293,101,2025-08-16,completed
334,1334,1,10,164,259,2025-05-30,completed
335,3973,5,2,225,221,2023-07-19,completed
336,2930,5,6,219,106,2026-05-19,in_transit
337,3063,2,3,177,85,2023-03-23,completed
338,3036,9,5,239,185,2025-05-15,in_transit
339,2127,6,1,144,45,2025-06-19,completed
340,1766,9,8,139,239,2023-01-01,completed
341,4107,5,1,157,217,2023-11-08,completed
342,1526,1,3,50,111,2025-05-23,in_transit
343,800,4,5,170,223,2023-11-20,cancelled
344,2378,1,2,209,156,2026-06-10,completed
345,1256,2,6,119,60,2023-12-05,completed
346,2611,10,5,131,141,2025-04-15,completed
347,764,1,3,187,143,2025-09-02,in_transit
348,1410,7,3,103,38,2024-10-29,completed
349,3708,6,9,34,278,2025-11-24,completed
350,2363,5,1,168,161,2023-12-02,completed
351,253,5,3,40,243,2025-12-15,completed
352,2327,4,6,29,290,2025-03-02,in_transit
353,2042,10,2,76,151,2024-02-25,completed
354,4705,2,9,237,34,2023-01-14,completed
355,3695,2,9,154,92,2024-05-15,completed
356,1771,8,7,121,267,2026-07-27,completed
357,2020,3,4,49,131,2023-09-19,completed
358,938,2,10,180,144,2024-11-17,cancelled
359,4306,5,2,247,29,2025-08-29,completed
360,1154,5,7,265,250,2023-03-13,completed
361,229,6,3,50,187,2025-03-16,cancelled
362,145,3,10,122,84,2025-03-06,completed
363,1205,1,4,237,138,2025-06-29,completed
364,2958,4,10,43,102,2025-07-03,completed
365,2862,10,8,20,256,2023-12-05,completed
366,3382,1,3,54,238,2026-07-14,completed
367,3122,4,9,227,135,2026-06-15,cancelled
368,4266,7,10,46,189,2023-01-28,completed
369,1044,2,4,226,168,2025-02-03,completed
370,3255,6,5,222,163,2023-04-30,completed
371,4754,4,1,112,171,2025-02-13,completed
372,47,7,6,101,132,2025-08-08,completed
373,4212,1,9,233,57,2023-01-07,completed
374,3926,8,9,182,15,2026-07-14,completed
375,1641,2,8,225,106,2024-05-25,completed
376,147,2,9,54,187,2024-07-28,cancelled
377,2778,2,7,290,174,2023-06-08,in_transit
378,1114,3,10,146,134,2023-01-28,in_transit
379,2164,2,10,214,135,2025-07-17,cancelled
380,445,9,6,186,234,2023-11-12,completed
381,3433,8,4,55,292,2024-03-25,in_transit
382,2920,4,9,151,11,2023-04-04,completed
383,3823,6,10,272,101,2025-07-07,completed
384,1753,9,5,240,251,2024-06-30,completed
385,1275,10,5,178,218,2026-04-30,completed
386,3723,4,2,15,184,2024-10-22,completed
387,4954,3,2,273,164,2025-03-22,completed
388,282,8,5,300,194,2025-03-18,in_transit
389,4649,1,8,126,68,2025-08-23,completed
390,3213,9,7,122,86,2024-08-16,completed
391,2496,5,3,273,98,2024-11-14,completed
392,611,6,3,173,166,2026-04-11,completed
393,4401,8,5,173,33,2023-11-05,completed
394,2797,7,8,129,77,2024-07-13,completed
395,1884,6,5,214,39,2026-01-11,completed
396,3334,7,6,295,214,2023-07-05,completed
397,2149,8,4,16,224,2026-05-08,cancelled
398,3771,8,5,131,110,2024-09-08,completed
399,2481,4,3,225,218,2023-12-14,in_transit
400,3445,7,9,139,189,2025-04-11,in_transit
401,3986,4,10,116,19,2023-02-21,in_transit
402,3294,5,9,249,77,2026-07-31,completed
403,1303,9,1,63,175,2024-10-09,completed
404,956,9,10,69,205,2025-01-13,completed
405,2663,5,10,154,300,2025-05-25,completed
406,4333,2,7,186,59,2025-12-11,in_transit
407,3725,1,4,31,243,2024-09-08,completed
408,1981,10,6,124,114,2024-01-12,completed
409,3933,7,1,156,298,2026-05-13,completed
410,965,9,10,218,103,2024-09-01,completed
411,1507,10,9,157,120,2023-12-17,completed
412,3776,4,8,42,68,2024-02-05,completed
413,3299,4,10,160,118,2025-11-08,in_transit
414,254,3,6,65,171,2023-10-29,completed
415,4390,2,1,86,159,2026-02-04,completed
416,4594,5,1,33,172,2026-05-13,completed
417,4010,10,4,57,262,2025-06-21,completed
418,1991,2,5,154,181,2026-03-05,completed
419,3086,7,5,203,195,2023-10-16,completed
420,1244,2,8,184,75,2024-12-22,completed
421,1769,8,6,114,237,2024-08-03,completed
422,553,3,5,6,247,2024-03-04,completed
423,2710,9,4,281,143,2023-07-02,completed
424,2585,4,9,173,58,2023-04-12,completed
425,4890,4,7,100,204,2024-08-23,completed
426,1523,2,9,18,160,2025-07-30,completed
427,1696,1,4,218,80,2025-08-23,completed
428,4168,6,8,219,155,2023-09-13,cancelled
429,1865,6,4,28,207,2025-09-19,completed
430,4292,1,10,207,97,2024-08-11,completed
431,4655,6,10,94,169,2025-08-19,cancelled
432,4897,7,4,290,274,2024-10-30,completed
433,296,6,5,209,196,2024-02-06,completed
434,360,2,6,101,174,2023-09-14,completed
435,950,2,6,212,106,2025-10-29,completed
436,435,7,1,55,281,2025-04-17,completed
437,3352,2,7,9,40,2024-03-22,completed
438,4995,5,1,153,54,2025-02-14,in_transit
439,920,8,2,252,23,2025-11-07,completed
440,4093,6,4,109,195,2024-10-14,in_transit
441,932,9,2,65,294,2023-09-27,completed
442,3498,1,7,174,278,2025-08-25,in_transit
443,3811,10,1,32,253,2025-11-24,completed
444,3068,10,7,256,164,2025-07-09,completed
445,1859,10,3,234,42,2024-05-19,completed
446,1872,6,4,202,265,2024-10-28,completed
447,4724,3,8,42,129,2024-02-14,completed
448,4508,9,6,224,161,2025-05-26,completed
449,4174,3,9,82,85,2023-07-03,completed
450,3315,5,8,246,201,2024-05-02,completed
451,3901,8,6,59,154,2025-09-17,completed
452,1067,8,9,189,103,2024-02-20,completed
453,1980,10,4,11,293,2023-05-17,in_transit
454,2268,9,6,61,248,2024-04-18,in_transit
455,2220,7,5,96,145,2023-01-13,completed
456,1319,9,4,4,172,2023-07-11,completed
457,4047,5,9,106,102,2025-06-05,completed
458,4582,9,4,95,157,2026-07-26,completed
459,1903,6,7,262,82,2026-03-02,completed
460,1847,5,8,30,102,2024-05-04,completed
461,291,9,3,122,138,2024-01-22,cancelled
462,1530,8,9,83,227,2025-01-23,completed
463,4075,8,2,142,23,2025-10-25,completed
464,2117,2,4,136,42,2025-11-28,completed
465,3956,9,10,162,170,2025-02-02,cancelled
466,4906,3,9,12,147,2024-07-17,completed
467,781,3,9,112,72,2023-06-28,completed
468,934,2,1,119,51,2024-11-10,cancelled
469,835,9,4,72,87,2024-03-05,completed
470,3865,7,6,118,36,2024-08-08,completed
471,3115,1,8,115,218,2025-06-18,completed
472,2227,3,2,96,246,2024-08-16,completed
473,3927,10,5,203,223,2023-01-23,in_transit
474,3795,2,3,196,70,2024-12-09,completed
475,709,3,9,185,35,2023-12-26,in_transit
476,232,1,10,219,205,2023-02-03,completed
477,2989,3,6,77,223,2025-06-30,cancelled
478,4137,4,10,190,73,2024-03-08,cancelled
479,2517,5,2,256,73,2025-10-25,completed
480,4210,9,1,64,88,2024-09-23,completed
481,3965,4,5,201,118,2024-07-22,completed
482,596,6,8,262,122,2025-08-22,completed
483,4650,10,5,294,269,2024-12-03,completed
484,3582,8,4,19,267,2025-09-24,completed
485,497,2,4,219,83,2024-08-21,completed
486,3911,2,1,231,257,2023-08-09,completed
487,1238,5,6,76,57,2024-08-10,completed
488,2580,3,4,275,53,2026-06-05,completed
489,2773,4,7,189,125,2024-08-23,completed
490,1465,7,4,270,255,2026-05-03,in_transit
491,1201,6,9,213,237,2023-02-01,completed
492,2948,1,10,67,63,2024-01-28,completed
493,243,4,5,143,87,2026-02-23,completed
494,513,5,10,270,39,2024-02-02,in_transit
495,818,5,8,254,87,2025-01-07,completed
496,2063,6,8,120,138,2025-10-14,completed
497,1307,6,8,263,256,2026-04-28,completed
498,1134,4,8,239,40,2023-01-12,completed
499,820,9,3,200,166,2026-03-30,completed
500,2431,1,7,253,88,2025-08-18,in_transit
501,3042,4,2,126,30,2025-08-01,completed
502,883,5,2,224,97,2023-02-07,completed
503,1912,9,3,100,21,2024-01-10,completed
504,3244,5,6,195,108,2024-08-10,completed
505,3632,7,2,149,146,2023-07-03,completed
506,3904,9,10,11,23,2023-05-23,completed
507,2608,2,7,166,136,2025-06-13,cancelled
508,4999,5,7,42,151,2026-01-28,completed
509,2868,8,3,195,158,2024-11-12,completed
510,4096,8,2,116,297,2025-04-21,completed
511,243,1,5,150,78,2024-11-14,completed
512,4720,5,3,190,92,2025-01-20,completed
513,2827,5,4,8,54,2025-12-27,completed
514,2891,6,10,163,166,2024-07-13,cancelled
515,2085,4,1,229,108,2026-04-16,in_transit
516,3000,1,8,64,88,2023-03-02,completed
517,4602,3,8,76,159,2025-07-07,completed
518,1319,10,9,229,44,2023-12-14,in_transit
519,4741,10,1,222,115,2024-02-18,cancelled
520,2617,4,8,129,267,2024-09-29,completed
521,411,7,5,41,139,2025-08-05,completed
522,1553,6,5,57,245,2026-01-03,completed
523,3443,8,2,267,145,2023-12-16,cancelled
524,2712,3,6,116,298,2023-12-06,completed
525,515,10,1,23,44,2024-06-10,in_transit
526,65,7,1,264,118,2023-08-17,completed
527,4257,3,1,114,113,2025-04-01,completed
528,4229,7,1,188,108,2025-11-23,completed
529,1756,9,2,283,179,2025-05-29,completed
530,2372,6,2,126,42,2026-06-21,completed
531,4260,2,5,55,254,2023-01-21,completed
532,2775,9,7,5,299,2026-06-15,completed
533,2274,6,1,147,91,2025-09-07,cancelled
534,1896,7,10,33,201,2026-02-18,completed
535,4212,3,8,13,15,2024-01-27,completed
536,4401,3,7,221,114,2024-09-26,completed
537,2973,8,10,164,138,2025-09-08,completed
538,1256,4,7,146,172,2024-10-07,completed
539,1828,2,3,8,195,2023-08-04,in_transit
540,2112,3,1,7,172,2025-02-27,completed
541,1551,3,8,32,253,2024-07-20,completed
542,3293,8,5,79,267,2023-03-29,completed
543,317,4,10,26,249,2023-03-15,completed
544,2693,9,6,15,230,2023-04-12,in_transit
545,1167,5,7,42,284,2023-05-01,completed
546,864,3,9,131,54,2023-09-20,completed
547,773,7,4,239,227,2024-05-30,completed
548,2062,4,3,35,34,2025-11-20,completed
549,4445,2,7,142,231,2024-06-21,completed
550,3220,6,10,144,84,2025-02-16,completed
551,3799,2,1,94,195,2024-11-01,in_transit
552,675,6,9,211,300,2024-06-03,completed
553,4216,3,10,175,150,2024-01-09,in_transit
554,1082,9,2,85,247,2024-07-21,completed
555,3227,10,9,163,82,2024-10-19,completed
556,4509,5,7,161,266,2025-10-15,completed
557,2725,1,3,101,44,2026-01-08,completed
558,4758,6,9,115,151,2024-03-14,in_transit
559,3577,3,7,272,175,2023-11-01,completed
560,2065,3,2,112,216,2025-12-12,completed
561,2614,3,6,91,300,2023-12-09,cancelled
562,2573,9,4,295,169,2026-06-29,completed
563,844,8,4,126,95,2025-05-24,completed
564,834,1,5,123,18,2023-07-19,completed
565,1311,10,3,169,33,2024-04-19,in_transit
566,4535,3,8,80,300,2025-10-05,completed
567,4153,3,2,170,69,2026-03-03,in_transit
568,2769,3,6,152,210,2023-05-01,completed
569,3158,10,1,155,162,2024-03-29,completed
570,1048,8,3,144,214,2024-03-17,completed
571,1438,4,8,213,178,2023-10-19,completed
572,2347,7,9,88,77,2025-05-01,completed
573,3616,5,6,238,117,2026-04-13,completed
574,3199,3,4,61,26,2025-08-28,in_transit
575,1564,3,7,281,79,2025-12-05,completed
576,1487,5,7,66,136,2025-10-11,completed
577,3921,10,8,13,229,2025-08-12,completed
578,4048,10,8,106,244,2024-08-27,completed
579,2022,8,2,155,228,2024-02-16,in_transit
580,4067,5,6,154,231,2024-03-08,cancelled
581,3670,2,4,231,265,2024-04-05,completed
582,2047,4,5,233,138,2023-03-26,cancelled
583,3431,5,7,297,125,2023-07-02,completed
584,908,1,5,138,185,2026-02-07,completed
585,3174,5,3,238,211,2024-06-26,completed
586,1664,9,2,47,145,2026-02-08,cancelled
587,4317,2,5,221,88,2024-11-11,in_transit
588,1542,9,4,248,202,2024-04-06,completed
589,377,1,9,198,167,2025-10-11,completed
590,4441,8,1,88,119,2024-07-27,completed
591,2285,2,8,261,76,2024-08-11,completed
592,4236,8,5,150,50,2026-02-05,completed
593,2603,3,9,45,219,2026-03-06,completed
594,149,10,2,259,198,2024-06-03,completed
595,459,8,3,99,35,2026-03-21,completed
596,4841,8,2,130,298,2026-07-30,in_transit
597,702,4,5,1,235,2024-04-27,completed
598,2153,5,7,174,201,2023-10-15,cancelled
599,4741,9,3,231,170,2024-10-12,completed
600,3603,8,5,148,43,2026-01-21,in_transit
601,3940,10,2,25,246,2026-02-12,completed
602,3031,5,2,178,179,2025-01-17,completed
603,3287,5,8,49,177,2023-08-17,in_transit
604,4295,2,7,88,37,2023-11-30,cancelled
605,1849,4,1,227,300,2026-01-31,completed
606,1880,7,5,60,288,2024-04-11,cancelled
607,4620,3,4,93,163,2023-07-31,completed
608,2298,1,10,55,95,2025-07-18,completed
609,310,7,2,131,270,2024-03-11,in_transit
610,2185,6,10,106,195,2024-04-20,completed
611,498,4,2,83,148,2023-09-24,completed
612,54,1,4,189,148,2025-01-07,completed
613,4775,3,6,30,32,2025-05-28,completed
614,4016,6,8,27,93,2026-06-13,in_transit
615,453,7,1,193,111,2026-07-08,completed
616,4145,4,1,108,48,2023-10-21,completed
617,3321,2,3,268,285,2024-12-14,completed
618,4915,6,1,21,129,2025-07-22,completed
619,663,8,6,191,25,2025-07-26,cancelled
620,356,8,4,6,132,2025-12-26,completed
621,4700,4,2,240,50,2023-10-24,completed
622,4827,10,2,56,215,2024-01-18,completed
623,4388,4,9,77,165,2026-02-21,completed
624,1035,5,1,121,189,2025-06-13,completed
625,1712,9,2,148,70,2023-02-21,completed
626,3874,9,5,154,169,2024-03-05,cancelled
627,4389,1,6,218,43,2025-02-01,completed
628,2681,9,4,147,95,2026-04-20,completed
629,2626,8,3,187,273,2024-04-05,completed
630,3095,2,7,44,38,2026-01-02,completed
631,1683,3,2,83,246,2025-09-01,completed
632,3118,7,3,146,178,2024-08-21,completed
633,1790,6,4,296,29,2025-11-30,cancelled
634,2663,10,4,30,139,2023-03-02,completed
635,3386,5,9,56,145,2025-09-17,completed
636,3485,4,8,228,221,2025-12-04,completed
637,562,1,4,73,247,2023-01-27,completed
638,1834,9,7,77,41,2026-07-02,completed
639,131,2,6,39,116,2025-08-02,completed
640,723,5,4,218,91,2025-05-15,completed
641,2942,3,5,52,164,2024-11-22,in_transit
642,2073,6,5,124,108,2023-03-24,in_transit
643,2756,10,1,202,14,2024-10-12,completed
644,4145,2,7,182,76,2025-12-21,completed
645,3848,4,5,78,109,2026-02-14,completed
646,766,8,6,109,232,2025-08-04,completed
647,429,7,10,256,151,2024-02-24,completed
648,1395,9,4,101,134,2025-03-13,completed
649,2119,8,1,158,221,2024-02-14,in_transit
650,4979,10,5,240,63,2024-08-25,completed
651,1241,4,6,50,300,2024-02-06,completed
652,4984,6,3,75,143,2025-10-10,completed
653,2022,8,3,77,131,2026-03-23,completed
654,1974,6,4,198,123,2026-01-04,in_transit
655,1604,2,8,252,290,2023-03-10,completed
656,3822,3,10,189,168,2025-08-24,completed
657,3675,2,7,221,16,2026-07-18,completed
658,604,6,1,284,244,2023-11-25,completed
659,470,10,6,291,31,2024-05-13,in_transit
660,2485,9,5,112,19,2025-01-12,completed
661,651,8,7,258,88,2025-03-06,completed
662,3197,5,7,292,12,2025-03-05,completed
663,4151,6,8,110,136,2024-03-04,completed
664,1636,5,2,180,128,2023-07-23,cancelled
665,3094,7,2,73,30,2024-02-05,completed
666,1426,3,5,42,88,2025-04-01,completed
667,3038,8,9,29,21,2025-11-22,completed
668,2089,3,4,50,232,2023-12-17,cancelled
669,2751,3,1,150,46,2024-10-16,completed
670,385,3,4,126,236,2024-05-04,cancelled
671,3964,4,1,277,232,2025-03-24,completed
672,761,1,5,160,225,2024-04-12,cancelled
673,4952,8,1,141,24,2023-09-01,completed
674,863,5,2,16,77,2025-08-08,in_transit
675,2985,6,10,130,122,2025-03-08,completed
676,2595,5,6,69,86,2024-03-29,completed
677,2874,1,4,256,169,2025-02-18,completed
678,4324,1,7,79,114,2024-06-01,completed
679,2665,4,7,171,29,2025-05-03,completed
680,1264,7,3,53,194,2024-08-03,completed
681,4488,4,2,259,183,2023-06-20,completed
682,4595,2,9,85,133,2026-06-25,completed
683,3536,1,2,73,149,2024-06-19,completed
684,1586,3,8,108,10,2025-01-18,cancelled
685,4870,4,6,72,23,2023-11-09,completed
686,1358,10,5,247,66,2023-09-02,completed
687,2425,5,9,127,205,2024-05-08,completed
688,968,6,3,179,74,2025-12-19,completed
689,3598,5,6,184,23,2023-04-09,completed
690,413,10,6,188,63,2023-11-07,completed
691,1607,2,10,152,272,2026-03-28,completed
692,314,10,8,139,192,2026-05-02,in_transit
693,3372,3,4,155,206,2024-09-15,completed
694,743,5,3,202,39,2026-05-13,completed
695,1944,8,1,254,85,2024-05-29,completed
696,772,7,10,290,266,2026-01-03,completed
697,2714,7,5,166,122,2026-04-30,completed
698,4863,2,3,248,150,2024-06-25,completed
699,4318,3,1,173,256,2024-04-08,completed
700,4089,5,2,59,138,2025-08-13,completed
701,3107,10,7,37,88,2024-11-25,completed
702,3740,9,2,112,50,2025-01-29,in_transit
703,3387,2,3,245,49,2023-09-21,completed
704,488,3,8,266,25,2025-07-02,completed
705,2295,1,10,16,73,2023-04-03,completed
706,553,6,1,197,148,2023-06-19,completed
707,3913,7,10,199,216,2024-01-08,completed
708,4772,7,2,119,218,2023-08-24,completed
709,483,8,7,122,27,2025-07-03,completed
710,3197,5,9,32,86,2024-10-24,completed
711,4842,2,1,32,143,2025-11-18,completed
712,3424,4,9,60,98,2023-06-30,completed
713,2830,1,7,35,133,2024-09-25,in_transit
714,2337,1,9,214,12,2024-11-29,completed
715,3048,10,9,113,35,2025-12-29,completed
716,838,4,6,274,50,2025-10-16,completed
717,4173,7,1,113,285,2023-06-28,completed
718,4923,4,10,242,126,2023-01-24,completed
719,942,6,1,285,172,2023-03-28,completed
720,2659,1,5,278,296,2025-11-05,cancelled
721,4854,3,6,226,61,2025-02-18,completed
722,4893,4,6,176,232,2026-05-09,completed
723,1305,4,10,36,163,2025-08-07,completed
724,1535,2,3,68,46,2025-04-06,completed
725,2038,2,3,202,222,2026-04-29,completed
726,3818,9,1,197,39,2026-07-23,in_transit
727,1465,4,9,108,62,2026-03-15,cancelled
728,4096,9,10,185,207,2023-09-09,completed
729,4411,5,1,82,274,2023-01-02,completed
730,973,10,7,276,174,2025-10-10,in_transit
731,863,10,5,178,235,2023-06-25,completed
732,952,1,3,65,177,2025-04-16,completed
733,1353,1,8,56,63,2023-07-29,completed
734,210,5,3,154,59,2023-01-30,completed
735,4928,3,8,101,82,2025-03-11,completed
736,1369,6,7,220,63,2025-09-10,completed
737,58,7,8,210,199,2024-07-10,completed
738,2471,7,8,239,210,2025-11-14,completed
739,1941,1,3,174,153,2025-11-24,in_transit
740,1092,9,7,195,277,2024-06-16,completed
741,2973,6,1,205,21,2025-02-24,completed
742,2699,6,10,114,201,2023-11-12,cancelled
743,2851,1,5,214,81,2024-04-04,completed
744,36,6,2,33,197,2023-11-13,in_transit
745,908,9,10,228,93,2025-09-02,completed
746,1892,1,8,186,210,2023-09-20,in_transit
747,3634,7,2,295,230,2025-08-06,in_transit
748,1208,4,1,145,128,2025-02-01,completed
749,2664,6,10,188,240,2025-08-01,in_transit
750,736,1,8,223,79,2024-01-30,completed
751,463,6,2,108,196,2026-07-10,completed
752,4529,3,1,137,112,2025-05-25,completed
753,3014,2,6,15,76,2026-04-14,in_transit
754,526,6,10,241,161,2023-02-12,cancelled
755,1470,10,2,190,209,2024-08-27,completed
756,3857,7,4,257,76,2025-12-08,in_transit
757,1290,4,2,253,46,2025-10-01,completed
758,4962,3,8,2,168,2026-04-11,completed
759,2623,10,6,27,213,2025-09-04,completed
760,2503,9,3,197,95,2023-09-27,cancelled
761,44,2,10,294,242,2023-12-10,completed
762,2905,1,6,140,145,2023-09-14,completed
763,2637,9,7,253,288,2024-10-23,completed
764,1605,9,1,86,109,2025-02-19,in_transit
765,4286,3,9,284,56,2026-02-27,completed
766,3065,2,3,151,123,2024-10-05,completed
767,2029,7,9,105,113,2023-08-18,completed
768,1578,4,9,149,233,2025-07-18,cancelled
769,1181,1,7,241,94,2024-02-21,cancelled
770,71,10,1,214,64,2025-10-03,completed
771,4992,2,9,10,114,2025-05-03,completed
772,4734,6,5,107,197,2024-03-06,completed
773,4028,9,4,103,115,2024-10-22,completed
774,2581,3,4,112,27,2024-07-10,completed
775,1489,7,4,18,51,2026-06-24,completed
776,457,8,1,79,148,2025-03-15,completed
777,584,3,6,162,211,2026-06-01,in_transit
778,3466,8,4,62,235,2025-01-29,completed
779,2920,8,9,129,163,2026-07-24,completed
780,3613,5,7,215,32,2025-02-09,completed
781,1645,6,4,151,296,2025-11-03,completed
782,4308,1,4,57,155,2025-12-15,completed
783,2068,1,7,133,248,2024-09-16,completed
784,2726,6,4,60,262,2025-01-18,completed
785,1647,4,3,243,249,2024-02-28,cancelled
786,4619,4,7,227,170,2025-07-20,completed
787,2532,1,3,119,178,2026-04-03,completed
788,3793,5,10,188,47,2023-08-02,completed
789,2008,5,6,100,55,2025-08-28,completed
790,733,7,9,300,68,2026-05-14,completed
791,4064,8,3,34,167,2026-01-28,completed
792,2179,6,8,225,55,2024-07-11,completed
793,2609,1,10,142,38,2026-06-14,completed
794,3001,10,9,176,277,2024-01-22,completed
795,646,7,4,61,217,2025-04-18,completed
796,4159,3,7,62,275,2023-11-01,completed
797,2618,4,5,28,88,2024-09-25,completed
798,152,5,9,261,185,2024-05-13,completed
799,171,3,4,65,297,2025-07-26,completed
800,4362,10,2,278,183,2026-07-07,completed
801,1270,5,1,62,123,2024-09-06,completed
802,1411,5,2,281,239,2023-02-13,completed
803,2214,6,3,115,29,2025-05-20,cancelled
804,2534,5,10,250,78,2026-02-17,cancelled
805,1223,2,3,58,231,2024-07-21,completed
806,1375,10,9,16,199,2026-07-26,in_transit
807,2309,8,10,146,45,2023-10-25,completed
808,4638,10,7,172,192,2024-01-10,completed
809,581,1,8,120,174,2024-09-13,cancelled
810,156,9,5,55,148,2023-10-11,completed
811,236,3,1,36,250,2024-11-19,completed
812,1018,10,6,57,216,2024-05-07,completed
813,535,6,2,127,227,2025-02-11,completed
814,478,9,6,152,57,2023-11-26,completed
815,3146,10,9,7,241,2023-11-01,completed
816,3592,1,8,123,21,2023-11-28,completed
817,1204,8,1,169,157,2026-07-27,in_transit
818,2270,2,4,111,248,2023-08-22,completed
819,1026,2,10,174,288,2024-11-05,completed
820,1492,10,9,95,61,2025-02-10,completed
821,4793,7,6,48,262,2025-08-19,completed
822,4137,7,10,5,151,2024-10-02,completed
823,4690,4,3,168,274,2025-08-29,in_transit
824,2102,1,10,234,75,2025-04-10,completed
825,2829,4,7,27,194,2023-07-24,completed
826,536,7,4,165,114,2023-02-14,completed
827,2278,6,1,14,173,2023-07-01,completed
828,2001,2,1,294,71,2026-04-03,completed
829,361,1,3,202,182,2025-05-28,completed
830,577,2,3,103,221,2023-06-21,completed
831,4361,1,7,45,50,2023-09-07,completed
832,653,1,5,182,141,2023-09-05,completed
833,3241,7,3,239,84,2024-11-16,cancelled
834,1083,7,5,167,56,2025-10-26,in_transit
835,4448,7,8,91,268,2023-11-23,completed
836,1791,6,1,258,136,2024-11-25,cancelled
837,1280,2,5,128,180,2025-06-01,cancelled
838,4507,3,1,293,31,2024-06-11,completed
839,4969,4,9,146,300,2026-02-27,completed
840,762,7,6,88,26,2026-06-12,completed
841,4092,6,3,270,56,2023-09-21,completed
842,3082,9,2,236,269,2025-08-16,completed
843,1063,6,4,155,88,2025-09-07,completed
844,4031,6,1,287,160,2024-08-03,completed
845,3350,5,9,267,296,2024-10-18,in_transit
846,309,3,9,253,161,2023-12-23,completed
847,2025,3,9,248,167,2023-07-14,completed
848,2956,6,1,226,244,2026-06-14,completed
849,1472,8,7,162,82,2026-04-05,completed
850,3034,4,6,190,72,2025-06-10,completed
851,63,2,4,65,150,2023-08-27,completed
852,3557,1,2,223,10,2025-12-07,completed
853,1433,6,3,74,178,2023-05-05,cancelled
854,1155,9,4,192,111,2023-09-24,completed
855,2688,7,9,3,225,2023-03-17,completed
856,3294,8,5,183,162,2025-10-24,in_transit
857,2757,1,4,186,241,2026-03-13,completed
858,2519,10,2,101,269,2023-01-13,completed
859,3237,8,4,285,247,2023-08-27,completed
860,4041,1,9,7,175,2024-02-28,completed
861,534,4,10,174,259,2024-07-22,completed
862,3235,4,10,191,130,2024-06-25,completed
863,4645,9,5,132,135,2024-08-13,in_transit
864,4325,6,10,59,174,2025-04-07,cancelled
865,4913,1,9,214,160,2026-07-21,completed
866,224,4,9,277,122,2024-04-27,completed
867,2066,8,1,216,276,2024-01-16,in_transit
868,392,2,10,112,248,2025-04-21,completed
869,2531,8,7,143,286,2025-11-07,completed
870,4563,5,2,120,166,2024-09-02,completed
871,4829,9,10,72,53,2025-03-14,in_transit
872,278,8,7,43,167,2023-11-27,cancelled
873,4885,5,3,103,71,2026-04-19,completed
874,2346,4,5,224,141,2026-01-06,completed
875,929,7,8,172,125,2024-12-30,completed
876,2826,10,9,137,263,2024-10-15,completed
877,2181,9,1,211,142,2026-03-27,completed
878,4850,9,6,276,221,2025-06-12,completed
879,900,2,5,143,68,2024-04-18,cancelled
880,4768,8,9,16,246,2025-09-04,completed
881,2447,1,2,197,213,2025-04-19,completed
882,2152,8,7,224,274,2023-06-24,completed
883,2009,7,4,47,77,2026-06-17,cancelled
884,3310,7,5,229,79,2026-05-31,completed
885,3750,9,10,296,96,2026-07-09,completed
886,650,5,4,62,72,2025-03-06,completed
887,632,7,3,72,40,2023-06-05,completed
888,4708,8,7,119,139,2024-04-09,completed
889,3239,4,10,208,138,2024-12-11,completed
890,1438,10,9,247,204,2024-06-20,completed
891,3707,3,8,103,174,2023-01-22,completed
892,4697,1,8,298,271,2024-01-24,completed
893,4881,10,5,99,183,2024-08-20,in_transit
894,2768,5,7,271,163,2023-04-05,completed
895,3853,5,6,49,30,2023-05-14,cancelled
896,3673,2,9,290,170,2025-07-05,in_transit
897,1741,6,5,211,158,2023-06-01,cancelled
898,3940,7,9,86,256,2024-05-18,completed
899,2554,2,1,101,137,2026-06-29,completed
900,358,7,9,220,95,2023-06-09,completed
901,4384,4,9,57,78,2025-05-09,completed
902,3678,5,10,51,37,2023-08-15,cancelled
903,2403,8,9,209,246,2024-08-14,completed
904,2328,1,7,43,204,2025-05-07,cancelled
905,2182,10,5,240,103,2023-04-07,completed
906,781,3,9,30,126,2025-07-15,completed
907,3683,9,8,191,23,2024-06-13,completed
908,3254,9,3,10,34,2023-05-27,completed
909,1768,5,4,243,242,2026-04-11,completed
910,1559,3,2,186,21,2026-05-28,completed
911,4977,1,4,286,44,2026-07-19,cancelled
912,3942,6,7,62,233,2024-06-24,completed
913,3129,4,6,97,27,2023-03-14,completed
914,1721,9,4,112,180,2024-03-20,in_transit
915,2881,7,2,254,278,2023-04-05,completed
916,4128,3,1,160,196,2023-07-08,completed
917,2621,1,7,116,38,2023-03-30,completed
918,1455,7,2,274,53,2025-06-26,completed
919,1033,3,5,91,76,2025-03-28,cancelled
920,463,2,5,85,289,2026-04-16,completed
921,2296,9,4,214,195,2026-03-27,completed
922,4791,3,6,120,154,2026-02-27,completed
923,848,2,9,292,259,2023-01-24,completed
924,2921,1,9,20,25,2025-11-29,completed
925,1223,3,5,88,49,2023-07-25,completed
926,821,10,5,155,101,2023-04-12,completed
927,3061,3,9,145,20,2025-09-07,completed
928,4080,4,2,72,107,2025-09-02,completed
929,2037,9,1,89,208,2025-12-30,completed
930,2765,1,9,39,95,2023-05-05,completed
931,3838,4,5,283,294,2024-09-19,completed
932,2341,8,6,235,238,2026-04-11,completed
933,14,2,4,53,80,2024-12-02,completed
934,3266,4,2,207,211,2024-09-11,completed
935,4141,8,10,271,41,2023-01-18,completed
936,4417,5,1,276,89,2025-04-01,completed
937,4530,8,6,270,212,2025-03-05,completed
938,1477,5,7,99,201,2023-10-27,completed
939,4858,9,1,64,205,2024-06-18,completed
940,4410,4,2,129,215,2025-12-10,completed
941,3258,8,10,20,25,2026-01-30,cancelled
942,1078,8,7,105,278,2025-12-15,completed
943,3679,1,2,270,102,2026-06-01,completed
944,3245,6,10,170,266,2024-09-07,completed
945,3796,6,9,187,184,2023-09-26,completed
946,3228,2,7,36,132,2025-09-02,completed
947,3877,4,10,297,41,2024-02-26,completed
948,1945,6,2,241,143,2024-05-13,completed
949,1746,8,7,11,142,2023-04-13,cancelled
950,2855,9,8,18,147,2024-12-12,completed
951,3523,8,2,76,20,2023-06-22,completed
952,3675,7,6,297,170,2024-10-01,in_transit
953,1616,3,4,84,149,2024-12-15,in_transit
954,3888,4,5,270,44,2024-08-31,completed
955,990,5,7,62,34,2026-01-05,completed
956,1419,3,7,18,254,2026-07-06,in_transit
957,4435,10,5,137,42,2023-03-21,completed
958,813,4,1,50,50,2023-09-22,completed
959,1594,5,8,5,13,2026-07-23,completed
960,364,2,8,67,271,2023-06-20,completed
961,1451,5,4,19,159,2023-11-26,completed
962,1341,6,9,177,199,2026-06-25,cancelled
963,121,9,3,43,240,2026-02-17,completed
964,4405,7,6,37,247,2023-10-24,cancelled
965,378,3,5,262,86,2023-01-19,cancelled
966,715,10,2,119,191,2023-12-08,completed
967,4060,7,1,284,188,2023-01-02,completed
968,3337,2,6,46,47,2026-01-26,completed
969,2153,3,10,66,141,2023-11-30,completed
970,3815,1,5,192,23,2024-08-15,completed
971,1453,4,2,246,268,2023-04-21,in_transit
972,3678,10,6,176,177,2024-05-01,completed
973,800,6,5,300,81,2024-10-13,completed
974,79,2,6,291,177,2026-01-06,completed
975,1535,1,7,186,260,2024-03-23,completed
976,4693,3,10,116,144,2025-12-06,cancelled
977,3561,1,7,142,278,2026-04-28,completed
978,718,5,7,298,293,2024-03-27,completed
979,3699,9,5,22,50,2024-02-25,completed
980,2243,7,3,285,153,2023-02-28,completed
981,3831,8,5,196,154,2025-03-06,completed
982,927,7,5,297,36,2025-08-01,completed
983,424,3,5,78,48,2025-08-25,in_transit
984,2787,4,10,122,46,2025-04-17,in_transit
985,3107,7,9,46,74,2023-09-26,completed
986,3191,2,6,48,96,2023-07-30,completed
987,4820,9,2,208,58,2025-07-11,in_transit
988,2914,6,2,177,63,2026-04-18,completed
989,2186,7,4,65,95,2024-08-21,completed
990,1556,6,2,135,41,2023-05-01,cancelled
991,3802,8,3,195,64,2025-05-13,completed
992,621,9,10,232,189,2025-09-24,completed
993,4739,8,4,279,121,2024-05-01,completed
994,4672,3,1,273,97,2023-07-26,completed
995,3776,3,7,66,279,2024-08-11,completed
996,1831,7,2,62,205,2025-06-09,completed
997,2221,9,3,217,289,2024-01-16,completed
998,2719,9,1,251,92,2023-04-21,cancelled
999,1810,4,10,69,237,2024-10-19,completed
1000,3684,7,2,286,117,2023-03-06,completed
1001,1037,1,6,168,41,2025-02-05,completed
1002,3185,6,8,270,151,2023-06-28,completed
1003,2882,6,2,240,30,2025-08-27,completed
1004,2249,3,6,154,293,2024-05-26,completed
1005,3112,4,7,4,267,2023-02-17,completed
1006,4819,8,6,271,12,2026-06-29,completed
1007,2867,8,7,168,130,2024-08-04,in_transit
1008,3419,3,4,294,77,2024-09-24,completed
1009,1056,8,3,282,14,2023-05-13,cancelled
1010,1457,7,5,206,258,2023-01-04,completed
1011,3554,1,3,188,86,2023-04-08,completed
1012,2570,5,7,232,154,2026-06-17,completed
1013,3279,10,7,25,266,2024-12-14,completed
1014,208,8,7,180,241,2023-04-08,cancelled
1015,2408,9,8,146,39,2025-08-02,completed
1016,1862,3,8,93,40,2025-10-23,completed
1017,1613,5,8,187,81,2024-05-06,completed
1018,4588,7,6,177,208,2024-09-07,completed
1019,4225,9,10,126,31,2024-11-01,in_transit
1020,1528,5,9,136,283,2024-09-07,completed
1021,905,4,7,252,49,2026-02-02,completed
1022,3906,10,3,191,37,2025-01-14,completed
1023,2866,3,4,110,105,2025-09-04,in_transit
1024,3856,9,5,1,115,2023-06-12,completed
1025,2506,9,1,151,182,2026-03-22,completed
1026,3601,9,1,42,202,2024-05-12,completed
1027,1147,5,4,102,117,2025-12-18,completed
1028,3203,9,1,66,186,2023-04-16,completed
1029,3866,9,3,4,293,2023-09-15,completed
1030,565,5,9,30,100,2024-03-20,completed
1031,2729,5,9,114,107,2024-07-01,completed
1032,4640,6,9,217,131,2026-04-13,in_transit
1033,40,2,3,262,133,2025-04-08,completed
1034,3463,2,4,104,83,2024-05-11,completed
1035,2606,5,10,152,60,2024-10-23,completed
1036,4908,7,5,295,214,2026-03-31,completed
1037,242,3,2,247,279,2025-09-14,completed
1038,2333,3,10,44,254,2026-06-01,cancelled
1039,4313,10,8,79,101,2023-08-09,completed
1040,1965,1,3,14,33,2025-05-23,completed
1041,2008,10,5,12,10,2025-05-04,completed
1042,559,1,10,276,100,2024-05-19,completed
1043,1163,10,2,188,300,2023-12-31,cancelled
1044,3273,3,7,53,242,2024-10-22,in_transit
1045,2674,10,8,195,20,2024-06-09,completed
1046,1124,1,7,155,125,2026-01-03,completed
1047,1774,6,8,83,159,2024-02-13,completed
1048,3547,5,2,158,187,2023-05-05,completed
1049,2477,10,5,203,136,2024-05-23,completed
1050,2713,2,9,209,205,2025-08-24,completed
1051,3896,2,4,161,163,2023-09-24,in_transit
1052,552,3,9,111,135,2024-01-09,completed
1053,3823,8,2,21,229,2023-04-22,in_transit
1054,1274,8,1,87,238,2024-02-04,completed
1055,3625,8,5,141,23,2026-07-20,completed
1056,4356,9,2,258,283,2023-05-06,completed
1057,3355,10,5,50,258,2025-02-03,completed
1058,4137,9,7,11,164,2024-07-04,completed
1059,2386,5,6,19,294,2026-03-25,completed
1060,4862,6,8,251,204,2023-01-10,completed
1061,2200,4,6,33,78,2026-02-01,completed
1062,4005,4,9,244,12,2025-04-18,completed
1063,4657,7,10,89,281,2023-09-23,completed
1064,2620,4,9,245,115,2024-09-27,in_transit
1065,3568,5,8,76,141,2025-09-27,completed
1066,3573,4,7,153,58,2024-07-12,completed
1067,1893,8,9,193,123,2024-09-28,completed
1068,1461,9,10,6,63,2024-04-09,completed
1069,691,8,2,271,111,2026-04-24,completed
1070,1924,2,4,57,157,2024-06-28,completed
1071,747,10,3,26,153,2023-07-02,completed
1072,1586,7,4,201,121,2026-06-09,completed
1073,2553,5,1,41,118,2026-05-14,completed
1074,1658,3,4,189,295,2023-01-23,in_transit
1075,4602,5,3,177,222,2023-05-06,in_transit
1076,3098,6,4,230,127,2025-08-20,completed
1077,1385,1,8,206,69,2025-12-25,completed
1078,1981,3,6,188,257,2024-04-07,completed
1079,1204,6,1,247,42,2024-08-03,completed
1080,4062,3,7,48,26,2024-04-11,completed
1081,2714,5,10,236,134,2023-11-06,cancelled
1082,561,9,7,217,147,2024-06-15,completed
1083,3130,1,7,129,213,2024-05-01,cancelled
1084,48,8,10,64,94,2025-01-26,completed
1085,911,3,5,138,124,2025-06-19,completed
1086,3863,2,9,291,14,2026-07-16,completed
1087,1822,7,6,212,39,2024-10-22,in_transit
1088,4906,2,7,276,205,2024-12-05,completed
1089,2467,2,7,97,281,2025-02-28,completed
1090,1310,8,1,20,71,2026-06-22,completed
1091,1051,8,10,183,32,2024-10-10,completed
1092,883,5,4,39,25,2026-01-29,completed
1093,289,7,10,91,103,2023-06-16,cancelled
1094,914,10,7,215,131,2023-11-24,in_transit
1095,134,3,1,259,227,2023-06-22,completed
1096,1029,6,3,42,262,2024-06-02,in_transit
1097,4197,9,3,182,201,2024-12-20,completed
1098,1964,1,10,300,226,2025-02-12,completed
1099,4296,4,8,258,130,2025-06-11,completed
1100,512,6,4,260,22,2023-04-10,completed
1101,2889,1,10,162,271,2025-03-22,in_transit
1102,1248,9,1,260,108,2024-08-30,completed
1103,1725,10,6,23,178,2024-11-15,completed
1104,2895,3,8,106,242,2023-11-15,completed
1105,909,1,4,213,251,2026-07-09,completed
1106,58,5,9,284,300,2025-05-07,completed
1107,3545,8,4,193,272,2025-05-30,completed
1108,4632,9,10,170,112,2024-05-27,completed
1109,970,9,5,26,209,2024-05-06,completed
1110,879,7,2,279,298,2024-05-19,in_transit
1111,2942,10,5,73,162,2025-04-04,completed
1112,668,9,1,157,97,2026-07-01,in_transit
1113,1522,2,8,54,14,2024-08-12,in_transit
1114,423,8,9,144,282,2024-04-22,cancelled
1115,4879,2,8,257,168,2023-05-26,completed
1116,3472,6,3,12,274,2024-08-24,completed
1117,476,2,6,142,269,2023-02-13,completed
1118,4913,1,9,287,139,2024-06-16,completed
1119,3503,3,4,110,257,2024-02-15,completed
1120,3946,2,3,72,84,2025-12-10,completed
1121,3568,2,10,17,258,2024-02-16,completed
1122,2982,9,6,215,82,2025-01-05,completed
1123,4986,10,1,213,23,2025-05-14,completed
1124,2838,9,3,164,268,2024-01-26,completed
1125,4668,1,2,134,157,2024-12-04,completed
1126,4739,7,4,79,195,2024-05-16,completed
1127,2516,1,6,11,92,2023-08-23,completed
1128,4968,4,1,31,185,2024-10-05,cancelled
1129,194,2,9,162,256,2024-12-27,completed
1130,2039,5,1,74,227,2025-10-13,cancelled
1131,2422,3,1,166,50,2025-12-28,completed
1132,4409,10,6,206,19,2024-06-09,completed
1133,1914,4,6,177,22,2025-05-13,completed
1134,3438,7,3,38,84,2023-07-13,cancelled
1135,4238,8,3,127,236,2025-10-07,completed
1136,549,4,5,141,88,2024-08-27,completed
1137,4908,1,10,100,108,2024-03-27,completed
1138,2667,5,1,120,68,2023-06-01,completed
1139,1982,7,2,59,184,2025-02-01,completed
1140,265,8,7,180,114,2025-01-16,completed
1141,2440,3,2,202,153,2025-11-15,completed
1142,1418,2,9,287,248,2024-06-17,completed
1143,58,7,3,49,239,2024-02-25,completed
1144,734,6,10,62,10,2026-02-26,completed
1145,4035,7,9,277,35,2026-02-12,cancelled
1146,385,6,10,244,54,2025-01-28,completed
1147,20,2,9,240,204,2024-11-04,completed
1148,1774,10,6,107,159,2025-04-14,cancelled
1149,945,4,9,112,94,2026-05-12,completed
1150,4150,4,8,263,211,2025-04-23,completed
1151,659,7,5,77,241,2025-06-04,completed
1152,1897,7,6,75,238,2025-12-11,completed
1153,3642,5,4,236,219,2023-01-04,completed
1154,3808,5,9,55,96,2026-05-01,in_transit
1155,278,2,9,189,215,2025-03-08,in_transit
1156,1275,4,2,23,54,2023-08-08,completed
1157,1554,10,9,133,15,2023-05-12,completed
1158,64,3,1,4,69,2025-07-06,cancelled
1159,2037,8,7,36,208,2023-04-07,completed
1160,3681,9,8,71,42,2026-06-20,completed
1161,3098,5,4,73,106,2025-01-25,completed
1162,4367,2,7,208,53,2025-04-13,completed
1163,4610,10,5,51,12,2025-10-13,completed
1164,339,9,8,171,60,2025-05-11,completed
1165,3300,4,1,210,241,2024-09-30,completed
1166,1533,3,5,142,292,2023-03-12,completed
1167,2063,3,9,240,276,2023-03-23,completed
1168,4990,6,3,133,123,2024-08-16,completed
1169,3301,8,6,149,166,2024-10-12,completed
1170,717,2,7,110,291,2023-05-27,completed
1171,292,6,1,180,294,2024-03-16,completed
1172,314,8,6,239,196,2023-10-30,completed
1173,2640,5,10,15,208,2026-02-12,completed
1174,987,8,10,246,106,2023-04-08,cancelled
1175,1200,7,3,245,68,2026-05-20,completed
1176,2283,4,5,284,272,2023-08-07,completed
1177,4856,9,1,58,155,2024-11-12,completed
1178,3818,5,4,180,266,2023-09-30,completed
1179,3922,9,2,74,158,2024-07-12,completed
1180,4684,5,6,147,86,2026-01-31,completed
1181,623,4,6,55,20,2023-08-08,completed
1182,703,9,4,230,63,2026-06-04,in_transit
1183,2684,10,8,296,183,2025-08-13,completed
1184,4563,5,2,130,241,2024-05-04,in_transit
1185,1082,6,4,255,212,2025-04-16,completed
1186,737,5,10,110,210,2025-01-15,completed
1187,4514,2,3,199,94,2023-12-11,completed
1188,1823,2,4,149,151,2024-09-25,completed
1189,4489,8,7,7,76,2024-03-30,cancelled
1190,2778,10,6,240,68,2023-11-17,cancelled
1191,2781,1,2,127,244,2024-09-05,completed
1192,4766,9,10,147,126,2026-03-25,completed
1193,3651,8,10,126,255,2023-07-11,completed
1194,2121,10,2,108,237,2026-07-14,completed
1195,1658,10,2,110,181,2023-11-17,completed
1196,1332,6,4,148,111,2023-08-08,completed
1197,659,10,5,234,204,2023-04-01,cancelled
1198,2548,3,5,41,203,2023-02-08,completed
1199,1305,7,1,225,97,2023-01-19,completed
1200,4906,8,9,50,70,2024-01-13,completed
1201,2223,1,10,207,21,2024-11-24,completed
1202,4202,5,8,100,233,2025-10-04,completed
1203,222,8,4,188,182,2026-07-01,completed
1204,2445,5,1,124,212,2023-02-14,cancelled
1205,3209,4,6,281,243,2025-02-01,completed
1206,235,8,10,28,150,2025-05-22,completed
1207,2501,7,8,44,289,2024-06-15,completed
1208,2189,7,10,267,102,2025-01-04,completed
1209,4122,6,2,294,161,2023-02-11,completed
1210,2068,5,7,275,202,2023-04-15,completed
1211,3167,8,5,289,39,2026-06-17,completed
1212,2832,4,9,137,288,2025-06-12,completed
1213,296,6,5,48,101,2025-11-25,completed
1214,3512,10,8,75,193,2025-08-21,completed
1215,2986,9,8,284,239,2025-10-15,completed
1216,224,3,10,111,299,2026-06-06,completed
1217,2145,9,10,60,66,2023-11-27,completed
1218,2751,6,3,122,178,2025-01-12,completed
1219,2836,10,8,57,262,2023-05-27,completed
1220,542,9,1,227,136,2023-07-27,completed
1221,3969,4,7,258,228,2025-11-20,completed
1222,1907,3,9,232,15,2025-07-05,completed
1223,3924,10,8,190,141,2024-10-05,in_transit
1224,2819,3,9,294,120,2024-07-11,completed
1225,2927,6,9,144,231,2026-06-14,completed
1226,4995,2,4,259,213,2023-08-21,completed
1227,268,4,6,160,275,2023-11-13,completed
1228,4191,6,7,248,297,2024-08-01,in_transit
1229,3957,1,8,173,276,2024-09-10,completed
1230,3894,6,2,60,260,2023-08-25,completed
1231,4160,3,6,247,233,2023-11-20,cancelled
1232,4538,10,6,193,111,2023-04-14,completed
1233,1113,9,4,216,292,2026-03-14,completed
1234,2608,4,7,59,170,2026-03-28,completed
1235,1249,3,6,115,173,2024-09-08,completed
1236,720,3,5,15,104,2025-09-27,completed
1237,4808,8,3,285,180,2025-12-21,completed
1238,1956,1,8,274,86,2023-03-09,completed
1239,6,10,4,258,45,2025-12-04,completed
1240,4175,5,1,256,56,2026-02-26,completed
1241,1590,10,2,283,215,2025-12-28,completed
1242,1570,6,2,203,206,2024-01-14,completed
1243,502,10,1,7,56,2023-03-09,completed
1244,198,4,3,226,216,2023-10-13,completed
1245,4494,5,8,99,224,2024-04-04,completed
1246,726,4,3,95,37,2026-04-26,completed
1247,2165,2,4,283,296,2025-01-01,completed
1248,2609,8,7,223,21,2023-02-06,in_transit
1249,3315,4,10,101,80,2025-11-02,completed
1250,2121,10,5,205,276,2024-01-05,completed
1251,1257,3,2,166,168,2023-11-30,in_transit
1252,4938,9,8,53,103,2025-04-30,completed
1253,4300,10,2,243,157,2023-12-07,completed
1254,4233,2,9,108,117,2025-01-10,completed
1255,1403,10,2,256,69,2023-05-11,completed
1256,4517,3,2,116,253,2023-12-15,in_transit
1257,2151,1,4,203,167,2025-09-05,completed
1258,1436,6,3,107,178,2026-06-11,completed
1259,2062,8,7,232,259,2025-05-21,completed
1260,450,2,10,242,216,2023-01-08,completed
1261,4854,7,6,148,97,2025-11-17,completed
1262,2776,7,8,88,117,2023-11-26,completed
1263,2874,1,5,41,282,2026-03-25,cancelled
1264,1291,4,9,124,202,2026-07-04,completed
1265,2447,3,5,243,251,2024-01-24,completed
1266,4185,1,10,279,101,2025-07-20,in_transit
1267,2055,6,4,232,250,2024-09-11,completed
1268,1925,10,9,183,259,2025-01-09,completed
1269,1088,6,3,67,295,2023-08-07,completed
1270,2507,8,10,259,36,2025-06-21,completed
1271,4867,9,6,45,185,2023-11-05,completed
1272,4752,8,7,220,296,2023-10-18,completed
1273,2145,1,3,228,191,2025-09-27,completed
1274,44,9,3,85,269,2023-07-29,completed
1275,656,2,1,42,141,2023-10-23,in_transit
1276,1680,6,9,150,55,2024-02-10,completed
1277,4395,4,1,103,154,2024-03-12,completed
1278,4571,8,7,102,49,2026-03-19,completed
1279,535,1,8,148,64,2024-06-11,completed
1280,3302,4,8,156,25,2025-11-01,completed
1281,1972,3,5,204,136,2024-10-27,in_transit
1282,3146,7,8,150,221,2023-12-17,completed
1283,223,2,9,14,269,2025-04-17,completed
1284,3893,3,9,75,271,2023-04-18,in_transit
1285,3189,4,2,102,186,2026-03-24,cancelled
1286,1524,4,10,244,49,2025-05-31,completed
1287,917,9,1,195,31,2024-11-11,completed
1288,1799,6,2,115,41,2025-03-10,completed
1289,3276,1,3,3,124,2024-06-27,completed
1290,2231,2,10,252,278,2023-12-01,completed
1291,2593,7,6,239,266,2023-02-12,cancelled
1292,1167,10,9,201,27,2023-08-11,cancelled
1293,52,5,1,289,161,2025-10-18,completed
1294,2556,2,9,169,155,2023-08-19,in_transit
1295,1006,10,9,40,202,2024-12-15,completed
1296,4571,4,5,191,232,2024-01-04,completed
1297,3161,5,4,279,23,2024-11-13,completed
1298,2333,1,7,281,160,2023-05-02,completed
1299,2026,8,1,208,175,2023-10-24,completed
1300,4067,4,8,98,117,2025-07-29,completed
1301,856,10,2,276,11,2024-09-16,in_transit
1302,2306,3,9,104,107,2025-01-02,completed
1303,3367,6,5,160,65,2026-05-07,cancelled
1304,1366,1,4,110,270,2025-02-17,completed
1305,1487,5,3,35,258,2024-04-12,completed
1306,1988,9,3,55,193,2024-08-25,completed
1307,767,9,2,53,165,2023-07-14,completed
1308,4242,8,1,183,42,2023-03-04,completed
1309,1757,5,6,111,140,2025-11-08,completed
1310,265,7,9,120,132,2026-04-08,completed
1311,2354,3,1,113,26,2024-06-05,completed
1312,3967,3,5,17,32,2025-02-16,completed
1313,2559,7,6,281,141,2023-10-07,completed
1314,3897,4,8,210,212,2026-01-25,in_transit
1315,2368,7,2,271,228,2023-09-28,completed
1316,2462,10,2,181,182,2023-11-25,completed
1317,3250,8,10,293,155,2023-03-16,completed
1318,2962,3,1,298,39,2026-03-20,completed
1319,1931,7,1,152,253,2024-07-19,cancelled
1320,4562,6,1,261,219,2025-06-10,completed
1321,1316,2,6,67,57,2025-06-01,completed
1322,4425,10,9,165,119,2023-03-23,cancelled
1323,1518,9,4,192,179,2025-03-04,completed
1324,3938,4,1,285,287,2024-04-12,completed
1325,1970,3,8,90,22,2026-07-09,completed
1326,3814,7,8,63,47,2024-07-11,cancelled
1327,240,7,1,2,94,2023-02-13,completed
1328,3428,5,1,7,40,2025-12-25,completed
1329,1010,10,2,141,143,2024-11-13,completed
1330,1276,7,9,27,170,2025-01-22,completed
1331,4343,1,10,7,236,2023-02-26,completed
1332,160,8,9,27,246,2026-07-12,completed
1333,4597,8,9,196,87,2023-07-28,cancelled
1334,327,8,6,214,90,2024-10-12,completed
1335,4796,7,8,181,173,2026-02-04,completed
1336,4520,8,3,266,288,2024-09-20,cancelled
1337,1014,3,8,227,33,2025-03-21,completed
1338,4053,2,3,227,289,2023-01-28,completed
1339,3001,5,10,57,34,2024-07-02,in_transit
1340,3017,9,1,285,135,2025-12-11,completed
1341,381,9,10,300,237,2023-01-11,cancelled
1342,3053,7,10,56,253,2024-10-11,completed
1343,4450,6,5,139,213,2024-09-25,completed
1344,4139,7,5,178,179,2023-12-30,completed
1345,4085,8,9,178,250,2026-06-25,completed
1346,1313,10,6,44,269,2026-03-05,in_transit
1347,4957,1,4,11,188,2025-09-27,completed
1348,2343,6,4,123,107,2023-01-24,in_transit
1349,4755,2,4,130,10,2024-02-01,cancelled
1350,2579,1,9,49,115,2024-04-08,completed
1351,782,9,3,132,139,2024-07-25,completed
1352,1521,6,1,181,248,2023-04-17,completed
1353,1003,3,1,236,283,2024-06-29,completed
1354,2746,9,8,105,243,2025-10-13,completed
1355,1156,1,4,197,295,2024-06-20,completed
1356,799,7,3,86,64,2023-07-23,completed
1357,249,7,4,34,280,2025-05-18,completed
1358,373,1,9,228,47,2025-10-31,completed
1359,4055,7,1,243,234,2025-12-18,completed
1360,4224,9,6,61,275,2023-03-30,completed
1361,1668,7,3,179,210,2024-05-11,completed
1362,3759,4,2,54,233,2024-06-15,in_transit
1363,2992,9,7,164,253,2025-07-31,completed
1364,589,5,10,161,169,2023-02-26,cancelled
1365,3151,3,10,13,15,2023-07-24,completed
1366,3605,4,8,42,106,2024-02-20,in_transit
1367,293,4,5,99,188,2023-01-27,completed
1368,88,8,2,282,103,2023-03-10,completed
1369,4124,8,2,232,81,2023-10-20,cancelled
1370,3898,10,8,218,102,2024-05-26,completed
1371,2919,4,6,291,167,2024-04-02,cancelled
1372,4584,6,7,263,119,2024-04-16,completed
1373,887,5,7,235,29,2025-05-19,completed
1374,4508,1,7,239,154,2024-05-24,completed
1375,1712,8,3,139,167,2025-05-09,completed
1376,1355,3,2,255,34,2026-05-19,completed
1377,4834,6,2,26,86,2026-02-11,completed
1378,2123,1,10,241,286,2025-12-01,in_transit
1379,1308,6,8,46,71,2024-07-27,cancelled
1380,514,9,6,40,23,2023-05-05,completed
1381,2443,3,8,16,209,2024-05-07,in_transit
1382,460,5,6,67,64,2023-03-23,in_transit
1383,992,1,8,47,87,2025-08-11,completed
1384,2491,3,9,10,141,2026-01-23,completed
1385,2631,10,2,106,97,2026-06-04,completed
1386,1925,6,8,214,19,2025-12-28,completed
1387,1204,2,9,293,15,2026-01-30,completed
1388,468,8,5,12,29,2024-10-04,completed
1389,4929,2,6,244,71,2023-11-12,completed
1390,3503,7,6,156,112,2024-09-09,completed
1391,1910,8,5,25,240,2026-03-19,in_transit
1392,839,1,2,125,257,2025-01-16,cancelled
1393,4936,6,8,184,178,2025-05-08,completed
1394,3804,2,1,275,99,2026-07-14,completed
1395,1871,4,1,64,255,2024-05-07,completed
1396,492,7,5,86,88,2023-05-03,completed
1397,2318,4,10,170,201,2023-11-21,completed
1398,1303,8,10,104,221,2025-06-23,completed
1399,4210,4,7,26,270,2023-12-07,completed
1400,4711,10,2,78,167,2023-11-02,completed
1401,1923,1,8,153,30,2023-07-13,completed
1402,888,10,9,232,281,2024-09-01,completed
1403,2065,5,3,173,47,2025-09-02,cancelled
1404,2044,3,6,55,56,2024-07-26,completed
1405,2117,1,8,17,208,2023-04-29,completed
1406,2366,4,8,111,70,2026-03-12,completed
1407,4186,8,10,178,94,2024-11-02,completed
1408,978,4,9,71,190,2024-09-19,completed
1409,1077,3,4,198,21,2023-07-09,completed
1410,1406,3,6,17,95,2024-03-19,completed
1411,169,9,8,270,66,2023-10-03,completed
1412,3339,8,1,81,264,2023-06-26,completed
1413,4387,8,4,227,119,2026-03-15,completed
1414,610,10,8,244,50,2025-12-30,completed
1415,2023,3,6,155,191,2025-01-06,completed
1416,3697,4,10,195,97,2025-06-03,completed
1417,4976,1,2,205,88,2025-09-07,in_transit
1418,267,9,10,84,16,2023-08-18,completed
1419,2968,6,5,7,59,2025-08-22,completed
1420,2227,6,5,257,266,2025-04-17,completed
1421,7,4,2,149,123,2023-06-18,completed
1422,92,4,6,184,195,2023-02-03,completed
1423,2963,9,1,11,75,2025-09-25,completed
1424,782,10,4,199,258,2024-06-11,completed
1425,3066,3,6,127,106,2023-02-07,completed
1426,2654,6,5,50,114,2024-01-15,completed
1427,848,4,1,292,240,2024-04-30,in_transit
1428,131,3,7,148,263,2024-11-18,completed
1429,2355,3,4,243,288,2023-01-02,completed
1430,85,6,8,32,260,2026-02-11,completed
1431,4698,3,10,118,231,2026-01-15,completed
1432,2502,4,8,242,57,2026-04-02,completed
1433,1660,5,10,21,158,2025-03-23,completed
1434,4021,9,4,291,38,2023-07-27,completed
1435,2442,3,10,292,109,2024-04-01,completed
1436,2568,8,4,68,54,2026-01-14,completed
1437,2738,2,8,17,41,2026-05-05,completed
1438,704,3,5,135,40,2024-11-19,completed
1439,323,6,5,173,101,2025-02-10,completed
1440,428,7,6,276,85,2024-10-17,completed
1441,4544,8,6,184,45,2023-07-16,in_transit
1442,547,9,1,229,84,2026-01-01,in_transit
1443,1724,3,9,76,213,2026-03-11,completed
1444,4963,2,5,105,181,2025-11-07,completed
1445,2066,6,9,68,130,2023-03-03,completed
1446,1262,5,3,4,156,2023-04-29,completed
1447,941,6,1,157,44,2023-07-06,completed
1448,1152,4,3,53,68,2024-03-06,completed
1449,1357,4,7,248,67,2024-12-15,completed
1450,4522,8,9,99,36,2025-03-19,in_transit
1451,3258,9,1,1,272,2023-02-20,completed
1452,1340,3,7,45,228,2023-11-26,in_transit
1453,4687,8,9,228,181,2024-11-13,completed
1454,2368,7,10,270,42,2024-04-25,completed
1455,1463,1,10,159,127,2023-01-15,completed
1456,2909,1,10,181,129,2024-01-08,completed
1457,1213,10,7,27,297,2025-05-24,completed
1458,4496,3,1,2,211,2025-03-26,completed
1459,697,9,5,15,87,2026-02-02,completed
1460,337,2,9,50,161,2026-01-05,completed
1461,2758,1,3,122,88,2023-07-24,in_transit
1462,2885,9,10,60,236,2026-07-18,in_transit
1463,4819,1,8,180,123,2023-03-28,completed
1464,3469,10,1,104,215,2024-01-17,completed
1465,1981,4,1,129,159,2025-02-04,in_transit
1466,3141,9,3,45,95,2025-07-02,completed
1467,1122,1,3,215,253,2024-12-04,completed
1468,550,10,4,114,268,2025-12-12,completed
1469,1986,1,3,129,100,2024-02-20,completed
1470,2884,8,3,80,123,2025-07-24,cancelled
1471,2225,8,10,26,112,2026-06-26,completed
1472,4629,5,8,118,249,2026-03-06,completed
1473,4896,4,2,11,111,2024-04-30,completed
1474,1168,8,4,126,292,2023-12-13,completed
1475,1364,10,6,198,169,2024-06-08,completed
1476,2537,3,1,39,187,2023-10-21,completed
1477,3323,5,3,93,38,2024-09-02,completed
1478,4260,7,1,42,113,2025-06-25,completed
1479,4102,9,1,245,160,2024-08-04,completed
1480,2917,5,1,194,284,2025-03-29,completed
1481,1625,6,3,154,41,2025-08-05,completed
1482,1391,2,8,211,49,2024-07-31,completed
1483,3199,6,9,218,45,2023-05-28,in_transit
1484,172,10,4,269,252,2024-05-09,in_transit
1485,760,1,7,172,122,2024-05-21,completed
1486,1642,6,10,251,86,2024-06-02,completed
1487,3614,8,4,30,236,2024-01-08,completed
1488,4894,3,2,31,183,2023-06-15,completed
1489,3265,6,4,47,122,2024-06-07,completed
1490,3010,3,1,84,131,2023-07-21,completed
1491,1480,2,7,138,218,2026-01-20,completed
1492,1037,7,10,38,81,2025-07-25,completed
1493,2097,5,8,50,287,2023-01-20,completed
1494,3201,2,1,173,72,2024-04-22,completed
1495,1422,3,4,270,20,2024-05-29,completed
1496,3945,8,1,101,200,2024-09-18,completed
1497,1150,8,6,38,115,2025-08-06,completed
1498,4238,5,3,162,282,2026-04-11,completed
1499,2151,7,2,169,238,2026-03-09,completed
1500,589,8,2,192,222,2025-10-11,completed
1501,4875,3,10,201,54,2024-05-15,completed
1502,1844,4,3,98,174,2026-05-14,completed
1503,4833,6,1,231,290,2024-06-11,completed
1504,3206,2,1,104,287,2024-07-26,completed
1505,3447,10,5,110,234,2025-04-01,cancelled
1506,577,2,1,37,76,2024-05-20,completed
1507,4391,7,10,280,142,2024-01-15,completed
1508,1073,5,1,81,236,2024-06-22,completed
1509,4085,6,1,131,167,2023-05-05,cancelled
1510,4506,10,1,212,201,2026-04-15,cancelled
1511,3207,6,9,46,43,2023-10-21,completed
1512,1195,1,10,98,187,2024-09-12,completed
1513,286,7,9,177,176,2024-10-25,completed
1514,2234,5,4,246,257,2023-03-15,completed
1515,2566,10,3,271,44,2023-04-28,completed
1516,3204,7,5,146,41,2026-01-21,completed
1517,762,9,10,276,18,2025-08-23,completed
1518,2086,2,4,76,104,2023-04-07,in_transit
1519,1282,4,10,1,129,2024-09-14,completed
1520,1206,8,4,143,221,2025-12-07,completed
1521,671,6,8,105,157,2024-11-29,cancelled
1522,375,6,10,296,162,2024-10-17,completed
1523,3276,5,9,120,185,2026-06-13,completed
1524,2670,10,3,113,52,2026-01-05,completed
1525,2445,1,4,257,100,2023-03-16,completed
1526,4414,2,9,41,65,2024-05-05,completed
1527,2551,8,9,109,176,2024-12-29,completed
1528,514,6,8,279,216,2023-01-15,completed
1529,2482,5,7,241,185,2023-02-13,completed
1530,4560,6,8,78,147,2023-07-18,completed
1531,3613,2,9,30,140,2023-04-07,completed
1532,1795,4,2,80,257,2024-01-23,completed
1533,4750,8,7,231,231,2026-05-27,completed
1534,4888,3,10,183,91,2023-10-26,completed
1535,2335,9,3,101,209,2025-03-30,completed
1536,2003,10,9,221,236,2024-01-16,completed
1537,1946,5,9,231,277,2024-10-18,completed
1538,2990,6,5,231,156,2023-10-10,completed
1539,4073,1,6,225,29,2023-05-31,completed
1540,4901,2,3,285,138,2025-05-08,completed
1541,4508,8,1,41,63,2025-05-04,completed
1542,824,3,5,107,64,2023-11-01,completed
1543,3316,1,9,101,116,2026-06-19,completed
1544,4179,3,8,8,126,2024-01-04,completed
1545,2645,8,6,297,268,2026-02-27,in_transit
1546,1835,5,10,240,21,2026-05-20,in_transit
1547,2218,4,10,82,131,2025-04-08,in_transit
1548,3716,8,6,268,150,2024-12-27,completed
1549,528,5,10,172,31,2025-04-09,cancelled
1550,1786,6,5,257,27,2023-04-24,completed
1551,1547,10,7,143,173,2025-10-01,completed
1552,1733,1,9,29,163,2023-06-09,completed
1553,911,1,4,287,76,2024-07-16,completed
1554,3565,8,3,195,110,2025-08-06,completed
1555,2903,2,10,237,30,2024-01-20,completed
1556,670,2,4,84,300,2023-03-15,completed
1557,2821,4,6,255,46,2025-01-25,completed
1558,3452,9,2,146,155,2025-06-03,completed
1559,2312,2,8,268,167,2024-10-01,cancelled
1560,4651,2,9,59,23,2026-03-14,completed
1561,1877,2,4,283,121,2023-11-24,completed
1562,4855,5,10,154,162,2026-04-21,cancelled
1563,2014,7,9,57,79,2025-09-06,cancelled
1564,1204,1,2,276,235,2025-07-15,completed
1565,455,5,6,34,135,2023-06-06,completed
1566,847,5,7,67,118,2023-08-02,completed
1567,858,5,9,233,109,2024-02-29,completed
1568,2824,5,3,224,201,2023-02-14,completed
1569,4248,4,6,217,249,2024-03-04,completed
1570,679,1,10,20,252,2023-08-16,completed
1571,2655,10,9,161,297,2023-02-18,completed
1572,2036,3,1,30,258,2023-07-07,completed
1573,1698,8,2,39,289,2025-01-25,in_transit
1574,1389,8,3,288,96,2026-07-27,completed
1575,2144,5,1,262,231,2024-01-04,in_transit
1576,2895,10,6,241,53,2023-12-28,completed
1577,1418,9,5,89,95,2024-02-29,completed
1578,3336,5,7,38,101,2023-07-29,in_transit
1579,2719,6,5,149,250,2024-07-27,completed
1580,4901,1,2,295,228,2025-04-01,cancelled
1581,780,3,6,203,111,2025-12-18,in_transit
1582,1364,3,6,255,17,2025-12-16,in_transit
1583,4860,7,6,131,140,2024-08-21,completed
1584,3767,2,3,260,233,2025-07-02,completed
1585,1340,10,4,52,135,2026-01-04,in_transit
1586,148,10,9,128,208,2023-08-09,completed
1587,534,10,2,157,167,2024-08-03,completed
1588,1156,7,8,218,100,2025-02-07,cancelled
1589,4346,6,7,70,157,2024-04-24,completed
1590,746,2,1,253,184,2024-06-17,cancelled
1591,2658,8,6,186,259,2024-02-21,completed
1592,2443,7,3,55,84,2023-10-31,cancelled
1593,3372,4,5,47,103,2025-04-08,in_transit
1594,1845,3,5,263,138,2023-12-12,completed
1595,3711,6,2,195,259,2025-01-07,completed
1596,3830,4,1,295,286,2024-12-20,completed
1597,1459,7,10,284,10,2024-06-18,completed
1598,1586,1,2,276,138,2023-06-16,in_transit
1599,1554,3,4,140,189,2024-07-21,completed
1600,1308,5,1,56,111,2024-07-12,completed
1601,617,9,6,292,187,2026-06-23,completed
1602,1561,4,2,93,275,2024-09-08,cancelled
1603,1072,5,4,166,140,2026-06-24,in_transit
1604,3089,4,2,75,22,2025-02-18,completed
1605,3131,5,7,250,41,2023-09-14,completed
1606,3705,3,4,235,156,2024-10-17,completed
1607,4459,2,3,32,14,2023-06-11,completed
1608,1215,8,4,49,157,2024-12-14,completed
1609,1727,4,5,89,32,2026-03-21,completed
1610,3589,7,5,256,94,2023-02-27,completed
1611,461,9,6,197,199,2025-11-22,completed
1612,4752,6,8,291,76,2025-05-16,completed
1613,1792,10,1,125,245,2025-07-01,in_transit
1614,1954,4,6,296,135,2024-08-03,completed
1615,4284,4,10,39,223,2024-04-10,in_transit
1616,3655,6,9,81,199,2024-09-19,completed
1617,2089,4,1,206,22,2023-04-08,completed
1618,4237,6,4,2,295,2025-07-26,completed
1619,236,2,9,29,57,2023-01-03,completed
1620,729,3,10,181,145,2025-06-20,completed
1621,4281,6,2,200,118,2026-01-19,completed
1622,4632,10,6,12,184,2025-06-07,completed
1623,985,8,6,57,45,2023-09-22,cancelled
1624,3791,2,3,277,297,2024-07-03,completed
1625,897,8,10,36,283,2023-05-21,completed
1626,1191,8,5,284,61,2025-04-28,completed
1627,594,10,9,29,163,2024-09-15,completed
1628,369,5,6,175,57,2024-08-04,completed
1629,67,6,3,59,57,2024-10-06,in_transit
1630,1460,8,7,24,98,2025-11-05,in_transit
1631,2352,7,9,14,49,2024-05-11,completed
1632,3796,5,6,100,214,2026-03-12,completed
1633,3803,3,6,100,163,2023-06-08,completed
1634,2285,6,9,177,116,2025-09-05,completed
1635,231,4,7,134,225,2025-01-26,completed
1636,3720,7,5,9,116,2024-04-28,completed
1637,1917,6,4,9,265,2026-06-25,completed
1638,959,2,1,227,263,2023-03-23,cancelled
1639,2723,10,2,68,287,2024-07-24,completed
1640,796,5,1,10,272,2024-11-01,completed
1641,4068,9,5,64,144,2025-05-12,completed
1642,576,3,7,91,50,2025-09-03,completed
1643,4464,7,10,264,266,2025-06-29,completed
1644,3371,2,8,169,70,2023-07-12,cancelled
1645,4592,6,1,78,151,2025-01-02,completed
1646,286,9,5,79,210,2025-07-31,completed
1647,1033,9,6,21,260,2025-10-24,cancelled
1648,4515,3,9,258,49,2023-06-07,completed
1649,1088,4,3,289,289,2025-08-25,completed
1650,1924,10,4,67,82,2024-11-27,completed
1651,614,6,7,6,268,2023-03-23,cancelled
1652,1700,10,3,135,189,2025-07-14,cancelled
1653,4319,10,2,226,276,2023-04-09,in_transit
1654,4407,1,7,144,111,2026-06-24,completed
1655,3046,1,10,275,228,2026-01-19,completed
1656,1108,8,2,84,38,2024-04-10,completed
1657,729,7,3,158,154,2023-05-01,completed
1658,2379,9,6,122,78,2026-01-29,completed
1659,576,7,3,260,227,2024-12-25,completed
1660,2953,2,4,77,202,2023-01-20,completed
1661,2059,7,10,146,222,2026-03-15,completed
1662,3380,1,8,86,205,2023-12-04,completed
1663,2336,3,9,63,37,2025-04-12,in_transit
1664,4527,1,7,202,209,2023-08-30,completed
1665,2208,7,4,191,195,2025-10-21,completed
1666,2428,10,5,249,33,2023-11-29,in_transit
1667,4266,2,6,7,95,2025-04-29,completed
1668,4864,5,2,190,36,2024-03-08,in_transit
1669,943,5,8,8,159,2025-08-05,cancelled
1670,2743,7,6,230,260,2023-03-09,completed
1671,2938,8,9,93,253,2023-10-22,cancelled
1672,2588,9,6,173,233,2025-08-07,completed
1673,3051,7,8,214,14,2024-10-21,completed
1674,4556,1,9,107,154,2024-04-07,in_transit
1675,3089,3,6,219,251,2025-06-03,completed
1676,2053,6,1,273,267,2023-02-04,completed
1677,1246,8,7,201,278,2025-10-25,completed
1678,2,3,6,1,283,2025-05-12,completed
1679,2403,10,4,122,236,2024-09-14,completed
1680,2872,10,2,64,265,2023-12-06,completed
1681,1193,4,6,285,110,2025-01-21,completed
1682,4317,10,1,248,44,2025-02-28,completed
1683,2102,5,1,270,194,2026-06-09,completed
1684,643,2,9,224,240,2025-08-25,completed
1685,4867,1,4,204,111,2026-03-26,completed
1686,1963,5,10,249,168,2023-06-10,cancelled
1687,520,3,8,175,264,2024-11-13,completed
1688,2892,4,2,170,107,2026-06-14,completed
1689,282,10,2,48,132,2026-03-26,cancelled
1690,4525,8,9,234,231,2023-05-08,completed
1691,3006,1,9,285,146,2026-03-12,completed
1692,1952,2,6,289,113,2025-03-18,completed
1693,3721,6,3,178,36,2024-07-22,completed
1694,1625,6,2,18,247,2023-11-22,cancelled
1695,744,5,1,66,161,2024-07-16,completed
1696,1953,5,9,134,294,2024-08-08,completed
1697,2475,2,7,261,276,2023-04-05,completed
1698,3340,8,9,247,54,2026-05-19,in_transit
1699,3655,5,8,157,20,2025-04-02,completed
1700,2863,6,9,76,74,2023-04-13,completed
1701,3663,3,10,22,108,2025-07-23,completed
1702,2702,8,10,20,191,2026-02-28,in_transit
1703,2545,3,4,77,289,2024-10-30,cancelled
1704,4300,7,1,264,247,2025-08-25,completed
1705,131,2,1,248,181,2025-02-15,completed
1706,736,6,4,240,242,2025-11-08,in_transit
1707,1779,6,1,280,259,2024-09-23,completed
1708,1194,10,1,106,296,2024-02-08,completed
1709,1404,4,8,285,291,2024-08-08,completed
1710,1728,8,9,116,163,2024-04-15,completed
1711,519,8,10,30,170,2024-01-04,completed
1712,560,5,8,281,119,2023-04-11,completed
1713,1921,7,4,96,258,2024-02-14,completed
1714,772,7,1,110,108,2023-01-11,completed
1715,1969,1,2,77,57,2024-01-24,completed
1716,2964,1,4,162,39,2023-11-25,completed
1717,2879,1,10,266,263,2024-12-19,completed
1718,3429,3,8,59,104,2026-03-05,completed
1719,3081,3,4,126,101,2025-04-07,completed
1720,2287,1,2,170,224,2024-04-09,completed
1721,987,3,5,161,138,2026-03-12,completed
1722,2793,7,4,168,272,2024-07-12,completed
1723,972,2,7,168,287,2024-06-12,completed
1724,4608,5,9,229,292,2026-02-18,completed
1725,2194,9,2,216,124,2025-02-01,completed
1726,4539,9,4,37,22,2023-09-07,cancelled
1727,4524,7,2,114,30,2026-05-04,completed
1728,3556,9,3,16,272,2024-12-04,completed
1729,1046,4,1,269,134,2024-01-04,completed
1730,2346,7,2,132,39,2025-05-07,completed
1731,1545,10,3,91,72,2024-05-13,completed
1732,2785,7,10,134,276,2025-07-21,completed
1733,4637,10,8,142,233,2025-05-07,completed
1734,3154,10,9,178,156,2024-06-20,completed
1735,1063,10,7,81,165,2023-08-21,completed
1736,3841,4,1,292,232,2023-09-25,completed
1737,1580,5,10,274,135,2023-08-26,completed
1738,2105,4,6,214,276,2025-11-20,completed
1739,2588,4,8,158,291,2025-01-04,completed
1740,3655,6,2,107,170,2025-12-04,completed
1741,854,8,3,59,258,2024-02-17,completed
1742,1231,9,6,102,209,2023-02-02,completed
1743,2653,7,8,88,167,2026-07-23,completed
1744,524,6,2,214,94,2026-02-15,completed
1745,1543,2,10,183,168,2024-08-23,completed
1746,1792,10,9,252,164,2025-07-04,completed
1747,1367,2,10,288,11,2025-01-14,in_transit
1748,3242,5,6,171,190,2023-06-20,completed
1749,376,6,8,15,120,2023-09-28,cancelled
1750,4464,8,6,102,218,2025-06-26,completed
1751,1967,1,4,65,289,2025-12-15,completed
1752,1747,4,3,10,212,2025-09-10,completed
1753,4498,2,7,13,217,2025-07-11,in_transit
1754,1688,4,8,206,27,2025-12-17,completed
1755,4676,4,8,293,179,2024-09-18,in_transit
1756,2637,2,5,172,189,2025-10-31,completed
1757,1013,9,3,82,33,2024-10-21,completed
1758,2345,2,9,175,189,2024-12-25,completed
1759,4495,6,8,53,287,2026-02-15,cancelled
1760,4002,9,6,279,187,2023-04-16,in_transit
1761,3658,1,6,37,294,2026-04-04,completed
1762,1443,9,5,224,286,2024-10-06,completed
1763,468,3,1,20,178,2023-08-02,completed
1764,3996,10,4,123,59,2026-06-01,completed
1765,1161,3,10,270,105,2024-05-19,completed
1766,2571,7,2,221,35,2024-10-04,completed
1767,2987,7,4,11,283,2025-05-23,in_transit
1768,768,6,10,271,159,2026-05-25,completed
1769,980,7,10,138,20,2024-11-08,completed
1770,2455,10,9,129,203,2025-07-02,completed
1771,54,4,1,98,143,2025-09-02,completed
1772,66,10,6,291,241,2023-02-23,completed
1773,2000,4,8,245,213,2023-02-08,cancelled
1774,3910,7,9,90,214,2025-09-15,completed
1775,2511,8,5,116,67,2024-12-02,completed
1776,1755,4,3,60,250,2024-08-13,completed
1777,2352,1,5,63,272,2023-10-03,in_transit
1778,1958,7,6,237,156,2024-07-19,completed
1779,1879,10,2,27,268,2023-02-21,completed
1780,4487,9,8,54,121,2025-01-17,completed
1781,3820,4,2,299,23,2024-10-13,completed
1782,745,8,4,112,251,2025-04-12,completed
1783,4282,7,10,145,174,2025-08-23,completed
1784,3441,6,1,280,81,2026-07-06,in_transit
1785,4502,8,10,135,111,2025-04-20,completed
1786,1838,5,1,102,232,2023-10-01,completed
1787,3814,3,4,194,235,2024-08-07,completed
1788,2073,9,7,97,23,2024-05-13,completed
1789,4621,2,4,206,175,2025-09-06,completed
1790,2152,6,9,232,164,2024-07-26,in_transit
1791,4639,4,7,33,99,2025-02-14,completed
1792,2408,2,6,250,42,2025-05-01,completed
1793,1196,8,6,8,50,2024-03-16,completed
1794,5,6,1,89,202,2025-11-22,in_transit
1795,1269,1,5,286,112,2026-05-13,completed
1796,2883,8,4,80,88,2025-08-13,in_transit
1797,1088,7,1,9,201,2023-09-05,completed
1798,1847,6,2,113,258,2024-08-19,cancelled
1799,2696,9,6,48,178,2023-08-09,completed
1800,2215,7,8,183,170,2025-09-15,completed
1801,1370,2,3,192,117,2025-06-18,cancelled
1802,277,7,9,183,62,2023-06-29,completed
1803,3856,2,4,76,141,2024-02-24,completed
1804,1813,3,8,64,119,2023-11-23,cancelled
1805,2326,2,9,28,255,2025-09-02,completed
1806,2111,2,1,87,45,2024-07-14,completed
1807,4778,4,1,199,90,2025-12-21,completed
1808,3475,4,2,268,45,2024-04-18,completed
1809,2438,3,8,209,225,2023-01-26,completed
1810,3321,3,9,199,206,2026-05-12,completed
1811,4750,3,7,227,105,2023-09-02,completed
1812,3291,5,1,103,161,2026-07-13,completed
1813,1253,3,6,277,153,2023-11-19,in_transit
1814,519,4,9,43,256,2026-01-13,completed
1815,4430,7,6,49,65,2025-11-04,completed
1816,3970,4,1,200,294,2023-11-23,completed
1817,3377,9,1,299,99,2023-01-26,completed
1818,1471,7,8,21,52,2025-07-01,completed
1819,1675,8,9,295,43,2023-04-07,completed
1820,2163,5,8,72,67,2025-07-25,completed
1821,2137,7,5,39,51,2024-04-08,completed
1822,3155,7,1,1,150,2026-06-29,completed
1823,4304,10,6,235,27,2025-11-17,completed
1824,2790,9,7,282,287,2025-05-15,completed
1825,1226,10,8,47,98,2023-08-17,completed
1826,2146,9,1,247,155,2025-10-29,cancelled
1827,3533,6,1,102,95,2023-06-11,cancelled
1828,815,4,10,186,227,2023-07-15,in_transit
1829,2735,9,2,129,237,2024-11-29,in_transit
1830,1660,10,5,297,250,2025-11-23,completed
1831,2868,9,1,280,91,2025-03-10,in_transit
1832,2034,2,4,138,189,2024-02-05,completed
1833,228,2,8,165,194,2023-01-05,completed
1834,1889,1,10,36,295,2023-08-06,completed
1835,4231,5,9,40,247,2023-07-08,completed
1836,4378,10,8,189,181,2024-01-02,cancelled
1837,1115,5,3,237,194,2023-03-23,completed
1838,233,8,5,46,173,2024-09-16,completed
1839,3749,6,2,68,71,2025-01-01,in_transit
1840,4496,10,6,36,180,2026-02-15,completed
1841,4893,4,8,292,93,2024-09-29,completed
1842,652,5,10,74,73,2023-10-11,completed
1843,2878,1,6,191,274,2025-11-03,in_transit
1844,4867,10,7,214,190,2023-01-05,completed
1845,1586,8,1,58,225,2025-12-23,completed
1846,178,7,5,231,157,2025-08-26,in_transit
1847,4030,5,10,15,171,2024-04-13,completed
1848,29,8,1,209,231,2025-06-29,completed
1849,4471,9,2,15,270,2026-01-14,completed
1850,3350,9,1,22,80,2024-08-17,completed
1851,4382,4,10,5,192,2024-12-09,completed
1852,103,3,6,116,262,2025-11-17,completed
1853,79,4,10,32,148,2024-11-09,completed
1854,3888,8,1,25,208,2024-05-14,completed
1855,4843,1,5,62,170,2025-09-08,completed
1856,4286,1,6,237,14,2025-09-07,cancelled
1857,2697,7,8,290,251,2024-11-08,completed
1858,2037,4,1,255,282,2026-04-29,completed
1859,3203,5,8,260,298,2023-04-27,completed
1860,1186,9,4,31,68,2025-12-17,in_transit
1861,1112,10,7,203,65,2026-02-21,completed
1862,3428,4,6,292,29,2024-04-09,completed
1863,5,1,2,289,17,2023-07-22,cancelled
1864,2968,9,3,158,50,2024-12-08,completed
1865,3843,1,5,60,12,2024-01-09,in_transit
1866,1955,10,5,85,41,2023-03-03,completed
1867,4580,3,6,254,127,2025-09-15,completed
1868,4825,2,8,28,160,2024-11-28,completed
1869,2425,2,6,294,12,2023-04-21,completed
1870,301,2,8,57,160,2025-04-30,in_transit
1871,262,1,4,218,103,2023-07-08,completed
1872,4481,9,8,263,259,2026-05-24,completed
1873,1897,1,6,62,32,2023-09-18,completed
1874,4178,7,10,280,32,2025-10-29,completed
1875,4282,8,5,201,208,2023-01-22,completed
1876,406,4,2,169,288,2025-04-10,completed
1877,4945,4,10,192,122,2023-10-12,completed
1878,784,8,7,289,249,2024-01-10,completed
1879,4618,9,10,264,69,2023-07-31,completed
1880,2715,9,6,50,89,2023-01-14,completed
1881,4469,9,8,296,84,2024-01-13,completed
1882,989,1,9,108,251,2025-11-13,completed
1883,1305,9,8,121,51,2023-07-12,completed
1884,4650,2,3,105,274,2024-12-21,cancelled
1885,3793,4,6,298,240,2025-10-31,completed
1886,4157,8,2,195,300,2026-04-28,completed
1887,523,7,3,37,54,2023-04-20,completed
1888,3515,6,7,144,150,2025-05-05,completed
1889,3125,10,3,192,248,2025-07-20,completed
1890,1106,10,3,64,256,2025-02-25,completed
1891,442,7,4,174,173,2023-10-05,in_transit
1892,3385,5,4,22,59,2023-11-23,completed
1893,4641,7,9,17,21,2025-05-13,completed
1894,190,5,6,161,284,2024-02-11,completed
1895,2225,6,9,227,273,2023-02-21,completed
1896,52,5,8,83,77,2026-03-25,cancelled
1897,3793,8,3,60,188,2024-12-01,completed
1898,37,2,3,281,176,2024-03-24,completed
1899,2988,3,6,12,158,2025-08-17,completed
1900,1440,9,5,287,252,2025-07-27,completed
1901,1533,9,7,184,146,2023-07-10,in_transit
1902,3442,9,10,167,54,2023-12-26,completed
1903,1114,7,3,240,146,2025-10-02,completed
1904,1946,6,5,218,251,2025-03-15,completed
1905,4019,9,4,194,118,2026-01-01,completed
1906,587,2,8,109,42,2023-08-05,completed
1907,3962,4,9,243,244,2025-09-05,completed
1908,851,1,8,97,264,2023-11-23,completed
1909,672,2,7,291,192,2025-09-08,completed
1910,928,4,7,234,117,2023-07-02,completed
1911,810,6,5,155,95,2024-01-02,completed
1912,4622,10,8,199,170,2023-06-25,completed
1913,3867,2,10,15,21,2024-03-21,completed
1914,626,10,1,76,126,2025-05-27,completed
1915,749,7,1,206,75,2023-08-19,cancelled
1916,4864,9,6,215,132,2024-04-15,completed
1917,2194,5,1,105,34,2023-10-09,completed
1918,582,5,2,132,23,2023-12-22,completed
1919,1294,3,9,27,120,2025-11-25,completed
1920,1921,5,3,217,273,2025-09-03,completed
1921,3991,5,4,9,219,2025-01-03,completed
1922,2447,1,7,145,43,2025-10-15,cancelled
1923,2188,1,3,64,114,2025-03-22,cancelled
1924,330,8,4,166,12,2025-12-08,completed
1925,1110,6,8,245,38,2023-01-05,completed
1926,149,4,1,258,58,2024-02-09,in_transit
1927,3529,7,1,82,10,2025-12-15,completed
1928,35,3,1,289,220,2023-11-10,completed
1929,2868,2,8,58,42,2026-07-29,cancelled
1930,3973,9,5,49,174,2026-04-08,completed
1931,84,3,1,265,261,2023-08-31,completed
1932,2747,10,6,110,197,2023-12-01,completed
1933,4064,6,1,198,78,2023-11-19,completed
1934,1101,7,2,96,67,2025-06-18,completed
1935,4949,4,8,252,49,2023-02-22,completed
1936,2856,7,8,177,96,2023-04-19,completed
1937,1715,5,9,93,16,2026-07-13,in_transit
1938,4487,9,2,74,35,2024-01-02,cancelled
1939,4391,8,2,18,56,2023-06-02,completed
1940,1410,4,7,155,252,2024-05-30,completed
1941,2256,6,8,188,207,2023-10-07,completed
1942,2208,7,10,195,194,2023-10-23,completed
1943,712,4,5,44,16,2025-05-10,completed
1944,3462,5,10,123,59,2025-11-14,completed
1945,3362,2,10,266,246,2024-01-07,completed
1946,4452,5,1,64,59,2026-07-30,completed
1947,762,10,2,166,246,2023-12-18,completed
1948,3777,6,7,201,210,2024-11-16,completed
1949,4788,7,10,68,266,2025-07-23,completed
1950,3007,4,8,65,139,2025-12-03,completed
1951,2099,5,9,249,103,2023-07-14,cancelled
1952,1640,8,5,207,190,2025-07-16,completed
1953,3193,5,10,295,163,2024-12-18,completed
1954,1282,7,3,276,212,2025-04-27,completed
1955,4296,8,2,68,209,2024-12-22,completed
1956,758,7,6,121,174,2026-07-09,completed
1957,1054,9,3,125,239,2023-06-09,completed
1958,645,6,7,264,127,2024-11-20,completed
1959,1950,3,2,2,97,2024-06-04,completed
1960,2980,5,6,120,207,2024-08-28,completed
1961,2280,1,4,273,211,2023-05-04,completed
1962,2186,9,2,26,157,2026-04-22,completed
1963,2690,6,10,77,68,2024-10-29,completed
1964,1979,2,4,189,49,2023-09-05,completed
1965,3906,3,10,236,37,2025-01-06,completed
1966,1140,4,1,36,111,2024-04-08,completed
1967,1080,1,7,52,197,2023-01-02,completed
1968,418,1,7,163,81,2023-05-02,completed
1969,3608,1,3,71,157,2024-07-31,in_transit
1970,597,7,8,231,218,2025-11-05,completed
1971,4423,6,8,127,185,2023-02-28,in_transit
1972,3218,3,1,69,268,2025-10-08,completed
1973,4689,4,8,88,96,2026-06-30,completed
1974,3727,10,8,177,13,2025-03-28,completed
1975,3114,1,2,80,160,2024-08-09,completed
1976,2860,8,9,132,177,2025-07-06,completed
1977,3091,1,10,104,256,2023-09-26,in_transit
1978,2927,9,7,39,33,2025-06-02,completed
1979,2770,3,8,143,32,2026-06-19,completed
1980,778,7,8,155,182,2023-12-16,completed
1981,4247,1,6,274,149,2025-06-17,completed
1982,2145,7,4,298,228,2025-01-01,completed
1983,4374,3,10,16,271,2024-02-03,completed
1984,3975,9,2,131,60,2024-09-07,completed
1985,4434,10,3,254,117,2023-08-10,completed
1986,1168,9,10,227,268,2024-06-23,completed
1987,514,3,4,261,74,2026-07-23,completed
1988,2072,3,10,116,148,2025-04-19,cancelled
1989,4872,10,7,260,39,2024-03-14,completed
1990,1960,1,6,233,52,2026-06-11,completed
1991,2456,8,10,84,133,2024-05-06,completed
1992,1566,3,10,28,37,2024-11-07,in_transit
1993,1132,6,10,119,26,2025-03-29,completed
1994,2103,10,8,41,86,2025-07-17,completed
1995,4777,1,9,258,206,2024-11-12,completed
1996,1890,2,1,155,164,2023-04-03,completed
1997,3015,6,7,173,31,2024-08-14,completed
1998,1861,1,3,40,245,2025-11-05,completed
1999,164,9,8,93,199,2024-12-28,completed
2000,1159,4,10,146,44,2024-12-26,completed
2001,3468,5,4,202,152,2025-10-28,cancelled
2002,1072,6,9,247,12,2026-01-23,completed
2003,1598,8,6,23,148,2023-08-15,in_transit
2004,1869,8,1,157,182,2023-03-20,in_transit
2005,3629,4,9,277,66,2023-02-19,completed
2006,657,9,3,85,227,2026-06-11,completed
2007,4671,8,1,122,117,2025-04-11,completed
2008,4573,6,9,13,97,2026-03-21,completed
2009,2516,6,10,172,131,2024-04-12,cancelled
2010,1418,9,5,250,30,2023-09-07,in_transit
2011,2147,6,1,121,224,2023-06-22,completed
2012,3086,3,8,30,210,2025-08-14,in_transit
2013,3749,1,4,52,233,2026-05-07,completed
2014,307,7,2,170,234,2026-05-04,completed
2015,2684,1,5,274,281,2026-04-09,completed
2016,2791,1,8,77,136,2023-08-25,completed
2017,1878,6,2,79,267,2024-01-02,completed
2018,1179,2,6,196,100,2026-03-02,completed
2019,856,4,9,140,119,2025-05-13,completed
2020,363,8,3,136,13,2025-07-28,completed
2021,117,1,4,24,61,2025-01-13,completed
2022,1990,1,7,26,172,2025-05-30,cancelled
2023,3794,9,3,63,11,2024-01-07,completed
2024,4033,6,7,43,50,2025-06-28,completed
2025,2855,5,10,140,67,2024-12-10,completed
2026,2853,9,2,9,67,2025-11-17,completed
2027,4448,5,4,272,103,2025-10-28,cancelled
2028,1329,5,8,135,134,2026-04-13,cancelled
2029,4675,6,7,156,261,2026-07-11,completed
2030,2277,8,1,86,143,2026-03-14,completed
2031,3577,3,7,271,115,2023-04-01,completed
2032,51,10,8,294,269,2023-08-05,completed
2033,2853,3,1,101,184,2025-06-04,completed
2034,3390,3,5,110,119,2026-03-07,completed
2035,3175,10,9,149,104,2025-07-27,completed
2036,2383,1,9,204,24,2025-01-24,completed
2037,3327,5,4,188,240,2023-01-23,completed
2038,1343,10,1,155,299,2025-05-08,completed
2039,4912,1,3,188,238,2025-07-02,completed
2040,4634,6,1,113,212,2024-10-14,completed
2041,777,1,6,274,128,2025-12-31,completed
2042,3224,2,3,190,105,2026-01-15,completed
2043,4318,4,9,223,40,2023-11-24,completed
2044,1492,8,10,120,123,2024-09-01,completed
2045,3885,7,8,269,58,2024-09-18,completed
2046,1962,5,1,227,205,2023-11-02,completed
2047,4229,3,4,231,210,2023-01-13,cancelled
2048,34,3,9,128,71,2025-01-13,completed
2049,1075,4,9,293,107,2023-08-04,completed
2050,897,8,9,21,85,2025-11-08,completed
2051,1525,5,4,189,44,2023-01-14,completed
2052,2712,1,5,67,241,2026-02-27,completed
2053,4604,4,2,238,258,2024-06-09,cancelled
2054,1035,2,9,222,188,2023-12-19,completed
2055,3125,9,1,114,208,2025-10-12,completed
2056,4128,10,9,12,96,2025-03-21,completed
2057,1813,9,2,37,278,2023-06-16,completed
2058,815,3,7,131,17,2024-01-23,completed
2059,1499,2,7,84,102,2024-09-30,completed
2060,2110,3,4,114,211,2024-09-25,cancelled
2061,1919,5,7,12,231,2023-05-16,completed
2062,3205,1,4,153,245,2024-02-10,in_transit
2063,8,5,7,219,300,2025-05-01,completed
2064,3013,8,7,131,78,2026-05-09,in_transit
2065,4864,9,1,270,267,2024-06-27,completed
2066,4689,1,6,39,199,2023-11-30,completed
2067,2581,6,10,270,284,2025-09-05,completed
2068,4461,9,10,252,286,2026-03-12,in_transit
2069,4373,6,1,228,48,2025-10-20,completed
2070,1642,9,1,114,251,2023-09-11,completed
2071,867,7,10,291,76,2026-02-20,completed
2072,1828,2,1,76,219,2023-06-18,completed
2073,562,8,6,206,194,2025-12-13,completed
2074,3965,3,1,196,41,2025-08-03,completed
2075,3958,5,8,1,240,2026-06-23,completed
2076,2000,9,7,266,215,2025-07-07,completed
2077,4820,3,5,199,24,2026-03-02,in_transit
2078,2966,9,6,177,252,2026-06-29,completed
2079,1207,1,10,69,168,2024-06-12,in_transit
2080,4911,4,9,198,117,2023-01-10,completed
2081,516,8,7,10,298,2026-04-14,completed
2082,2256,10,8,285,269,2023-11-30,completed
2083,4365,4,7,291,158,2023-06-16,completed
2084,3870,5,1,20,173,2024-02-17,in_transit
2085,3298,1,3,199,221,2025-06-13,cancelled
2086,1902,7,2,226,90,2025-04-03,completed
2087,3830,4,1,184,146,2024-11-26,completed
2088,2609,4,9,214,61,2024-09-14,completed
2089,3041,9,5,215,173,2024-10-01,completed
2090,4024,2,1,137,197,2023-07-14,completed
2091,158,10,5,176,292,2023-07-18,completed
2092,1020,10,1,217,260,2026-07-29,cancelled
2093,344,5,8,90,65,2023-08-11,cancelled
2094,162,7,1,237,300,2023-08-09,in_transit
2095,2325,2,7,243,279,2023-01-14,completed
2096,4797,5,6,76,11,2023-02-21,completed
2097,4460,4,1,38,199,2023-06-22,completed
2098,4741,9,6,28,297,2025-03-01,cancelled
2099,3332,3,6,267,210,2024-07-14,completed
2100,2958,2,9,17,239,2025-01-21,completed
2101,2281,9,3,270,270,2023-03-20,completed
2102,1045,3,10,24,31,2026-04-25,completed
2103,521,2,4,116,178,2023-10-18,completed
2104,4053,5,1,35,288,2024-09-21,completed
2105,323,9,7,260,37,2023-06-21,completed
2106,88,9,8,285,146,2023-01-10,completed
2107,4389,9,3,159,186,2025-11-24,completed
2108,4137,5,1,56,273,2024-07-08,completed
2109,2012,4,8,99,26,2024-11-01,completed
2110,4976,3,8,146,82,2026-01-15,completed
2111,684,5,2,143,236,2024-04-24,completed
2112,2554,9,10,282,61,2024-09-27,completed
2113,2643,4,5,193,268,2023-02-09,completed
2114,103,3,4,159,293,2024-08-24,cancelled
2115,3663,10,8,293,40,2026-03-27,completed
2116,1508,2,9,251,177,2024-04-23,completed
2117,2690,1,7,287,250,2026-06-22,completed
2118,3418,8,6,100,10,2024-08-20,completed
2119,4146,6,4,243,252,2025-09-25,completed
2120,4715,2,5,69,191,2026-05-26,completed
2121,517,2,3,280,175,2023-02-07,completed
2122,361,5,9,208,10,2024-07-26,completed
2123,846,5,4,283,30,2024-06-29,completed
2124,4940,4,8,201,213,2023-04-14,completed
2125,2682,5,6,234,206,2023-03-10,cancelled
2126,948,2,4,90,119,2024-07-04,in_transit
2127,2273,9,4,127,125,2023-01-07,in_transit
2128,1955,5,10,53,227,2023-05-30,in_transit
2129,4834,10,3,27,48,2023-08-21,completed
2130,1006,9,2,256,145,2023-11-26,completed
2131,2819,2,6,86,265,2026-04-02,completed
2132,2512,7,1,272,263,2023-05-09,completed
2133,3392,3,1,29,127,2023-09-15,completed
2134,4624,3,7,67,121,2023-11-06,in_transit
2135,639,4,9,163,186,2024-10-27,completed
2136,2222,8,10,71,167,2023-12-22,completed
2137,1862,7,2,286,122,2026-07-06,completed
2138,2107,10,9,8,40,2026-07-14,in_transit
2139,3569,10,2,52,67,2026-06-07,completed
2140,2552,2,7,153,200,2024-08-08,completed
2141,1790,7,5,120,277,2024-10-23,completed
2142,1737,2,1,197,141,2025-05-22,completed
2143,3520,8,5,185,249,2023-02-08,completed
2144,2885,3,6,189,298,2026-07-09,completed
2145,2527,6,5,162,117,2026-01-26,completed
2146,4557,2,1,259,193,2026-02-20,completed
2147,2830,5,1,207,48,2024-09-03,in_transit
2148,1711,8,6,266,216,2023-05-11,completed
2149,1433,5,8,285,146,2024-05-05,completed
2150,1696,5,1,109,137,2025-05-06,completed
2151,4254,8,2,23,81,2026-05-30,in_transit
2152,3489,5,3,291,126,2026-03-14,completed
2153,4644,8,10,129,81,2023-08-01,completed
2154,1151,2,4,235,230,2025-10-06,completed
2155,4027,4,7,156,221,2026-05-10,completed
2156,3436,8,1,47,123,2026-02-01,in_transit
2157,4376,7,5,227,56,2024-10-27,in_transit
2158,2581,7,2,289,82,2025-04-05,in_transit
2159,1079,6,9,258,16,2026-06-12,completed
2160,4815,6,10,5,149,2025-07-27,completed
2161,1442,1,3,229,109,2026-03-17,completed
2162,1872,1,4,48,60,2025-03-10,completed
2163,2004,3,2,106,13,2026-02-03,cancelled
2164,1063,1,10,118,60,2025-05-10,cancelled
2165,1032,3,6,182,87,2023-10-05,completed
2166,1691,3,6,34,51,2026-04-30,cancelled
2167,4383,10,7,71,89,2024-08-07,completed
2168,1810,7,6,182,15,2024-10-27,completed
2169,913,1,3,31,166,2023-12-22,cancelled
2170,3869,2,10,272,89,2023-01-09,completed
2171,382,10,6,217,135,2026-05-28,completed
2172,2327,4,6,20,140,2026-07-22,completed
2173,4526,1,5,207,216,2024-11-15,completed
2174,2446,4,5,266,32,2023-08-23,completed
2175,638,3,1,214,267,2024-07-11,cancelled
2176,3479,5,4,81,276,2025-03-28,completed
2177,274,8,2,172,189,2024-07-28,completed
2178,4968,2,7,104,291,2023-12-10,in_transit
2179,3495,9,1,62,229,2025-09-16,in_transit
2180,577,6,4,197,91,2023-09-05,cancelled
2181,2703,3,6,105,208,2024-03-02,completed
2182,2873,1,9,218,298,2023-09-25,cancelled
2183,705,5,3,131,20,2026-01-28,completed
2184,350,3,6,149,134,2025-12-16,cancelled
2185,1891,10,6,222,291,2023-12-21,completed
2186,459,3,8,145,106,2024-03-20,completed
2187,3232,9,4,43,291,2025-01-01,completed
2188,2435,2,9,53,228,2023-12-14,completed
2189,4585,1,10,284,34,2023-03-30,completed
2190,994,3,1,32,23,2026-05-01,in_transit
2191,4082,7,1,226,237,2023-03-07,completed
2192,1287,8,5,37,192,2025-10-17,cancelled
2193,440,4,6,244,161,2023-08-15,completed
2194,214,5,6,229,295,2023-11-16,completed
2195,1213,9,5,97,116,2026-05-25,completed
2196,4610,10,2,135,238,2024-04-11,completed
2197,1825,7,4,161,79,2026-02-16,completed
2198,488,9,4,32,177,2024-03-12,completed
2199,3334,9,7,8,107,2026-04-23,completed
2200,2730,6,7,196,122,2026-07-27,completed
2201,2324,7,5,47,130,2023-12-29,completed
2202,2046,8,5,265,111,2025-05-14,completed
2203,3067,4,9,268,258,2025-12-03,completed
2204,4893,5,10,69,63,2024-05-04,completed
2205,456,2,4,17,73,2025-05-01,completed
2206,4528,4,7,207,227,2026-05-09,in_transit
2207,4805,10,7,4,19,2026-04-11,completed
2208,1189,6,3,45,263,2026-04-03,completed
2209,2722,1,6,31,156,2026-03-20,completed
2210,4443,7,9,24,193,2025-04-02,completed
2211,2064,8,4,72,238,2023-08-29,completed
2212,892,1,10,268,229,2024-10-02,in_transit
2213,1349,8,9,75,163,2025-03-05,completed
2214,4958,3,6,88,214,2023-02-07,completed
2215,404,7,9,115,16,2026-04-27,completed
2216,1069,5,4,159,154,2023-03-16,completed
2217,949,2,5,141,141,2025-06-29,completed
2218,67,9,3,242,55,2025-02-20,completed
2219,4206,10,4,156,158,2023-10-04,completed
2220,1164,5,2,246,90,2025-11-18,completed
2221,4323,6,10,82,80,2024-02-08,completed
2222,4437,6,5,134,236,2024-04-23,completed
2223,171,9,5,119,103,2026-01-26,completed
2224,3809,9,1,290,50,2023-12-20,completed
2225,869,9,2,266,48,2025-11-04,cancelled
2226,2930,10,5,217,77,2024-03-24,completed
2227,397,9,7,157,260,2026-03-30,completed
2228,3188,5,9,143,217,2024-11-14,cancelled
2229,696,3,9,68,188,2024-09-02,cancelled
2230,265,5,1,112,119,2025-06-13,cancelled
2231,3523,10,9,236,125,2024-10-16,completed
2232,2037,10,8,159,252,2024-07-09,cancelled
2233,4077,2,3,83,152,2024-04-01,completed
2234,3600,2,7,138,126,2026-02-21,completed
2235,4650,4,7,270,18,2023-07-23,completed
2236,4274,3,2,208,121,2025-05-02,completed
2237,679,2,7,155,234,2026-04-21,completed
2238,2554,6,10,50,203,2023-09-29,completed
2239,3487,7,4,205,171,2023-05-10,completed
2240,3978,10,6,137,139,2024-09-11,completed
2241,2178,9,1,192,230,2023-12-11,completed
2242,3788,9,5,132,91,2025-02-19,completed
2243,2414,5,10,113,123,2026-06-12,completed
2244,181,8,9,89,166,2025-05-11,completed
2245,4347,10,7,294,258,2025-09-17,completed
2246,3383,10,5,159,123,2023-04-01,completed
2247,3900,8,10,64,151,2026-07-07,completed
2248,4181,7,10,198,90,2024-03-18,completed
2249,820,7,4,58,121,2023-05-29,completed
2250,442,2,10,103,197,2025-01-25,completed
2251,2974,8,6,177,116,2026-02-27,completed
2252,3431,1,3,11,22,2026-07-30,completed
2253,2763,10,3,16,44,2025-11-21,completed
2254,2342,6,9,73,34,2025-02-15,completed
2255,2313,1,9,231,16,2024-12-12,completed
2256,101,10,7,143,150,2025-02-27,completed
2257,3423,8,4,203,201,2023-05-31,completed
2258,271,2,1,91,43,2026-01-09,completed
2259,3378,4,5,88,70,2023-02-06,completed
2260,1628,3,8,5,87,2024-05-15,completed
2261,2181,3,7,88,11,2023-07-22,completed
2262,3135,8,9,130,198,2024-11-14,completed
2263,4017,4,1,12,127,2023-02-07,completed
2264,3667,10,8,174,226,2023-09-25,completed
2265,2486,2,7,41,86,2026-01-24,completed
2266,701,6,5,295,122,2023-10-26,completed
2267,1286,8,1,74,98,2025-05-03,completed
2268,4591,7,2,111,139,2023-01-03,in_transit
2269,155,9,1,298,76,2025-12-07,completed
2270,576,7,2,197,208,2024-03-03,in_transit
2271,4411,7,8,183,275,2025-06-15,cancelled
2272,459,1,2,78,247,2026-03-29,completed
2273,4671,1,2,187,127,2024-05-16,completed
2274,2693,8,5,48,104,2025-05-21,completed
2275,699,7,6,172,270,2023-04-01,completed
2276,3376,4,6,160,47,2023-03-03,completed
2277,3983,7,10,19,54,2026-04-29,completed
2278,1012,4,6,259,215,2023-07-13,completed
2279,1447,3,2,18,191,2024-11-30,in_transit
2280,3978,7,2,16,235,2024-07-28,completed
2281,3953,4,5,131,124,2024-07-23,cancelled
2282,1895,3,9,179,45,2025-06-23,completed
2283,3156,4,10,9,278,2024-01-05,completed
2284,3793,1,5,240,155,2024-12-07,completed
2285,2401,7,3,259,151,2023-12-23,completed
2286,2039,7,5,89,134,2025-11-19,completed
2287,244,1,9,81,273,2023-09-19,cancelled
2288,4719,3,10,218,195,2024-05-01,completed
2289,3544,1,3,201,232,2023-02-28,completed
2290,529,7,6,249,298,2025-07-21,completed
2291,4154,6,1,252,148,2025-09-17,completed
2292,1862,1,5,284,129,2024-02-06,completed
2293,3480,7,1,11,215,2025-10-18,in_transit
2294,1795,1,8,297,170,2025-12-24,completed
2295,4668,3,10,149,261,2025-09-28,completed
2296,1065,9,5,58,91,2024-02-20,completed
2297,936,9,8,210,39,2025-09-27,completed
2298,1846,5,3,271,151,2023-03-21,completed
2299,2118,4,10,81,171,2024-06-28,completed
2300,623,4,6,182,139,2023-11-01,completed
2301,4580,5,9,109,48,2025-09-20,completed
2302,4531,6,1,169,227,2024-06-26,completed
2303,864,4,1,291,140,2025-12-21,completed
2304,3159,4,5,169,163,2025-07-08,completed
2305,3648,5,10,72,114,2026-02-01,in_transit
2306,1940,1,7,255,239,2024-07-20,completed
2307,1501,3,5,296,74,2023-04-13,completed
2308,1875,2,5,56,149,2023-02-06,completed
2309,847,8,4,107,119,2025-11-07,completed
2310,1994,6,5,225,284,2023-07-15,completed
2311,3973,8,3,297,36,2024-04-14,completed
2312,2255,10,1,188,158,2024-05-25,completed
2313,2318,7,5,96,269,2023-12-02,completed
2314,3808,1,9,88,118,2025-07-24,completed
2315,4483,5,8,113,233,2026-03-15,in_transit
2316,1847,3,1,55,258,2026-04-01,completed
2317,2508,4,8,123,195,2025-05-05,completed
2318,2793,1,4,37,55,2025-01-29,in_transit
2319,3264,10,8,200,205,2023-11-15,cancelled
2320,3580,2,5,253,265,2025-06-21,completed
2321,4378,10,2,230,144,2025-04-21,completed
2322,4721,6,5,226,22,2025-07-02,completed
2323,1965,1,6,132,150,2025-10-12,cancelled
2324,4668,10,9,140,122,2024-08-12,completed
2325,1351,3,7,277,106,2025-10-23,completed
2326,2211,4,1,123,259,2026-03-30,completed
2327,4164,2,4,132,258,2023-03-11,completed
2328,4366,10,2,195,218,2024-12-03,completed
2329,3564,4,5,147,265,2024-02-11,completed
2330,514,7,2,146,265,2024-12-27,completed
2331,347,10,1,217,33,2023-05-08,cancelled
2332,3846,9,6,280,204,2023-06-12,completed
2333,2200,6,4,165,286,2023-03-03,completed
2334,638,3,6,161,68,2025-05-18,completed
2335,4192,1,2,74,85,2025-08-16,completed
2336,2607,9,4,52,42,2024-05-26,cancelled
2337,2392,8,5,296,192,2025-02-22,completed
2338,4982,8,4,230,234,2023-02-12,completed
2339,2549,5,4,40,82,2024-10-21,completed
2340,4336,1,7,215,120,2025-11-28,completed
2341,2442,6,10,119,37,2024-05-06,completed
2342,4454,8,4,9,219,2024-04-04,completed
2343,4411,4,1,201,75,2025-07-03,completed
2344,184,4,7,265,200,2024-05-30,completed
2345,541,6,10,282,125,2024-04-13,completed
2346,43,10,7,247,235,2023-10-13,completed
2347,1212,10,1,111,184,2025-02-20,in_transit
2348,580,6,10,122,119,2026-04-15,completed
2349,1386,3,2,136,151,2026-01-15,completed
2350,715,3,7,55,48,2024-08-09,in_transit
2351,2230,5,3,270,152,2025-03-04,completed
2352,3160,10,6,67,44,2023-11-25,completed
2353,2721,8,4,193,152,2026-04-13,completed
2354,1994,2,4,203,163,2025-12-20,cancelled
2355,837,5,2,87,261,2024-06-24,completed
2356,636,5,8,224,207,2024-05-06,cancelled
2357,2645,5,1,60,265,2025-05-08,completed
2358,1368,9,6,140,114,2024-09-09,completed
2359,2288,9,2,136,297,2023-05-19,completed
2360,3392,6,3,295,22,2023-07-21,completed
2361,1441,9,1,122,276,2024-05-29,cancelled
2362,514,7,5,103,116,2023-06-16,completed
2363,854,9,1,145,17,2025-10-09,completed
2364,2297,5,8,160,143,2026-05-04,completed
2365,2548,2,5,163,213,2024-06-16,cancelled
2366,648,8,3,224,36,2023-03-21,completed
2367,278,9,7,241,255,2024-08-31,completed
2368,4007,7,8,282,170,2026-01-15,completed
2369,382,5,6,212,254,2024-05-08,completed
2370,1543,5,9,193,89,2026-04-13,in_transit
2371,476,9,6,218,115,2023-11-24,completed
2372,3335,9,6,121,121,2023-11-05,completed
2373,4270,9,6,263,37,2024-07-06,completed
2374,3001,5,9,241,271,2026-04-18,completed
2375,4939,10,3,244,158,2024-07-24,cancelled
2376,2719,8,5,224,253,2025-01-25,completed
2377,2617,1,9,227,108,2024-04-30,completed
2378,1731,10,8,46,203,2023-01-16,completed
2379,4065,3,2,55,100,2025-06-03,completed
2380,3115,9,3,207,152,2024-07-08,completed
2381,4101,1,9,284,197,2026-03-24,completed
2382,215,3,5,239,209,2025-04-16,completed
2383,1020,1,6,20,123,2024-12-03,completed
2384,4356,8,6,24,107,2024-01-18,completed
2385,869,1,8,198,229,2026-02-23,completed
2386,1301,9,5,243,10,2023-11-30,completed
2387,2414,8,2,241,222,2023-10-03,completed
2388,4310,7,8,84,159,2023-01-24,completed
2389,1299,1,7,183,107,2024-10-10,completed
2390,665,7,4,170,134,2025-10-19,completed
2391,4235,4,7,242,93,2026-06-15,completed
2392,874,7,2,224,160,2025-11-07,completed
2393,964,4,7,128,33,2023-02-28,cancelled
2394,1492,7,2,5,79,2026-01-07,completed
2395,2387,7,4,272,218,2025-10-16,completed
2396,3752,9,1,100,162,2025-05-24,completed
2397,4133,1,7,103,224,2025-07-15,cancelled
2398,4220,6,5,83,166,2023-09-30,completed
2399,25,2,4,61,111,2026-06-11,completed
2400,2881,7,4,159,194,2023-03-16,completed
2401,35,4,6,190,87,2023-12-11,completed
2402,58,9,8,73,120,2026-04-10,completed
2403,2716,9,10,134,253,2023-04-10,completed
2404,2082,3,6,137,255,2025-05-21,cancelled
2405,1081,5,2,146,36,2023-08-15,completed
2406,2791,2,9,65,80,2025-02-10,completed
2407,1876,6,3,171,245,2023-04-27,in_transit
2408,3411,9,6,31,148,2026-01-09,cancelled
2409,3679,8,10,238,14,2025-06-09,completed
2410,3846,5,8,300,184,2024-08-15,completed
2411,3717,3,6,174,45,2024-06-24,completed
2412,2066,3,2,128,65,2026-01-19,completed
2413,3280,10,9,77,91,2023-08-29,completed
2414,2158,1,8,34,173,2026-07-18,completed
2415,2358,5,3,170,65,2023-01-01,completed
2416,2375,7,5,110,210,2024-04-12,completed
2417,2928,9,6,221,245,2026-06-28,completed
2418,4722,3,1,280,149,2026-01-01,completed
2419,291,2,6,175,209,2023-09-01,completed
2420,3992,6,2,249,59,2025-03-11,completed
2421,1592,10,8,143,19,2024-01-13,completed
2422,4064,1,3,30,191,2023-09-11,completed
2423,2274,10,9,129,157,2026-05-04,cancelled
2424,2805,2,1,257,70,2023-11-22,completed
2425,2451,9,6,30,17,2026-04-19,completed
2426,589,6,2,45,259,2024-10-09,in_transit
2427,3342,9,1,293,283,2026-03-11,in_transit
2428,2131,8,4,283,290,2025-08-27,completed
2429,878,4,5,58,199,2025-04-14,completed
2430,1761,4,3,224,280,2024-06-19,completed
2431,1330,9,7,280,103,2025-05-20,completed
2432,1528,7,2,230,12,2023-10-23,completed
2433,3595,8,9,295,85,2023-07-29,completed
2434,3102,6,3,72,248,2025-11-19,in_transit
2435,3812,3,7,70,266,2025-04-29,in_transit
2436,2325,1,10,232,45,2026-07-04,completed
2437,3072,1,9,173,58,2024-12-04,in_transit
2438,247,10,2,99,15,2026-03-01,completed
2439,4740,7,4,42,95,2025-09-10,completed
2440,4870,10,3,26,142,2023-03-07,completed
2441,1316,7,10,79,291,2025-10-11,cancelled
2442,1682,3,9,208,183,2025-01-23,completed
2443,1534,7,8,24,177,2025-01-03,cancelled
2444,350,4,6,218,93,2026-02-17,in_transit
2445,1646,8,3,172,197,2026-07-20,completed
2446,2472,6,2,241,161,2023-10-13,cancelled
2447,805,5,3,113,249,2026-06-17,completed
2448,1104,7,2,299,100,2023-10-09,completed
2449,4613,7,1,256,190,2023-11-08,cancelled
2450,583,3,6,22,184,2024-11-03,cancelled
2451,2246,8,10,130,143,2024-09-12,in_transit
2452,2033,6,9,245,243,2024-08-15,cancelled
2453,1493,3,8,190,282,2023-07-21,completed
2454,3430,2,3,270,101,2024-09-12,completed
2455,3070,8,2,206,184,2023-09-07,completed
2456,1937,2,9,50,128,2024-10-26,completed
2457,2974,2,1,154,130,2025-03-05,completed
2458,2863,1,6,37,226,2023-07-23,completed
2459,3910,2,7,168,19,2026-02-10,completed
2460,2234,3,1,178,42,2026-02-03,completed
2461,2993,3,8,280,47,2024-10-06,completed
2462,3998,2,5,228,238,2026-06-06,completed
2463,3924,10,1,212,144,2023-08-20,completed
2464,1738,2,7,248,256,2023-07-29,cancelled
2465,1664,7,9,93,172,2025-09-26,completed
2466,4128,2,5,142,224,2026-06-21,completed
2467,4902,8,4,295,139,2025-11-09,completed
2468,4898,8,4,42,179,2026-02-28,completed
2469,4547,1,2,35,44,2025-04-19,cancelled
2470,875,7,10,72,224,2023-05-14,completed
2471,4984,10,3,60,292,2023-06-13,completed
2472,1106,9,3,90,23,2023-05-16,completed
2473,2858,10,6,46,35,2025-11-06,completed
2474,4995,1,2,72,11,2025-09-23,completed
2475,1666,2,5,284,279,2023-05-21,completed
2476,567,9,6,288,108,2023-04-15,completed
2477,4445,1,7,209,202,2024-09-25,cancelled
2478,1316,4,6,204,199,2026-05-24,completed
2479,234,8,5,161,158,2024-12-29,completed
2480,3299,4,7,213,199,2023-05-16,cancelled
2481,1686,3,4,8,114,2023-09-21,cancelled
2482,1749,2,4,72,167,2024-01-08,completed
2483,123,10,9,203,79,2023-07-02,cancelled
2484,3774,9,3,87,272,2026-05-06,completed
2485,956,10,4,241,75,2023-11-14,completed
2486,1398,6,4,209,33,2023-04-16,completed
2487,4843,9,4,90,257,2024-03-08,completed
2488,535,8,7,20,37,2025-01-28,completed
2489,945,8,2,121,169,2024-10-19,cancelled
2490,2080,5,6,118,220,2023-07-09,completed
2491,1562,9,8,251,248,2023-01-22,in_transit
2492,2332,6,10,250,244,2023-06-22,completed
2493,2312,5,8,185,167,2024-12-19,in_transit
2494,2663,5,7,157,167,2023-02-03,completed
2495,4700,2,4,297,216,2026-03-14,completed
2496,260,10,6,176,270,2023-01-06,completed
2497,1380,5,7,239,19,2026-06-04,cancelled
2498,4059,7,6,31,15,2024-01-01,completed
2499,691,10,3,237,97,2023-12-03,completed
2500,4989,3,6,193,223,2023-11-24,completed
2501,2649,9,8,287,148,2025-06-01,completed
2502,1022,6,10,212,92,2024-06-21,completed
2503,182,6,5,225,67,2024-06-05,completed
2504,3413,3,7,113,37,2025-10-17,completed
2505,1625,10,6,114,265,2024-09-01,completed
2506,4157,5,4,286,20,2026-06-24,completed
2507,3182,6,4,275,114,2023-08-16,in_transit
2508,3931,2,3,16,34,2024-03-28,completed
2509,1501,3,8,271,154,2023-11-12,completed
2510,1295,4,5,296,209,2023-12-19,completed
2511,1799,9,3,172,70,2025-11-22,completed
2512,3874,6,1,209,137,2026-01-04,completed
2513,3827,5,7,19,294,2023-02-01,completed
2514,2057,2,1,8,199,2023-04-03,cancelled
2515,247,2,1,9,158,2023-02-07,completed
2516,4811,7,2,153,108,2023-06-27,completed
2517,3222,6,4,211,243,2024-05-24,completed
2518,1105,9,3,194,73,2023-12-28,completed
2519,2292,6,2,213,78,2025-07-04,completed
2520,2442,9,2,42,160,2023-12-09,completed
2521,3019,5,8,119,71,2023-10-13,completed
2522,3550,6,10,215,248,2024-09-15,completed
2523,321,7,8,67,220,2023-03-01,completed
2524,710,6,9,33,14,2026-03-16,completed
2525,3116,9,2,218,59,2025-12-27,completed
2526,3530,4,7,188,26,2024-09-01,completed
2527,1426,9,7,186,182,2024-04-27,completed
2528,3177,2,3,114,56,2024-05-20,completed
2529,456,3,6,167,213,2023-10-05,completed
2530,1969,2,9,287,280,2024-08-21,completed
2531,2671,8,10,102,237,2023-03-21,completed
2532,2097,6,7,239,212,2025-10-29,completed
2533,4147,1,2,290,161,2023-06-28,cancelled
2534,1692,10,2,5,105,2025-11-24,completed
2535,4915,2,6,88,78,2025-07-23,completed
2536,3877,4,3,8,293,2023-05-18,cancelled
2537,4801,10,1,213,231,2023-03-29,completed
2538,2141,6,3,138,114,2025-11-05,completed
2539,877,4,2,258,247,2025-08-06,completed
2540,1127,10,3,92,50,2025-10-24,cancelled
2541,4920,10,5,227,80,2024-05-06,completed
2542,2428,8,2,26,99,2025-03-31,in_transit
2543,1184,3,10,196,148,2023-05-27,in_transit
2544,1170,10,9,143,286,2025-02-09,completed
2545,587,3,9,30,96,2025-10-21,completed
2546,1781,6,9,169,106,2026-01-24,completed
2547,1443,2,8,159,111,2024-05-22,completed
2548,4006,6,3,194,278,2024-12-26,completed
2549,2200,6,5,164,45,2024-02-06,cancelled
2550,3087,8,4,115,110,2023-06-21,cancelled
2551,772,9,3,111,244,2023-08-11,completed
2552,123,10,9,49,283,2023-10-11,completed
2553,2189,8,5,115,89,2026-03-22,completed
2554,4904,8,10,168,138,2025-11-12,completed
2555,876,1,9,106,86,2025-04-12,completed
2556,3500,8,3,76,277,2024-11-07,completed
2557,3127,1,8,277,92,2025-12-18,completed
2558,4897,5,8,171,290,2025-03-15,in_transit
2559,2438,3,5,45,299,2025-09-23,completed
2560,1144,3,1,19,195,2024-12-22,completed
2561,3662,2,4,92,52,2026-02-17,completed
2562,1803,10,6,69,43,2024-12-26,completed
2563,332,1,4,198,25,2024-11-08,completed
2564,4977,9,10,105,140,2026-02-18,completed
2565,1855,8,5,9,125,2023-09-14,completed
2566,2480,4,7,11,43,2026-05-13,completed
2567,4582,5,8,220,263,2023-09-27,completed
2568,4681,8,2,129,102,2024-08-26,completed
2569,4403,7,6,202,292,2023-02-14,completed
2570,3373,7,3,102,173,2024-07-04,in_transit
2571,903,5,3,154,286,2023-03-04,in_transit
2572,4079,1,6,282,166,2025-08-30,completed
2573,1416,6,2,146,167,2024-02-09,completed
2574,4948,4,3,134,79,2025-07-25,cancelled
2575,3314,2,6,284,85,2025-05-16,cancelled
2576,3990,5,10,96,208,2023-09-17,in_transit
2577,2546,7,8,48,142,2023-07-24,in_transit
2578,1196,1,9,130,42,2024-06-15,completed
2579,3882,1,8,187,193,2024-08-10,completed
2580,302,6,7,180,248,2025-09-23,completed
2581,2731,8,4,127,269,2025-05-08,completed
2582,4275,10,3,90,239,2025-02-23,in_transit
2583,403,5,4,48,198,2023-12-02,in_transit
2584,1823,6,7,175,171,2023-01-09,completed
2585,2434,7,10,170,191,2025-08-09,completed
2586,439,10,9,259,60,2026-03-16,cancelled
2587,1658,2,3,126,189,2025-06-05,cancelled
2588,988,2,5,100,75,2025-10-24,cancelled
2589,3602,8,10,38,145,2025-01-16,completed
2590,4239,3,2,134,170,2024-08-14,completed
2591,438,10,8,107,83,2023-10-04,completed
2592,1854,10,7,37,283,2023-01-10,completed
2593,3998,2,4,110,190,2025-02-02,completed
2594,1262,9,6,38,79,2025-03-26,completed
2595,3839,1,2,168,19,2025-04-06,completed
2596,525,3,8,2,78,2026-04-21,completed
2597,4158,1,2,68,55,2024-09-25,in_transit
2598,909,4,10,155,103,2026-06-17,completed
2599,2003,2,1,255,140,2023-11-08,completed
2600,3776,8,9,157,194,2025-03-14,completed
2601,1110,10,6,40,56,2023-08-24,completed
2602,2168,6,1,158,170,2026-06-26,completed
2603,137,3,4,23,33,2024-05-06,completed
2604,4866,9,7,195,245,2024-11-17,cancelled
2605,4606,9,7,27,256,2026-04-10,completed
2606,802,1,3,17,256,2025-08-26,completed
2607,2277,7,8,128,253,2025-11-09,completed
2608,1458,10,5,127,256,2024-05-08,completed
2609,981,4,3,11,89,2025-11-01,completed
2610,840,3,9,78,239,2023-02-08,completed
2611,2543,1,8,218,185,2026-04-01,completed
2612,2455,1,6,129,62,2024-01-29,completed
2613,3618,1,10,146,211,2024-01-23,cancelled
2614,3058,3,1,60,35,2024-03-29,cancelled
2615,4138,3,9,288,188,2025-12-25,cancelled
2616,3945,7,1,12,156,2023-11-14,in_transit
2617,2294,7,10,12,112,2026-05-24,completed
2618,1529,2,9,27,300,2025-11-19,completed
2619,3843,7,5,56,201,2025-12-23,completed
2620,2053,2,10,203,185,2023-04-12,completed
2621,2592,2,8,256,118,2025-06-15,cancelled
2622,498,9,5,89,275,2024-02-17,completed
2623,2416,7,6,158,120,2024-11-24,completed
2624,3541,7,9,184,172,2026-07-29,completed
2625,1719,6,4,158,273,2026-03-18,completed
2626,272,1,4,201,194,2026-03-18,in_transit
2627,1406,10,8,264,187,2024-01-03,completed
2628,1990,6,10,106,82,2024-08-10,completed
2629,4780,4,7,279,278,2024-01-20,completed
2630,4177,6,5,167,145,2024-03-18,completed
2631,3467,8,9,30,83,2026-01-29,completed
2632,2243,3,7,270,33,2025-08-17,completed
2633,2136,1,2,26,280,2026-04-13,completed
2634,4986,8,4,43,287,2024-03-22,completed
2635,4640,1,2,123,15,2023-10-23,in_transit
2636,1826,1,10,85,275,2026-01-13,completed
2637,2087,6,9,58,198,2023-04-21,completed
2638,8,10,5,199,172,2024-11-01,cancelled
2639,1942,6,5,111,36,2025-06-14,completed
2640,4611,9,8,152,284,2024-06-23,completed
2641,4230,10,4,95,56,2026-01-14,cancelled
2642,733,2,5,123,239,2025-05-28,completed
2643,3904,4,8,238,35,2026-01-06,in_transit
2644,4570,1,10,201,269,2024-09-28,completed
2645,987,8,1,239,91,2025-08-04,in_transit
2646,4338,1,10,157,123,2023-08-25,completed
2647,4022,5,10,290,228,2023-10-03,completed
2648,3962,3,10,145,10,2024-06-02,in_transit
2649,1545,7,8,116,255,2026-01-05,completed
2650,4948,7,10,160,58,2024-08-03,in_transit
2651,2171,10,5,192,62,2023-02-17,in_transit
2652,2802,2,9,17,300,2026-03-31,completed
2653,1212,10,9,255,260,2025-11-23,in_transit
2654,2141,9,5,9,230,2024-09-08,completed
2655,2810,10,8,103,79,2023-05-07,completed
2656,3511,3,8,179,300,2023-05-20,completed
2657,2308,3,8,72,44,2025-02-12,completed
2658,2021,4,10,221,126,2024-02-05,completed
2659,2851,9,1,253,183,2023-10-28,completed
2660,2888,4,9,247,230,2023-09-12,cancelled
2661,570,4,9,278,49,2024-01-16,completed
2662,3711,1,6,190,285,2026-01-13,completed
2663,2864,9,5,79,51,2025-06-27,completed
2664,234,6,8,244,32,2023-03-07,completed
2665,344,7,9,296,156,2024-07-28,completed
2666,2219,7,5,196,60,2023-12-27,completed
2667,4572,6,7,204,18,2024-10-14,completed
2668,3790,5,9,204,28,2026-04-20,completed
2669,4905,1,5,157,99,2024-05-27,completed
2670,2740,1,9,255,262,2023-09-10,cancelled
2671,3223,8,3,174,75,2023-02-18,completed
2672,4850,7,4,268,199,2023-09-13,completed
2673,960,1,8,109,278,2023-09-05,in_transit
2674,2042,10,1,137,103,2025-11-02,completed
2675,3749,1,7,169,116,2023-11-23,cancelled
2676,1172,3,4,199,139,2025-07-07,completed
2677,2147,1,9,262,166,2026-02-06,completed
2678,3407,6,10,100,29,2023-12-09,completed
2679,1784,1,9,25,12,2026-01-03,cancelled
2680,3757,5,7,229,24,2025-11-04,in_transit
2681,4208,6,3,47,183,2025-06-30,cancelled
2682,1885,6,10,117,230,2025-07-15,completed
2683,1808,9,4,40,130,2024-08-22,completed
2684,608,3,1,170,16,2023-10-07,in_transit
2685,4277,6,9,96,44,2024-08-20,completed
2686,2721,3,4,31,228,2026-01-25,completed
2687,619,1,3,137,255,2024-04-11,completed
2688,271,4,7,218,208,2025-11-14,completed
2689,2904,4,3,267,19,2023-12-13,completed
2690,539,8,3,76,29,2023-01-08,completed
2691,1599,1,8,28,88,2023-08-21,in_transit
2692,3214,8,2,10,20,2024-03-11,completed
2693,3882,4,8,67,55,2023-10-12,completed
2694,2330,2,4,249,262,2026-06-21,completed
2695,4486,10,2,276,168,2025-05-07,cancelled
2696,3175,4,6,157,115,2023-05-02,completed
2697,2584,8,4,137,136,2023-08-03,in_transit
2698,4747,2,6,35,11,2026-07-09,completed
2699,438,4,3,176,84,2026-04-26,completed
2700,2764,5,10,96,103,2024-06-24,cancelled
2701,2060,6,1,156,94,2024-12-04,completed
2702,465,2,7,165,215,2023-02-17,completed
2703,960,4,2,264,85,2023-07-15,completed
2704,4719,10,2,177,139,2023-09-29,completed
2705,4177,3,8,247,188,2024-01-16,completed
2706,4503,7,2,286,223,2025-03-30,completed
2707,2885,7,10,162,220,2024-09-16,completed
2708,3313,10,4,222,96,2023-07-28,completed
2709,1040,1,3,207,67,2024-09-19,completed
2710,4878,2,10,95,15,2025-04-23,in_transit
2711,3030,1,6,271,75,2025-02-04,cancelled
2712,866,7,5,300,215,2025-06-09,in_transit
2713,1394,3,5,4,277,2023-06-26,completed
2714,3345,1,6,187,217,2024-06-13,completed
2715,1306,9,2,118,37,2023-09-23,in_transit
2716,347,1,8,266,149,2026-01-14,completed
2717,3273,7,5,187,206,2024-07-10,completed
2718,2720,7,5,105,26,2025-01-03,completed
2719,635,9,6,189,209,2023-02-28,completed
2720,75,8,9,103,140,2025-04-30,completed
2721,4023,9,1,245,220,2025-09-22,completed
2722,1033,10,1,51,160,2023-05-19,completed
2723,4452,8,3,39,91,2024-03-16,completed
2724,3515,5,7,48,182,2025-10-16,completed
2725,3555,2,6,218,176,2024-11-25,in_transit
2726,4172,5,7,23,164,2026-03-25,in_transit
2727,578,2,4,108,280,2025-08-19,completed
2728,617,3,5,172,140,2023-10-05,completed
2729,2083,7,3,3,187,2024-05-24,completed
2730,296,8,6,95,174,2024-01-15,completed
2731,1334,5,6,51,250,2025-11-26,completed
2732,540,1,3,198,220,2024-01-31,completed
2733,1350,1,10,89,209,2024-09-16,cancelled
2734,2358,7,1,149,286,2025-09-21,completed
2735,3426,1,10,17,280,2024-07-14,in_transit
2736,4036,5,3,227,83,2025-01-10,cancelled
2737,515,4,5,148,86,2025-09-08,completed
2738,801,3,2,46,15,2025-09-18,completed
2739,711,9,8,155,251,2023-04-17,completed
2740,2924,3,9,205,151,2025-09-18,completed
2741,811,6,2,192,168,2024-09-30,completed
2742,2792,1,6,81,183,2024-04-22,completed
2743,172,7,9,3,74,2026-07-24,in_transit
2744,278,2,10,183,285,2025-09-29,completed
2745,1394,10,2,27,292,2026-03-19,completed
2746,621,10,7,102,16,2023-05-28,completed
2747,765,4,7,295,133,2025-10-13,cancelled
2748,2961,2,3,177,215,2024-07-26,completed
2749,4694,3,10,232,234,2026-05-20,completed
2750,1694,4,8,292,195,2024-09-28,cancelled
2751,560,6,1,80,80,2023-05-24,completed
2752,565,7,9,174,37,2025-12-22,cancelled
2753,3743,1,10,259,35,2023-06-23,completed
2754,1348,1,6,41,209,2025-03-16,completed
2755,4569,9,7,266,186,2025-12-01,completed
2756,4020,9,10,204,232,2026-07-05,completed
2757,2846,1,7,64,33,2023-05-30,cancelled
2758,1789,1,5,94,101,2025-11-16,in_transit
2759,1089,2,3,137,90,2025-10-27,cancelled
2760,1094,8,7,219,136,2025-04-15,cancelled
2761,2106,8,4,114,240,2026-01-06,completed
2762,2228,6,8,57,54,2026-04-23,completed
2763,3810,6,2,187,56,2025-05-03,completed
2764,2868,9,3,170,25,2026-02-25,completed
2765,2491,7,1,93,173,2025-01-08,completed
2766,4392,1,10,40,59,2026-07-07,completed
2767,2745,10,3,34,44,2024-03-24,completed
2768,2075,3,2,290,88,2024-01-10,completed
2769,3870,4,7,94,196,2025-10-18,completed
2770,1021,10,9,242,80,2025-05-21,completed
2771,4351,2,4,259,257,2023-10-10,completed
2772,400,10,5,2,276,2024-12-25,completed
2773,4383,10,9,153,85,2026-06-11,completed
2774,1651,6,1,113,231,2023-10-31,completed
2775,1560,5,3,182,66,2024-12-05,cancelled
2776,4797,7,9,184,276,2023-03-02,completed
2777,3123,1,6,24,221,2024-02-05,cancelled
2778,1806,2,1,267,116,2023-04-02,completed
2779,2215,6,8,187,185,2026-01-13,completed
2780,1794,5,10,130,14,2024-04-03,completed
2781,2754,6,9,15,253,2025-08-22,completed
2782,758,9,5,298,109,2023-09-17,completed
2783,2444,7,6,42,209,2024-11-20,completed
2784,2115,7,1,236,172,2026-05-30,completed
2785,3238,6,7,26,159,2023-06-22,completed
2786,132,5,2,276,206,2026-05-08,completed
2787,534,2,8,167,171,2023-07-10,completed
2788,1768,10,1,114,52,2025-10-17,completed
2789,1577,3,4,206,241,2025-06-07,in_transit
2790,3104,5,9,47,285,2025-03-26,completed
2791,3662,5,7,220,191,2024-10-23,in_transit
2792,856,9,7,66,127,2025-02-10,completed
2793,937,2,10,272,269,2025-06-10,completed
2794,3394,10,1,170,52,2025-04-15,in_transit
2795,3534,4,8,59,41,2024-07-07,completed
2796,2790,8,6,182,34,2026-03-29,completed
2797,4174,7,10,88,181,2025-11-25,completed
2798,639,8,1,175,265,2023-08-15,cancelled
2799,3198,6,7,216,22,2026-04-23,completed
2800,3086,4,3,158,222,2023-11-17,completed
2801,871,8,2,182,87,2025-10-13,completed
2802,1698,6,2,221,53,2024-11-11,completed
2803,3188,1,5,29,137,2024-07-02,completed
2804,4789,1,5,241,224,2024-02-17,completed
2805,2076,6,1,273,123,2023-03-31,completed
2806,3328,5,10,249,248,2025-08-16,completed
2807,929,5,8,177,250,2024-02-26,completed
2808,4217,7,1,128,276,2025-04-13,completed
2809,1544,8,9,190,269,2026-04-07,completed
2810,2328,8,7,249,275,2023-08-15,completed
2811,3765,10,6,161,135,2025-12-16,completed
2812,4940,10,6,248,246,2023-05-17,completed
2813,2814,5,6,249,156,2023-05-18,cancelled
2814,4595,7,5,214,26,2024-05-02,completed
2815,3391,4,8,206,277,2023-11-03,completed
2816,2004,3,4,48,227,2024-09-30,in_transit
2817,4058,10,9,249,289,2024-05-24,completed
2818,4714,9,2,264,177,2025-05-11,completed
2819,2708,3,7,116,270,2023-01-09,completed
2820,2817,5,9,144,224,2023-03-09,completed
2821,2645,3,6,77,300,2025-12-17,completed
2822,4393,5,9,26,264,2024-07-01,completed
2823,2918,3,5,207,236,2026-02-05,completed
2824,564,1,8,202,58,2026-01-26,completed
2825,2540,5,2,17,50,2024-12-11,completed
2826,1482,7,4,81,252,2025-10-22,in_transit
2827,2122,8,5,266,281,2025-10-01,cancelled
2828,4100,2,6,199,21,2025-10-25,completed
2829,4506,8,5,115,191,2026-02-25,completed
2830,4293,7,1,120,199,2025-11-29,cancelled
2831,2364,10,4,85,35,2023-02-22,completed
2832,2050,3,7,16,92,2023-12-09,completed
2833,2328,8,1,178,105,2024-03-14,completed
2834,901,5,1,235,202,2026-01-08,completed
2835,1141,2,8,17,13,2025-09-24,completed
2836,3328,5,9,71,202,2023-03-29,cancelled
2837,1616,6,4,54,251,2025-01-01,completed
2838,4868,1,8,285,200,2024-08-29,completed
2839,4711,2,5,255,41,2026-05-09,completed
2840,3448,8,3,92,32,2026-01-28,cancelled
2841,1755,5,8,107,208,2024-07-12,completed
2842,2066,4,8,115,93,2025-06-29,completed
2843,680,9,5,229,144,2023-03-28,cancelled
2844,1722,1,10,215,37,2023-02-13,in_transit
2845,2193,3,8,216,183,2025-12-23,cancelled
2846,2687,10,6,181,291,2025-03-02,cancelled
2847,4365,4,7,263,290,2024-06-03,completed
2848,3352,5,3,257,221,2024-05-26,completed
2849,2503,1,6,226,227,2023-10-04,completed
2850,959,1,3,59,187,2024-11-19,completed
2851,2083,8,6,285,93,2025-09-23,completed
2852,3669,1,2,241,135,2023-06-01,completed
2853,3691,7,9,76,97,2024-03-09,completed
2854,3907,7,10,240,135,2023-01-04,cancelled
2855,1035,7,5,15,227,2026-01-17,completed
2856,73,3,4,118,157,2025-07-23,completed
2857,3074,6,10,26,19,2024-01-04,completed
2858,4032,6,1,117,19,2023-04-09,in_transit
2859,329,3,10,204,260,2024-01-31,completed
2860,997,2,1,119,146,2025-01-22,completed
2861,2453,6,10,281,112,2026-01-27,completed
2862,1983,6,9,229,187,2025-04-23,completed
2863,3048,6,8,141,188,2025-08-17,cancelled
2864,1566,9,7,12,245,2024-12-02,completed
2865,3782,2,9,212,253,2025-06-17,completed
2866,686,1,9,39,295,2023-03-15,completed
2867,4377,4,5,125,164,2024-01-27,completed
2868,935,9,5,72,187,2025-01-20,completed
2869,2751,2,4,277,164,2023-12-12,completed
2870,2208,4,1,67,123,2025-06-24,completed
2871,4016,4,7,125,42,2026-05-01,completed
2872,4144,7,5,147,55,2026-04-14,completed
2873,4272,10,7,143,216,2026-07-07,in_transit
2874,1042,4,6,112,220,2023-08-25,completed
2875,2134,5,8,101,125,2025-09-18,completed
2876,3841,8,3,115,109,2024-09-22,in_transit
2877,115,8,1,42,287,2024-07-04,completed
2878,1245,8,4,122,165,2024-10-31,completed
2879,4695,8,5,52,283,2025-07-03,in_transit
2880,3183,10,2,248,241,2025-10-17,in_transit
2881,3251,10,9,197,174,2024-01-30,completed
2882,1872,10,6,37,111,2024-09-25,completed
2883,271,4,6,211,135,2024-07-23,completed
2884,4422,4,9,271,30,2023-08-13,completed
2885,1693,7,6,100,114,2026-02-19,completed
2886,758,2,10,55,43,2025-01-25,completed
2887,3998,6,2,250,134,2025-08-15,completed
2888,948,3,4,65,296,2025-07-23,completed
2889,4599,4,9,132,66,2023-09-22,completed
2890,2692,7,6,253,220,2023-07-23,in_transit
2891,544,6,5,240,129,2023-12-07,completed
2892,2911,4,2,37,285,2025-12-17,cancelled
2893,529,7,10,300,236,2026-07-04,cancelled
2894,3326,3,9,166,209,2024-11-22,completed
2895,3505,8,1,4,300,2023-12-30,completed
2896,1112,7,5,99,289,2025-07-09,completed
2897,2854,2,7,183,230,2024-09-17,completed
2898,2741,8,1,253,137,2023-11-01,completed
2899,3131,2,4,88,107,2025-10-22,completed
2900,1714,3,2,114,118,2024-02-20,completed
2901,1158,2,10,75,279,2025-07-20,completed
2902,1931,3,7,206,120,2024-06-20,completed
2903,470,10,2,182,278,2025-12-30,completed
2904,4394,4,10,158,58,2023-07-12,completed
2905,3426,4,9,97,52,2023-11-11,completed
2906,4911,5,10,293,70,2026-04-28,completed
2907,2417,4,2,27,157,2024-10-07,completed
2908,170,1,5,152,172,2026-07-15,cancelled
2909,4465,2,5,226,257,2025-09-03,completed
2910,4781,2,9,25,176,2024-05-16,completed
2911,1110,10,1,238,35,2024-10-18,completed
2912,3078,7,8,227,265,2024-01-09,completed
2913,4907,7,3,27,157,2026-04-20,in_transit
2914,1766,2,8,240,115,2025-09-17,completed
2915,3818,10,8,180,148,2024-02-23,completed
2916,104,5,7,127,233,2025-03-17,completed
2917,4539,5,2,168,230,2025-09-30,completed
2918,4213,7,9,285,32,2023-12-05,completed
2919,2064,10,8,44,75,2023-08-29,completed
2920,197,2,7,75,46,2025-03-11,completed
2921,4319,4,7,134,185,2026-06-23,cancelled
2922,1187,7,3,34,216,2023-03-15,completed
2923,650,7,4,51,126,2023-01-02,completed
2924,853,7,2,291,192,2025-12-04,completed
2925,3975,3,5,181,190,2023-08-17,completed
2926,622,2,1,213,168,2023-09-15,cancelled
2927,4893,3,5,259,47,2023-12-19,completed
2928,3615,10,7,210,164,2026-02-22,completed
2929,999,3,5,13,87,2025-08-19,completed
2930,3891,9,1,148,186,2023-06-18,completed
2931,2236,10,2,155,74,2026-06-13,in_transit
2932,734,5,2,11,35,2025-06-17,completed
2933,916,7,9,216,79,2023-12-31,completed
2934,1836,2,5,162,74,2025-02-04,completed
2935,4545,7,10,221,145,2023-12-31,completed
2936,590,2,8,49,176,2023-08-02,completed
2937,3898,9,2,50,44,2025-04-27,completed
2938,2555,8,6,72,60,2023-05-24,in_transit
2939,2635,10,7,282,147,2026-05-02,completed
2940,4850,9,1,239,94,2024-12-13,completed
2941,1163,3,1,151,293,2025-01-19,completed
2942,4769,5,8,186,213,2024-02-01,cancelled
2943,4616,10,1,295,123,2024-09-17,completed
2944,4402,8,1,90,164,2026-02-04,completed
2945,3663,5,8,244,277,2023-12-19,completed
2946,394,2,7,236,146,2023-06-06,completed
2947,4158,9,10,271,296,2025-10-16,completed
2948,1198,4,6,65,27,2024-02-09,completed
2949,1121,5,1,119,90,2026-03-27,completed
2950,3587,6,5,27,99,2023-04-16,completed
2951,195,6,5,253,262,2024-11-03,completed
2952,2802,1,8,245,138,2024-11-13,cancelled
2953,1771,1,7,171,19,2025-03-21,completed
2954,4593,6,7,152,82,2026-05-06,completed
2955,4408,9,6,121,52,2023-04-03,completed
2956,292,7,10,164,207,2024-06-18,in_transit
2957,4572,6,1,275,280,2023-11-27,completed
2958,2857,9,4,7,69,2024-09-18,in_transit
2959,3528,8,1,161,222,2026-07-24,completed
2960,4816,10,2,1,17,2025-06-17,completed
2961,1931,4,9,53,28,2025-10-20,completed
2962,1930,4,7,28,64,2023-11-11,completed
2963,2246,9,10,23,52,2023-04-11,completed
2964,2331,6,5,279,126,2025-12-21,completed
2965,3731,5,8,96,209,2024-10-15,completed
2966,638,2,8,85,227,2024-06-26,completed
2967,999,2,1,93,61,2024-12-25,completed
2968,3195,9,7,130,242,2025-02-02,completed
2969,2664,7,10,189,99,2024-07-18,completed
2970,3547,8,7,84,52,2024-12-23,in_transit
2971,828,6,8,241,158,2023-12-23,completed
2972,3468,8,3,96,231,2025-09-20,completed
2973,1998,9,8,93,248,2025-09-07,completed
2974,4802,2,6,129,189,2026-04-02,completed
2975,1073,1,4,122,217,2026-07-06,in_transit
2976,3867,9,3,101,207,2026-02-21,completed
2977,1378,7,9,2,104,2026-07-23,in_transit
2978,4727,5,4,160,159,2024-05-12,in_transit
2979,2151,6,2,259,275,2023-02-19,in_transit
2980,4271,5,9,114,168,2023-01-02,completed
2981,3656,7,10,73,175,2023-03-26,completed
2982,4988,10,4,154,219,2025-07-13,completed
2983,206,10,3,178,175,2025-09-08,in_transit
2984,3781,1,3,291,256,2024-09-22,completed
2985,2671,3,6,161,121,2025-08-18,completed
2986,1785,5,4,159,268,2025-07-14,completed
2987,4988,1,5,104,266,2024-12-07,completed
2988,920,2,1,206,233,2024-09-09,cancelled
2989,1489,9,1,147,237,2025-06-16,completed
2990,3491,8,3,259,158,2023-05-08,completed
2991,3841,10,6,290,11,2023-11-28,completed
2992,703,3,5,36,79,2024-06-22,completed
2993,3599,5,3,280,88,2023-08-15,completed
2994,886,2,1,16,273,2025-05-27,completed
2995,179,2,10,200,288,2025-12-05,completed
2996,3044,3,6,170,256,2025-10-09,completed
2997,4594,4,1,32,158,2024-09-16,cancelled
2998,3080,7,9,35,104,2025-12-15,completed
2999,744,10,9,131,172,2023-11-03,completed
3000,3614,9,4,39,68,2024-03-07,completed
3001,179,1,6,152,218,2025-07-12,completed
3002,3608,2,7,265,13,2025-02-07,cancelled
3003,119,5,10,28,276,2026-04-11,cancelled
3004,4646,2,4,233,100,2025-10-16,completed
3005,675,7,1,291,262,2026-06-21,completed
3006,1663,4,2,200,233,2026-03-08,cancelled
3007,386,3,10,70,178,2024-03-20,completed
3008,1465,7,10,71,27,2023-03-11,completed
3009,1699,7,3,142,81,2024-03-23,completed
3010,708,8,9,98,198,2024-05-26,completed
3011,768,6,7,139,70,2026-02-16,completed
3012,1558,4,9,176,18,2023-10-09,completed
3013,2509,3,7,33,235,2025-04-19,completed
3014,4096,6,8,271,31,2024-03-26,cancelled
3015,2616,5,9,190,79,2025-09-16,completed
3016,3441,10,9,147,20,2026-07-24,completed
3017,1949,9,3,251,171,2025-10-20,completed
3018,1973,9,8,11,73,2023-01-27,in_transit
3019,3087,7,6,270,196,2024-07-13,in_transit
3020,3936,8,3,207,105,2023-10-10,completed
3021,182,7,2,191,166,2026-02-09,completed
3022,403,6,3,4,133,2023-12-06,completed
3023,4095,4,6,234,91,2023-12-15,completed
3024,4981,2,4,78,123,2024-11-22,cancelled
3025,2882,4,7,299,203,2026-02-28,completed
3026,473,2,4,176,70,2024-07-15,cancelled
3027,2720,4,9,102,85,2025-03-22,completed
3028,4049,4,10,164,152,2025-10-10,completed
3029,1458,2,4,191,77,2026-04-17,completed
3030,3857,7,9,207,85,2023-04-24,cancelled
3031,2716,1,8,84,276,2024-01-22,completed
3032,3872,3,1,174,225,2026-04-13,in_transit
3033,2953,3,7,194,171,2025-07-14,completed
3034,4644,5,10,136,287,2024-07-10,in_transit
3035,2950,1,4,190,124,2026-03-28,in_transit
3036,2691,9,10,259,191,2026-02-14,completed
3037,553,7,5,218,269,2026-07-17,completed
3038,3521,10,4,227,230,2023-10-22,completed
3039,2148,5,8,42,241,2023-12-27,completed
3040,3049,3,8,241,127,2025-12-30,completed
3041,1880,6,1,272,270,2025-10-01,completed
3042,677,5,6,251,159,2023-06-15,completed
3043,2814,4,6,291,290,2025-01-15,cancelled
3044,4086,10,6,258,99,2025-07-19,completed
3045,4521,6,1,105,62,2023-01-23,completed
3046,4098,9,4,86,175,2024-10-17,cancelled
3047,3015,9,8,169,82,2023-02-06,completed
3048,4615,5,2,189,143,2023-06-19,in_transit
3049,4486,3,9,78,31,2023-10-01,completed
3050,1475,2,10,288,161,2026-02-23,completed
3051,4968,8,2,61,233,2025-07-02,completed
3052,680,10,7,104,264,2023-02-13,completed
3053,2354,5,2,267,196,2023-10-05,cancelled
3054,4294,7,6,255,51,2023-03-22,in_transit
3055,4937,5,7,293,287,2023-04-05,completed
3056,4100,7,10,81,143,2023-09-29,completed
3057,3678,4,7,28,259,2025-02-13,completed
3058,4227,3,5,191,217,2025-06-16,completed
3059,3158,5,2,95,161,2025-08-02,completed
3060,403,6,3,45,16,2026-02-01,completed
3061,2409,8,6,238,96,2023-09-02,completed
3062,4888,10,9,154,114,2025-07-05,cancelled
3063,3282,4,10,44,60,2026-04-19,completed
3064,1535,3,6,164,197,2024-08-03,completed
3065,2205,2,3,183,248,2023-12-07,completed
3066,1563,7,6,22,174,2024-12-05,completed
3067,3025,3,8,164,232,2023-01-24,cancelled
3068,2886,4,10,234,241,2023-11-29,in_transit
3069,4313,9,1,129,75,2024-05-19,completed
3070,4349,5,9,170,41,2026-01-20,cancelled
3071,3570,2,4,281,243,2024-12-23,completed
3072,474,2,6,163,128,2024-02-09,cancelled
3073,2182,3,7,205,274,2023-12-14,completed
3074,4969,5,2,114,170,2023-02-25,cancelled
3075,2489,8,4,292,128,2025-04-10,completed
3076,2490,3,4,278,178,2025-11-25,completed
3077,2444,3,4,254,169,2024-02-03,completed
3078,3962,8,9,226,212,2025-07-12,completed
3079,2565,1,2,91,177,2024-10-10,completed
3080,4523,4,2,81,80,2025-06-12,cancelled
3081,4290,6,4,206,236,2026-03-24,in_transit
3082,2145,1,6,38,232,2024-02-01,completed
3083,4642,7,8,230,290,2024-09-18,completed
3084,479,3,1,261,259,2023-11-16,completed
3085,1394,8,3,241,264,2025-03-08,completed
3086,3082,3,2,151,280,2025-02-10,completed
3087,814,2,4,292,202,2024-09-09,cancelled
3088,3232,5,9,247,250,2024-02-02,completed
3089,3792,8,5,108,215,2026-01-09,completed
3090,1529,7,5,75,17,2024-07-15,completed
3091,4194,3,6,204,145,2023-12-05,in_transit
3092,4161,2,9,128,156,2025-12-27,in_transit
3093,3820,4,5,138,239,2025-03-11,cancelled
3094,3937,9,10,93,162,2024-05-05,completed
3095,2610,4,8,128,92,2025-03-28,completed
3096,3759,7,8,188,88,2024-07-04,in_transit
3097,4294,8,6,125,266,2023-07-16,completed
3098,148,1,2,69,82,2024-07-13,completed
3099,1761,4,7,62,63,2025-03-15,in_transit
3100,3696,5,4,223,121,2025-07-29,completed
3101,3433,3,10,26,181,2026-02-23,completed
3102,1033,4,10,92,85,2025-09-19,completed
3103,366,1,3,297,231,2026-02-17,completed
3104,2673,1,7,279,29,2024-11-01,in_transit
3105,4106,6,8,122,83,2026-02-12,completed
3106,3960,1,10,282,227,2026-05-20,completed
3107,4748,1,4,19,284,2023-04-13,in_transit
3108,3476,2,4,101,63,2026-03-19,completed
3109,2952,6,9,192,39,2025-06-09,completed
3110,1679,10,8,123,52,2025-08-02,completed
3111,4731,4,6,5,233,2026-06-23,cancelled
3112,2724,1,3,195,81,2023-11-12,completed
3113,1806,3,8,98,154,2026-04-18,cancelled
3114,750,2,1,220,102,2024-10-06,completed
3115,1085,4,6,286,111,2023-04-17,cancelled
3116,4890,9,7,240,53,2023-11-10,in_transit
3117,2206,1,3,172,289,2026-02-12,completed
3118,678,1,4,217,58,2023-11-14,cancelled
3119,3576,4,2,28,236,2023-05-14,completed
3120,1929,9,1,163,80,2025-05-07,completed
3121,4746,5,3,200,223,2024-05-19,cancelled
3122,4189,9,10,125,43,2023-07-08,completed
3123,1134,4,3,52,239,2024-12-03,cancelled
3124,2525,5,2,235,174,2023-09-24,completed
3125,4506,9,3,29,82,2024-12-03,completed
3126,1611,7,8,86,286,2023-12-12,completed
3127,1143,9,10,40,39,2024-06-17,completed
3128,2789,2,9,145,289,2025-09-18,in_transit
3129,4655,6,8,49,56,2023-04-24,completed
3130,2156,2,8,123,240,2026-05-06,completed
3131,3956,7,6,200,264,2025-07-21,completed
3132,4351,3,9,54,279,2025-01-28,in_transit
3133,799,8,10,203,220,2023-07-20,completed
3134,4776,7,8,154,118,2023-08-17,cancelled
3135,3393,10,5,38,115,2025-06-04,completed
3136,4627,6,10,297,184,2024-10-31,completed
3137,1878,9,3,5,21,2023-06-27,completed
3138,2095,2,6,208,31,2026-03-26,in_transit
3139,1727,2,8,51,84,2025-04-06,completed
3140,2146,3,2,72,182,2023-01-02,completed
3141,3791,6,4,178,180,2023-07-18,in_transit
3142,3332,7,6,199,133,2025-01-04,in_transit
3143,72,10,7,116,220,2023-10-11,in_transit
3144,3534,10,2,92,97,2023-08-06,completed
3145,1618,4,3,102,43,2026-05-03,cancelled
3146,3982,3,2,42,99,2024-12-24,completed
3147,393,8,7,150,147,2026-05-28,completed
3148,2509,8,4,206,108,2025-12-27,cancelled
3149,4465,2,7,73,26,2025-06-07,in_transit
3150,2499,6,7,56,22,2026-06-07,completed
3151,4855,9,8,152,158,2024-11-24,completed
3152,1375,10,4,288,115,2025-12-20,in_transit
3153,640,10,7,75,52,2023-08-22,completed
3154,2240,2,3,37,258,2025-10-04,in_transit
3155,74,1,5,69,115,2023-01-03,completed
3156,1674,2,5,133,28,2023-08-10,completed
3157,2796,8,6,177,212,2024-03-05,completed
3158,2853,3,9,196,192,2025-04-15,completed
3159,3848,10,1,31,205,2025-08-09,completed
3160,4556,6,9,231,288,2025-10-20,completed
3161,4187,9,6,164,117,2026-04-27,cancelled
3162,1709,10,2,24,122,2025-03-25,completed
3163,254,9,6,223,195,2023-03-05,completed
3164,4877,5,9,219,184,2025-06-21,completed
3165,2976,10,6,131,32,2026-01-10,completed
3166,3028,6,7,254,277,2026-01-03,completed
3167,1171,7,3,128,259,2025-08-26,completed
3168,3630,10,2,274,208,2026-02-28,completed
3169,506,1,2,19,194,2025-02-20,completed
3170,1996,8,5,23,89,2025-07-27,completed
3171,3588,10,4,77,273,2023-12-17,completed
3172,50,6,1,212,84,2026-01-12,completed
3173,4891,3,6,119,171,2024-06-26,completed
3174,519,7,3,279,14,2023-11-29,completed
3175,1611,7,10,186,145,2023-09-15,completed
3176,3530,4,8,45,179,2023-07-25,in_transit
3177,2721,9,1,64,272,2026-02-02,completed
3178,400,8,10,154,292,2024-12-25,completed
3179,4875,4,2,172,239,2023-08-29,completed
3180,4502,5,7,189,79,2026-02-01,completed
3181,4658,7,6,90,26,2023-09-03,completed
3182,4584,6,10,232,246,2025-12-19,completed
3183,815,2,7,64,215,2024-02-13,completed
3184,282,3,7,110,220,2026-02-22,completed
3185,1738,8,9,156,83,2025-07-29,completed
3186,3709,7,8,252,291,2023-02-10,completed
3187,4048,3,9,81,299,2023-08-05,completed
3188,4944,7,5,7,21,2026-01-28,completed
3189,2264,9,4,180,78,2023-01-05,completed
3190,2764,4,1,173,23,2025-09-05,completed
3191,4134,8,10,175,152,2025-10-11,completed
3192,1098,4,7,87,284,2023-09-22,completed
3193,2961,7,10,145,213,2024-02-06,completed
3194,1968,10,3,248,257,2023-09-24,completed
3195,2401,4,1,129,99,2024-01-29,in_transit
3196,3074,3,6,117,178,2024-10-08,completed
3197,2339,2,4,31,94,2023-12-15,completed
3198,1753,9,5,68,240,2024-12-05,completed
3199,2971,2,6,124,116,2023-04-25,completed
3200,2416,1,10,282,176,2024-12-24,completed
3201,3598,7,5,277,263,2025-12-04,completed
3202,4826,7,3,105,167,2025-02-14,completed
3203,3404,6,3,104,239,2023-02-08,in_transit
3204,3541,7,8,140,175,2024-07-14,completed
3205,3013,3,8,101,157,2024-12-25,cancelled
3206,4573,8,7,150,264,2024-02-14,completed
3207,131,6,2,119,290,2025-06-17,completed
3208,3001,3,5,150,143,2023-06-11,completed
3209,4943,8,7,160,202,2023-05-07,completed
3210,932,10,8,35,134,2024-09-18,completed
3211,4501,3,8,161,99,2024-06-02,cancelled
3212,4254,1,5,176,40,2024-05-05,completed
3213,957,6,2,291,300,2025-06-07,completed
3214,266,8,10,247,55,2024-04-11,completed
3215,2437,5,9,113,246,2024-12-09,cancelled
3216,1436,10,2,113,120,2025-04-07,completed
3217,4163,3,6,125,294,2025-03-25,completed
3218,1719,7,3,218,186,2023-08-11,completed
3219,572,4,2,124,125,2023-03-21,completed
3220,2155,3,2,85,93,2023-12-08,cancelled
3221,3142,6,8,206,214,2023-08-14,completed
3222,1335,6,3,162,102,2026-05-29,completed
3223,4319,6,10,205,200,2024-11-03,completed
3224,1809,4,3,159,203,2025-07-10,completed
3225,954,6,4,237,130,2024-06-10,completed
3226,1233,1,2,81,186,2025-03-14,completed
3227,817,10,3,64,37,2026-01-20,cancelled
3228,282,6,9,266,151,2025-08-06,completed
3229,1418,10,5,294,150,2024-09-18,completed
3230,2848,6,9,87,284,2023-08-18,completed
3231,1916,1,4,37,207,2025-11-29,completed
3232,4300,9,6,144,109,2023-04-19,completed
3233,525,3,8,13,95,2023-03-27,cancelled
3234,3806,6,4,54,292,2023-07-11,completed
3235,4096,5,7,47,287,2025-05-08,completed
3236,611,10,6,47,45,2023-09-15,completed
3237,1971,4,2,70,264,2026-05-02,completed
3238,1564,6,3,198,255,2026-01-20,completed
3239,933,10,4,113,124,2025-10-16,completed
3240,4538,1,9,120,209,2023-12-18,completed
3241,3515,4,8,173,140,2023-09-07,completed
3242,2309,9,3,194,191,2023-11-07,completed
3243,4675,7,6,228,109,2026-01-30,completed
3244,2080,6,3,281,35,2026-07-10,completed
3245,2787,7,8,295,111,2026-03-08,completed
3246,3832,1,3,256,235,2023-10-18,completed
3247,4465,5,6,273,164,2025-12-13,completed
3248,3130,3,5,289,121,2023-03-04,completed
3249,46,9,2,52,199,2026-04-21,completed
3250,2515,9,1,53,264,2023-09-26,cancelled
3251,2305,5,8,6,225,2026-04-11,cancelled
3252,4533,1,2,135,61,2023-03-29,in_transit
3253,2334,10,2,253,141,2024-06-26,completed
3254,3370,9,6,282,33,2023-07-19,completed
3255,4804,5,7,299,298,2023-04-11,in_transit
3256,4849,2,10,228,241,2024-09-03,completed
3257,2982,10,6,109,129,2025-06-01,completed
3258,1971,2,7,151,221,2023-11-14,completed
3259,744,7,2,56,68,2024-03-07,completed
3260,4484,5,10,182,188,2023-11-25,cancelled
3261,3329,6,8,253,111,2026-03-01,completed
3262,1198,1,6,56,166,2023-01-29,completed
3263,308,7,10,43,180,2025-09-10,completed
3264,1642,1,4,300,281,2023-08-04,completed
3265,1653,6,10,171,102,2025-10-14,completed
3266,4670,6,1,146,275,2025-02-28,in_transit
3267,1580,3,7,8,246,2023-02-25,cancelled
3268,2856,5,2,255,150,2024-08-29,completed
3269,2445,3,7,138,65,2023-06-12,completed
3270,4599,8,5,253,115,2025-12-28,completed
3271,3066,5,10,283,246,2023-05-17,completed
3272,3809,5,4,245,290,2024-11-14,completed
3273,4711,7,3,106,216,2025-08-06,completed
3274,1638,9,1,263,69,2026-04-27,cancelled
3275,770,3,5,201,94,2023-05-03,completed
3276,3845,5,1,123,84,2024-02-23,in_transit
3277,1469,9,7,68,242,2026-05-03,cancelled
3278,161,10,4,24,30,2024-02-25,in_transit
3279,362,2,9,282,150,2024-12-22,cancelled
3280,1859,4,8,247,40,2023-02-06,completed
3281,3140,7,10,4,59,2026-02-01,cancelled
3282,2079,10,8,228,114,2024-08-20,completed
3283,155,4,9,279,15,2023-06-10,in_transit
3284,1334,6,5,125,32,2025-10-22,completed
3285,2016,4,3,67,248,2024-05-03,completed
3286,3645,7,9,126,260,2026-02-26,completed
3287,4511,7,10,296,10,2025-07-14,in_transit
3288,2259,1,2,225,46,2023-11-12,completed
3289,2166,9,6,258,287,2024-07-19,completed
3290,261,3,6,172,174,2024-09-12,completed
3291,2012,9,5,166,75,2023-06-20,cancelled
3292,3663,6,8,242,194,2024-12-24,completed
3293,1433,7,10,229,18,2025-04-08,in_transit
3294,2418,2,1,266,77,2024-04-29,completed
3295,700,5,10,71,232,2026-06-08,completed
3296,3406,3,7,72,159,2023-01-08,completed
3297,1878,9,1,136,94,2025-10-02,completed
3298,4286,9,2,65,174,2024-06-01,completed
3299,1739,2,1,5,137,2023-03-16,completed
3300,1931,10,2,216,24,2023-12-15,cancelled
3301,4387,7,9,26,175,2023-06-22,in_transit
3302,3987,10,1,243,49,2026-04-27,completed
3303,1848,3,8,61,191,2025-04-03,completed
3304,2292,10,7,101,287,2025-12-07,completed
3305,4728,9,8,23,167,2026-07-16,in_transit
3306,99,10,6,159,272,2023-11-17,cancelled
3307,1094,7,5,291,18,2025-02-20,in_transit
3308,3517,10,2,100,272,2026-05-02,completed
3309,4061,6,10,96,202,2026-01-11,completed
3310,3771,10,9,152,60,2026-02-17,completed
3311,372,2,4,116,30,2023-06-29,completed
3312,421,3,7,148,297,2025-01-01,completed
3313,3034,1,4,30,56,2025-11-03,completed
3314,958,8,9,54,87,2024-03-25,completed
3315,1005,4,6,83,233,2024-10-01,cancelled
3316,994,7,5,247,140,2025-06-03,completed
3317,1773,2,10,258,174,2024-05-16,completed
3318,1575,9,4,179,163,2023-11-25,completed
3319,2311,6,7,58,45,2026-03-25,completed
3320,1183,10,2,166,143,2025-02-18,completed
3321,1114,6,5,13,220,2025-01-17,completed
3322,799,5,10,60,200,2023-03-24,completed
3323,4836,1,4,243,172,2025-10-02,completed
3324,716,5,3,13,79,2023-04-15,completed
3325,1234,7,10,180,102,2025-10-08,completed
3326,1315,9,6,264,276,2024-08-01,completed
3327,4728,8,1,76,77,2026-02-03,completed
3328,707,8,5,188,121,2023-03-20,completed
3329,3596,2,3,128,289,2023-11-28,completed
3330,1359,3,4,294,67,2023-04-12,completed
3331,1160,5,6,54,294,2025-12-22,in_transit
3332,876,6,7,173,286,2023-12-28,completed
3333,4500,1,3,104,137,2024-02-10,completed
3334,621,2,6,155,180,2024-01-19,completed
3335,3976,7,1,241,149,2024-01-25,completed
3336,554,6,3,183,177,2024-01-21,completed
3337,2801,7,4,175,89,2025-05-21,completed
3338,4941,9,6,57,48,2025-11-06,completed
3339,939,5,8,20,168,2024-08-18,completed
3340,398,4,6,148,71,2024-12-22,completed
3341,452,6,9,260,193,2025-07-29,completed
3342,471,10,1,167,80,2025-01-17,in_transit
3343,3757,9,2,128,262,2025-05-24,completed
3344,849,4,2,111,219,2026-05-03,completed
3345,932,3,9,181,61,2025-08-31,completed
3346,4702,6,9,286,153,2026-01-05,completed
3347,1149,8,2,222,243,2025-12-03,completed
3348,1223,5,10,89,281,2026-06-20,in_transit
3349,1123,1,7,168,23,2024-12-05,completed
3350,2642,2,7,269,195,2024-01-24,completed
3351,2319,1,5,121,99,2024-04-13,completed
3352,1273,8,3,186,189,2023-04-18,completed
3353,3626,5,10,7,94,2025-01-11,completed
3354,734,3,5,125,217,2025-06-17,completed
3355,3211,4,1,267,89,2024-01-24,completed
3356,1776,6,8,174,185,2023-06-21,completed
3357,2228,2,10,195,170,2025-03-29,completed
3358,271,4,1,98,159,2023-05-23,completed
3359,2827,1,2,61,74,2025-09-16,completed
3360,728,7,8,199,25,2024-12-13,completed
3361,712,8,7,87,249,2023-12-25,completed
3362,838,5,7,296,130,2023-12-31,completed
3363,4479,7,2,234,106,2026-04-15,cancelled
3364,868,8,4,133,233,2025-11-21,completed
3365,2260,6,4,264,263,2025-08-02,completed
3366,2301,7,3,60,75,2026-05-28,in_transit
3367,3201,4,3,196,29,2026-03-16,in_transit
3368,424,6,4,119,21,2024-12-02,completed
3369,4589,6,5,238,199,2023-05-19,completed
3370,401,8,10,60,290,2025-09-16,in_transit
3371,2200,9,8,297,41,2024-01-18,completed
3372,4766,9,1,5,206,2024-05-31,completed
3373,1231,8,10,114,119,2023-02-22,completed
3374,1536,3,9,278,241,2023-05-10,completed
3375,2323,5,10,228,213,2025-07-03,completed
3376,4856,7,3,238,120,2025-12-07,completed
3377,363,1,10,7,199,2023-01-22,in_transit
3378,1587,7,5,106,241,2024-02-08,completed
3379,196,3,2,98,207,2023-08-25,completed
3380,3416,2,7,44,145,2023-07-06,completed
3381,304,6,5,194,127,2026-05-01,in_transit
3382,1184,8,2,11,266,2026-02-06,completed
3383,716,8,10,181,79,2024-08-30,completed
3384,1507,1,6,188,174,2023-06-11,completed
3385,4149,4,6,99,295,2023-11-23,completed
3386,4064,6,5,209,131,2023-06-12,completed
3387,3981,6,2,145,204,2024-04-03,completed
3388,3630,7,10,198,297,2025-04-17,completed
3389,3909,1,2,96,286,2025-10-29,completed
3390,4127,6,5,176,284,2023-12-14,in_transit
3391,1934,1,8,202,179,2025-10-22,completed
3392,2443,2,10,50,250,2024-12-01,completed
3393,2006,5,2,281,172,2025-09-03,completed
3394,1652,3,8,16,183,2025-08-06,completed
3395,2835,5,6,144,195,2023-09-13,completed
3396,3912,3,2,67,95,2024-05-05,completed
3397,3547,1,6,249,131,2025-11-19,completed
3398,968,10,6,125,14,2023-12-03,completed
3399,2755,6,4,212,78,2025-08-13,completed
3400,2287,4,1,132,20,2023-03-04,in_transit
3401,4176,3,4,89,111,2025-11-04,completed
3402,1080,10,7,127,127,2024-06-15,completed
3403,4227,6,10,65,263,2024-11-06,cancelled
3404,167,1,5,207,261,2024-05-04,completed
3405,4021,2,4,270,78,2023-06-24,completed
3406,2907,5,2,84,225,2025-08-13,completed
3407,4850,6,4,202,134,2024-11-02,completed
3408,3649,9,5,201,14,2024-06-06,completed
3409,3347,10,5,218,83,2023-09-23,cancelled
3410,4705,10,2,40,203,2026-05-29,completed
3411,1712,6,3,153,86,2025-08-18,completed
3412,3724,9,10,240,294,2025-01-14,completed
3413,126,1,2,285,63,2023-11-07,completed
3414,2887,4,6,244,169,2023-05-27,cancelled
3415,2799,4,1,289,102,2025-05-23,completed
3416,4603,4,2,24,153,2024-10-23,completed
3417,728,7,2,217,262,2024-12-28,cancelled
3418,3079,6,2,55,59,2023-04-26,cancelled
3419,4317,4,10,176,220,2023-11-02,completed
3420,3874,10,3,20,89,2026-01-14,in_transit
3421,4556,3,4,114,240,2023-09-13,completed
3422,1947,8,10,199,211,2025-10-11,completed
3423,3237,1,10,46,218,2025-05-16,cancelled
3424,3198,6,5,183,50,2023-11-27,completed
3425,440,9,4,31,236,2026-01-28,completed
3426,1094,6,5,70,186,2024-10-09,cancelled
3427,2189,2,9,26,110,2023-09-03,completed
3428,1206,6,7,57,227,2026-03-13,completed
3429,3970,2,3,233,195,2026-07-01,completed
3430,1250,8,10,287,135,2024-06-01,completed
3431,589,10,3,176,120,2026-05-04,completed
3432,4500,5,1,31,114,2024-01-01,completed
3433,496,9,10,151,21,2026-02-11,in_transit
3434,4054,5,3,173,268,2026-01-19,completed
3435,872,6,5,262,135,2023-06-29,completed
3436,721,8,7,10,61,2025-04-17,completed
3437,4314,1,7,234,96,2023-02-04,completed
3438,4038,9,1,292,63,2025-08-26,completed
3439,287,4,9,17,64,2026-01-13,completed
3440,2238,9,7,59,181,2024-01-23,completed
3441,1754,5,3,223,14,2023-04-08,completed
3442,1719,8,6,261,244,2024-01-28,completed
3443,510,1,3,233,278,2024-03-04,completed
3444,1885,7,3,183,106,2023-06-21,completed
3445,1868,3,10,14,37,2024-07-20,completed
3446,2419,2,3,291,59,2026-01-02,completed
3447,183,10,8,6,24,2025-01-14,completed
3448,2041,2,4,4,94,2025-08-25,in_transit
3449,2071,8,3,209,194,2023-01-26,completed
3450,2843,8,4,271,154,2025-05-09,completed
3451,2751,10,6,174,161,2025-01-15,cancelled
3452,1287,2,8,169,209,2023-08-19,completed
3453,4817,6,4,232,39,2024-11-06,completed
3454,1771,9,1,198,18,2023-10-31,completed
3455,3033,10,5,115,232,2024-11-18,completed
3456,3050,1,5,145,203,2025-06-18,completed
3457,2572,8,5,18,230,2026-01-13,completed
3458,3162,3,1,109,153,2024-05-17,completed
3459,4697,8,4,17,90,2025-02-28,completed
3460,2648,2,9,59,231,2026-05-17,completed
3461,3527,5,7,170,34,2024-01-10,completed
3462,270,5,10,206,123,2025-11-27,cancelled
3463,2125,8,2,102,167,2025-08-18,cancelled
3464,2380,2,5,230,255,2023-10-19,completed
3465,2531,7,6,80,216,2023-10-14,cancelled
3466,820,6,3,106,84,2024-10-30,completed
3467,3180,3,7,232,186,2023-01-26,completed
3468,1362,8,1,135,235,2024-04-12,completed
3469,4037,3,5,17,131,2026-06-03,cancelled
3470,228,7,5,284,169,2025-10-14,completed
3471,3248,7,9,82,220,2025-02-12,completed
3472,4060,9,6,214,146,2026-02-16,completed
3473,4173,8,7,212,67,2023-07-30,completed
3474,1697,1,3,246,112,2023-07-30,completed
3475,1058,7,5,175,160,2026-07-09,completed
3476,2063,10,4,165,218,2023-01-29,completed
3477,1604,7,6,235,137,2026-04-21,completed
3478,2836,6,8,201,211,2024-02-03,completed
3479,1199,6,8,245,53,2023-03-08,completed
3480,467,2,6,144,228,2023-10-29,completed
3481,1159,1,3,65,88,2023-12-19,cancelled
3482,2642,9,7,193,75,2024-02-22,in_transit
3483,3908,10,2,235,203,2024-08-03,completed
3484,3664,5,8,153,252,2024-09-16,completed
3485,3798,6,4,3,125,2024-07-31,completed
3486,1680,8,4,102,156,2025-08-14,completed
3487,4324,8,3,63,207,2023-04-03,completed
3488,4000,10,6,37,161,2023-03-23,completed
3489,3987,1,9,70,286,2023-06-15,completed
3490,4608,8,5,192,126,2025-09-06,completed
3491,4385,3,4,298,155,2025-03-07,completed
3492,4733,7,10,281,258,2023-12-12,completed
3493,4568,8,2,216,79,2026-03-10,completed
3494,4041,10,8,136,42,2025-11-26,completed
3495,375,3,6,173,202,2024-11-05,cancelled
3496,2564,5,3,299,76,2023-04-19,completed
3497,3953,6,8,247,98,2025-05-04,completed
3498,3768,6,5,294,32,2025-09-16,completed
3499,3003,4,5,114,159,2024-12-25,in_transit
3500,2929,6,4,79,251,2023-06-24,in_transit
3501,2732,7,4,35,284,2024-01-17,in_transit
3502,3494,10,8,15,141,2026-04-09,completed
3503,739,3,7,284,206,2024-04-30,completed
3504,4636,3,7,53,247,2026-06-16,completed
3505,1882,4,9,228,281,2023-01-06,completed
3506,2255,5,9,247,143,2023-07-26,completed
3507,2647,4,2,176,103,2024-04-22,completed
3508,42,10,4,290,293,2025-12-23,completed
3509,1880,3,2,218,249,2024-06-02,in_transit
3510,721,7,10,125,209,2025-05-27,completed
3511,3551,1,4,223,88,2023-09-19,completed
3512,4108,10,8,169,168,2024-12-02,completed
3513,3447,1,10,41,210,2025-09-19,completed
3514,1171,8,6,251,153,2023-03-19,completed
3515,466,10,4,46,264,2023-11-04,completed
3516,3750,3,6,67,40,2023-06-24,completed
3517,969,5,3,172,93,2024-12-17,in_transit
3518,3978,6,9,227,291,2026-07-19,in_transit
3519,597,2,1,265,158,2025-10-09,in_transit
3520,3323,3,9,151,232,2023-09-09,completed
3521,1527,6,7,235,270,2024-01-27,completed
3522,4625,2,1,19,184,2023-01-27,completed
3523,3097,2,1,96,45,2024-07-08,completed
3524,2682,2,6,4,78,2025-09-18,completed
3525,1463,1,4,6,213,2023-01-29,completed
3526,3019,1,2,10,277,2026-06-02,completed
3527,4855,10,6,251,59,2024-12-15,completed
3528,3086,9,1,284,86,2026-06-22,completed
3529,1956,5,8,238,128,2023-07-28,completed
3530,4078,2,1,252,294,2024-10-12,completed
3531,1899,10,6,176,92,2026-01-02,completed
3532,478,2,7,243,208,2023-04-19,completed
3533,3241,10,3,15,122,2024-06-14,completed
3534,2385,7,9,118,15,2025-04-21,completed
3535,4113,10,6,10,263,2025-02-05,completed
3536,3878,4,5,293,109,2023-06-29,in_transit
3537,2124,4,8,19,68,2025-04-08,in_transit
3538,4749,5,6,7,225,2026-06-05,completed
3539,2229,1,3,238,41,2024-05-20,completed
3540,4058,2,4,157,183,2024-01-17,completed
3541,1586,2,4,93,156,2023-04-12,completed
3542,304,9,3,95,102,2025-07-29,completed
3543,2939,9,5,55,150,2025-06-19,completed
3544,1675,9,5,285,154,2023-12-28,completed
3545,4546,4,10,254,60,2024-02-18,completed
3546,4819,3,2,123,172,2024-05-20,completed
3547,4768,2,10,19,263,2023-07-13,completed
3548,370,1,10,194,95,2025-12-14,completed
3549,2924,10,1,251,202,2026-04-10,completed
3550,2449,6,8,242,260,2026-04-29,completed
3551,1169,9,4,110,231,2024-03-25,completed
3552,2989,4,7,39,87,2025-06-15,completed
3553,831,1,9,86,124,2024-02-07,completed
3554,920,7,3,104,55,2023-03-01,completed
3555,1858,6,5,255,23,2023-10-17,completed
3556,3115,4,6,264,276,2025-03-09,cancelled
3557,2393,6,7,167,210,2024-07-28,completed
3558,2892,2,1,242,38,2025-02-26,completed
3559,1205,10,7,60,233,2023-05-15,completed
3560,542,3,2,190,118,2024-11-21,completed
3561,4366,7,9,40,183,2025-09-20,completed
3562,1661,3,6,270,113,2025-07-26,completed
3563,1874,3,8,127,40,2026-02-13,completed
3564,430,4,3,163,43,2024-11-20,cancelled
3565,2505,6,3,4,69,2024-02-04,completed
3566,1758,3,6,131,39,2023-04-20,completed
3567,1460,1,7,196,44,2023-01-19,completed
3568,2218,3,2,19,114,2024-06-02,completed
3569,1794,9,8,66,141,2026-05-10,completed
3570,4414,2,10,125,25,2023-10-01,completed
3571,3906,10,9,62,87,2026-02-27,completed
3572,2998,6,10,203,255,2024-12-12,cancelled
3573,3491,1,10,26,91,2024-01-16,completed
3574,817,5,8,248,288,2023-08-25,completed
3575,248,6,8,175,168,2024-02-10,completed
3576,3780,3,6,300,124,2023-01-29,completed
3577,624,5,6,111,247,2026-06-17,completed
3578,3720,6,10,190,289,2026-04-25,completed
3579,4058,6,4,11,219,2024-05-04,completed
3580,4738,3,6,15,83,2023-02-06,cancelled
3581,1385,10,5,252,138,2025-02-08,completed
3582,4106,1,7,162,75,2023-08-01,in_transit
3583,2896,6,2,45,125,2024-07-02,completed
3584,31,1,5,150,296,2024-04-23,completed
3585,930,10,8,119,197,2023-12-24,completed
3586,584,3,9,52,174,2023-03-30,completed
3587,343,9,2,291,41,2024-07-28,completed
3588,3429,4,5,27,177,2023-06-24,cancelled
3589,2837,3,5,210,255,2025-08-18,completed
3590,967,3,10,212,182,2026-02-25,completed
3591,3297,5,10,166,154,2023-12-02,cancelled
3592,3872,6,9,63,274,2024-11-10,completed
3593,2506,6,1,34,251,2023-08-26,in_transit
3594,4748,1,9,262,190,2026-04-13,in_transit
3595,3062,4,3,252,283,2026-07-09,completed
3596,2749,2,9,273,145,2024-03-22,completed
3597,2777,7,4,157,246,2023-03-01,completed
3598,4572,4,7,179,136,2025-10-20,in_transit
3599,671,9,1,113,86,2026-05-27,completed
3600,1100,8,4,72,154,2023-05-21,completed
3601,3345,3,8,266,156,2024-06-28,completed
3602,1085,10,5,142,281,2024-07-08,completed
3603,1001,1,4,234,62,2025-06-01,cancelled
3604,4089,2,9,115,12,2024-03-12,in_transit
3605,1534,9,4,130,269,2023-05-29,completed
3606,3792,7,9,184,125,2023-10-25,cancelled
3607,4988,2,6,158,19,2025-12-18,completed
3608,3170,4,8,216,98,2024-06-16,completed
3609,507,5,4,232,119,2023-09-03,completed
3610,3734,9,4,158,212,2025-02-18,completed
3611,1859,7,9,90,222,2023-02-10,completed
3612,3247,8,1,148,183,2024-11-01,completed
3613,4652,6,2,145,75,2026-05-16,completed
3614,3971,5,4,297,127,2026-07-15,completed
3615,4337,10,7,77,294,2024-12-07,in_transit
3616,3410,1,9,79,217,2023-10-26,completed
3617,677,4,9,287,163,2024-10-18,completed
3618,4488,5,9,164,143,2026-07-27,completed
3619,4553,2,10,49,139,2025-04-16,completed
3620,1353,6,5,227,184,2023-12-16,completed
3621,2233,7,10,216,162,2023-02-19,completed
3622,1849,3,1,125,62,2025-08-24,in_transit
3623,1086,1,10,15,227,2026-04-05,completed
3624,4118,9,5,54,90,2023-03-08,completed
3625,427,5,10,49,251,2023-04-06,in_transit
3626,2935,3,4,216,86,2023-05-30,completed
3627,299,8,10,7,295,2024-12-04,completed
3628,4601,7,5,158,148,2026-03-10,completed
3629,3523,6,2,282,181,2025-08-02,completed
3630,4617,2,4,215,246,2025-01-30,completed
3631,1805,3,2,89,202,2024-02-10,completed
3632,3837,8,5,49,190,2024-07-19,completed
3633,1156,7,3,211,34,2024-11-24,completed
3634,523,8,9,132,169,2025-06-02,completed
3635,2840,2,10,260,193,2025-02-18,in_transit
3636,3369,8,1,283,262,2023-03-29,completed
3637,636,8,1,237,130,2026-03-03,completed
3638,2986,9,1,42,186,2024-06-28,completed
3639,4431,8,4,118,271,2023-07-15,completed
3640,1419,10,2,238,267,2023-08-03,completed
3641,29,10,3,41,266,2026-05-01,in_transit
3642,932,3,2,146,50,2023-01-04,completed
3643,1591,5,7,237,246,2026-04-11,completed
3644,1548,7,4,159,80,2024-04-19,completed
3645,3064,3,7,133,281,2025-02-20,completed
3646,1888,9,5,205,131,2023-05-19,completed
3647,3701,4,8,194,214,2023-03-17,cancelled
3648,1500,9,3,71,149,2026-01-26,in_transit
3649,2285,10,8,53,249,2025-07-12,completed
3650,1812,2,9,64,201,2024-01-22,completed
3651,453,2,1,53,200,2025-01-28,completed
3652,4425,1,8,26,111,2023-01-26,completed
3653,4589,7,6,255,158,2025-12-04,completed
3654,3127,2,3,85,234,2026-02-04,completed
3655,2383,4,9,151,202,2023-03-07,completed
3656,958,8,9,65,123,2026-01-25,completed
3657,3885,7,9,291,77,2025-05-09,completed
3658,4609,7,5,206,214,2024-09-05,completed
3659,373,9,1,135,140,2024-06-21,completed
3660,519,7,10,97,92,2023-05-11,completed
3661,4565,8,2,177,53,2024-08-13,completed
3662,2770,10,7,151,121,2025-12-26,completed
3663,1283,1,10,73,69,2025-10-18,completed
3664,611,3,7,180,95,2025-03-14,cancelled
3665,3146,7,5,149,64,2025-12-02,completed
3666,3846,5,8,292,72,2025-08-23,completed
3667,2064,7,1,248,158,2025-07-20,completed
3668,2273,1,7,141,111,2025-12-31,completed
3669,4851,7,10,225,51,2023-08-05,completed
3670,953,2,4,115,59,2025-07-07,completed
3671,528,6,3,179,29,2024-09-24,cancelled
3672,247,1,4,201,159,2023-10-10,completed
3673,2237,6,4,297,135,2023-08-31,completed
3674,913,9,5,247,17,2025-06-17,completed
3675,2553,5,7,257,164,2024-02-02,cancelled
3676,3975,4,10,87,277,2026-02-09,completed
3677,2750,8,1,187,206,2023-04-18,completed
3678,4061,1,2,292,240,2026-01-19,completed
3679,2410,3,8,2,182,2024-03-25,in_transit
3680,3158,3,7,209,43,2024-03-19,cancelled
3681,4434,9,5,170,167,2026-05-12,completed
3682,3188,10,7,96,175,2026-07-16,completed
3683,3074,9,7,59,114,2023-11-07,completed
3684,1828,5,2,29,161,2024-11-23,in_transit
3685,2330,3,10,267,187,2024-01-07,completed
3686,2617,5,8,285,294,2026-07-15,completed
3687,2359,10,7,58,55,2025-12-16,cancelled
3688,434,9,4,256,181,2024-05-24,completed
3689,4865,2,4,108,154,2025-01-26,completed
3690,512,3,6,155,270,2026-06-11,completed
3691,4783,6,2,4,290,2023-11-08,completed
3692,1257,1,5,250,204,2024-06-04,completed
3693,1829,8,1,184,244,2024-08-10,completed
3694,2970,10,9,136,44,2025-06-02,in_transit
3695,1658,8,6,195,229,2024-04-20,completed
3696,2628,3,6,178,242,2024-04-20,in_transit
3697,2138,2,5,44,36,2025-09-15,cancelled
3698,4678,10,4,55,34,2024-04-06,in_transit
3699,3925,10,6,154,99,2026-04-27,cancelled
3700,4998,9,4,144,207,2024-05-08,completed
3701,2425,3,2,258,232,2024-02-26,completed
3702,2355,4,8,86,156,2024-03-19,completed
3703,1180,5,1,2,60,2026-02-17,completed
3704,30,2,4,213,21,2023-09-02,completed
3705,2198,6,9,298,70,2024-05-28,completed
3706,2335,1,5,170,268,2023-09-09,completed
3707,3514,9,7,7,139,2024-06-13,completed
3708,2573,6,10,262,255,2023-04-13,completed
3709,1146,3,6,226,170,2023-04-19,cancelled
3710,650,4,10,135,239,2023-05-03,completed
3711,2188,9,10,75,89,2025-02-25,cancelled
3712,4880,7,3,135,123,2024-09-02,completed
3713,3734,6,7,160,280,2025-02-04,completed
3714,3186,2,7,223,138,2025-10-05,completed
3715,3891,10,7,108,214,2025-02-16,completed
3716,2738,9,4,270,267,2023-08-16,completed
3717,774,3,7,74,216,2024-08-23,completed
3718,2335,4,1,58,215,2026-07-21,completed
3719,3615,4,9,62,283,2024-08-20,completed
3720,1469,10,5,29,10,2025-08-19,completed
3721,3506,2,10,27,10,2023-09-23,completed
3722,586,4,7,171,36,2023-08-21,cancelled
3723,2034,4,10,129,114,2024-04-17,completed
3724,3397,8,10,177,150,2025-02-27,completed
3725,51,4,7,118,88,2023-01-24,completed
3726,898,2,5,183,71,2026-01-09,completed
3727,519,6,8,90,51,2026-05-30,completed
3728,587,3,6,258,66,2026-06-06,completed
3729,543,9,10,31,233,2025-10-02,completed
3730,2367,8,6,299,235,2023-10-23,cancelled
3731,2903,5,1,41,46,2024-08-07,completed
3732,167,1,9,119,276,2024-02-12,completed
3733,602,1,10,114,38,2026-02-06,completed
3734,4461,6,8,128,224,2023-08-23,completed
3735,3099,2,6,87,110,2026-05-21,completed
3736,1728,6,5,269,216,2024-07-09,completed
3737,2096,7,3,209,154,2025-06-01,completed
3738,2788,6,1,52,212,2026-05-10,completed
3739,294,7,8,213,28,2025-07-30,completed
3740,418,9,1,7,246,2025-01-24,completed
3741,1865,9,7,120,168,2025-11-22,completed
3742,3002,10,8,106,73,2024-11-21,completed
3743,2180,2,7,122,266,2025-12-03,completed
3744,2316,10,3,281,189,2026-04-11,in_transit
3745,981,10,4,252,243,2023-09-12,completed
3746,2174,5,2,161,115,2025-07-14,completed
3747,2096,8,5,21,77,2026-04-24,completed
3748,4968,7,4,81,17,2025-05-25,completed
3749,4648,10,8,50,185,2024-09-19,completed
3750,4533,6,2,231,69,2025-01-15,in_transit
3751,3289,2,4,92,52,2023-12-27,completed
3752,1982,6,8,147,21,2024-07-25,completed
3753,3326,9,7,181,267,2026-02-06,completed
3754,2467,7,2,212,81,2024-09-11,completed
3755,3299,3,8,126,289,2026-02-27,completed
3756,3679,2,1,253,245,2025-07-20,completed
3757,2617,8,4,196,162,2024-06-12,in_transit
3758,1966,5,1,191,295,2023-03-07,completed
3759,4333,5,6,56,67,2025-12-09,completed
3760,1266,10,1,299,138,2025-01-31,completed
3761,3480,4,5,15,76,2024-07-11,completed
3762,3388,2,4,52,92,2025-07-25,completed
3763,591,6,5,235,300,2024-03-25,completed
3764,1799,7,4,279,17,2024-10-05,completed
3765,4982,10,7,189,116,2026-07-07,completed
3766,3301,3,4,18,161,2024-10-04,completed
3767,4399,8,9,242,12,2026-01-05,completed
3768,4953,5,3,132,197,2025-05-16,completed
3769,3729,8,3,163,128,2023-08-29,cancelled
3770,1793,4,9,239,196,2025-01-14,completed
3771,3512,4,2,148,22,2025-09-22,completed
3772,4474,2,8,230,218,2023-02-23,completed
3773,2000,10,4,245,100,2023-03-11,completed
3774,4807,3,6,118,257,2023-02-07,completed
3775,4340,8,7,1,184,2025-09-22,cancelled
3776,1594,7,8,18,21,2024-10-31,completed
3777,2919,1,8,197,129,2025-06-26,completed
3778,3932,2,4,167,297,2024-03-11,completed
3779,2736,1,8,193,204,2023-03-29,completed
3780,1351,3,7,24,216,2025-06-15,completed
3781,4498,1,5,83,158,2024-03-30,completed
3782,3911,1,10,295,250,2025-11-13,completed
3783,3981,9,6,161,115,2025-11-21,completed
3784,1200,5,3,260,92,2026-04-30,completed
3785,24,9,5,137,290,2023-08-29,completed
3786,3395,1,2,32,165,2023-07-28,completed
3787,3546,3,2,248,253,2023-11-14,completed
3788,1978,9,7,54,12,2024-08-14,completed
3789,1559,6,9,129,110,2025-04-25,completed
3790,4691,6,5,146,268,2025-07-02,completed
3791,2309,4,7,173,265,2024-07-16,completed
3792,2404,8,2,137,155,2023-08-18,completed
3793,3389,4,9,29,256,2023-08-05,completed
3794,2852,4,6,51,256,2023-10-14,completed
3795,4147,4,5,103,103,2024-08-12,completed
3796,2225,8,3,32,48,2024-07-06,completed
3797,3926,9,3,49,161,2025-08-18,completed
3798,1985,2,9,90,262,2026-06-23,in_transit
3799,2221,5,1,218,298,2023-05-21,in_transit
3800,1914,5,9,84,16,2023-01-22,completed
3801,2258,2,4,221,226,2026-01-01,in_transit
3802,2995,2,7,66,270,2023-07-29,completed
3803,1539,5,4,174,133,2024-04-07,completed
3804,1640,8,3,274,131,2024-02-10,completed
3805,1763,2,10,258,223,2024-05-24,in_transit
3806,2499,5,9,219,35,2024-02-15,completed
3807,3486,2,5,188,166,2024-07-21,completed
3808,1787,5,1,236,33,2024-09-24,completed
3809,2701,10,6,108,118,2026-07-01,in_transit
3810,2812,8,4,47,36,2023-03-27,completed
3811,4501,5,9,234,227,2023-05-16,completed
3812,857,3,7,278,214,2026-02-04,completed
3813,4893,10,5,210,293,2024-09-05,completed
3814,1217,6,8,244,115,2024-12-10,completed
3815,722,9,3,199,274,2026-07-23,completed
3816,2098,4,5,93,292,2024-02-18,in_transit
3817,3769,10,3,262,55,2023-07-22,completed
3818,2656,1,3,102,261,2025-06-01,completed
3819,2023,9,10,146,152,2024-07-12,completed
3820,145,9,8,4,16,2024-01-30,completed
3821,2960,8,3,159,107,2023-10-07,completed
3822,3412,5,8,136,157,2026-04-28,cancelled
3823,2199,10,3,112,283,2024-04-08,completed
3824,2307,2,7,228,73,2024-11-13,completed
3825,2369,7,2,145,57,2024-01-06,completed
3826,2193,8,6,215,288,2026-01-18,in_transit
3827,1536,5,6,208,136,2024-08-14,completed
3828,4324,1,3,264,140,2025-06-13,completed
3829,2414,5,1,91,79,2026-01-21,completed
3830,1795,8,4,95,94,2023-08-13,completed
3831,3080,5,10,140,18,2024-12-29,completed
3832,885,9,10,70,74,2023-09-19,completed
3833,1989,4,7,266,170,2025-03-23,completed
3834,945,10,3,42,257,2026-04-19,completed
3835,2793,6,4,297,296,2024-02-04,completed
3836,142,7,3,279,193,2023-01-27,completed
3837,3306,4,6,277,202,2024-04-08,completed
3838,4222,6,8,251,186,2023-01-23,in_transit
3839,614,9,6,49,287,2026-04-17,completed
3840,2772,7,4,212,165,2024-06-12,completed
3841,3369,3,10,283,264,2023-01-02,completed
3842,4996,10,5,153,131,2023-09-05,completed
3843,3863,10,1,90,194,2026-06-06,completed
3844,1006,2,1,234,265,2025-01-22,completed
3845,1861,5,9,255,91,2023-01-18,completed
3846,620,3,10,88,66,2023-09-02,completed
3847,4474,9,1,245,200,2025-09-11,completed
3848,4347,3,9,128,131,2026-03-30,completed
3849,2748,6,4,3,185,2025-02-26,completed
3850,3646,3,9,162,156,2026-01-23,completed
3851,211,5,3,150,192,2025-05-06,cancelled
3852,2088,5,3,215,226,2023-03-24,completed
3853,1591,6,9,202,256,2024-06-05,completed
3854,3780,9,4,183,292,2025-09-01,completed
3855,2256,7,6,203,141,2023-05-13,completed
3856,2826,10,4,182,123,2025-06-18,cancelled
3857,618,8,7,85,41,2026-06-25,in_transit
3858,4560,3,10,235,238,2025-09-26,completed
3859,102,1,6,165,76,2023-04-12,completed
3860,1555,5,10,67,17,2024-03-08,completed
3861,2845,10,5,37,263,2026-06-01,completed
3862,2270,3,2,18,87,2023-01-31,completed
3863,307,3,7,118,144,2024-01-16,completed
3864,977,7,1,221,266,2023-01-15,completed
3865,3094,7,4,292,203,2025-10-04,completed
3866,2277,3,10,189,124,2026-06-17,completed
3867,4213,4,3,145,25,2025-05-19,cancelled
3868,1909,10,1,37,163,2025-07-23,completed
3869,4337,3,2,200,276,2023-07-09,completed
3870,1533,8,5,143,300,2023-05-04,cancelled
3871,4696,5,2,22,288,2024-02-20,completed
3872,3817,2,4,3,48,2025-02-24,completed
3873,732,10,2,226,166,2023-08-03,completed
3874,2232,5,8,83,93,2024-11-25,completed
3875,2961,9,3,211,288,2025-05-25,completed
3876,3894,8,4,105,142,2024-06-14,completed
3877,1385,1,8,266,273,2025-09-04,completed
3878,3683,7,2,1,114,2025-07-26,completed
3879,417,5,2,46,129,2024-10-23,completed
3880,2609,7,6,171,37,2025-08-12,completed
3881,4779,8,6,284,283,2023-05-09,completed
3882,346,8,2,126,278,2024-07-31,cancelled
3883,1098,10,4,266,168,2024-04-14,completed
3884,4995,8,3,280,90,2026-07-22,in_transit
3885,3411,2,10,147,233,2025-10-22,completed
3886,165,3,7,214,221,2026-02-24,completed
3887,4750,1,3,227,249,2025-04-12,cancelled
3888,658,1,7,153,17,2024-07-24,completed
3889,3227,3,8,285,136,2023-08-29,completed
3890,2112,6,4,45,245,2026-01-17,completed
3891,4181,7,5,227,273,2026-04-06,in_transit
3892,4284,1,7,159,24,2023-03-19,completed
3893,1623,8,2,6,117,2025-12-09,completed
3894,3019,9,6,131,159,2023-02-15,in_transit
3895,2002,3,6,268,91,2025-07-06,completed
3896,3642,2,3,240,34,2024-10-03,completed
3897,558,8,2,242,150,2023-08-28,completed
3898,4335,7,8,165,89,2025-06-23,completed
3899,4860,9,10,192,26,2025-05-24,completed
3900,3188,10,6,83,137,2026-06-29,completed
3901,3140,2,4,109,34,2025-11-22,cancelled
3902,4564,6,4,89,232,2026-03-19,completed
3903,3080,6,3,8,202,2026-01-29,completed
3904,3419,4,9,126,281,2024-03-26,completed
3905,4449,1,2,177,258,2024-07-15,completed
3906,1252,6,4,134,169,2023-12-03,completed
3907,1140,6,3,76,268,2026-05-06,completed
3908,4079,8,6,209,48,2023-06-19,completed
3909,4505,2,8,291,204,2026-06-08,completed
3910,1920,8,2,173,282,2024-04-20,cancelled
3911,4725,9,2,212,253,2026-04-28,completed
3912,4947,2,1,108,25,2026-05-02,completed
3913,4217,2,8,140,222,2024-04-16,completed
3914,2971,3,7,274,259,2024-07-30,completed
3915,3159,7,6,281,250,2023-04-01,completed
3916,1877,10,4,132,71,2023-07-31,cancelled
3917,2283,4,2,129,180,2023-07-15,completed
3918,1989,1,7,135,261,2024-06-24,cancelled
3919,4122,6,10,285,248,2023-04-13,completed
3920,2318,1,5,236,11,2025-04-11,completed
3921,1315,5,2,111,285,2024-08-27,completed
3922,4662,5,10,115,84,2025-04-20,completed
3923,1280,9,7,182,141,2025-09-10,completed
3924,1751,4,5,101,70,2024-05-28,completed
3925,301,3,9,143,141,2025-04-06,completed
3926,4131,7,5,208,44,2024-06-09,completed
3927,1115,5,8,91,64,2025-09-22,completed
3928,1242,6,1,278,292,2024-11-12,completed
3929,538,10,6,79,23,2025-12-09,completed
3930,2609,1,6,99,255,2025-04-24,in_transit
3931,2824,6,3,284,236,2024-12-25,completed
3932,863,1,4,230,156,2025-02-13,completed
3933,4558,4,2,46,133,2025-08-24,completed
3934,3538,8,5,199,17,2024-12-27,completed
3935,4788,10,1,83,209,2023-02-09,in_transit
3936,3999,4,5,145,19,2024-07-19,completed
3937,264,5,4,146,103,2025-07-13,completed
3938,2157,10,9,19,65,2023-09-07,completed
3939,2513,4,10,112,188,2024-03-12,completed
3940,1426,6,8,291,112,2024-01-16,completed
3941,3195,1,9,177,132,2023-10-21,completed
3942,3706,1,3,179,209,2024-07-26,completed
3943,1305,10,3,244,266,2025-06-27,completed
3944,582,9,8,5,281,2025-07-30,completed
3945,1273,1,8,258,143,2025-03-07,completed
3946,21,1,5,64,183,2026-02-26,completed
3947,281,5,8,136,216,2025-10-12,completed
3948,1409,3,2,243,66,2024-03-09,in_transit
3949,4819,5,1,212,149,2025-08-28,completed
3950,665,1,7,121,86,2024-11-12,completed
3951,3855,2,8,67,254,2023-06-02,completed
3952,4589,5,4,257,243,2025-06-18,completed
3953,2314,10,8,280,26,2025-10-30,in_transit
3954,1864,3,8,216,108,2024-11-21,completed
3955,683,10,4,225,198,2026-07-02,completed
3956,2683,3,5,29,165,2026-07-21,completed
3957,1035,3,5,167,54,2025-07-21,cancelled
3958,4779,10,1,48,29,2026-02-04,completed
3959,2714,6,10,100,265,2023-10-06,completed
3960,119,7,4,249,82,2025-08-16,completed
3961,3852,9,8,167,211,2024-08-29,completed
3962,3363,8,5,22,113,2024-06-17,completed
3963,2166,1,5,124,108,2025-09-21,completed
3964,4515,3,10,3,12,2023-08-01,cancelled
3965,486,7,5,116,110,2024-12-28,completed
3966,1464,6,10,253,259,2024-01-25,completed
3967,3705,8,9,38,18,2025-05-30,in_transit
3968,1077,8,9,113,19,2023-05-08,completed
3969,619,3,1,29,33,2023-08-23,completed
3970,1317,6,8,51,104,2025-06-24,completed
3971,642,1,3,255,275,2024-05-25,completed
3972,1817,10,6,130,212,2023-12-28,completed
3973,789,6,3,168,268,2023-12-04,completed
3974,3403,3,6,1,65,2024-07-12,completed
3975,380,4,1,12,88,2025-12-04,completed
3976,1072,5,2,96,41,2025-05-13,completed
3977,3428,1,10,294,211,2024-01-28,completed
3978,207,8,3,184,98,2023-06-12,completed
3979,2635,6,5,66,41,2025-06-26,completed
3980,787,4,7,117,199,2025-03-22,completed
3981,23,2,6,83,284,2026-03-25,completed
3982,3443,3,4,72,234,2023-08-09,completed
3983,578,3,2,24,176,2025-09-23,in_transit
3984,3654,6,9,9,101,2024-01-15,in_transit
3985,3163,4,5,121,265,2024-09-15,completed
3986,1817,10,1,237,265,2026-02-08,completed
3987,3240,6,3,32,16,2024-11-02,completed
3988,4508,6,1,39,125,2024-04-29,completed
3989,1723,6,7,3,253,2024-06-09,completed
3990,1112,6,5,112,126,2024-09-28,cancelled
3991,3831,10,3,76,16,2024-04-02,completed
3992,3487,8,3,130,208,2025-07-17,completed
3993,4371,4,2,184,192,2026-07-21,completed
3994,3277,7,3,274,197,2023-03-10,completed
3995,4855,2,4,218,188,2025-06-20,completed
3996,2578,5,6,90,141,2025-12-03,completed
3997,4093,1,10,14,249,2026-06-10,completed
3998,3103,7,10,74,204,2025-03-31,completed
3999,3303,1,8,249,122,2025-03-26,in_transit
4000,394,6,2,200,52,2023-09-30,completed
4001,1278,1,6,300,244,2026-04-27,in_transit
4002,3044,3,8,59,272,2024-12-30,completed
4003,412,2,7,164,284,2024-08-29,completed
4004,658,3,5,62,145,2023-10-24,completed
4005,1552,8,6,13,234,2025-06-21,cancelled
4006,3853,1,4,144,281,2025-11-07,completed
4007,2581,2,6,220,217,2024-10-31,completed
4008,3009,6,5,5,283,2025-05-08,completed
4009,1142,2,10,1,37,2023-12-10,completed
4010,3648,2,6,34,216,2026-04-21,completed
4011,3491,9,4,40,67,2024-03-23,cancelled
4012,4404,4,5,176,76,2026-07-05,in_transit
4013,335,7,1,213,152,2024-11-29,completed
4014,1333,2,6,159,264,2024-03-23,completed
4015,175,5,4,90,53,2025-04-03,completed
4016,1521,9,8,257,148,2024-12-18,cancelled
4017,3058,1,9,242,220,2025-01-29,completed
4018,1175,1,2,76,102,2025-11-22,in_transit
4019,1106,4,9,157,250,2024-12-17,completed
4020,2145,9,6,188,51,2023-05-07,completed
4021,2359,10,8,48,90,2024-12-29,completed
4022,142,3,5,238,47,2023-01-07,completed
4023,3288,9,1,21,299,2025-08-21,completed
4024,4219,2,10,71,254,2025-06-08,cancelled
4025,2889,7,9,41,241,2023-11-18,completed
4026,173,7,9,162,77,2024-08-26,cancelled
4027,3176,6,4,291,150,2025-05-15,cancelled
4028,716,9,6,251,15,2024-11-13,completed
4029,2863,5,3,156,145,2023-04-06,completed
4030,3598,8,1,171,250,2025-06-21,completed
4031,4450,6,3,174,33,2025-10-31,completed
4032,4722,1,5,223,280,2023-07-21,completed
4033,255,1,2,244,217,2024-12-03,completed
4034,2174,3,5,97,67,2024-06-21,cancelled
4035,4004,5,10,27,227,2023-04-10,completed
4036,3601,2,6,123,58,2026-03-02,in_transit
4037,1809,2,9,275,51,2025-08-29,cancelled
4038,941,1,2,100,69,2023-12-20,completed
4039,4386,7,2,291,237,2024-01-23,completed
4040,4914,1,5,175,170,2023-07-01,completed
4041,2096,7,1,281,112,2023-06-27,completed
4042,55,3,4,37,179,2025-12-25,completed
4043,3199,9,8,141,275,2023-04-16,completed
4044,2427,4,10,100,114,2024-09-17,completed
4045,2215,4,7,25,281,2025-03-19,in_transit
4046,610,9,10,54,97,2024-11-16,completed
4047,2471,8,4,35,226,2023-07-21,completed
4048,1933,2,3,39,115,2023-02-23,completed
4049,3778,8,10,286,45,2023-05-10,completed
4050,1978,2,9,34,241,2024-03-09,cancelled
4051,3672,1,9,110,79,2024-01-03,completed
4052,2797,9,10,130,95,2026-04-06,cancelled
4053,1433,2,10,128,275,2024-03-27,completed
4054,1844,6,3,89,257,2024-12-23,completed
4055,4320,3,6,259,96,2023-04-24,completed
4056,685,4,2,4,173,2024-04-23,completed
4057,4424,9,3,19,118,2025-02-23,in_transit
4058,3680,6,10,138,111,2025-04-21,cancelled
4059,1407,6,5,114,210,2025-02-03,completed
4060,1614,7,5,270,46,2026-01-08,completed
4061,4963,10,4,74,67,2026-06-29,completed
4062,1637,1,9,266,240,2023-05-04,completed
4063,543,1,4,149,248,2024-12-27,completed
4064,1901,3,6,50,25,2026-06-29,in_transit
4065,2851,5,2,237,210,2024-12-05,cancelled
4066,2725,1,2,53,232,2025-05-21,completed
4067,1280,3,2,175,97,2023-09-19,completed
4068,790,8,1,77,268,2025-10-20,completed
4069,1947,3,4,182,94,2024-02-05,completed
4070,554,5,10,297,198,2025-01-16,completed
4071,3181,3,2,290,187,2026-03-01,cancelled
4072,4431,10,3,45,147,2025-03-10,completed
4073,814,2,7,33,268,2025-03-14,completed
4074,2206,10,4,230,78,2024-01-08,completed
4075,2571,7,9,107,273,2023-09-17,completed
4076,4292,4,5,53,291,2025-01-02,completed
4077,3257,3,9,99,112,2023-08-17,completed
4078,15,8,5,264,180,2023-02-22,completed
4079,1425,2,4,237,78,2026-02-15,completed
4080,2540,8,4,70,263,2026-07-28,cancelled
4081,4372,7,10,48,118,2023-10-07,completed
4082,4804,1,6,178,282,2025-06-04,cancelled
4083,4924,6,9,45,73,2024-09-28,completed
4084,4167,1,4,114,279,2025-12-20,in_transit
4085,95,2,6,142,240,2024-01-30,completed
4086,2941,2,10,268,163,2024-10-11,completed
4087,1384,2,4,133,283,2026-05-19,completed
4088,4872,5,6,245,200,2025-12-12,completed
4089,3970,10,2,201,265,2025-10-02,completed
4090,193,1,10,183,54,2025-01-31,completed
4091,2067,9,10,8,162,2025-09-24,completed
4092,1518,1,5,62,36,2024-12-13,cancelled
4093,1909,2,3,275,152,2024-08-14,completed
4094,2516,5,10,83,98,2026-06-20,completed
4095,358,5,4,204,72,2026-02-07,completed
4096,2604,6,4,254,125,2023-11-05,completed
4097,44,3,7,85,254,2023-07-21,completed
4098,4844,4,9,21,11,2023-08-11,completed
4099,3682,1,2,248,139,2024-10-26,completed
4100,2420,7,10,216,201,2023-12-20,completed
4101,1957,5,10,156,186,2025-05-15,completed
4102,614,9,10,16,258,2023-03-02,completed
4103,4642,6,1,159,78,2023-10-13,cancelled
4104,2322,1,6,248,68,2024-12-05,in_transit
4105,820,3,10,198,184,2026-03-13,completed
4106,4333,4,1,205,216,2025-06-19,completed
4107,1134,9,3,242,238,2026-07-12,completed
4108,618,6,8,136,256,2026-02-23,completed
4109,895,6,3,5,126,2026-05-10,in_transit
4110,338,2,3,230,242,2026-06-05,in_transit
4111,1564,9,5,84,299,2024-06-20,completed
4112,906,7,1,221,195,2023-07-20,completed
4113,1031,6,3,233,264,2024-06-01,completed
4114,407,3,8,243,276,2023-03-29,completed
4115,4826,8,6,49,207,2025-09-03,completed
4116,2310,4,8,110,294,2025-10-25,completed
4117,1746,9,4,33,71,2023-01-25,cancelled
4118,1977,8,9,286,72,2024-09-28,completed
4119,3767,4,7,262,84,2025-04-22,completed
4120,3736,7,5,155,153,2025-01-23,cancelled
4121,4434,7,10,107,114,2024-11-25,completed
4122,3176,1,5,39,62,2023-01-04,cancelled
4123,95,6,2,256,262,2025-02-07,completed
4124,1029,8,2,8,288,2025-05-15,completed
4125,4142,5,4,54,228,2025-01-12,completed
4126,1629,8,2,194,78,2024-05-25,completed
4127,2949,6,5,46,181,2025-08-15,completed
4128,3830,10,1,13,289,2023-05-02,completed
4129,3781,3,7,50,45,2024-04-10,completed
4130,319,10,6,292,296,2026-05-19,in_transit
4131,4143,6,1,109,163,2025-01-07,completed
4132,4565,8,7,5,267,2025-02-13,completed
4133,4293,2,9,120,162,2024-09-26,completed
4134,1783,10,7,173,256,2024-05-13,cancelled
4135,4008,7,3,146,95,2025-03-05,in_transit
4136,748,8,10,76,161,2024-12-15,completed
4137,4545,7,5,97,175,2023-11-04,in_transit
4138,45,1,9,21,243,2025-09-28,completed
4139,646,10,1,108,242,2025-07-01,completed
4140,4944,5,10,265,47,2023-03-08,cancelled
4141,3143,8,4,288,248,2026-04-20,cancelled
4142,3188,1,7,194,290,2025-11-18,in_transit
4143,1684,3,2,3,131,2024-04-16,completed
4144,4680,2,3,93,164,2024-10-11,completed
4145,3268,10,7,123,41,2023-10-12,in_transit
4146,238,4,6,179,44,2024-12-13,completed
4147,2262,8,7,209,178,2025-06-13,completed
4148,2969,10,4,54,167,2023-03-31,completed
4149,4284,7,1,50,36,2025-01-14,completed
4150,3630,5,10,281,238,2024-03-08,cancelled
4151,2008,10,1,227,139,2026-07-23,completed
4152,3180,10,6,233,227,2024-11-15,completed
4153,3321,6,10,76,193,2023-05-28,completed
4154,314,6,8,128,91,2025-06-29,cancelled
4155,2119,6,9,66,69,2026-05-19,cancelled
4156,249,2,3,39,281,2025-05-06,completed
4157,3230,7,1,52,295,2023-10-18,completed
4158,1591,10,8,272,77,2023-07-26,completed
4159,1015,10,6,230,287,2024-05-07,completed
4160,1356,8,4,279,32,2023-08-20,completed
4161,2834,10,8,40,229,2023-11-18,in_transit
4162,1313,3,5,288,296,2024-01-25,completed
4163,1092,4,7,110,154,2025-10-23,completed
4164,4731,3,10,289,57,2026-07-12,completed
4165,4338,2,9,60,205,2024-09-02,completed
4166,1644,10,5,136,58,2025-04-19,completed
4167,3097,9,8,150,58,2025-11-25,completed
4168,776,1,2,205,75,2023-02-19,completed
4169,3249,8,9,231,136,2026-02-24,completed
4170,356,2,8,220,230,2023-10-06,completed
4171,4484,8,4,29,233,2025-10-15,completed
4172,4165,6,4,117,64,2024-04-12,completed
4173,1885,4,7,155,17,2025-11-14,completed
4174,4453,5,9,52,118,2024-02-02,completed
4175,2319,6,8,166,121,2024-12-19,completed
4176,4613,9,6,155,264,2023-09-12,completed
4177,4845,4,2,231,221,2025-10-27,completed
4178,556,7,3,212,298,2024-11-19,completed
4179,4144,10,2,271,236,2024-04-23,completed
4180,455,1,2,188,71,2023-02-15,completed
4181,4843,9,8,237,86,2023-10-21,completed
4182,657,5,9,277,286,2026-05-16,completed
4183,1071,9,6,102,19,2023-01-20,completed
4184,4920,10,2,207,161,2023-12-09,completed
4185,129,1,9,135,292,2026-06-24,completed
4186,242,7,10,78,19,2024-07-11,completed
4187,1192,3,9,6,26,2026-05-21,completed
4188,3436,10,3,162,150,2026-04-27,completed
4189,3021,1,8,45,24,2023-04-03,completed
4190,1491,4,2,202,240,2024-12-15,completed
4191,2977,3,7,88,289,2024-04-02,cancelled
4192,3762,1,10,249,197,2023-08-07,in_transit
4193,2143,8,4,261,59,2024-10-04,in_transit
4194,3685,4,9,212,282,2024-11-04,completed
4195,2255,8,4,33,127,2024-08-09,completed
4196,45,3,1,96,239,2024-05-09,completed
4197,1414,9,2,129,131,2024-10-10,completed
4198,466,3,2,212,129,2024-04-26,completed
4199,3018,2,9,162,84,2023-11-27,completed
4200,1285,9,4,52,170,2025-02-16,completed
4201,319,6,5,212,147,2026-04-10,completed
4202,207,1,8,117,210,2024-08-27,completed
4203,4261,1,2,138,269,2023-08-08,completed
4204,3882,7,3,224,59,2025-09-21,in_transit
4205,1215,2,4,158,16,2025-09-11,completed
4206,3459,5,6,80,292,2024-03-29,completed
4207,2176,7,10,60,282,2025-11-28,completed
4208,3335,8,6,35,113,2023-04-05,completed
4209,3394,10,1,164,58,2024-03-18,completed
4210,4820,6,4,40,129,2024-09-17,completed
4211,821,3,5,225,181,2023-12-30,completed
4212,4750,4,2,235,282,2025-09-04,completed
4213,1937,8,7,78,50,2025-01-05,completed
4214,1800,6,3,137,195,2023-02-19,completed
4215,1001,10,2,175,109,2025-04-29,completed
4216,3565,5,9,83,246,2025-02-23,completed
4217,4506,5,2,182,37,2023-05-22,completed
4218,15,2,1,90,205,2025-11-16,completed
4219,304,3,9,233,250,2023-12-01,completed
4220,2070,1,6,189,51,2025-09-04,completed
4221,1927,1,10,64,292,2026-06-04,completed
4222,83,6,2,163,268,2023-11-11,completed
4223,796,1,10,16,261,2025-03-24,completed
4224,246,2,6,43,236,2023-04-17,completed
4225,2376,7,3,186,262,2025-04-26,in_transit
4226,2715,6,4,169,212,2026-01-10,completed
4227,739,6,5,122,165,2025-08-19,completed
4228,707,3,5,179,226,2026-03-17,cancelled
4229,1328,1,9,286,285,2026-01-12,in_transit
4230,756,1,4,33,110,2024-04-11,completed
4231,4332,7,6,294,222,2026-06-19,completed
4232,3372,5,8,31,95,2026-04-03,completed
4233,2844,1,2,160,195,2023-12-22,completed
4234,4955,8,4,87,22,2023-10-03,completed
4235,1701,10,9,240,271,2025-01-26,completed
4236,2796,1,8,146,267,2024-09-24,completed
4237,4144,1,3,133,264,2023-03-11,completed
4238,4586,3,6,207,85,2024-12-14,completed
4239,3636,2,3,288,67,2025-02-28,completed
4240,1131,5,1,200,243,2026-06-19,completed
4241,3188,6,4,68,78,2025-08-07,completed
4242,706,3,6,261,105,2023-08-08,completed
4243,2596,6,3,261,231,2024-04-24,completed
4244,4312,7,9,121,245,2026-05-16,completed
4245,2710,1,4,90,290,2024-01-15,completed
4246,2075,2,9,274,66,2024-09-22,cancelled
4247,3169,5,4,114,145,2026-03-05,completed
4248,4919,6,4,136,271,2025-03-26,completed
4249,138,3,7,270,135,2026-07-07,completed
4250,843,5,3,79,76,2026-05-31,cancelled
4251,3623,3,4,260,230,2023-06-11,completed
4252,4528,8,4,21,141,2026-05-09,completed
4253,4949,9,3,278,286,2024-12-18,completed
4254,4418,6,10,129,10,2026-02-22,completed
4255,4768,3,2,77,256,2024-08-23,completed
4256,1179,7,10,240,96,2023-05-14,completed
4257,3129,4,6,209,152,2024-07-20,completed
4258,581,8,10,21,167,2025-01-28,completed
4259,4245,10,6,154,123,2025-10-23,completed
4260,755,7,8,56,219,2024-09-10,completed
4261,2122,2,7,135,73,2023-07-07,completed
4262,27,7,3,292,256,2023-04-20,completed
4263,4029,6,10,277,245,2023-03-10,completed
4264,241,10,1,207,137,2024-05-06,cancelled
4265,4664,2,1,291,148,2025-05-26,completed
4266,65,2,3,180,187,2024-06-30,completed
4267,4388,2,10,263,198,2026-01-12,completed
4268,2022,7,5,124,286,2024-09-26,completed
4269,2810,8,9,151,274,2024-04-24,completed
4270,1118,3,5,181,203,2026-04-28,in_transit
4271,4263,3,10,243,78,2023-10-14,completed
4272,3983,8,5,300,290,2024-07-18,completed
4273,3357,3,10,169,103,2023-04-01,completed
4274,945,5,9,134,75,2025-03-26,completed
4275,4746,7,10,287,222,2026-05-01,completed
4276,330,10,2,43,37,2025-11-22,completed
4277,1699,9,10,183,195,2025-10-06,cancelled
4278,791,4,10,295,280,2025-04-07,completed
4279,2843,1,6,131,29,2023-12-25,completed
4280,3686,8,7,17,296,2024-05-03,completed
4281,3123,8,7,1,126,2023-05-08,completed
4282,848,1,5,83,279,2023-03-18,completed
4283,3788,10,4,293,230,2024-09-05,completed
4284,2591,4,9,124,222,2024-08-17,in_transit
4285,2637,6,2,255,29,2024-12-09,completed
4286,3113,7,10,80,228,2026-02-15,completed
4287,538,10,1,76,234,2024-12-13,completed
4288,3048,10,6,69,146,2023-08-16,completed
4289,721,8,5,215,295,2026-07-29,completed
4290,3484,5,10,65,92,2026-05-23,completed
4291,1391,10,9,13,136,2023-10-16,completed
4292,2810,4,9,96,134,2024-11-14,completed
4293,3624,7,5,194,66,2023-09-30,completed
4294,3893,1,3,134,233,2025-11-12,in_transit
4295,3280,10,7,286,46,2025-02-04,completed
4296,1565,4,9,255,141,2026-04-21,completed
4297,1068,5,10,76,134,2023-05-27,completed
4298,1933,2,6,137,290,2025-11-17,completed
4299,2193,9,4,134,225,2023-08-25,completed
4300,273,4,8,37,135,2024-12-20,in_transit
4301,933,10,1,171,103,2023-06-27,completed
4302,2386,9,2,93,80,2025-06-08,completed
4303,4694,3,10,256,133,2025-08-14,cancelled
4304,2423,3,10,51,14,2025-09-28,completed
4305,4474,1,5,206,104,2023-07-18,completed
4306,2086,2,10,70,167,2025-11-14,completed
4307,4442,5,9,292,258,2025-10-29,completed
4308,1645,3,4,147,209,2023-03-28,completed
4309,2648,4,5,120,239,2026-07-02,completed
4310,936,7,5,42,118,2025-11-10,completed
4311,767,7,10,290,279,2024-10-03,completed
4312,1971,5,3,155,58,2025-05-31,cancelled
4313,2508,2,9,152,68,2026-07-24,completed
4314,1281,10,9,225,179,2025-07-18,completed
4315,25,9,7,199,78,2025-11-15,in_transit
4316,4218,8,2,220,166,2024-10-15,cancelled
4317,946,7,10,198,293,2024-04-10,completed
4318,2114,7,1,158,79,2025-05-27,completed
4319,3385,4,1,192,70,2025-05-13,cancelled
4320,3386,6,5,70,43,2025-04-15,completed
4321,817,6,1,226,205,2026-04-13,completed
4322,3629,6,4,290,147,2025-10-06,completed
4323,1964,10,1,75,12,2026-05-12,cancelled
4324,4362,2,3,124,297,2023-08-01,cancelled
4325,1464,8,5,200,91,2024-02-25,completed
4326,806,5,10,71,261,2023-07-29,completed
4327,1134,3,7,216,174,2025-09-15,cancelled
4328,2355,8,3,291,94,2024-09-14,completed
4329,1054,9,4,185,149,2025-06-05,completed
4330,4224,8,3,73,59,2024-04-30,cancelled
4331,1560,1,9,41,91,2023-01-29,completed
4332,2329,8,6,110,105,2025-10-24,cancelled
4333,4995,8,9,68,97,2023-12-13,completed
4334,4477,1,3,144,103,2023-08-28,completed
4335,4943,9,1,94,118,2024-03-10,completed
4336,2883,2,9,279,243,2026-02-20,completed
4337,1126,8,2,239,160,2024-05-08,completed
4338,830,6,7,222,228,2023-11-24,completed
4339,1530,4,5,125,239,2024-03-26,cancelled
4340,723,10,3,94,130,2026-05-15,completed
4341,772,3,1,138,219,2025-11-05,completed
4342,2775,10,2,69,246,2024-05-26,completed
4343,3739,8,1,54,190,2023-01-14,in_transit
4344,4763,6,5,188,63,2025-03-30,completed
4345,2097,5,7,255,194,2023-04-18,completed
4346,1397,9,1,189,267,2023-09-20,completed
4347,2898,3,5,16,40,2023-07-21,completed
4348,1674,3,5,2,285,2023-01-07,completed
4349,2271,2,1,242,29,2025-07-04,completed
4350,1981,2,3,193,126,2025-07-17,completed
4351,1371,10,7,3,170,2026-02-27,completed
4352,695,8,5,265,227,2026-07-18,completed
4353,1955,1,10,218,254,2023-05-23,in_transit
4354,2218,5,9,114,115,2023-01-07,in_transit
4355,2147,1,5,196,103,2024-11-29,in_transit
4356,2805,1,7,212,224,2023-02-22,cancelled
4357,2583,2,8,195,300,2025-01-22,cancelled
4358,1132,5,8,161,222,2026-03-28,completed
4359,4565,8,4,264,237,2026-05-07,completed
4360,689,1,3,247,173,2026-03-02,completed
4361,41,8,9,45,100,2026-02-10,cancelled
4362,2529,9,8,115,126,2025-10-09,completed
4363,1032,4,2,97,136,2025-09-27,completed
4364,937,2,7,80,77,2026-05-14,completed
4365,2395,8,5,266,213,2026-03-03,completed
4366,1995,3,4,163,154,2023-07-26,cancelled
4367,4814,5,10,22,151,2024-10-12,cancelled
4368,2209,4,3,76,278,2025-02-09,completed
4369,688,9,6,116,102,2025-11-25,completed
4370,927,10,3,77,107,2026-07-13,completed
4371,4607,2,1,206,108,2023-08-05,completed
4372,768,2,4,258,258,2026-02-20,completed
4373,3992,1,5,15,118,2023-02-01,completed
4374,229,1,2,29,60,2023-08-27,completed
4375,1183,6,7,122,274,2024-08-31,completed
4376,3517,5,6,149,154,2023-09-19,in_transit
4377,949,4,9,143,231,2023-04-27,completed
4378,1982,1,5,121,151,2024-12-13,completed
4379,4348,3,2,244,191,2023-12-10,completed
4380,169,10,3,38,189,2026-01-24,cancelled
4381,3939,5,8,238,67,2025-09-07,completed
4382,4674,6,8,162,19,2026-02-12,completed
4383,3407,1,4,126,270,2025-04-05,completed
4384,711,2,5,295,146,2026-04-23,completed
4385,3549,7,6,185,88,2023-03-06,completed
4386,2613,4,9,69,147,2025-08-16,completed
4387,4357,6,7,158,53,2026-06-20,completed
4388,4831,6,8,199,10,2025-02-27,in_transit
4389,1641,6,9,259,260,2024-07-19,in_transit
4390,2547,9,8,48,177,2025-05-30,cancelled
4391,3626,10,6,74,167,2023-03-28,completed
4392,1560,9,3,14,19,2026-03-29,completed
4393,4429,10,4,55,248,2023-09-19,cancelled
4394,4812,2,3,145,41,2024-05-06,completed
4395,855,10,9,117,274,2025-10-11,completed
4396,2578,5,3,143,21,2023-12-01,completed
4397,1775,8,4,254,14,2025-11-06,completed
4398,2888,7,5,181,283,2025-12-07,completed
4399,3269,9,3,11,235,2026-02-06,completed
4400,4769,1,9,82,211,2023-10-18,completed
4401,3292,3,4,236,231,2025-05-23,completed
4402,2745,8,9,14,24,2024-08-09,completed
4403,44,8,2,108,251,2023-11-15,completed
4404,2787,1,2,71,115,2024-05-13,completed
4405,2454,5,4,278,189,2023-04-23,in_transit
4406,4982,3,7,263,277,2023-07-19,completed
4407,942,3,6,277,269,2024-01-06,completed
4408,1826,2,7,198,265,2026-07-15,cancelled
4409,3270,6,9,210,261,2025-12-19,completed
4410,1588,1,3,218,210,2023-02-15,completed
4411,2862,5,9,236,226,2023-02-04,completed
4412,3216,3,7,81,166,2024-03-26,completed
4413,2220,3,5,136,215,2023-09-13,completed
4414,4053,2,6,33,235,2023-09-10,completed
4415,2876,8,3,206,12,2025-02-05,completed
4416,1644,5,4,290,149,2023-06-25,completed
4417,2644,8,5,128,17,2023-12-19,completed
4418,1239,4,9,77,240,2026-02-21,completed
4419,735,3,8,180,227,2024-05-29,completed
4420,3298,8,5,26,70,2025-08-02,cancelled
4421,1550,3,10,1,233,2025-08-14,completed
4422,4058,2,6,116,37,2025-08-03,completed
4423,3701,10,2,122,109,2025-10-14,completed
4424,540,6,2,43,162,2023-08-17,completed
4425,1171,10,8,83,60,2025-09-25,completed
4426,1886,1,8,157,179,2025-01-07,cancelled
4427,4359,5,10,6,54,2024-02-06,completed
4428,150,3,1,225,220,2024-05-07,completed
4429,4131,1,4,73,212,2024-11-06,completed
4430,138,4,7,279,207,2023-11-14,cancelled
4431,4389,4,8,123,62,2024-03-17,completed
4432,1233,2,1,41,233,2024-03-19,completed
4433,4387,3,5,30,176,2023-08-10,completed
4434,1162,7,8,49,149,2024-02-28,completed
4435,4828,5,2,6,18,2024-11-03,in_transit
4436,1682,7,6,57,260,2023-07-26,completed
4437,2154,1,4,110,59,2025-04-08,completed
4438,71,10,3,145,83,2024-08-30,in_transit
4439,4483,1,10,33,69,2024-01-01,cancelled
4440,1560,5,4,22,162,2024-04-12,completed
4441,2017,1,9,280,180,2024-02-29,completed
4442,785,6,4,179,60,2023-04-05,completed
4443,1169,8,7,116,122,2025-04-26,completed
4444,617,2,4,170,73,2023-12-21,completed
4445,3813,3,5,282,181,2025-09-11,in_transit
4446,1869,4,5,7,213,2024-09-12,completed
4447,3120,2,9,62,147,2025-09-02,completed
4448,1755,2,6,85,253,2026-05-05,completed
4449,3267,4,9,39,211,2026-06-16,completed
4450,4019,5,9,296,131,2024-12-02,in_transit
4451,1178,2,9,136,176,2024-03-23,completed
4452,4497,2,6,16,42,2023-07-30,completed
4453,1267,7,1,38,227,2025-07-10,completed
4454,1385,4,6,178,248,2025-11-14,completed
4455,4537,9,4,28,171,2023-12-15,completed
4456,669,4,5,158,98,2023-04-29,completed
4457,4574,5,1,28,38,2024-12-06,completed
4458,938,8,4,63,96,2024-02-26,completed
4459,1278,3,5,98,192,2023-04-02,completed
4460,328,7,9,215,180,2025-01-29,completed
4461,661,4,8,23,35,2025-10-22,completed
4462,1185,7,3,75,249,2026-05-21,completed
4463,3157,2,7,214,182,2026-05-16,completed
4464,2425,2,4,234,74,2024-12-22,completed
4465,391,5,2,89,286,2024-04-25,completed
4466,4999,9,7,138,229,2024-10-16,completed
4467,3255,3,6,192,57,2024-02-28,completed
4468,1578,7,8,235,74,2026-03-19,in_transit
4469,3052,2,4,114,55,2024-08-28,in_transit
4470,980,5,7,189,114,2024-10-23,completed
4471,86,10,2,70,54,2024-11-09,completed
4472,317,3,2,282,125,2025-09-21,completed
4473,3614,4,8,272,23,2024-03-27,completed
4474,3843,4,8,203,38,2026-01-26,completed
4475,4547,3,2,61,246,2023-03-30,completed
4476,703,6,7,107,90,2025-09-23,completed
4477,4304,9,2,42,13,2025-06-02,completed
4478,3139,7,2,215,103,2026-05-24,completed
4479,4888,9,1,249,287,2023-01-04,completed
4480,4882,4,8,120,241,2023-09-25,completed
4481,4483,4,6,171,209,2024-02-06,cancelled
4482,2492,10,3,28,205,2026-02-25,completed
4483,2425,6,3,104,165,2025-08-05,cancelled
4484,1850,8,6,20,146,2023-04-26,completed
4485,4290,9,7,1,235,2026-03-16,completed
4486,3219,7,1,149,47,2023-03-13,completed
4487,1170,8,2,87,124,2024-12-07,completed
4488,4672,9,8,112,255,2024-05-23,completed
4489,3713,2,5,174,128,2024-08-12,completed
4490,2098,3,5,114,294,2026-02-13,completed
4491,2151,5,6,38,283,2026-06-22,completed
4492,2819,1,9,62,281,2023-11-25,completed
4493,2372,4,9,76,184,2023-05-15,completed
4494,3394,4,7,47,136,2024-02-27,completed
4495,4439,10,8,229,175,2026-07-03,completed
4496,2968,2,3,179,266,2023-05-28,completed
4497,4432,5,9,65,12,2025-09-26,completed
4498,1118,1,9,70,32,2025-08-05,completed
4499,1604,6,3,248,37,2025-12-31,in_transit
4500,1622,6,7,285,49,2024-03-13,completed
4501,3163,5,2,250,175,2025-07-20,completed
4502,3641,4,2,81,242,2025-10-28,cancelled
4503,855,8,5,16,223,2024-05-06,in_transit
4504,1225,2,9,254,131,2025-07-11,completed
4505,1080,10,5,148,187,2024-03-06,completed
4506,4067,6,3,229,232,2025-06-02,completed
4507,3156,10,2,122,21,2025-09-30,cancelled
4508,788,8,5,275,189,2023-05-13,in_transit
4509,4561,3,4,145,90,2024-07-10,completed
4510,3064,9,7,190,135,2023-12-18,in_transit
4511,4736,5,2,9,89,2023-06-27,completed
4512,1165,10,3,97,58,2026-05-22,in_transit
4513,4521,4,10,296,283,2023-06-26,cancelled
4514,4919,2,3,162,294,2025-05-26,completed
4515,1096,1,9,67,66,2025-04-20,completed
4516,107,2,3,25,110,2025-06-05,cancelled
4517,653,5,4,128,22,2026-02-27,completed
4518,923,1,4,126,129,2026-02-06,cancelled
4519,3417,7,1,110,79,2025-01-15,completed
4520,4738,5,3,120,74,2023-08-03,completed
4521,4844,6,8,276,148,2024-08-30,completed
4522,4921,6,2,255,146,2025-09-08,completed
4523,2743,7,6,96,227,2024-01-13,completed
4524,4038,2,10,207,45,2023-10-22,completed
4525,3773,1,2,258,236,2023-09-10,in_transit
4526,4123,5,7,135,100,2023-02-02,completed
4527,1009,10,5,281,218,2025-11-25,completed
4528,3637,1,7,55,157,2024-09-24,completed
4529,1988,8,10,62,223,2024-02-02,completed
4530,2294,9,4,26,41,2024-01-07,completed
4531,4739,3,8,110,193,2024-12-06,in_transit
4532,3732,5,7,70,204,2024-11-18,completed
4533,2796,6,9,230,166,2023-05-24,completed
4534,3956,6,1,299,45,2025-04-29,cancelled
4535,658,3,9,109,208,2023-12-31,completed
4536,3728,1,8,101,145,2023-07-26,completed
4537,1472,2,6,2,41,2023-09-26,completed
4538,4271,7,5,99,225,2023-01-12,completed
4539,927,10,1,294,246,2026-02-13,completed
4540,1775,4,6,268,200,2024-12-03,completed
4541,2608,4,10,231,219,2023-08-15,completed
4542,1201,7,4,64,79,2024-08-13,completed
4543,3610,2,3,95,188,2023-04-24,completed
4544,1474,2,9,250,176,2023-08-01,cancelled
4545,4392,6,5,230,147,2023-06-05,completed
4546,2908,9,1,51,245,2024-08-17,completed
4547,1941,8,1,258,141,2023-12-24,cancelled
4548,4017,7,9,145,97,2023-08-07,in_transit
4549,2512,5,3,231,114,2026-07-07,completed
4550,3166,9,1,256,85,2023-06-02,completed
4551,2248,5,3,70,224,2025-01-25,completed
4552,4922,5,8,87,253,2026-07-04,in_transit
4553,514,5,10,224,247,2025-03-18,completed
4554,3274,5,8,81,136,2025-03-28,completed
4555,4831,8,5,195,92,2025-02-24,completed
4556,4405,7,3,157,127,2026-06-04,completed
4557,1005,6,3,139,221,2025-12-17,completed
4558,4767,9,6,271,33,2026-07-03,completed
4559,269,9,7,224,45,2026-03-15,completed
4560,4176,4,2,266,105,2023-01-07,in_transit
4561,1713,6,8,91,157,2025-02-01,completed
4562,398,9,4,42,286,2025-03-01,completed
4563,3130,9,1,82,10,2023-09-11,cancelled
4564,4881,8,2,20,102,2026-06-30,cancelled
4565,1120,4,7,235,167,2025-12-01,completed
4566,2722,2,1,168,183,2023-03-25,cancelled
4567,3125,4,3,13,62,2023-12-31,cancelled
4568,2985,4,9,171,282,2023-11-29,completed
4569,3855,9,4,140,133,2025-08-08,completed
4570,3851,5,4,9,223,2024-08-11,completed
4571,4065,1,9,240,148,2023-12-16,completed
4572,1237,10,8,79,282,2026-03-28,completed
4573,1271,10,8,160,300,2024-09-03,completed
4574,1025,7,1,179,191,2026-06-14,completed
4575,901,8,9,183,144,2024-03-22,completed
4576,1781,9,6,289,184,2025-03-22,completed
4577,2961,9,7,17,250,2024-03-22,in_transit
4578,2759,1,3,59,95,2024-01-15,completed
4579,1320,3,4,220,205,2025-02-06,completed
4580,1237,7,8,82,140,2023-03-01,completed
4581,854,8,7,33,173,2026-07-14,completed
4582,611,8,10,74,18,2026-04-06,completed
4583,633,7,5,133,24,2025-08-14,completed
4584,89,3,9,18,55,2024-03-17,completed
4585,4652,1,5,53,203,2023-04-01,cancelled
4586,1641,2,6,154,260,2025-08-13,completed
4587,4409,3,4,193,191,2025-07-16,completed
4588,1676,5,10,167,183,2023-08-03,in_transit
4589,1608,3,1,66,86,2023-05-05,completed
4590,4511,10,5,287,253,2023-10-27,completed
4591,38,9,3,120,205,2026-06-08,completed
4592,486,10,5,142,186,2024-08-30,completed
4593,1521,7,9,236,166,2025-09-05,completed
4594,2293,10,2,150,18,2025-08-13,completed
4595,4458,5,3,157,254,2025-03-17,completed
4596,3963,5,2,234,174,2025-10-09,completed
4597,4941,5,6,243,196,2025-10-26,completed
4598,4236,5,2,215,21,2026-01-11,completed
4599,3555,3,8,109,205,2025-09-05,cancelled
4600,4019,5,4,220,85,2023-09-17,completed
4601,3534,5,3,5,54,2023-05-15,cancelled
4602,3241,9,4,268,40,2024-02-23,completed
4603,343,8,9,214,116,2025-12-08,completed
4604,3029,9,7,186,253,2026-03-27,completed
4605,3407,1,3,46,88,2024-07-28,completed
4606,4904,3,6,152,45,2025-08-02,completed
4607,3107,10,4,164,214,2024-08-11,cancelled
4608,3176,8,10,63,47,2026-05-27,completed
4609,2454,10,6,61,119,2023-12-04,completed
4610,3014,2,5,238,28,2023-10-22,completed
4611,2142,2,9,186,166,2026-04-25,completed
4612,168,10,5,87,276,2025-09-23,completed
4613,4811,6,1,135,51,2025-01-20,completed
4614,3950,6,1,103,101,2025-02-26,completed
4615,3816,10,6,117,283,2026-07-18,in_transit
4616,724,2,8,224,132,2024-03-07,completed
4617,4255,5,1,190,72,2024-04-11,completed
4618,4279,5,10,176,264,2025-03-25,completed
4619,196,6,4,20,12,2024-04-28,completed
4620,3982,2,8,151,188,2023-07-05,cancelled
4621,2015,4,1,249,29,2024-01-25,completed
4622,1471,4,3,196,185,2025-10-26,in_transit
4623,2960,4,9,261,231,2025-12-08,completed
4624,736,3,1,264,95,2023-03-04,cancelled
4625,771,4,3,37,235,2025-06-23,completed
4626,838,6,7,118,70,2026-06-27,completed
4627,3098,3,8,42,33,2025-12-15,completed
4628,2533,2,1,161,120,2024-08-21,completed
4629,3096,8,10,297,44,2026-05-08,in_transit
4630,1704,9,4,188,133,2023-01-14,in_transit
4631,4594,7,2,201,285,2023-06-03,completed
4632,3387,6,3,108,65,2023-04-10,completed
4633,1786,10,4,181,109,2024-07-20,completed
4634,2788,1,9,72,287,2024-10-18,completed
4635,4646,9,2,82,290,2024-07-20,completed
4636,2863,7,6,161,237,2025-06-16,completed
4637,3880,1,7,211,142,2026-06-27,completed
4638,3381,2,9,215,105,2025-02-18,completed
4639,4379,5,9,132,37,2024-05-06,completed
4640,4852,9,5,289,165,2023-08-13,completed
4641,948,2,6,284,138,2024-01-29,completed
4642,188,8,9,104,151,2024-02-20,completed
4643,81,4,7,21,84,2024-07-15,cancelled
4644,2111,8,2,283,246,2024-03-01,completed
4645,4336,9,4,243,119,2023-07-11,completed
4646,199,3,2,172,65,2024-08-02,completed
4647,1903,4,6,130,185,2024-01-07,cancelled
4648,4387,6,1,63,77,2023-07-22,completed
4649,1414,4,5,15,93,2025-06-12,completed
4650,476,2,1,208,75,2026-07-22,completed
4651,9,1,5,134,153,2023-12-01,completed
4652,2153,5,1,243,285,2023-06-21,completed
4653,1784,10,8,20,268,2026-06-19,completed
4654,4189,2,6,217,140,2025-04-08,completed
4655,3291,9,3,200,197,2023-04-13,completed
4656,3238,8,7,231,248,2025-09-14,completed
4657,1004,6,10,84,14,2026-03-18,completed
4658,3621,7,3,18,135,2023-10-09,completed
4659,2828,6,9,98,244,2024-04-05,completed
4660,2978,3,2,232,128,2026-04-16,completed
4661,3137,1,10,46,141,2025-06-22,completed
4662,3795,7,5,128,260,2024-10-26,completed
4663,2264,6,4,237,82,2024-05-22,completed
4664,2415,3,7,53,279,2025-07-10,completed
4665,4639,8,3,283,72,2025-08-09,completed
4666,3323,4,1,141,51,2023-04-03,completed
4667,3616,4,10,210,186,2025-02-23,completed
4668,2529,5,8,171,47,2024-12-17,completed
4669,3245,7,8,214,195,2026-06-21,completed
4670,4961,9,3,162,32,2026-05-12,completed
4671,2065,10,8,177,127,2023-12-07,completed
4672,4419,6,5,4,193,2025-05-14,completed
4673,2788,8,3,208,93,2024-06-26,completed
4674,4266,1,10,118,61,2025-09-03,completed
4675,595,6,7,82,278,2025-05-30,completed
4676,2017,2,5,84,271,2026-07-27,completed
4677,4569,3,8,57,110,2026-05-17,completed
4678,2258,2,9,297,201,2025-07-16,completed
4679,1024,6,8,66,199,2026-01-05,in_transit
4680,1253,2,6,82,183,2024-01-05,completed
4681,3243,2,10,62,186,2025-06-28,completed
4682,1433,3,1,140,146,2026-05-07,cancelled
4683,1821,6,8,256,172,2025-01-27,completed
4684,4091,9,3,208,179,2026-07-10,completed
4685,918,6,2,300,215,2024-07-05,cancelled
4686,3945,5,4,231,292,2023-11-07,completed
4687,2914,6,5,239,100,2023-06-01,completed
4688,4604,7,9,266,226,2024-08-02,completed
4689,4129,8,3,111,135,2024-06-06,completed
4690,1660,9,6,5,52,2025-05-18,completed
4691,2300,4,1,146,185,2026-03-21,completed
4692,650,6,5,283,285,2025-11-24,in_transit
4693,37,1,9,83,32,2024-02-10,completed
4694,3701,3,4,83,22,2023-12-01,completed
4695,4249,6,9,185,170,2023-04-15,completed
4696,3212,3,8,152,262,2025-04-09,completed
4697,116,1,5,258,126,2025-11-15,cancelled
4698,3935,4,5,129,240,2026-07-04,completed
4699,3461,9,2,255,174,2025-07-13,completed
4700,4034,8,9,276,228,2025-03-09,completed
4701,4795,6,8,45,24,2023-10-01,completed
4702,3233,1,3,300,93,2024-06-17,completed
4703,999,4,1,210,256,2023-06-12,completed
4704,4577,2,4,295,281,2023-07-29,completed
4705,1871,2,1,259,164,2026-01-22,cancelled
4706,3658,6,9,178,147,2024-12-18,in_transit
4707,2082,3,9,135,10,2025-12-23,in_transit
4708,2333,8,7,257,54,2024-12-19,completed
4709,905,6,4,133,111,2026-07-12,completed
4710,2844,1,6,24,110,2024-12-24,completed
4711,2464,4,5,133,193,2025-09-28,cancelled
4712,2916,8,5,139,213,2023-07-20,completed
4713,335,2,8,215,211,2023-01-07,completed
4714,1115,5,10,240,54,2026-06-28,completed
4715,47,7,8,250,129,2023-04-26,completed
4716,51,1,6,266,61,2024-02-15,completed
4717,2003,5,9,269,221,2025-10-10,completed
4718,2175,8,3,114,296,2024-12-07,completed
4719,3732,6,10,252,110,2026-05-04,completed
4720,1041,6,7,4,110,2025-06-09,in_transit
4721,4381,4,7,62,258,2023-01-19,completed
4722,4556,4,2,177,276,2026-01-27,completed
4723,2475,7,9,238,203,2026-07-01,completed
4724,4768,9,2,24,72,2023-06-23,completed
4725,4096,8,4,27,133,2026-05-02,cancelled
4726,1706,10,2,19,81,2025-05-05,completed
4727,1767,5,2,106,109,2025-03-05,in_transit
4728,692,4,3,25,125,2024-12-27,completed
4729,1107,6,9,213,296,2023-10-18,completed
4730,2638,9,2,6,166,2025-08-20,completed
4731,2696,10,1,136,47,2023-11-09,completed
4732,2272,5,9,39,96,2023-07-24,completed
4733,50,9,8,44,207,2025-11-22,completed
4734,2983,5,3,88,165,2023-07-28,completed
4735,4998,6,4,289,101,2025-03-19,completed
4736,4975,5,1,208,125,2025-10-12,completed
4737,1306,3,1,148,242,2026-02-19,in_transit
4738,2052,9,7,247,55,2024-10-05,completed
4739,2253,6,8,38,67,2023-12-10,completed
4740,858,1,6,31,280,2025-03-09,completed
4741,2040,3,6,221,125,2025-10-14,completed
4742,3616,4,2,22,37,2026-01-19,in_transit
4743,4108,6,1,191,110,2025-02-01,completed
4744,314,9,1,124,32,2025-04-29,completed
4745,4806,9,4,15,18,2023-02-24,completed
4746,3209,2,7,187,284,2024-11-24,completed
4747,175,6,4,202,127,2023-11-09,completed
4748,1316,4,2,16,109,2024-12-07,completed
4749,1795,5,6,234,216,2023-04-18,completed
4750,2475,4,7,258,57,2025-04-03,cancelled
4751,1682,2,6,165,83,2023-03-24,completed
4752,4913,4,6,83,256,2023-08-24,completed
4753,2070,10,5,147,141,2024-01-18,completed
4754,673,1,4,199,128,2025-01-02,completed
4755,4661,9,10,225,22,2024-06-25,completed
4756,822,8,7,283,71,2024-10-02,completed
4757,225,5,6,41,161,2024-06-09,completed
4758,345,3,5,291,175,2024-09-05,completed
4759,4019,8,6,163,158,2024-01-08,in_transit
4760,3984,4,9,147,263,2023-08-30,completed
4761,4708,2,1,38,122,2024-06-25,completed
4762,458,9,8,126,53,2024-08-22,completed
4763,1177,6,4,112,51,2025-10-13,completed
4764,1705,8,5,243,91,2025-09-20,completed
4765,1171,6,3,14,37,2026-01-03,completed
4766,1591,10,3,184,271,2024-03-24,completed
4767,2653,8,1,103,144,2025-08-21,completed
4768,1124,3,1,175,147,2024-07-09,completed
4769,1302,4,1,65,218,2023-12-31,completed
4770,3516,8,10,282,86,2025-04-23,in_transit
4771,3060,10,9,148,137,2026-04-04,completed
4772,2927,7,3,63,28,2025-12-22,completed
4773,3001,4,1,20,113,2023-07-16,completed
4774,610,6,4,108,217,2025-06-05,completed
4775,2512,5,1,17,293,2025-03-12,completed
4776,3896,2,6,257,244,2023-01-18,completed
4777,4308,10,8,31,238,2024-04-06,completed
4778,2500,10,1,281,107,2023-06-28,completed
4779,4231,10,9,128,234,2024-02-04,completed
4780,2131,7,4,41,281,2023-07-23,completed
4781,3093,10,8,93,20,2026-03-15,completed
4782,3001,3,10,275,144,2023-04-30,in_transit
4783,3431,5,7,282,245,2025-06-06,completed
4784,1373,10,3,77,268,2026-03-13,completed
4785,2742,4,7,112,107,2025-09-14,completed
4786,1797,3,10,151,118,2024-03-07,completed
4787,3737,5,10,3,174,2023-04-22,completed
4788,628,6,5,36,25,2025-10-25,completed
4789,4882,2,7,247,300,2023-10-10,cancelled
4790,108,4,2,60,119,2026-06-21,completed
4791,3976,1,3,228,157,2023-09-13,completed
4792,3235,8,3,28,211,2023-02-17,cancelled
4793,4876,5,3,222,79,2023-07-20,cancelled
4794,409,10,2,290,31,2024-10-24,completed
4795,4816,9,6,92,72,2023-07-15,completed
4796,2948,1,6,241,190,2024-12-07,completed
4797,952,6,4,146,187,2024-07-12,completed
4798,842,5,9,186,229,2025-09-01,completed
4799,188,5,7,163,292,2026-03-08,completed
4800,783,3,6,227,261,2025-08-15,completed
4801,7,10,3,176,165,2025-06-19,in_transit
4802,2149,9,5,138,63,2023-08-20,completed
4803,2568,8,9,57,176,2023-03-07,completed
4804,2150,5,6,92,244,2025-03-13,completed
4805,1696,10,9,13,262,2025-11-17,completed
4806,4394,8,9,189,42,2023-07-16,completed
4807,1591,5,8,96,253,2026-05-18,completed
4808,2549,1,3,45,116,2023-02-13,completed
4809,3057,5,4,33,97,2025-12-24,completed
4810,1696,1,6,89,55,2025-09-01,in_transit
4811,4377,5,2,88,298,2023-10-10,completed
4812,470,1,8,259,225,2024-06-09,completed
4813,2606,1,7,196,51,2025-09-13,completed
4814,4737,1,8,269,258,2024-10-05,completed
4815,60,1,6,142,64,2023-12-23,completed
4816,3155,7,9,65,227,2026-06-12,completed
4817,3442,1,4,230,82,2023-03-10,completed
4818,169,8,6,296,179,2025-10-16,completed
4819,3117,8,2,6,297,2025-01-24,completed
4820,2125,1,6,259,47,2023-08-11,completed
4821,3344,2,6,187,219,2024-05-13,completed
4822,1587,4,5,95,57,2026-05-31,completed
4823,42,1,2,217,292,2023-12-21,cancelled
4824,2921,9,3,225,28,2025-06-09,completed
4825,927,9,2,213,139,2024-05-27,completed
4826,1170,2,9,269,244,2024-10-17,completed
4827,3011,2,8,4,81,2025-11-27,completed
4828,2701,8,6,198,161,2024-12-15,completed
4829,1285,8,6,57,90,2023-12-06,cancelled
4830,2066,10,6,253,297,2026-05-15,cancelled
4831,328,9,5,99,90,2023-10-29,completed
4832,3752,5,8,186,153,2026-07-31,completed
4833,4248,7,5,220,100,2024-10-16,completed
4834,2974,6,4,60,44,2023-09-16,in_transit
4835,4795,9,5,85,283,2023-05-31,completed
4836,1831,2,4,225,110,2024-02-23,in_transit
4837,1568,2,7,215,272,2023-03-02,completed
4838,530,8,5,234,237,2026-06-28,cancelled
4839,1363,5,1,184,188,2023-10-12,completed
4840,80,7,1,163,91,2025-04-07,completed
4841,919,7,9,91,170,2023-02-16,completed
4842,2398,1,3,112,231,2023-06-29,cancelled
4843,115,7,9,257,35,2025-08-05,completed
4844,4664,3,1,250,281,2025-03-30,completed
4845,4995,7,9,282,232,2024-06-14,cancelled
4846,877,2,3,192,125,2026-06-14,completed
4847,3090,6,3,55,293,2026-07-16,completed
4848,317,6,4,206,202,2024-03-25,completed
4849,4421,6,8,70,122,2024-02-15,completed
4850,1358,6,5,170,144,2025-01-01,completed
4851,784,6,1,171,175,2026-05-17,completed
4852,4854,2,3,92,188,2026-07-28,completed
4853,4794,6,2,102,107,2024-06-18,in_transit
4854,4865,6,3,166,53,2025-06-26,completed
4855,1087,6,9,30,278,2023-09-02,completed
4856,3370,8,7,3,99,2025-01-06,completed
4857,2171,6,1,211,69,2023-06-21,completed
4858,2548,10,5,247,243,2025-11-30,completed
4859,1896,2,6,124,121,2023-10-23,completed
4860,2592,3,5,212,260,2025-06-23,completed
4861,1973,9,8,86,27,2024-04-27,in_transit
4862,4834,10,2,204,91,2024-01-09,cancelled
4863,2678,7,9,155,249,2025-12-23,completed
4864,3436,7,5,290,260,2023-04-09,completed
4865,4476,6,7,157,180,2023-12-30,completed
4866,3176,3,2,243,114,2024-05-09,completed
4867,1838,5,4,144,293,2023-04-15,completed
4868,4283,4,8,54,14,2024-04-12,in_transit
4869,4056,2,5,169,249,2025-01-15,completed
4870,2919,4,7,45,140,2024-10-03,completed
4871,2663,8,2,140,100,2025-09-26,completed
4872,1782,1,5,158,60,2024-03-31,completed
4873,2274,5,8,134,83,2023-06-07,completed
4874,2503,2,5,99,138,2023-09-07,completed
4875,4274,7,6,258,89,2025-03-04,cancelled
4876,4319,4,9,257,30,2023-12-30,completed
4877,1229,2,5,14,261,2025-06-24,completed
4878,4927,5,10,230,26,2023-12-10,completed
4879,3317,1,3,254,17,2025-06-04,completed
4880,3411,1,9,134,92,2023-05-22,in_transit
4881,1992,7,9,111,139,2023-05-28,completed
4882,639,2,9,107,239,2025-12-12,completed
4883,2021,10,7,297,121,2025-05-18,completed
4884,2171,5,10,286,182,2024-03-16,completed
4885,4775,5,3,71,182,2023-09-26,completed
4886,3711,1,10,59,94,2024-01-19,completed
4887,1348,9,1,9,274,2024-07-10,completed
4888,3454,1,9,246,170,2023-09-06,completed
4889,1717,10,8,227,83,2025-06-02,completed
4890,2746,2,1,300,123,2025-11-27,completed
4891,2527,4,10,240,70,2024-06-14,completed
4892,1504,6,3,278,63,2024-09-19,completed
4893,1920,10,5,74,201,2025-07-04,completed
4894,2514,4,7,62,24,2023-01-26,cancelled
4895,1596,4,10,245,265,2025-05-08,completed
4896,689,2,8,1,223,2023-07-30,completed
4897,1089,7,8,160,170,2025-10-22,completed
4898,4346,10,5,33,50,2026-07-10,completed
4899,3989,9,5,112,264,2025-08-08,completed
4900,1429,6,2,198,131,2024-04-05,completed
4901,1492,2,1,55,111,2024-09-09,completed
4902,2300,1,8,238,187,2024-08-15,in_transit
4903,1881,2,6,2,51,2024-12-14,in_transit
4904,1139,5,3,5,31,2025-06-18,completed
4905,256,2,4,67,56,2026-07-08,completed
4906,2762,1,7,152,43,2025-08-20,completed
4907,40,8,1,274,225,2025-05-04,completed
4908,2844,9,3,163,180,2023-07-19,completed
4909,158,1,6,167,180,2024-09-11,in_transit
4910,583,3,5,177,252,2026-03-18,completed
4911,4865,8,6,258,186,2025-09-21,completed
4912,730,8,3,234,294,2026-03-17,completed
4913,4583,1,4,69,49,2023-11-06,cancelled
4914,3912,8,7,260,86,2023-02-16,completed
4915,4485,8,9,266,299,2023-03-22,completed
4916,653,10,3,146,87,2024-10-28,completed
4917,1782,7,3,53,263,2024-12-10,cancelled
4918,316,7,5,132,184,2024-02-12,completed
4919,4793,10,6,32,52,2025-09-15,completed
4920,3387,2,3,24,33,2025-10-23,cancelled
4921,917,4,7,24,272,2023-08-17,completed
4922,3510,6,10,78,133,2025-11-19,completed
4923,119,7,9,223,262,2025-03-29,completed
4924,4645,7,8,83,119,2025-08-22,completed
4925,493,2,10,254,262,2025-05-10,completed
4926,1129,4,5,17,268,2023-06-12,completed
4927,399,5,9,260,244,2023-09-28,cancelled
4928,4276,9,3,104,223,2025-11-06,in_transit
4929,3132,3,2,168,292,2026-02-15,completed
4930,441,9,1,241,210,2025-10-14,completed
4931,3595,10,6,151,233,2026-04-29,completed
4932,4641,6,3,1,254,2025-07-06,completed
4933,4691,5,9,198,137,2025-02-24,completed
4934,4652,4,1,125,65,2024-12-05,completed
4935,2682,1,2,179,63,2025-05-18,cancelled
4936,2843,1,5,42,240,2025-06-09,completed
4937,4966,7,8,205,236,2023-06-23,completed
4938,2777,9,7,62,144,2023-04-12,completed
4939,3808,9,5,24,54,2023-09-14,completed
4940,3049,7,5,92,172,2025-04-29,in_transit
4941,3988,4,2,152,140,2025-10-01,completed
4942,3105,5,10,242,123,2025-12-07,in_transit
4943,1455,9,7,279,201,2023-10-27,completed
4944,3384,8,10,243,222,2024-02-15,completed
4945,2628,5,3,192,161,2024-03-19,completed
4946,3949,2,4,143,291,2024-04-22,completed
4947,3112,7,5,259,165,2025-01-08,cancelled
4948,765,2,8,62,247,2024-02-12,completed
4949,1012,1,2,58,62,2023-05-12,completed
4950,279,2,1,297,33,2023-06-06,completed
4951,1388,10,5,174,51,2025-06-01,completed
4952,3747,3,5,239,41,2024-10-31,cancelled
4953,2949,9,2,197,194,2025-12-15,cancelled
4954,3396,5,4,223,293,2026-01-12,completed
4955,4117,5,1,268,62,2026-05-25,in_transit
4956,3749,3,7,132,85,2023-02-21,completed
4957,568,3,9,20,223,2024-08-06,in_transit
4958,88,8,4,38,291,2026-05-25,completed
4959,630,2,6,244,63,2024-11-29,completed
4960,2882,1,6,295,49,2026-03-01,cancelled
4961,2783,4,6,188,30,2023-11-20,completed
4962,3755,4,1,203,172,2024-04-03,in_transit
4963,2006,7,2,209,33,2025-11-10,completed
4964,2538,3,8,211,179,2024-10-18,completed
4965,411,10,9,164,278,2025-04-06,completed
4966,1639,2,3,211,143,2025-05-01,completed
4967,2063,6,1,7,70,2026-05-03,completed
4968,2094,2,10,56,107,2026-02-10,completed
4969,2959,8,2,241,78,2024-11-26,completed
4970,3844,7,8,256,203,2023-08-19,completed
4971,2085,9,1,47,268,2023-12-11,cancelled
4972,2000,5,9,69,39,2024-07-16,completed
4973,3959,10,1,259,278,2024-12-09,completed
4974,4039,2,4,87,49,2023-03-13,completed
4975,2582,1,6,181,76,2024-07-17,completed
4976,4751,7,8,94,137,2024-09-24,completed
4977,250,5,8,13,191,2026-05-12,completed
4978,1077,7,6,87,94,2026-04-24,completed
4979,2071,7,4,187,154,2024-11-20,completed
4980,3720,1,10,181,228,2023-04-10,completed
4981,4776,10,9,68,282,2025-05-14,completed
4982,3560,6,3,15,121,2024-07-13,cancelled
4983,2576,7,10,7,180,2025-08-31,completed
4984,1716,3,4,299,283,2025-09-01,completed
4985,1560,8,10,288,33,2024-03-23,completed
4986,711,8,2,227,179,2023-09-24,completed
4987,3568,1,4,71,239,2024-06-17,completed
4988,4593,1,8,263,216,2023-03-08,completed
4989,2616,1,9,1,41,2025-05-11,completed
4990,4564,3,7,272,218,2023-12-30,completed
4991,662,3,5,212,251,2026-05-14,completed
4992,3421,1,7,161,195,2023-09-07,in_transit
4993,1170,8,7,94,60,2024-03-25,completed
4994,1726,10,9,180,265,2024-05-23,completed
4995,3987,1,3,242,121,2024-02-06,completed
4996,4309,9,6,226,31,2024-04-30,completed
4997,1002,10,2,300,161,2026-07-22,completed
4998,2442,7,10,230,22,2024-09-14,completed
4999,1606,10,6,290,264,2025-05-03,completed
5000,3813,7,9,285,176,2023-08-14,completed
5001,162,4,10,73,85,2026-04-08,completed
5002,4402,4,7,23,183,2023-09-07,completed
5003,2876,9,3,82,12,2024-04-24,completed
5004,2036,7,10,161,171,2025-10-26,completed
5005,2359,3,2,49,281,2026-04-08,completed
5006,2527,1,10,190,76,2023-09-03,in_transit
5007,228,1,7,129,22,2025-04-07,completed
5008,2012,8,7,186,97,2023-05-17,completed
5009,552,8,1,194,114,2025-01-23,completed
5010,3025,3,7,120,122,2024-08-09,completed
5011,620,1,6,54,283,2026-07-23,completed
5012,597,9,6,134,139,2024-10-23,completed
5013,1262,9,6,132,58,2025-09-02,completed
5014,2919,2,1,154,135,2024-01-12,completed
5015,103,2,6,221,213,2024-04-28,completed
5016,2715,7,4,182,291,2025-12-16,completed
5017,4206,8,1,56,45,2024-06-11,in_transit
5018,1951,7,2,163,43,2025-06-12,cancelled
5019,12,1,10,230,80,2024-11-28,completed
5020,1215,4,9,154,60,2025-09-10,completed
5021,25,5,3,6,161,2025-12-03,completed
5022,2977,9,1,39,72,2024-04-19,completed
5023,2198,4,7,297,61,2024-07-09,cancelled
5024,1368,6,7,130,31,2025-01-26,completed
5025,4562,10,4,89,35,2025-10-22,completed
5026,4816,9,6,155,156,2025-06-12,completed
5027,2312,2,7,280,273,2025-09-18,completed
5028,3094,9,4,224,191,2023-01-20,completed
5029,4761,2,9,271,162,2023-02-03,completed
5030,1974,6,2,73,105,2025-10-14,completed
5031,1526,6,2,102,209,2025-05-20,completed
5032,3374,5,4,154,272,2025-01-06,completed
5033,1459,6,7,96,35,2024-09-19,completed
5034,2266,8,9,124,233,2025-06-17,completed
5035,3080,3,10,134,207,2024-02-04,completed
5036,2675,3,1,138,296,2025-05-19,completed
5037,2461,5,4,297,166,2023-04-20,completed
5038,2062,4,10,231,93,2026-01-07,completed
5039,4260,7,5,78,138,2024-06-09,completed
5040,486,4,2,145,26,2024-04-23,completed
5041,2893,7,8,205,267,2025-08-28,completed
5042,1116,3,2,40,45,2024-05-20,in_transit
5043,4144,9,5,224,100,2023-10-06,completed
5044,3418,3,4,141,37,2025-09-19,completed
5045,2050,3,9,216,37,2025-08-20,completed
5046,1636,7,8,249,155,2025-03-14,completed
5047,788,4,8,151,147,2026-05-04,completed
5048,1770,7,4,111,71,2025-03-28,completed
5049,3585,6,5,113,17,2024-12-09,completed
5050,3485,4,6,186,129,2023-06-20,in_transit
5051,806,10,6,2,49,2026-07-18,completed
5052,1720,9,6,158,176,2026-06-12,completed
5053,4316,10,2,144,165,2025-05-21,completed
5054,1644,7,2,93,251,2024-12-14,in_transit
5055,2211,2,10,209,86,2023-03-07,completed
5056,2622,4,2,170,135,2025-03-02,cancelled
5057,2379,9,7,201,70,2024-08-16,completed
5058,797,2,4,115,238,2024-07-23,completed
5059,901,7,4,189,45,2025-01-12,completed
5060,794,10,3,239,230,2026-01-17,cancelled
5061,2378,10,5,164,41,2024-07-23,completed
5062,1578,6,2,137,34,2026-07-05,cancelled
5063,758,9,2,230,144,2025-03-03,completed
5064,2151,5,1,105,251,2024-08-05,completed
5065,1806,10,4,65,231,2024-07-13,in_transit
5066,3677,2,3,203,296,2023-08-22,completed
5067,4979,4,2,297,216,2024-12-10,completed
5068,4604,4,8,27,75,2025-11-17,completed
5069,157,9,6,97,189,2025-12-01,completed
5070,1584,6,5,81,111,2023-12-11,in_transit
5071,3723,4,8,263,154,2024-04-13,completed
5072,4699,7,9,196,268,2025-12-03,completed
5073,1126,5,4,62,174,2026-03-27,completed
5074,3960,4,5,194,150,2023-12-07,in_transit
5075,4127,1,8,117,124,2024-07-03,completed
5076,1563,10,9,71,80,2023-07-01,cancelled
5077,4709,1,2,249,152,2025-05-12,completed
5078,4794,6,1,236,104,2025-06-28,completed
5079,2910,9,10,261,223,2023-08-18,completed
5080,2361,9,5,122,97,2023-05-22,in_transit
5081,2652,9,6,161,143,2024-07-30,completed
5082,149,1,4,39,154,2025-10-02,cancelled
5083,3477,10,2,294,169,2024-12-16,completed
5084,2264,3,8,196,12,2024-03-15,completed
5085,2329,5,3,41,160,2023-12-30,completed
5086,4043,8,4,234,124,2024-11-08,completed
5087,249,3,6,232,217,2024-06-22,cancelled
5088,3823,6,3,266,145,2023-04-03,completed
5089,2299,6,9,51,49,2026-06-20,completed
5090,735,4,7,143,118,2023-11-29,cancelled
5091,2397,2,1,137,154,2024-10-10,completed
5092,4553,5,7,245,71,2023-05-04,completed
5093,1190,1,3,224,258,2023-05-08,cancelled
5094,3760,6,10,17,83,2026-07-25,completed
5095,462,1,9,54,142,2026-05-15,in_transit
5096,1977,6,7,288,262,2025-07-18,completed
5097,3886,7,6,248,106,2024-12-27,completed
5098,4438,4,5,65,115,2024-08-08,completed
5099,2258,3,10,296,193,2024-12-03,completed
5100,1574,3,6,76,115,2025-03-30,completed
5101,1840,4,1,202,77,2024-11-29,cancelled
5102,3918,4,7,7,129,2023-12-28,completed
5103,199,8,2,298,117,2023-03-18,completed
5104,2305,3,9,59,69,2025-09-19,completed
5105,3803,7,9,262,207,2025-02-14,cancelled
5106,2073,3,1,21,273,2023-02-08,completed
5107,447,5,7,229,240,2023-08-29,in_transit
5108,142,1,10,192,282,2025-06-23,completed
5109,1655,6,4,173,288,2024-11-14,completed
5110,4888,1,4,148,129,2025-10-31,completed
5111,2708,10,8,134,139,2024-05-14,completed
5112,3130,2,10,233,288,2023-02-24,completed
5113,3982,10,5,117,28,2023-06-20,in_transit
5114,2875,8,2,178,44,2026-06-29,completed
5115,1120,6,9,257,258,2023-10-16,completed
5116,4020,7,8,299,14,2023-01-04,completed
5117,1629,1,7,19,216,2026-06-01,completed
5118,1986,6,2,258,132,2025-03-29,completed
5119,1459,5,7,39,240,2024-11-12,completed
5120,3220,10,1,255,16,2023-06-27,completed
5121,2812,9,2,237,162,2026-01-22,completed
5122,476,3,1,102,127,2025-08-20,cancelled
5123,3155,5,1,119,206,2025-07-04,completed
5124,925,10,3,106,167,2023-02-26,completed
5125,3899,7,4,109,82,2023-09-29,completed
5126,98,6,2,182,49,2024-05-07,completed
5127,1042,10,6,105,193,2023-12-30,completed
5128,2878,10,1,280,90,2025-08-25,completed
5129,1051,2,3,91,278,2024-10-10,in_transit
5130,1242,5,3,200,138,2024-03-18,completed
5131,3904,4,2,188,241,2024-10-08,completed
5132,483,10,7,277,191,2025-12-09,completed
5133,369,10,5,248,234,2026-04-12,completed
5134,2990,7,4,241,139,2025-07-31,completed
5135,3924,10,7,273,224,2023-01-27,completed
5136,1540,5,7,12,94,2023-04-10,completed
5137,3522,4,8,249,111,2023-02-04,completed
5138,1140,4,5,99,166,2026-07-04,completed
5139,1351,8,9,1,263,2023-09-01,completed
5140,2124,9,7,242,206,2025-09-03,completed
5141,3555,8,4,95,98,2026-02-21,in_transit
5142,4156,5,10,100,277,2024-09-28,completed
5143,4892,8,5,212,188,2025-08-02,completed
5144,2971,5,2,147,189,2023-02-18,completed
5145,2478,1,5,289,152,2024-01-24,completed
5146,4459,5,2,108,129,2026-07-14,cancelled
5147,401,3,7,297,36,2024-04-27,in_transit
5148,4270,2,9,244,158,2026-07-26,completed
5149,1759,4,7,159,16,2024-10-20,completed
5150,3463,4,10,66,109,2025-08-04,completed
5151,529,1,5,239,181,2024-05-02,completed
5152,4772,4,1,61,231,2025-06-26,completed
5153,4537,7,5,175,192,2023-03-20,in_transit
5154,4059,4,3,110,111,2023-11-26,completed
5155,1851,9,10,218,208,2025-08-24,completed
5156,3879,6,1,83,155,2023-12-02,cancelled
5157,2828,6,10,21,212,2026-01-04,completed
5158,3123,4,5,201,126,2026-06-27,completed
5159,3703,8,6,293,168,2023-06-01,completed
5160,4039,4,5,300,185,2025-12-19,completed
5161,3634,10,5,171,253,2026-02-16,completed
5162,4389,8,3,88,120,2025-12-05,in_transit
5163,3794,2,4,258,178,2023-05-15,in_transit
5164,3435,3,9,261,227,2023-09-21,completed
5165,2463,3,10,49,91,2024-08-26,in_transit
5166,2095,4,7,298,15,2023-11-17,completed
5167,3902,3,4,178,50,2025-07-08,in_transit
5168,2884,6,4,203,148,2023-03-11,completed
5169,1463,10,9,186,274,2025-04-17,completed
5170,4045,3,2,190,178,2025-11-15,completed
5171,793,3,6,125,262,2025-04-13,completed
5172,4459,4,5,205,195,2024-11-16,completed
5173,4785,10,3,53,265,2025-10-24,completed
5174,3940,10,5,95,74,2023-02-24,cancelled
5175,952,6,3,240,122,2024-02-16,completed
5176,2631,3,4,197,24,2025-02-12,completed
5177,4672,4,9,140,60,2024-09-15,completed
5178,3404,8,5,55,138,2026-01-26,completed
5179,1773,10,8,226,213,2024-04-11,completed
5180,1412,1,4,6,228,2023-05-31,in_transit
5181,724,2,5,82,286,2025-11-18,completed
5182,1196,3,2,37,240,2024-07-13,completed
5183,1623,8,5,201,167,2025-02-26,completed
5184,414,8,1,207,45,2023-07-21,cancelled
5185,4658,2,10,178,187,2025-07-01,completed
5186,1939,3,7,93,240,2024-11-07,completed
5187,286,2,3,59,213,2026-02-05,completed
5188,1109,6,1,237,67,2026-02-12,completed
5189,1345,8,3,292,98,2023-11-01,completed
5190,4859,6,9,277,62,2023-01-07,cancelled
5191,1424,2,7,128,15,2023-07-27,completed
5192,3274,1,9,158,130,2025-11-08,completed
5193,2496,3,10,104,30,2024-04-19,in_transit
5194,1670,2,4,162,184,2023-10-17,cancelled
5195,4039,4,3,75,25,2025-08-01,cancelled
5196,3832,1,3,32,28,2026-01-23,completed
5197,3196,2,7,22,151,2024-07-01,in_transit
5198,2996,3,2,50,281,2023-04-28,completed
5199,2049,10,7,240,251,2023-08-20,completed
5200,1159,3,5,88,106,2026-03-20,completed
5201,491,5,9,258,51,2024-07-24,completed
5202,4422,10,4,299,154,2025-11-06,completed
5203,379,6,7,27,154,2025-11-30,completed
5204,3727,7,8,30,32,2026-02-02,completed
5205,4188,6,8,99,103,2026-04-07,cancelled
5206,3482,5,2,191,76,2023-10-20,completed
5207,4239,6,7,200,256,2026-03-25,completed
5208,3901,9,8,300,60,2025-02-04,in_transit
5209,2707,6,1,230,81,2023-08-26,completed
5210,3378,5,1,195,70,2025-12-27,completed
5211,2197,5,10,186,132,2026-06-22,completed
5212,3997,10,3,212,191,2024-01-17,cancelled
5213,222,8,1,24,171,2023-08-21,completed
5214,4762,8,10,36,42,2025-03-25,completed
5215,191,3,10,155,265,2023-06-18,cancelled
5216,814,9,10,104,47,2024-03-13,completed
5217,616,10,2,37,219,2023-01-18,completed
5218,126,8,9,258,150,2024-02-03,completed
5219,576,1,7,248,152,2023-09-01,cancelled
5220,1555,2,10,73,261,2026-04-07,completed
5221,2119,3,6,124,173,2023-05-24,cancelled
5222,4355,7,2,5,166,2024-01-25,completed
5223,2879,3,4,255,84,2024-10-19,completed
5224,4714,8,1,48,106,2025-09-18,completed
5225,756,7,4,155,162,2023-12-08,in_transit
5226,3919,8,7,5,293,2024-02-05,completed
5227,183,3,4,238,133,2025-05-29,completed
5228,4863,4,6,86,39,2024-10-12,cancelled
5229,4278,4,9,8,180,2024-03-01,completed
5230,3976,1,2,18,244,2025-11-22,completed
5231,4820,1,6,246,159,2023-04-03,completed
5232,3283,2,9,269,34,2025-06-13,completed
5233,207,2,3,93,37,2024-10-15,in_transit
5234,2556,3,1,106,138,2024-10-06,completed
5235,1004,1,3,209,39,2025-09-06,in_transit
5236,2754,10,4,275,192,2024-06-25,completed
5237,4267,8,5,64,119,2023-06-03,completed
5238,1899,4,6,37,211,2025-06-26,cancelled
5239,1867,1,9,230,139,2024-03-22,completed
5240,376,1,10,230,298,2024-02-22,completed
5241,615,6,2,253,11,2023-01-01,completed
5242,1770,7,6,14,202,2026-04-07,completed
5243,2257,3,8,205,276,2023-10-21,completed
5244,3400,3,4,16,185,2024-10-02,completed
5245,3734,1,6,12,291,2023-08-29,completed
5246,2344,7,4,37,84,2025-07-10,completed
5247,506,6,1,118,118,2023-01-23,cancelled
5248,97,5,2,248,296,2024-10-14,completed
5249,4331,5,6,53,81,2025-10-09,in_transit
5250,4010,8,4,55,178,2025-12-01,completed
5251,1628,5,9,75,101,2024-04-05,completed
5252,766,4,7,107,261,2025-10-29,completed
5253,4967,7,1,118,179,2025-01-08,completed
5254,407,8,7,16,82,2025-01-11,completed
5255,260,1,5,49,23,2024-05-04,in_transit
5256,284,1,5,254,181,2024-02-21,in_transit
5257,1929,8,7,19,176,2026-04-23,completed
5258,2251,2,9,26,181,2024-12-03,completed
5259,4290,10,7,104,114,2024-01-27,completed
5260,4787,5,8,227,31,2025-08-14,completed
5261,4763,9,8,257,59,2024-11-05,cancelled
5262,4076,5,6,240,100,2025-04-06,completed
5263,3477,6,1,46,130,2023-08-09,in_transit
5264,4817,2,6,184,38,2024-05-29,cancelled
5265,2419,1,8,56,188,2023-06-27,completed
5266,1626,5,7,11,111,2025-05-27,completed
5267,1938,1,7,147,64,2024-11-10,completed
5268,1632,1,3,28,285,2024-05-25,completed
5269,2970,10,7,240,224,2025-04-19,completed
5270,3805,2,7,116,259,2023-01-09,completed
5271,202,9,10,168,70,2024-11-20,in_transit
5272,2824,4,5,128,261,2025-08-29,completed
5273,879,5,7,115,148,2026-05-29,completed
5274,1019,10,9,225,13,2025-09-07,completed
5275,172,2,3,251,290,2023-01-04,completed
5276,3537,9,10,42,96,2026-07-29,completed
5277,3272,8,2,161,208,2023-07-16,in_transit
5278,4102,8,2,31,49,2024-07-01,completed
5279,724,6,7,29,90,2023-06-18,completed
5280,1472,4,9,250,280,2026-03-23,cancelled
5281,4650,2,8,18,141,2024-08-13,completed
5282,2508,4,8,262,13,2023-07-10,completed
5283,1348,10,1,210,161,2024-01-26,completed
5284,2963,7,8,124,287,2024-01-05,completed
5285,1411,7,9,225,132,2026-05-25,completed
5286,681,9,3,211,17,2023-07-10,completed
5287,1809,5,8,76,290,2023-09-02,in_transit
5288,2067,2,7,85,291,2023-01-02,completed
5289,3496,6,10,242,214,2024-06-21,completed
5290,3224,5,2,20,56,2025-05-21,completed
5291,4400,4,8,168,224,2026-07-02,completed
5292,1101,8,1,104,104,2023-07-17,completed
5293,1297,1,8,183,199,2024-03-22,completed
5294,609,6,2,121,39,2024-04-08,completed
5295,4583,10,4,294,293,2023-08-31,completed
5296,690,2,1,84,35,2023-05-18,completed
5297,1781,9,5,201,40,2023-05-14,completed
5298,1750,10,8,78,155,2026-04-27,cancelled
5299,4023,6,3,91,275,2024-12-05,completed
5300,2939,8,6,125,117,2023-04-20,completed
5301,4416,10,8,235,68,2024-11-07,completed
5302,3108,1,10,266,103,2025-03-13,completed
5303,2131,2,1,270,255,2025-07-30,completed
5304,4597,5,3,211,176,2024-02-23,completed
5305,1986,7,9,8,216,2026-04-10,completed
5306,102,4,6,192,154,2026-02-16,completed
5307,4194,3,1,26,213,2025-05-23,cancelled
5308,4517,3,6,278,98,2024-08-01,completed
5309,1735,2,1,203,220,2025-09-14,completed
5310,4704,9,10,136,233,2026-02-16,in_transit
5311,4910,6,5,150,49,2025-12-25,completed
5312,2503,8,1,292,262,2024-12-11,completed
5313,3133,6,7,293,293,2024-10-12,completed
5314,2695,2,3,51,90,2026-02-01,completed
5315,2190,1,8,115,68,2025-11-18,completed
5316,1672,3,7,179,55,2025-06-25,completed
5317,2436,2,7,246,117,2026-05-22,completed
5318,2735,7,3,135,38,2023-01-22,completed
5319,306,1,6,39,195,2024-02-09,in_transit
5320,536,10,3,193,240,2024-02-19,completed
5321,1185,7,4,178,227,2026-05-03,completed
5322,173,8,10,132,234,2024-11-04,completed
5323,2631,9,10,37,215,2023-01-29,cancelled
5324,3839,1,4,187,201,2024-08-07,completed
5325,920,7,4,133,127,2024-03-21,completed
5326,2554,3,1,45,130,2024-10-03,completed
5327,2505,4,7,65,177,2024-07-12,completed
5328,1398,5,9,291,127,2025-05-11,in_transit
5329,1415,4,8,214,219,2024-09-17,completed
5330,3515,3,7,18,13,2026-06-20,in_transit
5331,3740,6,8,214,287,2023-06-05,completed
5332,2789,10,1,4,295,2024-09-08,completed
5333,3464,5,1,175,104,2023-04-10,completed
5334,99,1,2,60,38,2025-02-12,completed
5335,4700,8,9,166,100,2024-11-01,completed
5336,2860,8,10,64,285,2025-08-25,completed
5337,3591,10,5,273,216,2025-07-20,completed
5338,1058,1,8,289,23,2026-05-09,completed
5339,590,10,6,40,103,2025-12-17,completed
5340,290,7,5,248,128,2024-12-19,completed
5341,596,5,4,28,93,2026-06-12,completed
5342,3605,10,4,105,204,2026-07-11,completed
5343,1976,9,5,253,201,2024-12-19,completed
5344,357,7,6,40,184,2026-07-19,completed
5345,2398,8,3,204,31,2026-04-18,completed
5346,2134,2,5,98,142,2024-01-31,completed
5347,152,8,3,42,37,2024-07-16,cancelled
5348,3827,8,1,300,241,2025-01-01,completed
5349,3375,1,7,117,145,2024-04-25,completed
5350,4932,10,2,52,162,2024-08-23,completed
5351,2675,10,7,165,174,2023-10-10,completed
5352,2417,3,1,173,165,2023-08-23,completed
5353,1536,2,3,161,298,2024-04-16,completed
5354,3401,1,7,99,248,2023-04-22,cancelled
5355,4596,8,2,168,252,2024-02-19,in_transit
5356,691,5,9,117,291,2025-04-23,completed
5357,3856,2,9,51,79,2024-10-05,completed
5358,1506,7,2,253,231,2023-10-18,completed
5359,272,8,7,227,288,2026-07-08,completed
5360,1341,5,3,254,258,2024-07-02,completed
5361,1080,1,8,134,217,2026-05-06,completed
5362,4774,4,8,223,90,2024-01-13,completed
5363,3584,5,8,102,131,2026-01-04,completed
5364,594,1,10,212,250,2025-06-05,cancelled
5365,4687,1,6,261,167,2024-08-14,completed
5366,4194,3,9,187,214,2024-10-07,completed
5367,1197,8,9,140,288,2023-11-03,cancelled
5368,1089,1,3,289,177,2025-01-23,in_transit
5369,2867,3,8,116,154,2025-11-26,in_transit
5370,929,3,4,10,179,2025-02-27,completed
5371,1714,1,9,280,88,2025-06-13,cancelled
5372,3643,10,5,296,68,2023-02-26,completed
5373,1131,7,5,121,35,2026-07-22,completed
5374,2816,10,1,170,264,2024-12-05,cancelled
5375,252,6,9,296,15,2025-08-16,completed
5376,4766,6,1,22,185,2023-10-13,in_transit
5377,2708,1,4,211,294,2025-10-11,completed
5378,2260,10,9,79,74,2023-07-11,completed
5379,4131,4,2,293,168,2023-04-20,completed
5380,4947,8,7,14,31,2025-07-04,cancelled
5381,1179,2,7,153,67,2024-01-09,cancelled
5382,4436,1,3,98,265,2026-03-05,completed
5383,398,7,9,211,134,2025-07-14,completed
5384,4032,6,1,211,262,2024-06-09,completed
5385,2344,1,3,117,259,2025-05-30,completed
5386,4005,8,3,67,60,2025-08-17,completed
5387,4612,3,1,89,206,2023-06-20,completed
5388,2217,3,6,66,187,2024-08-28,completed
5389,2758,6,3,251,274,2025-11-16,completed
5390,3743,9,7,97,229,2024-11-03,completed
5391,2279,2,10,209,80,2025-12-31,cancelled
5392,1978,10,7,194,19,2026-07-26,in_transit
5393,3950,6,1,78,102,2023-09-15,completed
5394,2046,5,9,148,116,2023-10-08,completed
5395,3133,5,9,229,248,2025-10-28,completed
5396,1117,10,8,166,68,2025-08-15,completed
5397,1392,4,10,118,189,2025-05-20,completed
5398,147,2,10,134,158,2025-02-08,in_transit
5399,720,3,2,65,158,2026-02-07,completed
5400,2733,10,8,103,284,2026-01-31,completed
5401,2836,3,6,9,180,2023-08-26,in_transit
5402,1102,2,7,112,144,2026-01-25,completed
5403,1266,1,10,86,116,2023-12-22,cancelled
5404,3700,4,2,263,243,2025-03-05,completed
5405,693,10,7,100,212,2023-01-06,completed
5406,2890,3,5,112,33,2023-09-17,completed
5407,560,5,4,135,47,2023-11-05,completed
5408,937,1,6,175,66,2023-07-13,completed
5409,3192,4,6,247,19,2024-04-14,completed
5410,3698,9,1,222,173,2024-01-09,completed
5411,3038,5,4,200,119,2023-03-03,completed
5412,2835,4,7,57,254,2025-08-10,completed
5413,4880,4,9,163,98,2024-07-27,cancelled
5414,44,6,5,115,100,2025-03-21,completed
5415,3957,2,10,229,191,2026-02-11,completed
5416,2756,6,5,268,182,2025-07-18,completed
5417,841,7,1,292,249,2025-01-04,completed
5418,1313,3,1,241,242,2026-03-06,completed
5419,1986,5,3,180,213,2024-02-16,cancelled
5420,1033,1,3,28,105,2025-11-02,completed
5421,1164,8,1,106,274,2023-08-24,in_transit
5422,173,3,4,299,283,2026-01-12,completed
5423,146,9,8,188,106,2024-05-11,completed
5424,2495,7,4,162,160,2024-02-17,in_transit
5425,1532,3,5,258,237,2025-03-21,completed
5426,1144,3,7,193,128,2023-10-10,completed
5427,3174,9,3,240,215,2026-04-27,completed
5428,392,4,8,211,74,2024-07-02,cancelled
5429,3414,1,5,120,103,2024-06-18,completed
5430,4375,1,10,168,250,2024-10-11,cancelled
5431,3925,7,4,141,107,2026-06-01,completed
5432,2174,3,8,139,58,2026-03-25,in_transit
5433,4037,8,1,239,268,2024-10-23,completed
5434,4165,5,9,98,160,2026-07-30,completed
5435,4208,3,4,208,246,2024-09-16,completed
5436,3092,4,5,273,175,2025-10-08,in_transit
5437,4464,2,9,129,141,2025-03-13,cancelled
5438,2633,1,8,171,226,2023-07-10,in_transit
5439,1069,10,1,198,248,2025-03-10,cancelled
5440,762,8,4,277,68,2024-01-10,completed
5441,4047,7,5,142,292,2023-07-06,completed
5442,569,9,5,78,188,2024-09-29,completed
5443,2097,5,10,77,104,2023-08-22,completed
5444,2530,1,5,180,290,2025-12-05,completed
5445,2205,9,8,165,148,2023-03-08,in_transit
5446,3634,7,8,37,37,2023-11-22,completed
5447,2950,5,3,189,16,2023-03-15,completed
5448,2022,10,3,268,187,2025-03-21,completed
5449,2786,9,4,247,56,2024-07-06,completed
5450,1343,9,10,71,13,2024-01-09,completed
5451,2108,7,5,181,269,2026-04-21,completed
5452,175,8,2,23,81,2024-12-02,completed
5453,1088,9,2,184,162,2026-02-01,cancelled
5454,2751,8,6,209,88,2023-09-30,completed
5455,139,3,8,50,236,2026-01-02,completed
5456,448,4,1,167,217,2025-07-18,completed
5457,168,7,10,21,40,2025-01-16,completed
5458,4252,8,1,257,117,2024-10-26,completed
5459,4137,3,1,251,185,2023-10-30,completed
5460,2629,9,3,201,236,2023-02-14,completed
5461,2725,10,6,272,213,2024-12-08,completed
5462,167,9,1,189,238,2025-12-25,in_transit
5463,1317,8,7,287,156,2024-03-24,in_transit
5464,686,5,6,280,226,2023-11-21,completed
5465,3130,5,9,66,63,2023-10-05,completed
5466,990,3,5,195,78,2025-12-17,cancelled
5467,3033,10,5,164,155,2025-12-23,completed
5468,3164,5,8,169,286,2026-07-19,completed
5469,3493,8,9,264,35,2025-01-18,completed
5470,4090,10,4,134,37,2023-12-22,completed
5471,3409,10,7,37,297,2024-12-12,completed
5472,4562,8,3,48,289,2025-10-10,in_transit
5473,3164,10,1,120,274,2023-02-16,completed
5474,841,8,10,4,117,2023-10-02,completed
5475,471,3,10,70,57,2024-06-25,completed
5476,1749,5,9,94,101,2025-08-29,in_transit
5477,641,6,1,224,174,2024-04-28,in_transit
5478,274,10,7,76,249,2025-12-18,cancelled
5479,2158,5,8,36,290,2023-08-17,completed
5480,4181,3,5,200,217,2026-01-28,completed
5481,4570,9,8,68,163,2024-12-27,completed
5482,4690,4,8,203,100,2025-04-28,completed
5483,460,3,9,56,209,2026-02-01,completed
5484,2200,4,7,256,142,2024-03-12,completed
5485,1552,3,7,29,78,2026-02-04,completed
5486,3379,9,8,136,130,2023-02-25,completed
5487,1852,5,4,31,29,2024-08-09,completed
5488,1518,8,1,166,236,2026-03-10,in_transit
5489,3577,4,2,68,205,2025-11-08,in_transit
5490,982,7,8,260,114,2024-11-12,completed
5491,3228,7,2,240,41,2024-06-05,completed
5492,3130,8,6,76,23,2023-07-05,completed
5493,4931,7,9,118,216,2025-07-13,completed
5494,1692,9,8,96,282,2024-10-01,completed
5495,540,8,10,229,141,2024-03-10,in_transit
5496,2066,7,6,238,278,2023-08-29,cancelled
5497,745,4,10,114,278,2023-01-04,completed
5498,2634,9,6,294,17,2025-12-10,completed
5499,2411,7,10,264,101,2024-04-16,completed
5500,130,5,1,18,224,2023-11-05,completed
5501,3161,3,8,169,82,2023-09-05,in_transit
5502,377,5,10,56,61,2025-09-06,cancelled
5503,4830,4,3,179,188,2023-07-14,completed
5504,3133,7,10,186,74,2024-08-13,completed
5505,1599,8,7,49,107,2024-12-25,completed
5506,3275,2,1,290,184,2023-03-03,completed
5507,738,10,1,233,278,2026-01-12,completed
5508,4729,7,3,296,41,2023-04-10,completed
5509,3978,1,2,276,59,2026-05-05,completed
5510,4336,5,1,290,244,2025-12-15,completed
5511,3858,1,10,57,214,2025-11-29,completed
5512,2866,1,10,180,152,2026-03-10,completed
5513,470,1,8,35,69,2025-01-28,completed
5514,4742,8,5,276,211,2024-06-17,completed
5515,4372,6,5,130,10,2025-02-05,completed
5516,661,2,6,31,131,2024-05-27,cancelled
5517,3862,4,10,152,177,2025-03-09,completed
5518,1885,1,2,14,91,2023-06-14,completed
5519,281,1,5,25,149,2024-11-05,completed
5520,4167,7,5,66,111,2026-07-23,completed
5521,692,9,1,119,162,2025-01-13,cancelled
5522,3783,5,7,230,193,2025-02-11,completed
5523,2116,5,9,178,168,2023-08-30,completed
5524,127,8,4,131,33,2025-10-21,cancelled
5525,1593,10,8,285,114,2023-01-04,completed
5526,2029,6,5,266,183,2024-04-21,completed
5527,2699,2,6,147,229,2023-07-02,completed
5528,1273,3,6,160,130,2023-09-23,completed
5529,4617,8,10,297,210,2023-09-14,completed
5530,3938,3,2,56,46,2023-07-15,cancelled
5531,2661,8,9,245,249,2023-04-16,completed
5532,1357,1,3,124,88,2023-12-28,completed
5533,4696,3,5,249,184,2023-11-03,completed
5534,3014,6,8,2,99,2024-07-19,completed
5535,1143,6,1,56,190,2024-07-18,completed
5536,3122,9,1,232,18,2023-08-01,completed
5537,4218,1,3,252,227,2023-02-01,completed
5538,2092,3,9,67,63,2023-05-08,completed
5539,689,10,9,3,284,2025-10-06,completed
5540,3573,8,4,226,104,2023-05-15,completed
5541,2247,6,9,112,87,2025-11-17,completed
5542,4911,2,8,38,139,2024-12-28,completed
5543,505,3,6,46,31,2025-03-14,completed
5544,2842,3,4,266,59,2025-01-27,completed
5545,771,10,7,55,153,2024-01-04,completed
5546,2234,3,1,127,147,2023-06-21,completed
5547,2708,8,3,8,124,2023-03-01,cancelled
5548,359,1,9,169,228,2023-11-12,completed
5549,3126,1,6,155,83,2024-09-25,completed
5550,2677,5,1,88,286,2025-03-15,completed
5551,764,6,2,149,107,2025-01-28,completed
5552,4763,1,5,95,138,2026-02-16,completed
5553,2334,9,3,214,94,2025-03-16,completed
5554,2245,1,3,1,279,2023-03-31,completed
5555,4532,3,9,133,197,2026-05-01,completed
5556,1645,3,1,23,214,2023-12-26,in_transit
5557,4153,3,9,21,231,2025-05-13,completed
5558,2665,8,2,162,243,2025-06-07,completed
5559,3726,5,1,125,237,2026-07-03,cancelled
5560,2060,1,9,248,218,2023-10-05,completed
5561,3521,10,8,298,128,2026-05-24,completed
5562,4513,1,9,144,188,2023-06-12,completed
5563,707,8,10,271,42,2025-06-01,completed
5564,4201,6,9,180,184,2025-06-16,completed
5565,3958,5,3,224,76,2023-03-18,completed
5566,892,2,7,50,234,2025-12-03,completed
5567,2999,7,3,177,162,2023-08-11,completed
5568,196,2,5,241,152,2025-03-22,completed
5569,1567,2,1,293,82,2025-08-28,completed
5570,4757,5,9,63,270,2025-06-11,completed
5571,4890,1,5,257,220,2025-06-25,completed
5572,1507,3,9,41,262,2025-03-29,completed
5573,2067,5,7,221,89,2025-01-28,completed
5574,686,2,8,278,287,2023-04-04,completed
5575,1821,7,8,10,124,2025-01-09,completed
5576,4261,9,1,181,240,2026-02-07,completed
5577,1874,8,9,150,20,2025-12-24,completed
5578,456,4,2,261,250,2026-02-14,in_transit
5579,2084,5,8,74,97,2023-08-30,cancelled
5580,3079,6,4,158,271,2023-08-25,completed
5581,2161,7,9,25,225,2024-12-21,completed
5582,4297,5,10,16,279,2023-09-06,completed
5583,4123,4,8,6,157,2025-08-09,completed
5584,2780,8,3,72,165,2024-03-19,completed
5585,2283,9,8,153,91,2024-02-22,completed
5586,3564,10,3,160,20,2024-08-30,completed
5587,3110,5,1,178,14,2024-12-15,in_transit
5588,427,6,5,142,94,2024-10-21,completed
5589,1903,10,1,245,245,2025-11-16,cancelled
5590,1054,2,9,296,62,2026-01-13,completed
5591,663,3,7,46,17,2023-11-18,completed
5592,469,10,5,269,100,2024-02-01,completed
5593,2106,10,4,167,248,2026-06-25,completed
5594,611,5,8,56,222,2025-05-11,completed
5595,1038,10,9,224,124,2024-09-28,completed
5596,1570,8,9,284,47,2023-11-21,completed
5597,3031,5,7,268,163,2024-04-12,cancelled
5598,4466,7,10,96,132,2025-06-17,completed
5599,2532,5,10,90,120,2024-10-30,completed
5600,4148,9,6,182,176,2026-03-27,completed
5601,628,3,10,14,210,2023-08-24,completed
5602,4000,5,6,25,97,2024-04-12,completed
5603,3155,9,5,61,122,2026-02-05,completed
5604,2457,5,7,3,184,2025-09-18,completed
5605,909,10,1,193,265,2026-04-23,completed
5606,5,9,6,96,257,2024-04-15,completed
5607,457,9,6,190,190,2025-05-22,completed
5608,2705,9,1,87,47,2024-06-01,completed
5609,1800,9,1,60,104,2024-03-27,completed
5610,2442,6,1,98,16,2026-02-28,completed
5611,1538,6,9,124,210,2023-10-22,completed
5612,1814,8,9,59,30,2026-05-07,completed
5613,3075,5,2,186,49,2023-01-16,completed
5614,2855,2,1,132,51,2023-07-28,completed
5615,3943,4,10,211,78,2023-04-27,completed
5616,4236,6,5,146,187,2025-09-01,completed
5617,3225,6,9,15,19,2024-02-27,completed
5618,3542,10,7,73,219,2023-01-08,completed
5619,4789,9,7,30,131,2024-02-21,completed
5620,1009,2,3,298,199,2026-06-19,in_transit
5621,3780,8,9,97,294,2024-05-18,cancelled
5622,2698,6,8,26,125,2023-12-22,completed
5623,1057,10,2,278,255,2025-12-07,completed
5624,2161,5,8,96,175,2025-11-25,completed
5625,4376,5,4,72,248,2026-01-27,completed
5626,351,4,6,292,121,2024-03-25,cancelled
5627,2056,7,6,17,227,2024-08-21,cancelled
5628,1123,9,8,247,114,2024-07-03,completed
5629,1438,2,10,181,162,2025-11-24,completed
5630,783,2,1,190,197,2025-10-13,completed
5631,4245,4,10,87,168,2025-08-22,cancelled
5632,1644,5,3,215,143,2025-03-06,completed
5633,3884,2,10,93,258,2024-07-01,completed
5634,2027,7,6,172,251,2024-09-26,completed
5635,3586,6,2,239,268,2023-01-15,completed
5636,133,10,5,300,235,2026-03-17,in_transit
5637,2477,3,1,205,52,2025-02-21,completed
5638,4835,8,4,155,224,2025-12-07,completed
5639,3717,4,1,107,236,2025-07-25,completed
5640,4033,5,7,18,262,2024-11-13,completed
5641,2863,6,10,265,122,2024-06-24,cancelled
5642,1289,4,6,77,143,2026-01-10,completed
5643,4242,8,9,137,10,2023-03-23,completed
5644,3612,7,1,169,169,2023-05-04,completed
5645,4725,6,8,100,49,2023-11-15,completed
5646,3956,10,6,79,181,2026-04-27,completed
5647,828,9,2,292,38,2025-07-05,completed
5648,3099,6,3,237,160,2023-05-29,completed
5649,4260,1,6,153,258,2024-06-12,completed
5650,4311,4,3,39,234,2025-05-27,completed
5651,3441,10,7,173,166,2025-10-09,completed
5652,2508,5,2,94,155,2023-12-24,completed
5653,4581,6,2,124,67,2025-05-01,completed
5654,4376,1,4,111,233,2026-07-27,completed
5655,928,5,1,270,199,2025-02-15,completed
5656,3480,2,1,180,224,2023-06-15,cancelled
5657,2720,5,7,121,105,2024-09-04,completed
5658,3324,3,4,168,109,2025-03-18,completed
5659,3826,6,10,228,136,2024-01-17,completed
5660,379,10,5,23,210,2026-01-24,completed
5661,1555,9,8,284,147,2025-09-10,completed
5662,4407,3,7,83,276,2024-04-26,completed
5663,1267,10,3,290,164,2024-01-27,cancelled
5664,1818,10,9,67,257,2026-06-29,completed
5665,136,6,8,154,146,2025-07-13,in_transit
5666,847,3,2,237,211,2023-01-16,completed
5667,1421,5,1,85,117,2023-02-10,completed
5668,4847,8,3,220,23,2023-10-03,completed
5669,677,9,10,172,272,2025-09-23,completed
5670,3060,3,10,69,220,2024-08-07,completed
5671,5000,6,2,165,101,2025-07-09,completed
5672,4174,6,5,230,117,2024-11-17,completed
5673,1914,6,5,273,161,2024-05-03,completed
5674,4924,7,5,231,240,2025-08-22,completed
5675,2791,5,7,284,187,2024-09-16,completed
5676,1216,4,5,105,29,2023-02-10,in_transit
5677,540,2,8,182,217,2025-12-31,completed
5678,1278,7,6,197,246,2026-02-19,completed
5679,3038,4,6,240,226,2023-09-04,completed
5680,1014,9,1,50,260,2024-04-27,completed
5681,774,10,4,245,191,2024-07-07,completed
5682,4019,9,3,207,52,2024-12-08,completed
5683,3726,1,3,207,207,2023-07-13,completed
5684,1064,9,7,56,104,2025-03-31,in_transit
5685,1089,8,1,18,62,2026-07-10,in_transit
5686,97,9,6,164,43,2024-12-28,completed
5687,3420,10,9,208,155,2025-07-25,completed
5688,206,2,1,145,81,2025-05-10,completed
5689,1328,1,8,219,141,2024-05-16,cancelled
5690,4592,5,1,264,278,2025-10-16,completed
5691,602,3,9,251,30,2023-03-13,completed
5692,4947,10,3,153,180,2024-11-18,completed
5693,2505,9,8,183,155,2025-12-21,completed
5694,784,5,4,62,86,2025-12-20,completed
5695,3999,8,7,136,65,2026-03-24,completed
5696,2934,10,2,169,111,2025-04-21,completed
5697,1704,10,5,16,153,2025-07-12,cancelled
5698,2540,9,4,27,61,2025-09-04,completed
5699,3369,9,4,79,198,2023-12-01,completed
5700,557,6,9,138,118,2025-01-02,completed
5701,2479,8,7,224,271,2026-06-21,completed
5702,2245,9,4,93,228,2023-10-25,in_transit
5703,2444,6,10,38,215,2024-08-20,completed
5704,3050,9,1,151,102,2025-04-06,completed
5705,680,10,7,146,95,2024-06-16,cancelled
5706,1115,1,7,180,178,2025-07-18,cancelled
5707,1430,4,3,149,177,2023-07-25,in_transit
5708,4115,4,7,21,196,2025-11-16,cancelled
5709,1483,9,8,10,119,2026-02-17,completed
5710,3259,2,10,119,294,2023-08-01,completed
5711,884,1,2,264,142,2026-07-01,completed
5712,659,10,5,231,280,2024-02-16,completed
5713,3188,2,3,160,192,2025-12-10,completed
5714,4364,6,2,34,236,2025-12-25,completed
5715,1891,6,8,26,124,2025-06-23,completed
5716,1539,4,6,264,289,2024-10-18,completed
5717,1315,7,1,93,51,2024-02-08,completed
5718,1072,1,3,51,290,2024-10-10,completed
5719,3848,3,6,214,262,2023-10-27,completed
5720,4100,7,6,135,160,2023-02-12,completed
5721,3133,5,10,138,213,2023-06-20,completed
5722,1626,6,3,103,160,2026-04-28,completed
5723,3352,1,9,162,193,2023-12-30,cancelled
5724,457,2,4,224,285,2023-02-19,in_transit
5725,4853,5,9,102,246,2024-06-08,completed
5726,2497,5,9,131,70,2025-11-07,completed
5727,759,8,4,23,201,2023-12-12,cancelled
5728,1950,7,10,92,267,2023-03-20,completed
5729,4056,8,6,5,106,2025-07-29,cancelled
5730,2250,4,2,151,77,2025-04-17,completed
5731,491,9,2,105,280,2025-08-02,in_transit
5732,3323,8,6,246,167,2026-01-30,completed
5733,1862,4,10,28,44,2025-09-16,completed
5734,281,7,8,291,69,2023-02-24,completed
5735,3633,8,5,299,52,2023-06-05,completed
5736,2913,3,8,164,205,2024-06-21,cancelled
5737,1888,5,3,271,178,2024-03-17,completed
5738,3410,2,5,214,183,2024-03-12,completed
5739,2448,2,5,250,279,2025-11-25,completed
5740,3579,8,10,140,86,2026-07-29,completed
5741,3012,3,2,172,178,2023-01-30,completed
5742,670,8,3,152,100,2025-07-14,in_transit
5743,499,1,3,156,119,2025-12-09,cancelled
5744,3989,10,6,187,37,2026-05-15,completed
5745,2026,6,5,1,118,2023-03-17,in_transit
5746,558,6,5,34,294,2025-04-20,in_transit
5747,2829,5,4,19,191,2024-06-12,completed
5748,2136,9,1,266,229,2024-03-06,completed
5749,2757,1,7,64,171,2024-01-21,completed
5750,4476,9,6,145,221,2024-06-18,in_transit
5751,1932,10,4,149,239,2023-04-18,completed
5752,453,3,7,49,261,2025-10-25,completed
5753,1925,7,2,181,106,2024-10-15,completed
5754,1534,8,7,213,291,2025-09-23,cancelled
5755,2126,2,3,262,213,2023-02-10,completed
5756,70,4,1,267,111,2026-04-19,completed
5757,2691,2,6,152,10,2026-04-22,completed
5758,799,9,1,253,278,2025-06-25,completed
5759,726,3,5,31,143,2024-01-28,completed
5760,3295,9,1,277,137,2025-01-02,completed
5761,2809,2,9,220,179,2024-02-23,in_transit
5762,3964,8,5,69,133,2024-05-08,completed
5763,4358,7,9,187,28,2024-02-28,completed
5764,287,6,4,23,156,2026-05-12,cancelled
5765,1943,6,5,275,87,2024-07-26,completed
5766,633,7,10,122,192,2023-03-24,completed
5767,1216,10,3,200,102,2026-04-01,in_transit
5768,889,5,6,262,90,2025-11-18,cancelled
5769,4375,1,7,138,118,2024-01-18,completed
5770,4903,4,1,5,242,2023-11-13,completed
5771,2952,6,1,296,110,2024-03-21,completed
5772,4243,6,3,270,117,2026-07-09,completed
5773,103,6,5,180,235,2024-05-06,completed
5774,1856,4,8,258,170,2024-03-13,completed
5775,3385,2,10,123,141,2024-06-27,cancelled
5776,909,3,10,230,180,2023-09-04,completed
5777,2601,3,4,86,116,2024-08-18,completed
5778,374,1,8,270,152,2024-05-10,cancelled
5779,2865,3,9,180,144,2024-03-06,completed
5780,761,7,4,102,150,2026-06-09,completed
5781,1059,8,3,223,132,2023-11-17,completed
5782,4480,3,6,261,137,2025-12-02,completed
5783,2126,5,10,170,56,2023-03-29,cancelled
5784,2679,7,6,9,17,2024-01-18,completed
5785,39,9,8,114,184,2026-06-24,completed
5786,3446,9,1,89,87,2024-09-22,completed
5787,4549,9,7,61,21,2024-01-29,completed
5788,415,6,9,142,21,2025-04-02,completed
5789,686,9,3,129,36,2023-11-18,completed
5790,2579,2,7,41,125,2023-10-25,completed
5791,529,4,9,41,276,2023-02-02,completed
5792,3104,9,10,86,187,2023-04-03,completed
5793,1941,7,3,115,107,2026-04-16,completed
5794,2919,2,9,269,47,2025-09-14,cancelled
5795,2903,4,8,218,240,2026-03-15,completed
5796,1894,4,10,48,61,2026-01-06,completed
5797,2139,1,8,48,285,2026-05-09,cancelled
5798,4400,2,8,290,100,2023-07-08,completed
5799,4040,2,6,239,16,2025-09-30,completed
5800,1433,6,9,221,200,2024-01-22,completed
5801,2420,8,1,251,41,2025-09-01,completed
5802,4549,10,2,1,177,2024-04-02,in_transit
5803,4093,3,10,109,269,2023-07-09,completed
5804,1464,8,7,5,226,2025-04-09,completed
5805,239,2,9,229,56,2025-07-31,cancelled
5806,1869,1,5,221,106,2024-05-06,completed
5807,3027,10,4,177,162,2025-09-22,completed
5808,3633,10,6,214,18,2025-11-04,in_transit
5809,4737,2,10,44,17,2024-09-29,completed
5810,3723,3,9,125,82,2024-06-15,completed
5811,2829,3,2,246,109,2024-04-21,in_transit
5812,3375,2,4,186,12,2025-08-13,completed
5813,4422,2,4,158,181,2025-08-28,completed
5814,4284,4,8,128,269,2024-12-22,completed
5815,407,5,7,291,297,2024-06-04,completed
5816,2233,8,7,157,14,2025-11-19,cancelled
5817,4277,2,4,123,253,2026-01-14,completed
5818,4918,4,8,121,84,2023-02-06,completed
5819,2576,5,3,289,115,2025-07-03,in_transit
5820,2643,2,5,236,83,2023-09-07,completed
5821,4562,7,10,273,190,2025-09-15,completed
5822,4149,5,2,107,220,2023-12-06,completed
5823,923,4,2,135,168,2023-01-21,completed
5824,1344,8,6,286,18,2025-07-04,completed
5825,4970,9,2,62,73,2023-12-17,cancelled
5826,1573,6,2,178,261,2026-05-23,completed
5827,4378,8,3,147,229,2025-10-25,completed
5828,2777,3,6,78,206,2025-01-04,completed
5829,2110,10,7,258,20,2025-08-01,cancelled
5830,2209,4,7,287,295,2025-09-17,completed
5831,3352,6,2,160,190,2023-07-16,completed
5832,4131,2,10,125,120,2023-12-31,cancelled
5833,267,3,10,39,11,2023-08-16,completed
5834,823,7,1,13,19,2025-04-01,cancelled
5835,3969,4,1,42,73,2024-11-30,cancelled
5836,3700,4,5,266,100,2025-06-22,completed
5837,68,10,1,95,122,2026-01-31,completed
5838,1684,4,8,30,31,2025-06-22,completed
5839,4970,10,6,173,132,2023-02-19,completed
5840,4597,8,10,289,259,2025-07-13,completed
5841,39,7,8,35,51,2023-02-19,in_transit
5842,3641,1,4,183,147,2025-03-24,in_transit
5843,4458,4,5,228,191,2026-02-27,completed
5844,3716,8,10,236,159,2024-08-27,completed
5845,4972,10,4,93,12,2023-09-08,completed
5846,4600,6,2,289,214,2024-06-17,completed
5847,4546,2,9,163,18,2026-05-14,completed
5848,2274,5,9,74,276,2023-05-31,completed
5849,4896,1,10,171,176,2024-12-14,completed
5850,3644,1,9,135,238,2025-10-10,completed
5851,407,3,5,213,224,2023-08-09,completed
5852,16,9,10,101,192,2023-07-15,completed
5853,4782,6,7,65,237,2023-08-09,cancelled
5854,686,2,4,221,268,2026-05-01,completed
5855,1134,7,10,57,253,2023-07-01,completed
5856,548,10,2,249,220,2023-02-22,in_transit
5857,4955,3,1,16,26,2024-09-07,completed
5858,333,8,6,5,244,2023-04-11,completed
5859,3340,9,1,230,201,2023-08-19,completed
5860,3021,6,7,25,188,2026-01-14,completed
5861,304,6,8,86,12,2024-01-06,completed
5862,2595,2,6,29,194,2023-03-20,cancelled
5863,2748,1,9,217,284,2025-02-09,completed
5864,4276,10,2,185,120,2024-11-01,completed
5865,2002,5,3,129,33,2024-12-22,completed
5866,4468,1,6,259,86,2026-05-08,completed
5867,95,5,7,38,296,2023-06-20,completed
5868,2058,6,8,187,132,2026-07-18,in_transit
5869,4428,1,4,215,64,2026-04-15,completed
5870,1741,1,6,250,181,2026-02-19,completed
5871,1630,3,8,278,56,2023-09-13,completed
5872,3908,7,10,3,119,2024-06-25,completed
5873,3264,6,9,180,126,2023-07-10,cancelled
5874,572,2,10,159,258,2026-07-26,completed
5875,2047,8,4,91,241,2025-06-18,completed
5876,713,2,5,175,82,2026-04-07,completed
5877,667,4,10,125,225,2023-12-22,completed
5878,4433,3,8,134,45,2023-12-14,completed
5879,974,5,8,245,295,2024-10-07,cancelled
5880,4816,6,3,70,205,2024-07-23,completed
5881,2893,8,5,114,60,2024-02-21,completed
5882,116,2,3,128,155,2025-12-26,in_transit
5883,4654,1,7,206,234,2024-01-22,completed
5884,2447,5,4,223,105,2025-08-17,completed
5885,1876,1,4,285,29,2024-08-11,completed
5886,2760,1,7,146,81,2025-09-12,cancelled
5887,2094,8,7,171,207,2025-11-11,completed
5888,2146,1,2,22,57,2023-11-21,completed
5889,69,10,3,161,141,2025-11-18,cancelled
5890,240,2,5,226,251,2023-06-13,completed
5891,2940,1,6,176,106,2023-01-06,completed
5892,1553,4,3,215,143,2025-08-26,completed
5893,236,6,5,121,91,2024-10-25,completed
5894,3653,1,10,13,133,2023-07-02,completed
5895,1310,7,6,132,74,2024-07-16,in_transit
5896,2825,7,5,38,142,2026-02-18,in_transit
5897,419,7,9,141,136,2026-03-14,in_transit
5898,2242,3,5,165,33,2023-02-06,in_transit
5899,3766,1,9,258,252,2024-08-24,completed
5900,2345,3,9,36,298,2023-05-20,in_transit
5901,1162,7,5,261,275,2023-10-01,completed
5902,498,8,3,8,25,2025-10-12,completed
5903,3726,2,3,167,46,2024-01-16,completed
5904,4545,4,8,206,183,2023-08-17,completed
5905,353,2,1,121,246,2025-07-25,completed
5906,2629,2,4,177,280,2023-07-08,completed
5907,2220,3,10,255,194,2025-01-08,completed
5908,2095,6,3,220,128,2026-03-08,completed
5909,4919,10,5,49,82,2023-11-15,completed
5910,4141,1,6,23,95,2023-09-13,completed
5911,401,6,7,262,158,2023-07-12,in_transit
5912,1448,6,10,52,117,2025-04-04,in_transit
5913,4194,2,7,173,293,2023-07-10,completed
5914,2684,6,8,212,179,2024-03-03,completed
5915,2083,8,7,269,119,2024-02-04,completed
5916,4610,10,8,281,218,2025-02-07,completed
5917,3704,5,8,275,266,2026-03-04,completed
5918,3321,3,1,193,11,2024-05-13,completed
5919,89,5,2,150,87,2025-01-18,completed
5920,4824,9,6,29,217,2023-06-22,completed
5921,4169,9,2,18,100,2025-06-09,completed
5922,4739,7,1,180,85,2026-07-07,completed
5923,3011,3,5,153,98,2023-09-10,completed
5924,205,3,7,204,121,2023-02-28,completed
5925,4495,4,2,147,100,2024-05-09,completed
5926,4924,4,1,79,197,2026-07-18,completed
5927,3289,3,4,156,85,2023-06-09,completed
5928,994,7,8,231,231,2025-02-21,completed
5929,1407,7,5,52,272,2023-12-19,completed
5930,1785,10,4,48,283,2025-10-17,completed
5931,2548,4,9,249,275,2026-06-21,completed
5932,3641,10,6,260,289,2025-09-02,in_transit
5933,1448,9,5,230,128,2025-03-06,completed
5934,1250,4,3,111,37,2025-05-10,completed
5935,2148,4,3,280,221,2023-02-28,completed
5936,2270,5,6,161,72,2023-04-09,completed
5937,4284,7,2,99,49,2025-02-08,completed
5938,3672,10,8,230,139,2025-03-26,completed
5939,3410,2,4,102,77,2026-03-09,in_transit
5940,2526,8,5,155,231,2023-07-14,completed
5941,334,6,10,158,180,2025-07-01,completed
5942,441,9,3,171,186,2023-03-07,completed
5943,548,6,2,114,148,2026-07-07,completed
5944,3277,2,3,61,268,2026-06-15,completed
5945,828,1,2,265,118,2024-04-21,completed
5946,3265,9,7,180,190,2024-06-24,completed
5947,3290,2,7,46,300,2026-01-06,completed
5948,2829,2,9,182,202,2023-07-22,in_transit
5949,4781,6,3,217,220,2023-04-27,completed
5950,2495,1,6,115,97,2025-06-20,in_transit
5951,4989,7,4,273,43,2023-07-18,cancelled
5952,130,10,7,154,202,2025-04-03,completed
5953,2402,2,5,188,84,2025-04-10,completed
5954,3739,5,10,60,203,2024-02-25,completed
5955,463,9,5,93,63,2023-08-04,completed
5956,3821,4,7,41,45,2025-10-25,completed
5957,549,9,4,165,195,2024-06-11,completed
5958,2002,8,9,159,112,2024-04-16,completed
5959,1204,10,9,289,145,2025-05-04,completed
5960,3696,4,5,264,13,2025-04-19,cancelled
5961,2056,2,10,257,78,2025-08-04,in_transit
5962,4517,1,9,31,240,2025-06-29,completed
5963,2754,3,4,163,96,2023-01-22,completed
5964,2789,2,8,299,42,2025-10-10,completed
5965,100,7,9,62,157,2025-09-06,completed
5966,2784,9,1,130,19,2025-12-05,completed
5967,2645,1,2,55,21,2023-02-21,cancelled
5968,3640,5,7,224,13,2025-08-10,completed
5969,2572,7,5,250,149,2023-09-29,in_transit
5970,2606,7,3,290,187,2025-03-17,completed
5971,1155,3,6,132,243,2025-03-07,completed
5972,1949,8,6,297,242,2023-05-02,completed
5973,3661,1,9,212,274,2023-06-07,completed
5974,2294,5,3,97,284,2023-10-18,completed
5975,1650,9,6,29,21,2023-11-24,completed
5976,2813,4,5,149,48,2023-04-20,completed
5977,1347,1,7,74,149,2023-04-11,completed
5978,1173,4,1,79,198,2023-02-28,completed
5979,3851,8,4,272,267,2024-07-16,completed
5980,1114,5,10,77,249,2026-04-08,completed
5981,1269,6,1,153,231,2023-01-20,completed
5982,1016,6,8,163,254,2024-10-24,in_transit
5983,2457,1,2,61,280,2024-09-28,completed
5984,3740,3,2,50,265,2023-12-23,cancelled
5985,2479,3,2,103,280,2024-08-05,completed
5986,840,3,4,207,163,2026-05-22,completed
5987,2959,1,2,59,108,2024-05-06,completed
5988,2293,1,8,171,200,2023-11-09,completed
5989,2417,6,10,40,267,2024-11-11,completed
5990,203,8,3,276,180,2023-09-25,completed
5991,1894,8,3,74,207,2026-05-09,completed
5992,297,10,2,192,259,2025-10-15,completed
5993,1727,8,7,184,292,2023-06-17,completed
5994,523,10,2,236,94,2025-08-03,completed
5995,2569,4,9,169,106,2024-06-30,completed
5996,3507,2,9,295,291,2026-03-10,in_transit
5997,169,4,6,233,73,2024-05-21,in_transit
5998,893,5,10,219,233,2024-07-01,completed
5999,157,9,7,74,185,2025-01-28,completed
6000,288,5,6,74,243,2024-02-14,completed
6001,2593,6,7,70,45,2025-04-21,completed
6002,1694,6,7,173,93,2025-08-02,completed
6003,2523,9,10,71,73,2023-09-09,completed
6004,1755,10,8,198,95,2025-01-16,completed
6005,4232,8,1,67,57,2026-05-14,completed
6006,3314,4,6,120,28,2025-02-10,completed
6007,1445,7,4,170,207,2024-05-29,completed
6008,4537,10,5,49,166,2024-09-27,in_transit
6009,3386,9,3,139,117,2024-07-19,completed
6010,4546,9,8,269,136,2024-09-13,completed
6011,3002,5,7,187,100,2023-08-08,completed
6012,4959,3,1,70,171,2025-06-30,completed
6013,1667,2,7,114,28,2024-04-18,completed
6014,2970,1,3,189,142,2025-09-15,cancelled
6015,4691,7,1,175,33,2023-10-12,completed
6016,3482,3,1,197,17,2024-05-24,completed
6017,1939,6,7,216,22,2024-12-10,cancelled
6018,3476,9,4,65,289,2024-10-17,cancelled
6019,1744,9,4,43,141,2026-06-18,completed
6020,1127,2,3,242,20,2024-05-11,completed
6021,2821,8,7,38,229,2026-01-09,completed
6022,1332,6,2,109,182,2025-11-03,completed
6023,1889,2,10,66,26,2024-12-30,completed
6024,3412,6,3,127,21,2025-03-12,completed
6025,4160,2,4,194,223,2025-06-25,completed
6026,4648,7,1,259,148,2024-07-23,in_transit
6027,62,8,1,263,220,2024-07-24,cancelled
6028,3301,3,9,18,262,2023-11-17,cancelled
6029,2360,10,7,84,133,2024-12-27,cancelled
6030,877,5,6,261,110,2026-07-02,in_transit
6031,900,9,6,217,219,2025-05-26,completed
6032,2028,3,10,166,54,2024-03-21,completed
6033,4313,4,8,94,188,2026-01-12,completed
6034,1119,2,9,198,35,2025-09-02,completed
6035,1618,6,4,261,25,2023-11-21,completed
6036,4929,7,3,297,227,2025-07-27,completed
6037,3163,3,1,45,46,2026-02-18,completed
6038,1014,6,10,10,170,2024-10-17,completed
6039,2547,10,9,92,115,2024-10-05,completed
6040,4387,3,2,238,290,2024-02-04,completed
6041,1290,7,9,131,57,2025-11-06,in_transit
6042,4143,10,9,138,11,2026-02-06,completed
6043,4355,5,10,98,197,2024-02-15,completed
6044,4886,2,10,31,157,2023-05-31,completed
6045,1116,6,3,194,27,2024-11-24,completed
6046,3306,8,9,268,141,2026-01-26,completed
6047,2814,4,1,19,183,2025-08-29,in_transit
6048,2473,8,3,32,131,2026-03-03,completed
6049,2132,10,2,200,141,2025-01-19,completed
6050,1328,2,6,201,293,2025-01-06,completed
6051,242,7,2,203,92,2024-01-31,completed
6052,2582,9,1,141,132,2026-04-11,completed
6053,3354,8,4,173,279,2023-12-19,completed
6054,3091,10,6,179,53,2025-01-31,completed
6055,961,7,10,193,70,2025-06-14,completed
6056,4037,9,6,218,84,2023-10-16,completed
6057,4985,2,5,200,138,2025-04-15,completed
6058,80,7,1,206,297,2023-12-15,cancelled
6059,3763,6,1,129,131,2026-05-24,cancelled
6060,514,6,8,212,153,2023-09-12,completed
6061,3858,6,5,141,187,2024-04-10,completed
6062,4400,3,4,249,23,2025-02-12,completed
6063,826,8,1,238,101,2026-04-14,completed
6064,3482,5,9,20,142,2026-04-30,completed
6065,3837,10,7,183,215,2024-07-28,in_transit
6066,976,8,4,74,35,2025-06-14,completed
6067,3271,8,5,278,282,2025-07-15,completed
6068,4855,4,2,236,161,2026-03-05,completed
6069,1949,9,10,49,185,2025-11-02,completed
6070,2968,8,5,218,201,2023-10-10,cancelled
6071,4443,10,9,196,62,2024-10-17,cancelled
6072,2955,5,9,184,206,2023-07-12,completed
6073,3371,1,10,268,62,2025-09-17,completed
6074,2288,10,2,121,176,2023-09-04,completed
6075,1224,8,6,52,168,2023-01-30,completed
6076,2167,6,4,285,111,2023-01-20,completed
6077,72,9,3,218,79,2024-04-25,cancelled
6078,2248,1,7,254,258,2025-03-21,completed
6079,2454,7,5,47,28,2023-08-01,completed
6080,1453,5,6,54,234,2024-09-26,completed
6081,1586,5,1,295,104,2026-04-25,completed
6082,3815,7,8,62,144,2025-01-23,cancelled
6083,4943,8,1,224,101,2025-01-28,completed
6084,55,7,1,98,252,2024-05-30,completed
6085,3748,6,1,275,102,2023-12-14,completed
6086,214,9,3,231,178,2025-12-23,completed
6087,2992,1,9,238,288,2024-09-06,completed
6088,3813,2,9,50,148,2024-04-18,completed
6089,3224,10,1,290,106,2023-02-16,completed
6090,1125,4,1,245,280,2023-01-23,completed
6091,3085,9,6,179,289,2023-05-12,completed
6092,2046,5,7,141,166,2025-08-16,completed
6093,2180,2,7,23,33,2023-10-06,completed
6094,3416,5,3,248,249,2023-01-25,completed
6095,88,6,7,5,110,2024-03-02,completed
6096,840,10,3,163,216,2026-03-29,completed
6097,4115,2,5,280,72,2023-08-02,completed
6098,517,3,8,297,172,2024-12-07,completed
6099,3885,5,2,278,97,2023-04-01,completed
6100,421,3,1,12,246,2023-11-11,completed
6101,1637,5,1,104,237,2025-04-10,completed
6102,2119,9,6,118,100,2024-08-25,completed
6103,4120,5,10,298,240,2024-07-04,completed
6104,3324,7,9,248,256,2025-11-10,completed
6105,681,5,7,68,245,2023-09-25,in_transit
6106,3252,2,4,145,40,2026-03-14,completed
6107,4549,5,1,139,202,2024-06-05,completed
6108,2725,1,7,109,44,2025-12-01,completed
6109,1988,2,1,45,30,2023-06-29,in_transit
6110,3606,1,10,101,99,2023-03-28,completed
6111,3094,2,6,214,56,2023-02-18,completed
6112,4468,10,3,164,158,2024-05-29,completed
6113,3386,10,2,195,40,2024-10-24,completed
6114,2368,10,7,171,181,2023-07-13,completed
6115,4933,2,9,265,298,2026-01-25,completed
6116,3703,8,7,99,292,2025-07-14,completed
6117,3188,3,4,136,25,2024-09-02,completed
6118,3885,1,2,48,253,2025-12-26,in_transit
6119,3349,7,4,53,223,2024-01-04,completed
6120,3966,10,3,213,164,2026-03-20,in_transit
6121,1966,9,10,299,276,2024-09-07,completed
6122,1386,6,3,244,43,2025-06-20,completed
6123,347,3,2,166,138,2026-01-20,cancelled
6124,1417,9,6,273,210,2025-03-27,completed
6125,2102,3,6,93,281,2024-01-20,completed
6126,232,6,10,21,96,2025-07-30,in_transit
6127,4360,5,1,85,19,2025-05-19,completed
6128,1912,4,7,190,68,2024-01-03,completed
6129,4198,3,1,77,186,2023-06-24,cancelled
6130,2223,1,7,129,90,2025-06-12,cancelled
6131,2647,1,5,261,157,2026-01-22,completed
6132,1976,4,1,142,93,2025-01-20,cancelled
6133,3163,4,10,291,277,2024-12-13,completed
6134,3555,4,3,127,163,2026-04-21,completed
6135,4670,8,1,218,217,2026-07-30,completed
6136,2757,5,4,214,139,2025-10-31,completed
6137,1637,8,1,149,98,2026-07-05,completed
6138,1991,6,5,284,167,2024-03-10,completed
6139,3523,5,2,130,224,2023-06-03,completed
6140,2155,1,5,77,222,2023-05-05,completed
6141,2244,7,10,18,173,2026-01-25,completed
6142,702,4,7,65,192,2026-04-04,completed
6143,3095,2,5,274,286,2023-11-12,in_transit
6144,3845,2,10,132,134,2025-06-05,completed
6145,2411,10,1,26,284,2024-04-15,completed
6146,1847,2,1,60,180,2025-01-12,cancelled
6147,509,8,1,114,224,2025-04-10,completed
6148,2473,5,1,174,274,2023-06-19,completed
6149,4794,10,2,159,289,2025-11-03,completed
6150,2656,8,9,285,259,2026-02-07,completed
6151,3610,5,4,84,213,2025-12-23,cancelled
6152,296,8,2,255,82,2024-09-27,cancelled
6153,1042,10,7,262,249,2023-05-23,completed
6154,1088,10,5,207,93,2026-05-06,completed
6155,3200,1,6,86,52,2024-06-14,completed
6156,2049,9,5,193,179,2024-10-23,completed
6157,4715,5,2,3,73,2025-06-25,completed
6158,1032,6,7,265,291,2025-09-28,completed
6159,3442,3,7,138,36,2025-09-20,completed
6160,457,6,4,186,69,2026-04-23,completed
6161,3638,2,7,90,28,2024-10-17,completed
6162,1346,4,3,32,157,2025-05-05,completed
6163,4049,10,5,68,67,2023-09-30,completed
6164,3650,3,5,213,52,2026-04-14,cancelled
6165,3618,8,9,259,210,2025-12-16,completed
6166,1564,5,8,267,286,2023-10-23,completed
6167,3871,8,6,38,70,2026-03-29,completed
6168,2160,10,4,229,188,2026-03-10,completed
6169,3916,7,3,52,286,2025-10-18,completed
6170,2438,1,2,176,196,2023-12-06,completed
6171,3406,8,9,253,243,2025-10-04,cancelled
6172,4755,8,6,267,251,2024-01-24,completed
6173,2091,5,3,279,123,2023-07-10,in_transit
6174,2448,7,1,79,297,2025-10-03,completed
6175,1907,1,6,82,13,2025-11-19,completed
6176,515,4,10,110,97,2024-02-03,in_transit
6177,812,1,9,213,33,2025-03-17,in_transit
6178,3633,4,8,74,259,2023-03-07,completed
6179,2076,5,2,101,147,2024-08-30,completed
6180,1185,8,1,85,192,2025-10-15,completed
6181,4835,5,6,273,181,2026-03-27,completed
6182,4910,10,5,177,265,2023-10-26,completed
6183,3874,2,7,292,164,2023-07-10,in_transit
6184,2492,7,1,234,215,2026-06-06,completed
6185,3230,6,3,192,146,2023-10-03,completed
6186,4112,6,4,226,236,2023-09-03,completed
6187,1971,2,4,155,279,2024-06-14,completed
6188,326,2,5,217,98,2023-11-07,completed
6189,1542,9,1,268,169,2026-01-26,completed
6190,987,8,4,37,77,2025-08-13,in_transit
6191,785,1,5,84,220,2025-03-11,completed
6192,2912,8,2,12,96,2025-09-03,completed
6193,3532,3,8,197,73,2026-04-12,cancelled
6194,365,7,6,238,188,2025-03-02,completed
6195,961,6,3,156,60,2025-01-08,completed
6196,2843,4,3,162,97,2025-12-13,completed
6197,3886,10,4,184,93,2023-08-09,in_transit
6198,4935,8,6,163,80,2024-02-20,completed
6199,2701,7,8,35,143,2025-06-15,cancelled
6200,3324,6,4,278,221,2023-06-13,completed
6201,2855,3,1,205,286,2023-11-07,completed
6202,4125,9,6,37,146,2023-07-15,completed
6203,4453,3,8,103,182,2024-04-17,completed
6204,921,4,7,243,233,2025-03-01,cancelled
6205,3439,3,4,146,277,2024-12-23,in_transit
6206,2975,3,5,127,127,2023-04-24,completed
6207,1212,8,7,82,12,2024-02-09,completed
6208,4603,7,8,71,108,2023-08-22,in_transit
6209,1672,2,1,178,66,2024-03-18,cancelled
6210,213,5,2,296,251,2023-09-02,completed
6211,4116,7,2,190,29,2024-05-17,completed
6212,3404,4,6,3,74,2025-02-15,completed
6213,4009,2,4,243,184,2024-03-22,cancelled
6214,831,8,2,67,55,2025-04-06,completed
6215,3410,10,2,263,136,2024-02-29,completed
6216,4786,5,10,236,71,2025-08-11,completed
6217,888,4,3,258,37,2024-03-10,completed
6218,2745,6,5,33,295,2026-07-13,completed
6219,4156,4,10,93,250,2025-05-25,completed
6220,2536,1,3,76,255,2024-03-14,completed
6221,3814,7,1,135,94,2023-01-21,completed
6222,1224,10,9,177,13,2026-02-16,completed
6223,4592,7,4,46,108,2023-10-27,in_transit
6224,2442,1,6,254,145,2023-08-30,completed
6225,1113,6,10,234,156,2023-06-07,completed
6226,358,4,10,261,248,2025-08-04,completed
6227,1012,2,6,20,66,2025-02-07,completed
6228,3562,8,9,211,170,2025-07-28,completed
6229,3402,8,9,264,246,2023-08-03,completed
6230,149,2,10,50,223,2024-09-14,cancelled
6231,1210,10,2,259,13,2024-05-14,completed
6232,1031,4,8,241,62,2023-04-20,in_transit
6233,4221,10,4,32,182,2024-12-17,completed
6234,2129,8,10,15,274,2023-07-22,completed
6235,422,6,5,101,207,2025-12-06,completed
6236,615,3,6,276,64,2026-06-06,completed
6237,3174,3,2,278,13,2026-03-08,completed
6238,2838,6,10,99,297,2023-02-07,completed
6239,4059,10,8,33,223,2025-10-18,completed
6240,2407,4,9,83,232,2023-10-25,cancelled
6241,823,2,7,9,124,2025-08-23,completed
6242,2206,8,2,239,245,2023-10-23,completed
6243,4761,4,10,7,166,2023-07-30,completed
6244,1649,4,3,242,92,2023-03-13,in_transit
6245,277,9,2,242,115,2023-05-12,completed
6246,3471,5,7,196,134,2025-03-30,completed
6247,2013,3,10,196,285,2025-05-03,completed
6248,763,1,8,214,115,2025-01-13,completed
6249,4929,8,9,84,95,2025-10-25,cancelled
6250,4080,8,6,149,277,2026-01-14,completed
6251,11,10,9,247,44,2023-02-12,cancelled
6252,2927,10,6,243,146,2025-06-28,completed
6253,2759,4,1,183,86,2024-06-02,completed
6254,574,5,9,263,80,2023-02-22,completed
6255,2164,5,8,245,290,2023-06-17,completed
6256,1817,7,10,96,95,2023-12-31,completed
6257,1107,8,10,108,238,2025-11-01,completed
6258,4251,9,6,2,251,2025-01-23,completed
6259,478,8,5,38,15,2026-01-23,completed
6260,4952,3,10,223,108,2025-10-24,in_transit
6261,2503,4,1,229,207,2025-06-04,in_transit
6262,3278,9,2,56,44,2024-12-09,completed
6263,4149,10,8,256,179,2023-04-30,in_transit
6264,1349,7,2,86,121,2023-06-27,completed
6265,40,10,2,91,240,2023-07-01,in_transit
6266,3872,1,6,43,73,2025-04-13,completed
6267,1579,1,3,219,264,2025-03-03,completed
6268,4905,5,3,133,61,2024-12-10,completed
6269,1750,10,3,227,78,2025-10-16,completed
6270,4815,4,5,174,112,2025-11-30,completed
6271,2831,3,8,270,205,2024-06-26,in_transit
6272,1079,4,1,135,160,2023-07-07,completed
6273,307,2,6,286,257,2024-01-08,cancelled
6274,4672,8,7,96,169,2023-02-14,completed
6275,2201,3,5,210,151,2026-03-04,completed
6276,2833,4,1,165,186,2023-01-20,completed
6277,2091,8,7,157,64,2026-06-02,completed
6278,3462,9,6,146,94,2023-02-17,completed
6279,4596,7,9,26,160,2025-07-16,completed
6280,1303,10,3,283,115,2024-05-04,completed
6281,1562,9,10,236,179,2024-06-27,completed
6282,2152,5,1,207,112,2025-04-16,in_transit
6283,866,7,5,243,224,2023-05-26,completed
6284,2666,2,8,75,148,2025-04-18,completed
6285,911,6,9,261,54,2026-02-23,completed
6286,4934,9,10,243,34,2025-01-01,completed
6287,2218,1,6,268,265,2025-01-30,completed
6288,4951,10,6,294,270,2025-09-30,in_transit
6289,7,8,2,26,117,2026-07-19,completed
6290,4213,5,10,216,243,2024-08-28,completed
6291,3581,8,1,70,207,2025-12-27,in_transit
6292,4886,6,5,237,222,2023-09-25,completed
6293,547,10,9,264,170,2025-05-21,completed
6294,2635,6,5,56,96,2025-10-11,completed
6295,852,4,3,27,83,2025-10-12,in_transit
6296,3050,7,1,259,128,2023-11-15,completed
6297,3955,10,5,181,11,2023-09-07,completed
6298,2172,4,10,76,103,2024-04-20,completed
6299,2425,6,5,216,116,2024-01-21,completed
6300,2031,1,3,237,160,2024-09-29,completed
6301,2022,5,7,92,56,2026-03-16,cancelled
6302,3185,7,6,299,183,2024-10-07,completed
6303,1667,3,8,247,259,2023-08-14,completed
6304,2774,3,5,164,144,2023-04-27,completed
6305,2399,9,1,101,92,2024-02-17,completed
6306,4208,4,8,187,201,2023-06-17,completed
6307,2202,8,1,235,26,2023-03-08,completed
6308,1120,3,5,30,168,2024-06-16,in_transit
6309,2207,5,8,293,258,2025-10-16,completed
6310,4651,9,10,94,163,2024-09-02,completed
6311,2484,10,8,256,12,2025-05-28,completed
6312,1530,3,4,126,157,2023-05-05,completed
6313,4527,3,1,235,187,2026-02-01,completed
6314,2276,4,6,23,272,2024-09-18,in_transit
6315,1678,1,9,73,147,2023-08-23,completed
6316,4886,1,3,210,213,2023-03-29,completed
6317,36,6,4,235,262,2025-07-08,completed
6318,3294,2,9,185,45,2023-07-25,completed
6319,1883,6,7,181,241,2025-04-02,cancelled
6320,655,6,10,54,41,2025-08-08,completed
6321,2144,7,4,96,11,2024-02-08,completed
6322,1137,9,3,285,253,2025-01-22,completed
6323,2720,2,7,24,199,2026-06-27,completed
6324,3420,4,10,257,277,2025-05-22,completed
6325,4055,9,7,96,75,2024-04-12,in_transit
6326,3877,3,4,197,260,2024-02-01,completed
6327,4199,6,8,121,112,2025-06-06,completed
6328,4837,8,3,250,47,2026-06-17,in_transit
6329,3188,3,1,123,188,2025-05-28,in_transit
6330,2989,2,3,96,295,2025-10-17,cancelled
6331,4186,3,9,253,85,2023-10-08,completed
6332,3810,2,1,106,172,2024-02-12,completed
6333,420,10,7,223,74,2025-09-27,cancelled
6334,2882,9,10,59,251,2024-07-16,completed
6335,2243,1,6,167,25,2024-05-20,in_transit
6336,4266,9,4,162,13,2025-06-30,completed
6337,4555,6,9,281,298,2024-08-07,completed
6338,3737,7,9,265,111,2026-02-08,completed
6339,1907,4,7,256,258,2026-02-27,in_transit
6340,851,3,8,100,15,2026-02-12,completed
6341,968,2,3,57,71,2026-07-27,completed
6342,1622,10,9,160,252,2023-10-18,completed
6343,2976,6,8,1,152,2025-04-17,completed
6344,135,8,4,274,40,2023-05-13,completed
6345,2453,6,7,299,90,2026-06-18,completed
6346,1757,4,10,19,258,2023-05-13,completed
6347,4108,4,10,296,161,2023-01-21,completed
6348,3434,8,4,80,219,2025-11-23,in_transit
6349,4107,8,5,132,25,2024-12-19,completed
6350,3932,5,2,243,216,2024-09-17,completed
6351,2794,5,3,104,105,2026-07-13,in_transit
6352,3993,2,1,156,66,2024-11-19,cancelled
6353,2550,8,10,121,95,2024-05-16,completed
6354,2571,7,5,147,15,2024-12-20,completed
6355,1873,10,7,199,171,2026-05-22,completed
6356,3813,6,2,217,197,2023-09-26,cancelled
6357,2241,2,8,80,179,2023-11-11,in_transit
6358,3427,5,2,217,271,2026-01-14,completed
6359,3295,9,8,278,188,2023-08-23,completed
6360,2851,4,1,288,152,2023-02-02,completed
6361,3442,3,1,205,206,2023-02-16,completed
6362,4243,4,2,14,129,2025-10-10,completed
6363,1893,7,2,111,265,2025-01-16,cancelled
6364,1708,9,1,202,71,2023-10-10,completed
6365,515,4,8,189,152,2025-04-01,completed
6366,1235,10,1,280,12,2026-07-31,completed
6367,822,8,10,109,232,2023-11-18,completed
6368,3295,6,2,144,178,2024-07-30,cancelled
6369,874,1,8,156,229,2025-03-24,cancelled
6370,4604,8,7,245,117,2024-02-21,completed
6371,2739,2,6,261,228,2026-02-07,completed
6372,2346,4,10,294,77,2024-03-28,completed
6373,4669,1,10,277,66,2024-08-27,completed
6374,2961,3,8,191,159,2024-03-23,completed
6375,1261,3,8,100,28,2023-11-23,completed
6376,3387,7,6,44,146,2025-08-31,in_transit
6377,3840,3,10,246,190,2023-01-18,completed
6378,3398,6,7,74,232,2023-05-26,completed
6379,1188,9,5,68,174,2024-07-27,completed
6380,486,1,10,182,31,2026-07-29,completed
6381,2015,9,4,142,142,2024-12-19,completed
6382,955,10,8,287,291,2024-09-23,completed
6383,648,6,4,295,244,2024-12-10,in_transit
6384,1632,5,1,175,100,2023-03-09,completed
6385,169,4,2,139,118,2026-01-05,completed
6386,456,6,10,88,164,2025-01-15,completed
6387,2726,6,8,146,112,2025-04-01,completed
6388,218,10,7,15,238,2024-02-27,completed
6389,1723,2,1,227,45,2025-07-22,completed
6390,444,1,8,178,141,2026-03-31,completed
6391,2103,9,5,34,162,2024-09-11,completed
6392,997,10,6,245,204,2025-06-26,completed
6393,2016,9,1,157,190,2025-03-29,cancelled
6394,1552,4,10,193,200,2025-05-18,completed
6395,1450,7,3,257,118,2025-07-10,in_transit
6396,440,10,2,170,113,2025-12-06,cancelled
6397,4962,8,2,156,66,2026-05-09,completed
6398,3043,4,6,101,258,2023-10-28,completed
6399,3793,1,2,54,89,2024-11-04,cancelled
6400,3074,3,2,188,179,2023-05-29,completed
6401,3274,2,9,146,289,2024-02-13,completed
6402,2514,1,5,54,253,2026-04-28,completed
6403,2680,4,3,49,156,2024-05-07,completed
6404,2537,9,8,52,252,2026-02-07,completed
6405,3327,5,9,153,248,2026-02-21,completed
6406,3992,3,5,116,291,2025-02-03,completed
6407,1552,9,2,269,232,2025-02-11,cancelled
6408,3445,7,4,260,233,2024-04-19,cancelled
6409,2865,8,5,219,207,2023-11-27,completed
6410,2303,9,5,174,183,2023-10-15,completed
6411,3003,9,5,99,76,2023-04-15,cancelled
6412,2396,1,2,11,43,2024-08-08,cancelled
6413,2322,1,3,245,124,2024-12-23,cancelled
6414,3240,4,9,62,94,2023-01-01,cancelled
6415,3158,3,10,64,187,2025-05-27,completed
6416,4113,8,2,45,185,2023-12-30,completed
6417,1928,4,6,209,191,2023-04-25,completed
6418,3587,6,7,86,229,2024-04-29,completed
6419,1439,5,8,280,136,2025-03-27,completed
6420,4563,6,3,227,196,2026-03-15,completed
6421,2128,1,8,39,220,2025-02-06,completed
6422,3256,8,1,241,98,2023-03-31,completed
6423,341,2,4,178,217,2023-02-10,cancelled
6424,4231,10,7,148,72,2024-08-08,completed
6425,874,2,3,3,288,2026-04-19,completed
6426,4415,8,6,285,209,2025-12-24,completed
6427,2037,7,6,83,179,2023-05-13,completed
6428,1912,10,3,97,196,2025-10-25,completed
6429,2396,7,5,300,292,2023-12-24,completed
6430,4154,7,9,186,14,2024-03-31,completed
6431,4249,9,5,139,18,2026-02-07,cancelled
6432,4294,5,4,292,231,2025-02-19,completed
6433,3894,10,6,280,57,2023-07-22,completed
6434,3742,10,2,59,26,2024-10-13,completed
6435,1473,9,1,261,192,2024-09-13,completed
6436,188,6,10,173,138,2026-01-06,completed
6437,2205,9,4,256,286,2026-03-03,completed
6438,181,8,7,168,243,2024-04-15,cancelled
6439,4769,6,3,275,123,2023-06-14,completed
6440,2732,8,3,272,131,2023-05-22,in_transit
6441,2976,1,2,13,221,2023-04-22,completed
6442,3145,8,6,82,85,2024-03-03,completed
6443,4158,6,1,7,23,2024-11-01,completed
6444,3031,2,10,211,102,2025-09-05,completed
6445,2284,3,5,296,56,2025-10-25,completed
6446,821,9,6,168,196,2023-02-22,in_transit
6447,1020,10,4,272,104,2023-10-03,cancelled
6448,1037,6,10,218,239,2023-08-29,completed
6449,4140,5,7,138,213,2023-04-13,in_transit
6450,4457,9,8,295,165,2025-03-10,completed
6451,2743,5,10,23,260,2024-05-21,completed
6452,3712,7,6,47,215,2026-03-09,completed
6453,3045,5,6,97,236,2023-03-14,completed
6454,778,7,8,180,221,2026-01-18,in_transit
6455,3114,9,2,283,19,2025-06-22,cancelled
6456,4042,7,1,242,280,2025-01-07,cancelled
6457,2049,10,8,188,65,2024-10-11,completed
6458,1867,10,3,294,144,2023-01-31,cancelled
6459,129,10,2,20,97,2023-01-09,completed
6460,1111,7,2,61,68,2023-09-27,completed
6461,3591,8,9,241,171,2026-01-08,completed
6462,1571,9,3,70,61,2025-06-04,completed
6463,1003,3,1,33,203,2024-01-16,completed
6464,2199,9,5,188,104,2024-08-13,completed
6465,700,4,10,190,299,2025-09-13,completed
6466,2830,10,6,21,267,2026-01-13,completed
6467,3345,3,9,174,258,2024-11-30,completed
6468,2658,4,7,192,273,2024-05-28,completed
6469,3335,6,7,169,245,2023-07-05,completed
6470,704,7,6,63,62,2023-09-23,completed
6471,2593,1,6,79,56,2026-05-04,completed
6472,4379,9,8,57,165,2024-09-07,completed
6473,2608,2,8,226,114,2023-12-26,cancelled
6474,2286,4,9,92,89,2024-05-10,completed
6475,4474,3,2,6,289,2023-09-06,completed
6476,3187,10,1,78,120,2024-09-22,completed
6477,909,3,10,238,62,2023-11-04,completed
6478,2828,10,5,139,247,2023-05-17,completed
6479,3555,1,2,193,214,2023-12-17,completed
6480,4227,10,5,253,51,2026-05-16,completed
6481,1593,3,4,37,150,2024-04-25,in_transit
6482,3064,6,9,260,177,2023-11-25,completed
6483,2584,5,9,246,285,2023-10-30,completed
6484,1854,9,10,79,233,2023-01-03,completed
6485,3208,5,1,264,145,2025-08-01,cancelled
6486,2500,2,1,150,199,2023-01-14,completed
6487,2229,2,5,159,285,2024-02-24,completed
6488,1838,2,6,102,300,2024-05-31,cancelled
6489,2230,3,5,289,209,2024-04-14,completed
6490,2329,8,1,39,64,2024-10-11,completed
6491,4876,8,1,118,198,2026-05-19,in_transit
6492,3949,2,4,35,224,2024-12-01,completed
6493,4458,4,5,202,15,2025-05-31,completed
6494,1022,5,7,17,167,2024-06-29,completed
6495,1698,1,10,224,76,2025-02-20,completed
6496,2357,3,4,71,298,2023-02-19,completed
6497,4628,10,4,8,116,2025-04-30,completed
6498,1841,2,7,147,217,2024-03-23,completed
6499,2385,1,9,238,136,2024-06-20,completed
6500,4992,6,10,270,212,2026-02-21,cancelled
6501,1800,1,5,227,144,2025-09-23,completed
6502,1047,6,10,293,110,2025-03-18,completed
6503,4845,9,8,139,271,2025-03-14,completed
6504,460,8,2,199,150,2025-11-26,completed
6505,710,9,2,229,274,2024-05-09,completed
6506,2858,10,4,52,80,2023-06-16,completed
6507,2137,5,6,235,92,2024-09-04,completed
6508,2154,2,3,300,278,2025-12-24,completed
6509,3847,2,10,115,20,2025-04-26,in_transit
6510,2568,2,1,84,66,2026-05-24,completed
6511,3115,7,2,71,127,2025-06-17,completed
6512,1185,2,1,99,220,2023-02-23,completed
6513,1255,6,7,15,31,2025-04-26,in_transit
6514,2645,10,3,29,119,2024-03-31,completed
6515,67,1,9,89,141,2025-08-30,completed
6516,2433,4,1,95,257,2023-12-30,completed
6517,273,4,8,118,277,2024-06-29,cancelled
6518,236,4,1,130,66,2024-02-09,completed
6519,797,9,2,269,245,2024-09-12,cancelled
6520,3172,8,2,39,19,2024-01-01,completed
6521,1514,4,6,280,140,2023-12-10,completed
6522,3269,3,7,290,216,2023-03-22,completed
6523,3926,10,7,152,284,2024-05-24,completed
6524,4254,2,8,202,188,2023-12-07,in_transit
6525,4496,10,1,62,210,2024-04-16,completed
6526,546,5,3,241,109,2026-01-13,in_transit
6527,2643,3,10,63,240,2026-05-29,completed
6528,3358,8,5,166,242,2024-01-13,completed
6529,948,5,3,270,283,2025-02-08,completed
6530,852,8,9,102,42,2023-06-12,completed
6531,2117,3,10,120,280,2025-09-17,completed
6532,4567,4,6,285,59,2025-03-06,in_transit
6533,2931,1,3,286,288,2026-01-03,completed
6534,549,7,5,275,200,2025-12-29,completed
6535,1980,10,7,27,165,2025-01-31,completed
6536,2700,7,4,146,187,2023-09-11,completed
6537,1021,2,8,221,79,2023-07-31,completed
6538,679,5,1,144,133,2023-09-28,completed
6539,1920,1,9,17,23,2023-06-15,completed
6540,752,1,9,83,127,2026-07-05,completed
6541,3376,1,10,110,63,2023-11-15,completed
6542,3966,6,7,47,68,2026-03-22,completed
6543,4526,2,5,272,77,2025-12-11,completed
6544,4211,5,4,251,215,2026-01-22,completed
6545,3020,7,9,52,10,2023-01-30,completed
6546,761,5,6,138,174,2025-05-04,completed
6547,3666,4,1,106,213,2025-04-28,completed
6548,4992,3,5,267,211,2024-12-30,cancelled
6549,1529,7,4,61,112,2024-11-10,completed
6550,3894,8,9,148,123,2024-07-20,completed
6551,99,1,9,67,118,2025-12-04,completed
6552,659,7,2,255,278,2023-10-05,completed
6553,3954,9,1,196,131,2026-07-20,completed
6554,2812,7,9,113,294,2025-09-25,completed
6555,356,9,5,182,160,2024-03-03,completed
6556,1802,1,10,137,124,2023-05-21,completed
6557,3788,7,6,25,178,2023-01-30,completed
6558,592,7,3,260,66,2024-03-15,completed
6559,3367,9,2,102,167,2023-07-15,in_transit
6560,2971,8,4,239,21,2025-04-18,completed
6561,1920,7,9,88,86,2023-01-29,in_transit
6562,4216,7,5,186,54,2023-02-22,cancelled
6563,1317,2,7,136,154,2023-05-02,cancelled
6564,4274,10,4,97,265,2024-07-26,completed
6565,4,5,4,212,197,2025-12-12,completed
6566,618,8,10,217,231,2025-11-07,completed
6567,4893,7,1,17,44,2023-04-21,completed
6568,1288,1,2,190,92,2023-08-19,completed
6569,3440,7,8,61,126,2023-01-10,completed
6570,746,10,3,291,251,2025-06-09,completed
6571,46,1,10,166,22,2023-06-11,cancelled
6572,4786,5,6,272,172,2026-01-11,completed
6573,3167,1,4,14,267,2025-08-22,cancelled
6574,187,5,2,248,219,2024-02-05,completed
6575,4040,6,9,236,204,2025-01-04,cancelled
6576,250,8,1,276,156,2024-11-26,cancelled
6577,4242,5,2,46,69,2025-03-27,completed
6578,1053,4,3,161,232,2026-07-20,completed
6579,1896,7,4,54,290,2026-07-14,completed
6580,597,9,10,11,265,2025-11-18,in_transit
6581,2733,8,4,248,89,2026-03-12,cancelled
6582,4823,6,9,99,90,2025-08-15,completed
6583,901,8,1,185,259,2023-12-10,completed
6584,531,8,2,29,96,2024-04-13,completed
6585,3581,9,7,170,143,2024-09-27,completed
6586,3433,8,10,86,261,2026-04-19,completed
6587,3492,3,7,207,189,2024-06-25,completed
6588,4086,5,8,290,220,2025-03-31,completed
6589,1570,7,10,205,64,2026-05-04,cancelled
6590,4376,5,1,77,211,2026-05-01,completed
6591,4282,2,8,25,166,2023-12-08,completed
6592,735,4,8,36,51,2024-12-23,completed
6593,2871,10,3,132,78,2023-03-06,in_transit
6594,1235,5,9,231,37,2024-10-11,completed
6595,3744,1,9,182,284,2025-09-13,completed
6596,3907,3,4,103,71,2024-04-28,cancelled
6597,2233,2,9,186,231,2023-06-04,completed
6598,4427,4,8,287,65,2024-09-30,completed
6599,2872,4,6,238,295,2024-07-12,completed
6600,1619,9,6,183,228,2023-07-27,completed
6601,2864,10,3,266,98,2025-05-18,completed
6602,1951,2,4,186,133,2025-07-17,completed
6603,646,9,1,281,278,2024-06-15,completed
6604,2337,7,6,242,219,2024-05-08,completed
6605,3350,4,2,103,21,2024-12-17,completed
6606,119,8,3,186,52,2023-05-01,completed
6607,2830,10,1,175,124,2024-05-07,completed
6608,2516,5,7,290,162,2024-11-23,completed
6609,291,3,5,90,207,2025-07-19,completed
6610,1153,1,6,252,97,2024-03-26,completed
6611,1878,9,3,5,300,2025-08-18,completed
6612,4171,2,8,35,22,2023-08-18,completed
6613,3902,9,8,194,174,2023-09-27,completed
6614,3327,7,5,201,33,2023-11-21,completed
6615,1784,6,4,298,135,2024-03-10,completed
6616,1138,7,6,78,270,2024-09-25,completed
6617,3223,9,2,169,199,2023-05-14,completed
6618,1819,2,10,157,282,2024-02-24,completed
6619,4033,2,10,51,160,2024-03-08,cancelled
6620,4142,7,9,268,146,2025-12-29,completed
6621,1822,4,6,250,264,2024-05-31,completed
6622,105,6,8,250,136,2026-06-28,completed
6623,3968,9,7,276,161,2024-10-01,cancelled
6624,4169,10,1,101,245,2023-12-12,completed
6625,2999,4,6,215,103,2024-12-07,cancelled
6626,1954,2,7,180,83,2024-12-20,completed
6627,2127,2,8,232,35,2025-07-28,completed
6628,2788,4,5,6,30,2024-11-27,in_transit
6629,4535,1,2,29,290,2024-11-19,completed
6630,427,7,8,218,55,2024-11-22,completed
6631,1436,10,1,50,62,2024-12-08,in_transit
6632,212,1,9,166,102,2026-01-31,cancelled
6633,1620,5,10,64,211,2025-02-11,completed
6634,1290,10,3,276,23,2024-01-07,completed
6635,3276,9,2,252,212,2023-08-02,in_transit
6636,711,9,2,240,153,2024-10-08,completed
6637,1701,5,9,67,142,2023-07-22,completed
6638,4790,9,5,73,233,2025-08-05,completed
6639,4716,5,9,11,139,2023-05-22,completed
6640,1164,1,2,27,269,2023-06-11,in_transit
6641,4069,3,2,191,41,2025-09-06,completed
6642,4804,2,8,61,99,2024-05-22,completed
6643,1439,3,1,272,182,2024-06-22,completed
6644,1124,3,1,53,254,2024-01-10,in_transit
6645,3271,3,2,55,195,2024-04-04,completed
6646,2546,4,6,191,298,2025-08-13,completed
6647,2467,1,8,259,229,2026-05-29,completed
6648,1776,2,6,108,69,2023-10-21,completed
6649,3614,6,3,127,147,2024-07-26,in_transit
6650,2513,4,9,163,196,2023-05-31,completed
6651,391,8,1,44,263,2023-06-07,completed
6652,373,8,10,62,102,2023-02-19,cancelled
6653,214,10,8,178,39,2025-04-28,in_transit
6654,4485,2,8,237,162,2023-07-01,completed
6655,828,5,6,18,14,2024-12-27,cancelled
6656,1149,2,6,191,167,2025-06-08,completed
6657,4788,4,8,73,206,2025-01-26,in_transit
6658,1938,1,6,178,253,2023-08-31,completed
6659,4605,3,8,55,300,2025-05-26,cancelled
6660,2246,8,10,135,121,2025-02-22,completed
6661,1426,4,8,177,29,2026-07-19,completed
6662,2285,3,9,64,69,2025-09-10,completed
6663,1827,1,3,60,289,2023-02-13,completed
6664,1177,4,8,186,110,2023-09-21,completed
6665,2259,1,5,91,132,2026-03-25,completed
6666,441,7,1,165,284,2023-02-25,completed
6667,679,5,10,115,296,2025-02-05,in_transit
6668,1639,4,5,274,170,2026-04-25,completed
6669,1518,10,6,209,54,2023-08-20,completed
6670,445,1,4,84,242,2023-11-29,cancelled
6671,696,4,10,212,85,2025-12-23,completed
6672,3055,7,5,230,183,2024-10-12,completed
6673,3650,8,2,25,66,2023-04-29,cancelled
6674,3713,10,3,117,64,2026-04-09,completed
6675,3222,9,5,83,264,2024-12-27,cancelled
6676,3405,2,7,260,34,2024-08-13,completed
6677,4539,4,9,36,100,2025-01-17,completed
6678,1140,6,7,103,168,2023-11-17,cancelled
6679,413,6,5,114,202,2023-05-17,in_transit
6680,1121,4,2,2,165,2024-12-09,completed
6681,2656,3,4,264,141,2026-01-02,completed
6682,1891,7,3,263,141,2023-03-08,completed
6683,4457,6,9,11,194,2024-04-07,in_transit
6684,4305,7,9,154,154,2024-04-15,completed
6685,4597,7,9,115,243,2024-03-17,completed
6686,90,6,3,145,215,2024-02-05,completed
6687,1978,5,6,167,235,2025-09-13,completed
6688,3753,9,4,69,248,2025-09-18,completed
6689,2022,10,9,73,64,2025-12-12,completed
6690,683,10,8,28,35,2025-02-28,completed
6691,1093,10,3,156,231,2023-12-10,completed
6692,2237,4,1,65,208,2023-06-14,in_transit
6693,2925,6,1,23,260,2024-03-22,completed
6694,966,2,6,193,138,2023-02-14,completed
6695,2062,2,9,235,114,2025-10-14,in_transit
6696,2339,5,3,57,171,2026-01-12,completed
6697,3754,6,3,72,279,2023-01-03,completed
6698,588,2,4,274,263,2024-09-11,completed
6699,1977,5,8,100,211,2026-03-27,completed
6700,3702,5,4,225,265,2025-07-26,completed
6701,1867,9,2,82,199,2025-07-19,in_transit
6702,949,5,2,119,100,2025-02-27,completed
6703,2532,9,2,259,175,2023-10-30,in_transit
6704,2417,8,6,119,208,2025-01-12,cancelled
6705,2281,2,7,299,120,2026-02-14,completed
6706,4542,5,3,298,268,2024-03-10,completed
6707,3385,6,8,277,60,2023-01-27,in_transit
6708,4433,6,4,89,89,2025-10-16,cancelled
6709,865,5,2,109,247,2023-09-04,cancelled
6710,3625,3,4,85,269,2023-03-15,completed
6711,1964,10,3,258,129,2023-07-15,completed
6712,4371,10,8,193,142,2024-01-19,completed
6713,973,8,9,88,123,2025-10-10,cancelled
6714,4141,5,2,214,265,2024-11-30,completed
6715,3564,2,5,288,77,2026-06-03,cancelled
6716,4274,5,7,68,121,2024-05-26,completed
6717,1482,4,3,253,136,2026-07-22,completed
6718,494,6,4,242,94,2023-07-03,completed
6719,4755,2,5,250,169,2023-08-23,completed
6720,3432,2,3,175,88,2025-03-18,cancelled
6721,404,10,7,31,246,2023-10-15,completed
6722,2425,4,10,144,35,2024-12-04,completed
6723,2094,1,8,47,131,2024-06-15,completed
6724,1069,9,3,47,14,2023-05-17,completed
6725,3484,8,5,129,235,2024-04-29,completed
6726,1245,9,6,191,162,2024-08-05,completed
6727,1437,1,9,192,124,2025-04-15,completed
6728,1307,3,10,21,178,2025-10-27,completed
6729,3765,8,9,210,136,2025-10-30,completed
6730,3884,10,5,158,129,2025-02-03,in_transit
6731,3957,7,3,64,58,2025-10-07,completed
6732,1593,2,3,73,290,2024-06-29,completed
6733,3503,5,9,278,87,2023-07-12,cancelled
6734,3180,2,3,164,220,2024-11-20,in_transit
6735,4839,7,1,247,190,2023-08-29,completed
6736,1598,1,8,241,167,2026-05-28,in_transit
6737,3964,3,10,248,85,2023-10-29,completed
6738,2972,9,2,188,273,2023-08-28,completed
6739,2180,10,7,125,178,2026-01-10,completed
6740,734,8,10,279,92,2023-05-28,completed
6741,941,5,3,183,122,2024-11-04,completed
6742,3785,3,5,111,212,2026-02-25,completed
6743,4455,7,2,123,147,2026-05-24,completed
6744,3168,2,1,30,33,2026-01-16,completed
6745,2427,4,2,246,109,2025-04-10,completed
6746,2355,5,6,78,10,2023-10-08,completed
6747,1092,9,5,11,259,2025-01-11,completed
6748,3857,10,3,52,147,2023-06-15,completed
6749,1539,2,6,40,207,2026-04-30,completed
6750,3143,10,9,191,133,2023-10-11,cancelled
6751,1672,10,1,23,79,2024-07-05,completed
6752,1230,8,4,19,44,2025-03-17,completed
6753,4471,7,9,230,209,2025-10-08,completed
6754,1868,3,10,43,233,2023-01-02,completed
6755,2043,6,5,155,232,2026-07-04,completed
6756,1050,3,6,281,143,2024-10-21,in_transit
6757,4377,2,6,151,192,2023-09-16,in_transit
6758,4506,8,4,256,232,2026-01-26,completed
6759,909,7,4,208,13,2024-05-28,completed
6760,2860,5,8,74,281,2023-04-06,in_transit
6761,2788,4,1,247,81,2023-01-20,in_transit
6762,819,7,1,126,222,2026-04-24,cancelled
6763,2057,1,3,247,263,2023-09-17,completed
6764,1602,8,6,262,17,2026-05-23,completed
6765,2316,3,4,135,78,2026-05-03,cancelled
6766,4895,3,5,85,33,2026-05-24,completed
6767,633,9,4,49,229,2023-03-30,completed
6768,1117,6,1,210,60,2023-04-16,completed
6769,2609,10,7,291,194,2025-03-04,completed
6770,1321,4,3,49,75,2024-05-17,completed
6771,4944,9,8,157,116,2026-01-13,completed
6772,889,4,9,167,128,2024-07-23,completed
6773,4290,10,7,113,267,2023-01-09,cancelled
6774,3084,10,3,116,145,2025-12-11,completed
6775,468,8,2,275,116,2025-09-03,completed
6776,918,6,8,271,220,2023-10-15,completed
6777,870,7,6,188,201,2023-08-18,completed
6778,3914,9,4,238,132,2023-11-28,completed
6779,3231,2,4,293,150,2023-12-07,completed
6780,3069,5,7,293,299,2023-10-11,completed
6781,1709,10,9,211,192,2023-02-19,completed
6782,3325,8,7,234,259,2025-11-23,completed
6783,2340,7,1,194,110,2026-06-13,completed
6784,4960,5,7,227,284,2026-06-19,completed
6785,4093,8,10,296,73,2025-02-12,completed
6786,3844,3,10,147,252,2025-12-13,completed
6787,1424,3,6,217,221,2023-09-09,completed
6788,4,2,6,283,76,2023-06-18,completed
6789,1994,10,8,211,80,2023-04-08,completed
6790,1612,5,3,22,138,2023-04-24,completed
6791,820,7,10,240,262,2023-11-08,completed
6792,4315,2,6,179,118,2023-07-16,completed
6793,1005,7,1,268,296,2025-10-09,completed
6794,4798,10,4,84,90,2024-11-07,completed
6795,920,4,9,109,40,2024-07-25,completed
6796,3387,8,5,243,144,2026-01-26,completed
6797,2995,3,4,24,81,2025-11-26,completed
6798,603,7,5,68,165,2023-11-17,completed
6799,2922,5,2,147,131,2024-04-02,in_transit
6800,681,10,9,9,270,2026-05-18,completed
6801,2472,6,8,185,163,2025-05-20,cancelled
6802,1313,3,7,132,98,2026-06-27,cancelled
6803,828,6,1,257,253,2024-10-22,completed
6804,2197,5,8,114,145,2023-10-19,completed
6805,2299,1,3,197,36,2025-06-29,completed
6806,484,3,4,286,132,2025-08-04,completed
6807,4767,10,8,225,157,2025-07-07,completed
6808,4171,7,8,32,125,2024-06-29,completed
6809,1812,5,10,89,201,2026-04-06,completed
6810,4347,10,1,186,211,2023-03-08,completed
6811,9,9,8,165,131,2026-05-10,completed
6812,2330,8,5,135,53,2023-12-28,completed
6813,3924,4,3,191,116,2023-08-21,completed
6814,2037,9,10,271,151,2024-10-25,completed
6815,3232,8,7,173,145,2023-02-04,in_transit
6816,3198,6,3,54,230,2025-04-08,completed
6817,4299,10,6,163,14,2024-08-20,cancelled
6818,4454,9,10,263,109,2023-04-22,completed
6819,50,6,2,111,145,2025-09-22,completed
6820,1243,7,10,270,152,2026-06-04,in_transit
6821,4535,8,3,120,167,2023-05-24,completed
6822,3050,10,1,271,194,2026-01-18,completed
6823,2307,7,3,60,255,2025-03-28,completed
6824,1839,7,9,65,87,2023-01-20,completed
6825,105,10,1,125,60,2025-12-25,completed
6826,3686,10,5,233,234,2026-07-18,completed
6827,2200,9,1,45,224,2024-07-19,completed
6828,634,8,1,207,77,2026-02-20,in_transit
6829,3213,6,3,100,102,2023-11-27,completed
6830,1574,6,8,114,246,2023-05-26,completed
6831,1435,9,7,275,299,2026-02-01,in_transit
6832,3828,2,7,233,152,2023-01-13,completed
6833,1815,10,9,12,27,2026-02-24,completed
6834,1151,5,3,139,188,2024-12-19,in_transit
6835,3736,3,4,35,13,2023-06-24,completed
6836,1032,8,6,243,22,2026-04-27,completed
6837,2970,5,10,42,22,2024-12-17,completed
6838,1712,10,4,149,112,2025-04-29,completed
6839,32,4,6,56,140,2026-03-03,completed
6840,4495,1,6,62,258,2025-03-19,completed
6841,353,4,7,151,263,2023-10-17,cancelled
6842,254,5,4,1,260,2026-04-01,cancelled
6843,2210,9,7,211,284,2026-05-11,completed
6844,3097,7,3,87,195,2025-01-13,in_transit
6845,340,7,1,239,244,2023-08-25,completed
6846,530,2,9,36,199,2023-06-18,completed
6847,2810,5,4,131,246,2024-05-18,completed
6848,139,3,9,105,221,2024-04-18,completed
6849,3101,10,9,76,295,2023-11-03,completed
6850,2606,2,1,114,44,2025-06-21,completed
6851,3476,7,10,210,238,2025-06-03,in_transit
6852,2762,7,6,131,275,2026-06-26,completed
6853,43,8,10,116,218,2023-07-16,completed
6854,3382,10,8,270,175,2024-01-21,completed
6855,1118,6,4,122,193,2024-09-01,in_transit
6856,345,8,6,175,53,2025-10-02,completed
6857,3662,1,3,174,167,2026-02-21,completed
6858,4759,8,4,69,178,2025-05-07,completed
6859,1856,3,8,91,210,2025-06-26,completed
6860,3083,3,6,140,162,2026-03-13,completed
6861,767,10,6,181,66,2025-03-27,completed
6862,2136,5,8,107,139,2024-03-02,completed
6863,3479,4,9,92,250,2023-04-21,completed
6864,4392,8,10,88,296,2026-02-01,in_transit
6865,2219,9,6,202,36,2025-02-05,completed
6866,2246,5,1,199,127,2025-07-26,completed
6867,4783,3,8,61,299,2025-07-26,completed
6868,1407,4,9,166,187,2024-12-31,completed
6869,1436,3,8,209,118,2023-01-06,completed
6870,999,10,4,290,72,2024-04-26,completed
6871,462,5,8,52,34,2025-10-06,in_transit
6872,514,10,3,288,170,2025-06-05,completed
6873,1477,1,9,244,132,2023-07-31,completed
6874,1600,2,6,152,154,2024-11-30,completed
6875,4226,1,10,89,204,2026-04-10,completed
6876,4713,3,6,50,118,2025-12-02,completed
6877,4076,5,6,67,123,2023-10-29,completed
6878,552,1,8,3,130,2023-05-13,completed
6879,3892,4,9,96,283,2024-10-07,completed
6880,3896,4,10,247,235,2023-08-17,cancelled
6881,4872,8,6,277,243,2026-02-26,in_transit
6882,883,7,5,54,145,2025-04-28,completed
6883,3085,6,5,223,83,2024-11-20,cancelled
6884,1380,3,2,134,66,2023-02-01,completed
6885,2553,6,7,264,26,2023-08-10,completed
6886,1817,5,2,214,17,2023-07-31,completed
6887,1732,5,1,119,116,2025-10-03,completed
6888,3632,3,4,214,165,2023-08-28,in_transit
6889,856,4,3,237,166,2025-04-22,in_transit
6890,3778,8,9,266,109,2023-11-20,completed
6891,431,5,7,12,107,2023-06-22,completed
6892,770,4,1,218,242,2024-01-31,completed
6893,1199,2,1,248,80,2024-05-12,cancelled
6894,3880,1,8,246,53,2026-02-23,cancelled
6895,4886,2,4,214,42,2023-11-17,in_transit
6896,3372,8,2,63,210,2026-05-26,completed
6897,14,1,6,81,219,2023-02-13,completed
6898,1201,4,5,235,160,2026-06-24,completed
6899,3230,6,9,81,45,2023-09-20,in_transit
6900,4497,4,7,32,104,2023-03-22,completed
6901,1141,1,2,170,17,2025-11-20,cancelled
6902,800,10,3,193,268,2024-12-12,cancelled
6903,4798,1,4,118,255,2024-12-23,completed
6904,4371,3,7,84,184,2023-12-27,completed
6905,1007,7,2,180,245,2024-07-20,completed
6906,3390,4,2,84,222,2025-02-16,in_transit
6907,3146,3,2,223,198,2025-07-13,cancelled
6908,1020,9,3,245,188,2023-08-21,completed
6909,3264,9,8,177,96,2026-03-27,cancelled
6910,2398,9,2,273,293,2025-05-09,completed
6911,1882,1,4,256,174,2025-12-21,in_transit
6912,887,7,3,149,80,2023-11-23,completed
6913,3553,4,5,64,77,2026-03-28,completed
6914,3114,5,6,37,293,2023-04-29,completed
6915,3487,7,3,171,39,2025-11-03,in_transit
6916,1695,2,4,43,232,2023-07-24,completed
6917,3566,9,2,153,127,2025-06-17,completed
6918,4392,3,10,281,143,2025-07-18,completed
6919,460,10,9,300,285,2025-12-02,in_transit
6920,4517,9,3,136,230,2024-11-13,completed
6921,3992,3,10,6,39,2024-07-28,in_transit
6922,2294,4,7,75,281,2025-06-25,completed
6923,1619,10,1,255,290,2023-07-18,cancelled
6924,1421,10,6,138,46,2024-07-03,completed
6925,2592,4,1,211,109,2023-10-12,in_transit
6926,3545,1,8,92,109,2026-01-10,completed
6927,4424,10,6,163,140,2025-05-15,completed
6928,3890,7,6,300,210,2023-10-10,completed
6929,3534,9,2,277,21,2023-12-01,completed
6930,358,5,4,55,163,2024-03-23,in_transit
6931,2431,4,2,36,181,2025-11-29,completed
6932,2297,10,2,235,87,2023-02-04,in_transit
6933,4120,6,10,252,102,2023-05-14,completed
6934,1273,9,3,4,298,2026-03-21,completed
6935,1755,10,6,272,218,2025-02-04,in_transit
6936,808,3,8,172,115,2023-11-19,completed
6937,2705,1,6,111,193,2026-04-26,completed
6938,893,9,3,252,100,2024-07-11,completed
6939,1064,10,6,183,248,2025-11-23,completed
6940,1888,5,9,246,216,2023-10-05,in_transit
6941,4589,1,3,289,55,2024-09-11,in_transit
6942,1379,2,4,61,219,2023-06-01,completed
6943,3421,5,4,117,176,2023-09-27,completed
6944,4870,6,5,231,294,2026-05-23,completed
6945,4116,8,1,4,202,2026-07-24,in_transit
6946,2693,4,1,52,50,2023-04-25,completed
6947,4042,5,6,253,245,2023-12-26,cancelled
6948,4697,8,7,30,95,2024-06-10,completed
6949,407,2,4,252,11,2024-07-26,completed
6950,2067,4,7,235,163,2023-01-24,completed
6951,4640,8,5,121,166,2024-01-09,cancelled
6952,2761,5,3,61,179,2023-05-19,in_transit
6953,525,1,2,64,118,2024-11-26,in_transit
6954,874,1,8,288,118,2023-02-04,completed
6955,1018,2,8,205,27,2023-07-11,completed
6956,338,6,1,277,38,2023-02-23,completed
6957,26,4,5,168,171,2023-08-02,completed
6958,4308,10,1,192,102,2025-05-16,completed
6959,3302,6,10,97,76,2026-04-14,completed
6960,3695,8,4,37,86,2026-06-01,cancelled
6961,2142,9,3,273,266,2025-12-26,cancelled
6962,4902,10,5,173,280,2023-11-09,completed
6963,580,1,7,48,189,2026-06-10,completed
6964,644,6,9,30,114,2026-01-16,completed
6965,3433,10,7,80,58,2024-05-21,completed
6966,3290,7,8,54,166,2024-04-25,completed
6967,335,1,7,85,261,2024-06-23,in_transit
6968,4629,8,4,96,143,2023-01-18,completed
6969,1933,8,7,72,287,2024-02-08,cancelled
6970,554,5,3,288,293,2024-01-24,in_transit
6971,1021,7,5,138,261,2023-09-14,completed
6972,4587,4,2,67,162,2025-10-23,completed
6973,3011,6,4,106,292,2025-06-03,completed
6974,1651,10,6,223,254,2024-04-12,in_transit
6975,1673,4,10,48,202,2024-04-05,completed
6976,4969,2,5,165,23,2025-03-18,completed
6977,1243,3,2,203,218,2023-01-19,completed
6978,4186,7,8,62,270,2026-07-30,completed
6979,71,8,5,283,104,2023-03-28,completed
6980,678,3,1,102,107,2023-10-27,completed
6981,1828,1,7,95,150,2025-09-27,completed
6982,854,8,2,240,274,2024-05-13,completed
6983,4991,2,3,22,58,2023-01-24,completed
6984,670,5,8,291,130,2024-09-09,completed
6985,4499,1,4,289,68,2026-06-20,cancelled
6986,144,10,2,78,150,2023-01-24,completed
6987,949,2,1,298,125,2026-05-25,completed
6988,2430,5,6,179,173,2025-10-02,completed
6989,1716,1,3,198,70,2025-04-13,completed
6990,927,3,5,191,190,2026-06-15,completed
6991,3819,1,8,200,215,2024-01-23,completed
6992,2027,4,3,54,119,2024-04-26,completed
6993,242,6,10,48,144,2024-03-11,completed
6994,503,9,10,103,122,2023-10-30,completed
6995,4172,3,4,2,217,2025-09-13,cancelled
6996,964,10,1,235,77,2026-06-13,completed
6997,76,9,1,134,209,2023-03-20,completed
6998,1119,10,2,289,200,2023-07-01,cancelled
6999,844,7,8,75,231,2024-05-25,completed
7000,3404,9,5,287,53,2023-07-04,completed
7001,4737,9,4,141,235,2023-05-04,completed
7002,4256,3,1,33,75,2024-05-16,completed
7003,4806,7,8,75,37,2023-06-03,in_transit
7004,2941,6,10,63,172,2024-11-14,completed
7005,3677,4,7,296,157,2023-01-01,cancelled
7006,3119,3,2,130,11,2025-03-03,completed
7007,307,1,3,278,64,2025-10-08,completed
7008,1959,6,10,129,277,2024-04-16,completed
7009,1036,7,10,224,271,2024-04-06,completed
7010,4506,6,3,167,142,2023-05-03,completed
7011,453,2,5,4,293,2026-02-18,completed
7012,1988,3,9,222,276,2025-05-03,completed
7013,4193,6,2,217,146,2023-11-25,completed
7014,1371,3,2,119,201,2024-04-17,completed
7015,3246,6,4,109,97,2023-09-28,cancelled
7016,4320,8,3,209,272,2024-11-19,completed
7017,1433,1,7,239,115,2024-01-22,completed
7018,4110,4,7,43,295,2023-03-28,completed
7019,731,10,2,80,60,2023-08-11,completed
7020,915,6,9,161,155,2023-04-16,cancelled
7021,3590,8,9,252,107,2025-04-23,completed
7022,1875,8,5,128,30,2024-07-11,completed
7023,1787,1,2,197,128,2023-09-12,in_transit
7024,2777,3,8,136,186,2024-10-09,completed
7025,2104,5,7,299,50,2023-09-05,in_transit
7026,1222,2,1,5,96,2025-05-14,completed
7027,3752,9,5,98,142,2023-02-22,completed
7028,95,5,1,204,57,2026-04-25,completed
7029,4769,3,9,59,251,2026-06-07,completed
7030,126,3,4,299,189,2024-06-22,completed
7031,2577,7,6,269,257,2024-05-28,completed
7032,4812,3,4,39,233,2023-03-30,completed
7033,3145,7,8,184,172,2024-05-09,completed
7034,3674,2,1,60,133,2023-09-05,completed
7035,2325,7,1,68,139,2024-09-02,completed
7036,2277,3,5,186,198,2024-10-03,completed
7037,4508,1,3,245,266,2023-08-24,cancelled
7038,4016,4,10,279,175,2025-12-01,in_transit
7039,3675,5,1,133,28,2025-11-10,completed
7040,1929,9,7,277,44,2023-05-17,completed
7041,4071,8,6,204,41,2025-03-25,in_transit
7042,3399,6,1,215,172,2025-02-21,completed
7043,1021,9,2,136,277,2026-05-10,completed
7044,2482,3,6,272,67,2025-10-28,completed
7045,3604,5,10,162,194,2025-10-30,completed
7046,2119,1,8,293,189,2023-08-08,cancelled
7047,4476,3,9,80,186,2023-07-17,completed
7048,1103,3,7,48,119,2024-05-21,completed
7049,220,4,6,26,32,2025-08-28,completed
7050,1169,7,3,193,138,2025-10-02,completed
7051,4555,5,8,46,100,2023-07-05,completed
7052,4520,1,4,277,192,2023-02-01,completed
7053,325,2,6,143,86,2026-07-29,completed
7054,4034,2,3,73,52,2024-12-28,completed
7055,830,8,10,156,51,2026-01-25,completed
7056,4802,7,3,179,180,2026-01-29,completed
7057,2441,5,9,200,258,2025-07-07,cancelled
7058,194,8,9,294,143,2025-12-18,completed
7059,3164,2,8,135,193,2023-05-10,completed
7060,2719,6,8,60,138,2024-11-23,completed
7061,2525,1,8,219,84,2025-09-19,completed
7062,2332,2,1,285,266,2025-05-28,completed
7063,3024,4,2,8,257,2026-04-22,completed
7064,98,2,6,180,273,2024-04-04,completed
7065,3255,1,8,171,11,2024-09-22,in_transit
7066,111,4,5,28,205,2026-03-29,completed
7067,3445,4,10,282,286,2024-09-24,completed
7068,2281,7,1,149,256,2025-03-10,completed
7069,1802,3,1,242,145,2023-08-01,completed
7070,3719,5,10,158,167,2024-02-18,completed
7071,823,9,1,103,41,2023-03-02,completed
7072,2406,8,4,252,84,2026-07-15,completed
7073,1258,1,9,253,213,2025-07-07,completed
7074,3524,1,9,232,276,2023-07-28,completed
7075,4795,2,4,127,286,2024-11-20,completed
7076,3473,9,2,16,210,2024-01-31,completed
7077,2048,4,6,12,283,2023-07-09,completed
7078,1673,7,8,268,77,2025-05-12,completed
7079,2671,2,6,221,207,2024-11-23,completed
7080,260,6,3,98,50,2023-05-22,completed
7081,618,8,7,248,182,2023-04-01,completed
7082,1999,5,9,278,94,2023-01-16,completed
7083,4838,3,8,190,118,2024-04-03,completed
7084,3022,4,6,180,273,2024-03-19,cancelled
7085,1016,9,4,135,198,2025-01-20,completed
7086,1032,9,3,136,263,2023-04-01,completed
7087,1046,2,10,133,33,2026-03-26,completed
7088,3751,8,6,253,125,2025-10-11,completed
7089,1008,7,2,156,216,2026-03-05,completed
7090,2586,5,9,280,149,2023-03-30,completed
7091,3996,6,8,104,178,2026-03-27,in_transit
7092,3421,1,9,142,246,2026-06-02,completed
7093,1399,2,4,42,27,2025-01-06,completed
7094,3515,7,2,93,15,2025-04-26,completed
7095,4907,9,3,13,65,2024-10-20,completed
7096,1389,3,4,61,87,2024-10-02,completed
7097,277,1,10,144,175,2023-05-21,cancelled
7098,4767,2,1,268,178,2026-04-19,completed
7099,3319,4,8,169,271,2025-12-12,completed
7100,1689,10,6,237,191,2024-06-10,completed
7101,4369,6,3,205,240,2024-08-03,completed
7102,3683,6,7,92,277,2024-07-05,completed
7103,1851,7,9,145,40,2025-09-04,completed
7104,3130,9,4,252,42,2025-03-23,completed
7105,3953,3,5,283,187,2024-07-03,cancelled
7106,1981,4,1,191,105,2025-12-21,completed
7107,4047,1,5,133,246,2024-03-15,completed
7108,1641,5,6,232,33,2023-07-15,completed
7109,1869,10,7,103,86,2025-02-05,completed
7110,3993,7,10,247,127,2024-02-14,completed
7111,4373,10,5,90,60,2023-11-20,completed
7112,2180,9,4,76,72,2026-07-26,completed
7113,320,8,7,61,250,2024-02-09,completed
7114,3124,3,1,53,146,2025-02-26,completed
7115,3137,6,9,45,261,2025-06-29,in_transit
7116,906,1,5,242,64,2023-10-17,in_transit
7117,2759,7,5,229,31,2026-07-28,completed
7118,4357,2,5,181,58,2024-06-14,in_transit
7119,4088,3,5,218,70,2024-01-04,completed
7120,2934,10,4,228,259,2025-06-24,completed
7121,1642,3,1,188,184,2025-11-10,cancelled
7122,802,4,9,168,75,2025-11-04,cancelled
7123,4554,10,2,193,189,2024-01-23,completed
7124,4585,5,7,107,273,2024-01-06,completed
7125,713,10,8,204,58,2025-01-10,completed
7126,2756,2,7,209,97,2024-09-01,completed
7127,667,9,6,180,151,2024-12-13,completed
7128,829,1,10,242,192,2026-03-25,completed
7129,3277,2,7,284,229,2025-03-14,completed
7130,550,3,7,287,230,2024-09-10,completed
7131,811,2,10,92,188,2023-03-12,completed
7132,1668,3,6,79,124,2024-09-18,completed
7133,4933,1,7,136,258,2025-11-23,in_transit
7134,4787,10,9,199,192,2025-08-27,completed
7135,3641,2,4,72,130,2024-01-21,completed
7136,3780,2,3,283,269,2024-10-23,completed
7137,3760,6,9,269,88,2023-04-21,completed
7138,1252,8,4,19,284,2025-03-14,completed
7139,3638,6,9,150,184,2026-02-03,completed
7140,4018,4,10,241,47,2023-06-11,completed
7141,4312,3,2,230,82,2024-07-04,completed
7142,187,4,6,215,232,2024-06-28,completed
7143,3491,6,9,231,161,2025-11-10,completed
7144,3347,10,7,264,54,2024-04-20,completed
7145,4677,8,1,44,148,2023-03-13,completed
7146,3085,7,2,208,264,2024-07-14,completed
7147,554,7,10,7,240,2024-11-20,completed
7148,3563,5,6,102,253,2024-08-24,completed
7149,397,3,1,94,278,2026-03-16,completed
7150,2345,9,2,135,57,2026-07-12,completed
7151,1801,1,9,293,163,2026-02-16,completed
7152,801,9,4,173,120,2024-06-17,completed
7153,2780,5,6,223,172,2024-01-19,in_transit
7154,73,6,2,154,267,2025-03-23,completed
7155,4260,4,6,41,269,2025-11-30,completed
7156,2806,7,8,128,150,2023-11-04,completed
7157,4784,7,2,15,300,2025-06-28,completed
7158,4508,4,9,276,84,2023-04-10,cancelled
7159,4096,6,2,40,56,2024-09-08,completed
7160,2059,1,10,95,170,2023-01-23,completed
7161,2769,9,2,287,240,2025-09-10,completed
7162,312,5,3,176,260,2024-12-27,completed
7163,143,5,9,49,226,2024-03-05,completed
7164,4446,8,2,163,80,2023-12-07,completed
7165,2440,8,9,219,157,2024-07-25,completed
7166,3222,1,7,236,271,2023-01-27,cancelled
7167,86,4,1,218,238,2023-12-05,cancelled
7168,3955,6,1,244,297,2025-02-17,in_transit
7169,3980,8,5,118,85,2026-01-28,completed
7170,4327,5,3,272,43,2026-01-19,completed
7171,3598,9,1,28,273,2023-03-13,completed
7172,2502,6,1,285,160,2024-06-04,in_transit
7173,3713,9,10,35,261,2026-04-09,completed
7174,2167,9,6,57,132,2025-03-23,completed
7175,2593,3,9,150,295,2024-07-05,completed
7176,2351,6,8,172,158,2026-01-08,cancelled
7177,560,7,2,239,121,2025-07-06,completed
7178,3141,3,8,203,152,2025-10-01,completed
7179,4033,8,6,76,186,2025-02-17,completed
7180,2208,10,7,150,98,2024-09-19,completed
7181,2222,1,9,262,242,2024-08-26,completed
7182,947,6,5,16,68,2025-08-11,completed
7183,866,9,7,279,48,2023-01-04,completed
7184,175,10,9,27,105,2023-06-24,cancelled
7185,4040,5,2,96,265,2023-04-08,completed
7186,967,8,7,183,150,2026-01-26,completed
7187,4284,9,1,96,125,2024-04-17,in_transit
7188,525,2,3,60,85,2025-08-09,completed
7189,68,2,7,206,174,2026-07-10,completed
7190,2560,6,8,104,39,2023-09-14,cancelled
7191,645,4,3,86,232,2023-05-13,completed
7192,3407,3,8,128,33,2026-03-01,cancelled
7193,1451,1,4,96,294,2024-05-04,completed
7194,4923,6,8,223,263,2026-03-14,completed
7195,3636,6,1,157,221,2024-02-23,completed
7196,1640,8,3,123,13,2025-09-17,completed
7197,2575,7,1,153,197,2025-01-27,completed
7198,1077,4,10,169,224,2025-01-05,completed
7199,3115,7,1,129,218,2025-11-01,completed
7200,563,7,10,178,215,2024-03-28,in_transit
7201,739,3,4,265,118,2024-03-08,in_transit
7202,485,8,4,187,298,2024-04-18,completed
7203,1760,5,6,224,32,2023-06-04,completed
7204,3315,1,4,59,50,2024-06-07,completed
7205,4433,9,7,272,245,2026-04-13,in_transit
7206,3760,5,6,135,285,2025-11-23,completed
7207,593,5,9,268,241,2024-11-26,completed
7208,3633,8,5,52,101,2025-05-18,completed
7209,3169,7,2,291,161,2024-03-28,completed
7210,2956,2,6,93,58,2023-12-09,in_transit
7211,3743,6,10,230,298,2023-05-03,completed
7212,2347,7,6,83,287,2025-11-07,completed
7213,1148,9,3,63,284,2025-12-31,completed
7214,2343,8,2,155,166,2024-01-19,completed
7215,36,4,5,88,278,2026-03-08,completed
7216,3189,8,3,124,79,2023-12-11,completed
7217,3451,2,1,20,201,2024-10-17,completed
7218,1130,2,1,88,111,2025-07-01,completed
7219,1252,4,7,71,221,2023-09-18,completed
7220,4830,5,8,233,150,2024-12-28,completed
7221,4286,1,8,90,147,2026-03-28,completed
7222,864,3,6,18,271,2024-03-30,completed
7223,4686,4,6,214,192,2024-04-10,cancelled
7224,4668,1,10,113,218,2024-09-19,completed
7225,3673,4,5,121,45,2024-06-18,completed
7226,14,3,7,10,195,2023-09-05,completed
7227,705,8,4,265,250,2024-05-03,completed
7228,520,9,1,231,120,2023-05-23,completed
7229,993,7,1,278,72,2026-02-16,completed
7230,1875,3,2,277,14,2026-02-21,completed
7231,220,2,6,282,54,2023-05-21,in_transit
7232,4848,3,2,96,247,2026-07-25,completed
7233,453,1,5,17,76,2025-06-30,cancelled
7234,4048,6,9,270,136,2026-01-09,completed
7235,1991,4,2,84,190,2024-08-07,completed
7236,4494,8,5,101,129,2025-12-22,in_transit
7237,4089,8,6,124,88,2026-01-05,completed
7238,1829,3,7,77,154,2026-06-03,completed
7239,1999,9,5,214,135,2024-12-26,completed
7240,1340,10,1,172,62,2023-11-23,completed
7241,2038,6,1,198,253,2024-10-11,completed
7242,4148,1,9,240,211,2023-05-17,in_transit
7243,1738,8,1,10,300,2024-01-07,in_transit
7244,917,6,2,224,235,2026-03-31,completed
7245,4221,4,8,169,177,2026-03-20,completed
7246,4555,3,10,295,247,2025-08-02,completed
7247,1682,2,5,234,95,2024-11-06,completed
7248,3595,4,7,15,252,2023-12-16,completed
7249,505,3,6,179,204,2025-06-23,completed
7250,2589,2,10,203,167,2024-06-30,completed
7251,3466,1,7,300,213,2026-07-24,completed
7252,3980,5,9,102,277,2026-07-20,completed
7253,2934,1,10,12,113,2024-06-22,cancelled
7254,1049,4,8,175,56,2025-03-19,completed
7255,4428,3,4,181,91,2024-07-02,completed
7256,4763,1,5,100,170,2025-10-03,completed
7257,1809,5,2,111,77,2023-02-11,completed
7258,3361,5,1,74,170,2023-11-07,completed
7259,979,5,1,174,230,2023-04-20,completed
7260,1779,5,3,31,105,2025-09-06,completed
7261,4336,9,1,275,269,2023-05-30,completed
7262,4694,1,8,28,229,2025-10-06,in_transit
7263,3230,5,4,276,112,2024-09-20,completed
7264,1370,5,8,24,173,2026-07-30,completed
7265,1608,1,10,90,28,2024-07-17,completed
7266,3828,9,7,150,145,2025-01-02,completed
7267,4444,7,2,266,30,2026-03-09,in_transit
7268,3045,3,5,172,191,2024-05-16,completed
7269,4951,1,5,179,267,2025-02-08,cancelled
7270,76,9,10,274,174,2025-01-06,completed
7271,814,1,9,29,201,2025-10-13,in_transit
7272,1198,4,7,88,248,2023-11-21,completed
7273,1733,7,10,137,290,2025-08-15,completed
7274,3120,2,10,55,87,2025-08-12,cancelled
7275,1728,9,2,35,273,2025-10-28,completed
7276,3476,5,6,197,183,2023-02-15,completed
7277,1137,2,3,292,168,2023-06-09,completed
7278,4219,8,7,167,238,2023-05-19,completed
7279,4478,10,5,157,215,2023-12-03,completed
7280,4843,2,6,64,268,2024-11-22,completed
7281,3736,4,2,132,63,2024-01-12,completed
7282,4958,4,5,34,228,2024-07-03,completed
7283,2242,2,10,237,94,2026-07-21,completed
7284,644,6,4,44,283,2024-04-24,cancelled
7285,3868,8,10,205,200,2025-08-08,completed
7286,2058,2,10,120,58,2024-03-19,completed
7287,2847,1,6,65,99,2023-08-27,completed
7288,4666,3,2,23,256,2024-09-04,completed
7289,3494,7,10,193,103,2025-11-10,completed
7290,3941,4,6,210,45,2023-07-10,completed
7291,3811,3,2,68,117,2023-07-28,completed
7292,2727,8,4,213,191,2025-01-14,completed
7293,3705,9,6,212,153,2025-01-14,completed
7294,1387,8,4,1,163,2025-08-08,in_transit
7295,3749,3,6,138,294,2023-11-30,completed
7296,2368,2,8,116,101,2023-12-05,in_transit
7297,2639,1,5,30,200,2026-02-15,completed
7298,3094,6,8,4,242,2024-01-13,completed
7299,849,4,7,287,245,2023-02-02,completed
7300,63,7,3,202,176,2025-05-02,completed
7301,3069,7,5,257,207,2023-04-30,completed
7302,799,3,6,56,82,2024-04-21,completed
7303,1294,2,3,103,58,2023-11-16,completed
7304,1098,1,5,122,290,2026-04-15,completed
7305,2091,3,9,250,126,2024-10-05,completed
7306,2806,8,1,97,185,2023-03-07,completed
7307,4194,9,10,182,104,2024-10-21,completed
7308,2165,9,6,213,289,2024-06-18,completed
7309,424,3,5,194,253,2024-01-11,completed
7310,1372,8,3,197,114,2024-09-06,in_transit
7311,3430,6,9,77,181,2024-07-12,in_transit
7312,4230,6,2,274,34,2025-02-07,completed
7313,4776,7,1,54,27,2024-05-15,completed
7314,1569,1,10,31,11,2024-11-25,completed
7315,4827,7,5,172,241,2025-08-22,completed
7316,3728,1,5,8,205,2023-08-12,completed
7317,3804,7,8,193,275,2025-08-28,completed
7318,3409,1,5,69,289,2024-03-25,completed
7319,3411,4,9,281,180,2023-11-05,completed
7320,4083,2,10,140,13,2026-03-22,completed
7321,3896,9,8,244,45,2023-12-22,completed
7322,92,3,7,14,39,2025-06-08,completed
7323,627,6,10,53,156,2024-05-08,completed
7324,4591,8,4,208,252,2024-07-01,completed
7325,4280,1,6,112,183,2023-08-23,completed
7326,1866,5,9,126,117,2024-08-31,completed
7327,985,8,7,187,36,2023-12-14,completed
7328,582,8,4,222,214,2023-03-16,cancelled
7329,3246,9,4,83,299,2024-01-24,completed
7330,3915,1,5,238,213,2024-09-02,completed
7331,3989,5,10,259,64,2023-02-19,completed
7332,4451,8,10,239,70,2024-07-24,completed
7333,443,8,4,290,31,2023-07-29,completed
7334,1099,7,8,136,101,2024-03-30,completed
7335,148,1,5,128,166,2024-05-29,completed
7336,3063,5,10,260,31,2026-07-25,completed
7337,2541,8,1,49,106,2023-10-29,completed
7338,3403,6,7,147,51,2024-02-20,completed
7339,972,3,5,270,262,2024-05-15,completed
7340,2185,3,4,115,255,2023-12-12,cancelled
7341,4173,3,4,145,62,2025-01-25,completed
7342,4657,9,6,264,231,2024-07-24,completed
7343,1973,2,10,146,42,2025-07-30,completed
7344,460,7,1,169,214,2023-09-25,completed
7345,1692,3,5,147,202,2025-03-22,completed
7346,4784,6,4,18,142,2025-10-23,completed
7347,1657,6,2,243,271,2025-02-17,completed
7348,654,3,1,108,99,2025-06-19,completed
7349,2393,6,3,105,171,2025-04-19,completed
7350,1288,7,10,106,147,2026-07-24,completed
7351,752,2,3,241,184,2023-05-21,completed
7352,500,7,1,129,164,2026-05-13,in_transit
7353,3795,10,6,186,296,2023-10-19,completed
7354,3450,6,4,127,264,2026-04-29,completed
7355,1895,9,8,128,282,2025-09-20,completed
7356,2574,9,5,49,197,2025-04-21,completed
7357,2562,7,9,44,266,2023-12-22,in_transit
7358,1169,4,10,12,182,2025-10-26,completed
7359,1313,7,3,272,48,2024-06-18,in_transit
7360,832,1,8,155,260,2025-06-17,completed
7361,1443,10,5,94,46,2023-03-16,cancelled
7362,4447,7,5,181,167,2024-01-16,completed
7363,1037,6,7,204,247,2025-04-26,completed
7364,1909,9,1,151,101,2025-05-22,completed
7365,4980,2,8,129,78,2026-01-04,completed
7366,2948,2,7,260,76,2025-03-09,completed
7367,4776,4,5,15,111,2024-09-20,cancelled
7368,2951,3,1,157,209,2024-03-29,completed
7369,4828,1,8,111,146,2023-05-13,completed
7370,3472,3,9,6,46,2024-11-02,completed
7371,3668,10,6,100,31,2024-02-28,completed
7372,360,5,10,226,83,2023-01-16,completed
7373,2016,4,1,145,54,2023-10-27,completed
7374,4164,7,8,77,287,2024-04-28,completed
7375,237,7,4,202,151,2024-02-10,cancelled
7376,1349,8,10,156,294,2025-10-10,completed
7377,2351,8,9,88,175,2024-10-28,completed
7378,305,8,1,204,246,2023-04-19,completed
7379,4327,9,10,45,136,2023-11-01,completed
7380,3487,5,9,50,265,2023-12-18,completed
7381,1759,2,7,207,135,2025-05-30,completed
7382,1606,2,8,132,254,2026-03-04,completed
7383,2889,6,8,52,216,2023-01-20,completed
7384,3194,10,8,56,148,2024-12-28,completed
7385,538,7,9,23,158,2026-04-24,completed
7386,2604,6,4,39,128,2023-07-26,cancelled
7387,3472,8,5,219,200,2024-04-16,completed
7388,4304,2,5,158,75,2024-12-19,completed
7389,4200,3,4,134,278,2025-07-20,completed
7390,193,2,4,121,129,2026-07-24,completed
7391,4810,1,7,28,41,2024-07-23,completed
7392,3779,10,8,203,290,2023-01-26,completed
7393,3620,9,2,234,293,2026-02-11,cancelled
7394,1697,1,8,168,173,2024-09-28,completed
7395,3564,9,3,44,31,2025-10-26,completed
7396,3681,5,8,177,212,2026-03-26,completed
7397,58,1,2,99,215,2025-05-14,cancelled
7398,3471,9,7,166,50,2025-06-17,completed
7399,4962,3,2,121,169,2024-05-06,completed
7400,1960,6,2,75,133,2026-02-27,completed
7401,1922,3,10,256,119,2023-02-13,completed
7402,3474,1,4,257,84,2024-10-01,completed
7403,4829,1,4,97,13,2026-03-06,completed
7404,212,6,4,278,128,2024-08-29,completed
7405,439,4,1,122,57,2025-06-16,completed
7406,4599,8,10,172,252,2024-09-12,completed
7407,1092,10,2,211,35,2025-09-10,completed
7408,161,7,9,280,258,2024-07-25,completed
7409,3858,7,5,167,17,2023-05-15,completed
7410,924,1,6,31,193,2024-09-13,completed
7411,144,3,8,292,128,2024-09-07,completed
7412,3077,2,4,66,298,2025-01-10,completed
7413,3040,8,7,178,22,2026-06-15,in_transit
7414,2227,8,4,263,110,2023-06-27,cancelled
7415,4205,1,8,203,71,2024-03-09,completed
7416,4308,2,8,237,101,2023-06-18,completed
7417,945,5,4,13,244,2025-09-26,completed
7418,3638,6,2,251,298,2024-01-20,completed
7419,4688,1,4,238,134,2026-04-20,completed
7420,1826,4,1,194,58,2025-05-17,completed
7421,1959,8,2,191,202,2026-03-13,completed
7422,4289,7,4,272,174,2025-09-23,completed
7423,3369,10,2,1,187,2023-03-11,cancelled
7424,3998,5,1,266,59,2024-02-01,completed
7425,4635,5,7,203,36,2026-02-24,in_transit
7426,3347,8,5,39,136,2024-10-31,cancelled
7427,387,6,2,43,254,2023-06-19,cancelled
7428,3552,8,1,230,194,2023-03-21,completed
7429,1401,7,3,220,83,2026-07-14,completed
7430,2902,3,4,276,174,2026-01-29,completed
7431,3062,8,3,270,237,2024-08-30,completed
7432,651,2,10,15,199,2025-11-15,completed
7433,942,8,1,281,154,2023-07-27,completed
7434,3674,5,6,80,24,2025-08-21,completed
7435,2422,2,10,50,196,2023-02-24,completed
7436,1309,7,3,251,245,2023-01-27,completed
7437,4699,9,5,157,164,2025-04-24,completed
7438,3007,1,2,182,79,2025-08-02,completed
7439,2407,7,5,248,11,2023-08-06,cancelled
7440,3398,1,2,144,147,2026-01-28,completed
7441,3152,7,5,94,94,2024-09-20,cancelled
7442,4925,9,10,65,124,2023-10-23,completed
7443,886,3,2,152,234,2025-07-17,completed
7444,2734,1,2,125,171,2024-04-29,completed
7445,212,5,2,222,65,2025-02-27,completed
7446,2321,3,2,81,71,2025-07-03,completed
7447,4265,1,4,101,163,2026-05-26,completed
7448,2585,7,1,37,205,2025-06-23,completed
7449,2578,3,7,96,193,2025-11-30,completed
7450,4605,3,9,261,295,2024-12-20,completed
7451,3889,10,5,241,261,2026-02-05,completed
7452,1077,6,5,218,81,2025-12-01,completed
7453,3227,2,6,124,15,2025-06-22,completed
7454,1081,10,6,133,42,2023-01-23,completed
7455,2003,8,4,153,149,2025-01-12,cancelled
7456,3663,1,10,153,17,2023-10-04,completed
7457,3537,7,10,241,113,2023-04-06,completed
7458,2218,9,6,91,31,2024-10-17,completed
7459,1635,5,10,238,17,2026-05-11,completed
7460,1814,9,10,284,299,2025-11-23,completed
7461,875,4,6,215,33,2023-01-06,completed
7462,927,2,4,87,143,2023-03-13,completed
7463,1435,6,9,133,268,2024-05-17,completed
7464,2126,1,9,131,231,2024-05-18,cancelled
7465,945,5,1,70,154,2025-01-24,completed
7466,1499,2,9,137,179,2026-05-14,completed
7467,2310,2,9,288,155,2024-04-27,completed
7468,2727,1,4,259,17,2023-06-10,completed
7469,585,4,9,39,248,2025-05-07,in_transit
7470,2412,2,8,182,232,2023-06-19,completed
7471,3546,9,8,172,201,2024-12-31,completed
7472,4290,7,3,174,169,2023-12-01,completed
7473,4594,6,5,143,258,2025-09-22,completed
7474,4241,1,9,1,225,2023-07-24,completed
7475,959,10,9,257,215,2026-06-24,completed
7476,4599,1,7,197,216,2026-07-07,completed
7477,1608,1,8,77,169,2025-09-21,completed
7478,187,4,5,269,143,2026-06-08,completed
7479,234,4,5,248,147,2023-04-18,completed
7480,3361,7,9,300,120,2026-06-17,completed
7481,2135,9,2,280,136,2023-01-15,in_transit
7482,1123,10,3,183,277,2024-06-13,in_transit
7483,3499,2,3,159,248,2023-06-01,completed
7484,1474,8,2,123,61,2023-08-22,completed
7485,2959,5,1,161,150,2025-02-26,completed
7486,1873,6,2,6,131,2025-11-19,cancelled
7487,1929,9,4,129,149,2025-11-16,completed
7488,1651,3,5,146,245,2026-01-15,completed
7489,3492,6,3,285,170,2023-06-11,completed
7490,227,7,10,121,293,2024-07-18,completed
7491,877,1,3,137,33,2024-04-23,completed
7492,1523,8,10,274,187,2024-07-03,completed
7493,3464,5,9,183,11,2025-06-02,completed
7494,709,9,6,263,92,2025-09-11,completed
7495,2391,1,3,63,218,2025-08-07,completed
7496,2571,7,5,147,132,2025-06-12,completed
7497,3947,7,2,134,48,2024-04-19,in_transit
7498,3442,9,5,214,15,2026-04-30,completed
7499,4604,4,3,116,162,2024-11-16,completed
7500,134,3,8,149,52,2025-01-22,completed
7501,4926,2,5,1,269,2025-09-09,completed
7502,303,10,6,228,80,2024-02-04,completed
7503,4166,10,7,70,87,2023-09-08,completed
7504,2145,7,9,163,31,2025-11-04,completed
7505,72,10,8,181,19,2026-05-20,completed
7506,4411,1,3,38,124,2025-09-24,completed
7507,3586,2,10,149,200,2024-04-11,completed
7508,2475,7,5,170,243,2025-03-21,completed
7509,2006,2,3,136,217,2026-05-05,completed
7510,327,2,1,31,293,2026-06-17,completed
7511,534,6,9,235,300,2023-03-11,completed
7512,3966,4,3,297,161,2026-07-12,completed
7513,2370,6,5,288,145,2025-05-27,completed
7514,847,10,8,219,290,2024-12-17,completed
7515,2394,5,1,200,153,2025-06-30,completed
7516,4222,8,6,205,273,2026-03-23,completed
7517,490,5,10,254,258,2024-01-11,completed
7518,3941,3,7,228,102,2023-09-05,completed
7519,1506,5,8,178,140,2023-06-14,completed
7520,3843,3,10,216,87,2025-04-30,completed
7521,4105,5,4,237,183,2025-11-05,in_transit
7522,4819,6,7,299,209,2023-10-04,completed
7523,1239,6,2,191,246,2025-10-12,completed
7524,878,4,2,213,198,2023-07-17,in_transit
7525,1940,1,2,95,34,2023-11-13,completed
7526,3510,5,4,234,194,2024-02-29,completed
7527,2400,8,10,42,59,2023-06-02,completed
7528,2084,1,8,293,268,2025-11-30,completed
7529,2749,8,7,272,201,2025-06-21,completed
7530,2597,2,7,28,147,2025-01-11,completed
7531,1652,3,7,96,236,2026-05-17,cancelled
7532,3349,10,7,32,184,2024-02-25,completed
7533,526,8,5,94,206,2026-07-15,cancelled
7534,2229,8,7,151,20,2025-07-18,completed
7535,4764,5,8,253,28,2023-06-15,completed
7536,572,1,4,283,61,2023-08-10,completed
7537,4063,4,10,213,136,2024-12-10,cancelled
7538,1088,9,7,182,126,2026-01-08,completed
7539,2897,6,2,170,225,2025-10-16,completed
7540,4970,9,8,163,84,2025-07-17,in_transit
7541,184,6,7,217,204,2024-07-28,completed
7542,561,3,8,234,248,2024-07-09,completed
7543,418,2,5,131,155,2026-04-07,completed
7544,3257,3,8,237,23,2025-06-03,in_transit
7545,319,5,9,51,256,2026-05-16,completed
7546,4819,5,6,188,266,2025-02-09,completed
7547,4433,5,3,31,60,2025-11-19,completed
7548,2448,6,9,8,282,2024-02-19,completed
7549,1643,4,3,253,55,2023-07-05,completed
7550,2748,1,5,58,92,2025-03-06,completed
7551,3338,3,5,21,62,2025-08-27,completed
7552,4159,8,1,112,75,2024-08-13,completed
7553,3367,6,8,295,85,2023-12-06,completed
7554,1491,8,9,59,255,2024-01-09,completed
7555,3044,6,3,132,164,2025-12-31,completed
7556,2335,8,10,224,149,2025-10-19,completed
7557,2685,8,1,53,180,2024-03-13,completed
7558,3352,2,7,145,229,2023-01-30,cancelled
7559,4027,5,2,70,32,2024-02-27,completed
7560,4761,8,6,260,258,2025-05-06,completed
7561,3432,9,1,151,59,2025-04-08,completed
7562,190,5,6,246,117,2025-07-22,in_transit
7563,2492,10,9,94,120,2023-11-10,in_transit
7564,805,8,6,197,165,2023-01-23,completed
7565,3931,4,5,207,222,2023-09-30,completed
7566,249,3,5,85,264,2026-04-13,completed
7567,3859,9,4,280,116,2024-06-03,completed
7568,3164,3,8,26,206,2025-10-26,completed
7569,4365,8,7,141,163,2023-08-19,cancelled
7570,1275,7,10,228,195,2023-10-30,cancelled
7571,948,1,3,22,223,2025-05-31,in_transit
7572,3290,10,1,84,46,2023-06-28,completed
7573,1175,7,3,191,164,2024-05-10,completed
7574,3357,5,9,210,181,2023-01-22,completed
7575,2481,1,5,120,151,2024-11-13,in_transit
7576,4323,8,3,147,89,2024-12-27,completed
7577,4799,3,2,139,89,2025-11-18,completed
7578,4140,6,7,43,86,2026-06-19,cancelled
7579,2218,7,8,51,99,2024-01-10,completed
7580,359,8,5,192,266,2025-05-07,completed
7581,2818,6,4,188,153,2026-03-17,completed
7582,4583,9,2,66,77,2023-09-16,completed
7583,2986,4,9,41,91,2024-08-25,completed
7584,2175,8,7,231,168,2024-08-16,cancelled
7585,2331,1,3,124,96,2025-08-07,completed
7586,1663,8,1,113,25,2024-05-07,completed
7587,184,7,2,199,101,2023-03-03,cancelled
7588,2290,8,1,70,116,2023-05-16,completed
7589,2476,1,2,161,163,2024-10-04,completed
7590,43,2,10,60,133,2025-07-11,completed
7591,3128,1,10,300,173,2025-08-30,completed
7592,1482,6,10,170,127,2024-02-26,completed
7593,2015,1,2,56,71,2026-03-04,completed
7594,1211,6,5,227,189,2026-04-24,completed
7595,385,10,9,263,193,2025-10-12,cancelled
7596,1171,6,3,293,48,2023-01-25,completed
7597,1184,5,8,222,108,2024-12-28,completed
7598,770,10,6,58,100,2023-11-13,completed
7599,2594,3,7,129,39,2023-08-08,completed
7600,189,3,10,51,171,2024-03-20,completed
7601,4532,1,9,72,46,2024-02-29,cancelled
7602,3767,10,1,7,283,2023-10-13,in_transit
7603,3628,6,7,79,169,2024-10-02,in_transit
7604,2064,8,6,83,196,2023-11-08,completed
7605,3154,5,9,27,138,2024-06-01,completed
7606,3343,8,9,274,164,2023-12-17,completed
7607,3917,5,4,195,37,2026-05-29,completed
7608,4564,4,1,25,274,2023-12-23,in_transit
7609,2634,3,4,105,267,2024-03-11,cancelled
7610,904,7,3,233,66,2023-08-24,completed
7611,3477,7,6,156,209,2025-04-15,completed
7612,2222,3,8,299,235,2023-04-19,completed
7613,4652,6,2,62,27,2025-11-07,in_transit
7614,4950,3,1,143,65,2024-12-19,in_transit
7615,1735,8,4,153,214,2025-08-17,in_transit
7616,4397,1,4,291,33,2023-08-04,in_transit
7617,480,10,2,128,280,2025-09-14,completed
7618,1301,9,10,205,211,2025-05-17,completed
7619,1434,7,5,260,208,2025-09-10,completed
7620,1761,2,3,269,146,2026-01-17,completed
7621,2589,10,1,102,235,2026-04-06,completed
7622,818,4,9,74,245,2024-09-03,completed
7623,1854,2,5,34,252,2024-09-27,completed
7624,3671,4,7,240,110,2023-03-12,completed
7625,3317,8,3,247,300,2026-03-24,completed
7626,220,6,1,43,269,2025-09-23,completed
7627,3046,7,6,180,203,2024-10-21,completed
7628,848,6,5,57,239,2024-09-12,cancelled
7629,177,5,6,83,189,2024-09-25,completed
7630,2330,1,9,284,258,2025-01-23,completed
7631,548,4,7,296,162,2023-10-04,cancelled
7632,3796,6,3,287,181,2026-06-09,cancelled
7633,2955,9,6,136,78,2023-09-17,completed
7634,1212,1,6,70,188,2024-02-24,completed
7635,2631,6,9,90,161,2023-12-24,completed
7636,529,10,7,237,34,2023-09-05,cancelled
7637,1767,1,3,106,109,2023-02-02,completed
7638,3255,7,2,295,83,2023-09-15,in_transit
7639,2642,2,6,6,103,2023-08-22,in_transit
7640,1264,3,2,191,257,2025-07-10,completed
7641,3144,9,1,175,260,2024-08-12,completed
7642,130,10,1,225,278,2025-07-10,completed
7643,651,4,5,8,268,2024-05-21,completed
7644,2124,9,2,137,181,2025-09-11,completed
7645,2200,5,6,7,198,2025-05-23,cancelled
7646,291,2,10,66,164,2023-05-10,completed
7647,2725,5,10,282,27,2026-01-25,completed
7648,3899,8,4,14,166,2025-10-10,completed
7649,1043,1,3,92,276,2026-04-24,completed
7650,3,8,3,227,295,2024-11-10,completed
7651,2751,8,10,60,214,2026-02-28,completed
7652,4577,6,5,280,240,2025-09-27,completed
7653,928,4,3,209,164,2023-10-11,completed
7654,2093,9,8,47,180,2023-05-15,completed
7655,2076,10,6,257,264,2024-06-14,in_transit
7656,4690,7,9,160,261,2026-07-08,completed
7657,3023,3,2,237,59,2023-05-01,in_transit
7658,5,10,2,157,218,2025-03-02,completed
7659,2555,3,7,114,57,2025-11-01,completed
7660,2568,2,6,129,154,2023-08-12,completed
7661,545,1,6,190,117,2023-12-02,in_transit
7662,2063,1,7,171,26,2026-01-24,cancelled
7663,1075,8,2,197,285,2025-09-24,cancelled
7664,1307,8,6,2,66,2026-03-05,completed
7665,4406,10,9,264,284,2024-07-13,in_transit
7666,1869,2,1,266,256,2025-12-23,completed
7667,4320,9,3,194,65,2023-03-09,completed
7668,1880,2,9,69,248,2024-05-24,completed
7669,501,10,5,216,181,2026-03-29,completed
7670,4897,7,1,249,134,2025-02-24,completed
7671,2560,2,8,274,28,2023-12-26,completed
7672,1340,7,6,182,119,2026-02-12,completed
7673,2962,3,5,113,141,2024-05-29,completed
7674,3292,4,2,112,10,2024-12-09,completed
7675,440,10,1,35,22,2023-09-24,completed
7676,1058,5,7,88,15,2023-08-31,completed
7677,2186,2,4,116,172,2025-12-24,completed
7678,2158,1,6,156,250,2023-02-08,completed
7679,163,10,2,175,178,2024-07-19,completed
7680,2466,10,9,101,261,2026-07-22,completed
7681,4004,3,8,235,14,2023-07-15,completed
7682,2845,3,7,119,30,2026-07-16,cancelled
7683,1658,8,6,296,167,2025-05-11,completed
7684,1085,1,9,207,138,2025-02-27,cancelled
7685,3368,4,6,74,200,2023-03-03,completed
7686,4977,4,6,214,58,2024-06-14,cancelled
7687,3358,2,4,6,131,2025-06-04,in_transit
7688,249,4,1,144,12,2024-10-02,completed
7689,1405,9,1,249,137,2023-07-13,completed
7690,1865,2,1,205,168,2025-05-26,completed
7691,4769,6,3,100,118,2023-08-10,in_transit
7692,4924,7,9,189,35,2024-08-10,completed
7693,4399,6,9,26,282,2025-05-17,cancelled
7694,4597,6,9,300,130,2023-05-28,completed
7695,147,1,6,171,285,2024-10-01,completed
7696,1936,3,1,203,51,2023-05-31,completed
7697,4553,4,1,181,128,2026-02-04,completed
7698,2870,3,10,98,47,2023-03-17,in_transit
7699,386,9,1,178,84,2024-05-06,completed
7700,3104,2,10,137,179,2026-06-04,completed
7701,2823,9,5,234,140,2025-06-10,completed
7702,274,5,6,10,138,2026-01-23,in_transit
7703,3866,7,1,217,139,2025-06-15,completed
7704,2935,7,5,7,65,2024-08-29,completed
7705,1719,5,7,124,132,2024-04-04,completed
7706,3107,6,3,216,249,2024-01-19,completed
7707,285,8,7,87,148,2026-01-08,cancelled
7708,632,1,3,11,230,2023-11-05,cancelled
7709,1822,5,4,258,174,2025-09-04,completed
7710,3123,3,8,98,92,2023-04-30,completed
7711,2714,7,10,140,178,2024-11-08,completed
7712,330,2,7,202,80,2025-03-18,completed
7713,4934,6,3,187,260,2026-05-23,completed
7714,3998,4,6,211,177,2025-11-19,completed
7715,2108,10,7,87,46,2024-08-31,completed
7716,1360,2,5,11,21,2025-12-05,completed
7717,3505,6,2,55,150,2023-08-19,completed
7718,4480,8,5,295,63,2025-02-27,completed
7719,3913,7,5,137,68,2025-11-01,completed
7720,812,4,8,16,56,2023-06-09,completed
7721,4269,3,6,200,143,2026-07-27,completed
7722,152,7,4,232,236,2026-01-02,completed
7723,4058,9,7,112,64,2026-06-24,completed
7724,1385,1,9,83,296,2023-03-22,in_transit
7725,20,2,3,198,119,2026-03-05,completed
7726,948,10,8,219,27,2025-12-22,completed
7727,3833,10,6,216,114,2024-06-05,completed
7728,452,1,8,60,36,2023-06-23,completed
7729,3327,8,1,27,110,2025-05-04,cancelled
7730,4069,10,3,13,261,2024-07-30,completed
7731,3626,4,2,259,35,2023-03-24,completed
7732,4447,3,10,22,159,2023-08-01,completed
7733,2402,7,5,214,96,2025-04-18,cancelled
7734,2041,1,3,46,46,2026-03-02,completed
7735,1694,7,3,129,248,2023-05-29,completed
7736,2262,8,7,227,32,2025-03-11,completed
7737,4358,9,4,16,201,2023-12-03,completed
7738,53,10,5,162,187,2024-03-03,completed
7739,2853,7,9,234,172,2024-12-16,completed
7740,478,5,2,151,200,2026-04-29,completed
7741,4189,4,2,88,141,2023-01-09,completed
7742,2361,8,5,298,179,2026-03-24,completed
7743,84,5,10,199,43,2023-07-18,completed
7744,1334,3,4,81,263,2023-08-08,completed
7745,1578,10,3,105,65,2025-11-26,completed
7746,1382,3,8,70,126,2023-12-18,completed
7747,3289,2,4,138,30,2024-12-23,completed
7748,4837,5,1,135,26,2024-05-18,in_transit
7749,1719,5,7,26,36,2023-01-29,completed
7750,1392,3,9,248,141,2026-07-11,cancelled
7751,2738,9,3,195,203,2023-09-14,completed
7752,202,7,1,16,222,2026-01-11,completed
7753,2818,7,9,227,84,2024-07-02,completed
7754,3799,4,7,210,222,2024-05-12,completed
7755,2431,5,4,193,192,2023-08-29,completed
7756,2867,3,9,199,262,2023-02-01,completed
7757,942,8,4,73,58,2024-02-23,completed
7758,4199,3,8,113,27,2026-04-19,completed
7759,2224,3,4,296,103,2023-06-14,cancelled
7760,4190,8,10,246,89,2025-01-31,completed
7761,1214,8,6,31,279,2024-03-24,completed
7762,1993,8,10,66,94,2024-06-17,completed
7763,3120,2,9,176,107,2023-04-10,completed
7764,4245,10,8,66,65,2023-03-08,completed
7765,3416,3,9,28,104,2024-02-19,completed
7766,3811,3,6,6,180,2024-06-07,completed
7767,2011,8,6,229,25,2024-06-04,completed
7768,3487,10,1,231,40,2023-11-01,in_transit
7769,2774,10,4,11,21,2023-09-09,completed
7770,1764,3,8,11,293,2023-01-29,completed
7771,2658,9,10,238,154,2026-01-30,completed
7772,1101,3,6,191,12,2023-12-16,completed
7773,3990,8,1,81,238,2026-02-26,completed
7774,2017,8,7,214,128,2023-03-18,completed
7775,1534,1,8,181,274,2024-01-15,completed
7776,2182,1,6,22,72,2026-07-05,completed
7777,2018,5,2,258,289,2024-03-08,completed
7778,3521,10,6,101,48,2025-01-09,completed
7779,3527,9,7,212,127,2024-07-05,completed
7780,3155,9,5,261,99,2026-06-25,completed
7781,1205,9,7,70,257,2024-07-22,cancelled
7782,3489,6,9,41,243,2023-07-14,completed
7783,1757,3,7,86,232,2023-03-22,in_transit
7784,3790,2,4,64,222,2025-06-18,completed
7785,3989,4,5,249,288,2025-09-26,completed
7786,2015,8,4,174,275,2026-07-11,completed
7787,4759,9,5,139,81,2024-09-06,completed
7788,2757,4,6,222,107,2024-10-02,completed
7789,1047,8,4,147,163,2024-07-10,completed
7790,403,7,8,51,37,2025-09-11,completed
7791,765,5,4,273,287,2025-07-16,completed
7792,3633,9,2,31,248,2026-04-08,completed
7793,241,5,8,159,159,2024-03-14,completed
7794,2979,4,3,122,53,2025-03-19,in_transit
7795,2753,9,8,193,212,2023-04-04,completed
7796,4790,4,2,278,159,2025-12-22,cancelled
7797,3769,5,3,70,287,2025-06-15,completed
7798,3124,6,5,277,44,2025-07-23,completed
7799,4290,1,2,121,114,2024-10-09,completed
7800,3409,10,7,257,104,2023-08-03,completed
7801,1296,10,5,123,112,2025-06-17,in_transit
7802,2106,10,4,199,165,2024-06-04,completed
7803,1041,9,6,34,296,2023-01-26,cancelled
7804,1818,4,5,127,108,2026-04-03,cancelled
7805,4193,4,1,117,158,2025-03-05,completed
7806,1975,3,10,180,60,2025-01-27,cancelled
7807,4276,7,8,74,272,2023-12-31,completed
7808,3882,2,9,145,124,2023-06-09,completed
7809,725,1,10,243,288,2023-10-23,completed
7810,4568,2,7,181,82,2024-08-26,completed
7811,3208,3,8,234,288,2025-05-27,completed
7812,2251,3,10,150,45,2025-07-16,in_transit
7813,3568,9,10,265,160,2024-12-02,completed
7814,769,1,7,173,13,2024-10-17,completed
7815,546,6,2,144,126,2024-04-13,cancelled
7816,3855,2,5,233,197,2025-10-02,cancelled
7817,1802,4,9,101,294,2023-06-26,completed
7818,896,3,1,57,95,2024-08-16,completed
7819,367,2,8,212,298,2024-12-30,cancelled
7820,1428,6,3,5,126,2024-07-04,completed
7821,3750,3,6,69,41,2024-01-08,completed
7822,2618,9,6,187,288,2023-12-11,in_transit
7823,1611,8,2,234,92,2025-11-24,completed
7824,2930,9,5,291,160,2025-04-06,completed
7825,3148,6,8,163,248,2023-04-30,completed
7826,4772,8,9,211,24,2025-09-30,completed
7827,3212,10,9,223,220,2024-05-22,completed
7828,729,9,1,60,228,2024-11-07,completed
7829,729,6,7,299,186,2025-07-27,completed
7830,1211,9,2,171,176,2025-10-04,completed
7831,3837,4,9,41,161,2025-10-07,completed
7832,4836,6,10,74,241,2025-12-30,completed
7833,595,10,2,254,87,2023-06-04,completed
7834,4009,10,4,127,163,2023-03-12,completed
7835,2465,1,6,56,284,2024-09-20,completed
7836,2394,2,7,79,154,2023-11-18,completed
7837,3543,2,6,255,180,2023-06-10,completed
7838,914,5,4,34,284,2023-02-03,in_transit
7839,989,5,3,12,182,2024-08-19,completed
7840,1546,2,6,180,296,2025-02-13,cancelled
7841,35,9,6,213,118,2026-04-13,completed
7842,1727,5,3,241,74,2025-08-25,completed
7843,4227,3,8,206,89,2026-05-27,completed
7844,2220,7,2,43,244,2025-11-06,completed
7845,1699,7,5,206,186,2024-02-21,completed
7846,885,4,5,271,144,2025-06-01,completed
7847,2429,1,3,259,36,2024-09-05,completed
7848,3321,8,5,101,111,2023-11-21,completed
7849,398,9,5,127,164,2024-12-28,in_transit
7850,1031,5,6,28,276,2024-07-26,completed
7851,3850,3,5,187,60,2023-10-26,completed
7852,197,6,8,204,65,2025-09-01,completed
7853,4098,1,7,94,214,2025-08-28,completed
7854,1422,9,7,142,166,2023-02-27,completed
7855,1264,5,6,265,120,2023-11-25,completed
7856,2941,8,3,268,113,2023-09-16,completed
7857,3914,6,9,45,191,2023-05-15,in_transit
7858,3152,9,2,190,71,2025-12-13,completed
7859,577,1,9,249,77,2024-07-20,cancelled
7860,2729,1,4,280,30,2024-02-22,completed
7861,4446,5,6,23,23,2025-08-13,completed
7862,3009,4,9,185,247,2024-08-23,completed
7863,1269,10,4,30,10,2024-07-23,in_transit
7864,3614,9,3,122,59,2025-06-20,in_transit
7865,1797,7,1,62,95,2025-09-21,completed
7866,83,8,2,250,219,2023-03-22,in_transit
7867,1832,10,1,153,34,2023-06-17,completed
7868,1602,2,1,118,114,2025-11-23,cancelled
7869,381,3,6,194,29,2025-07-09,completed
7870,1054,9,10,129,173,2025-07-31,completed
7871,3920,10,5,276,128,2025-02-21,completed
7872,2555,10,9,133,266,2025-12-12,completed
7873,2874,1,5,72,174,2026-01-26,completed
7874,3232,6,8,280,106,2024-04-17,completed
7875,3364,1,5,41,190,2024-06-07,completed
7876,2511,7,1,225,255,2026-06-29,completed
7877,3870,3,4,200,290,2025-08-16,completed
7878,1808,8,10,166,202,2023-01-24,completed
7879,2409,1,3,142,62,2023-11-22,completed
7880,372,2,10,275,137,2023-08-16,completed
7881,63,4,6,256,293,2025-05-29,completed
7882,4693,8,10,180,79,2025-03-03,completed
7883,2871,7,1,31,110,2023-10-30,completed
7884,837,2,4,37,118,2024-05-08,completed
7885,2814,2,10,24,194,2023-04-06,in_transit
7886,2086,8,10,249,188,2025-06-01,completed
7887,3732,6,1,248,218,2025-11-16,completed
7888,4180,5,8,24,247,2024-09-11,completed
7889,548,10,5,41,279,2024-03-14,completed
7890,2674,7,8,274,211,2024-06-26,completed
7891,2001,10,1,229,68,2024-08-25,completed
7892,3699,9,10,274,265,2026-06-12,completed
7893,4570,4,6,296,104,2026-07-05,completed
7894,1679,3,8,73,212,2025-08-19,cancelled
7895,1823,3,6,58,31,2025-01-07,completed
7896,737,10,1,189,40,2026-04-09,completed
7897,2216,9,2,110,58,2023-08-29,completed
7898,3392,1,10,226,141,2024-04-01,completed
7899,3975,10,7,186,21,2025-08-01,completed
7900,2843,3,10,30,187,2024-06-06,cancelled
7901,4173,5,10,12,31,2023-06-19,completed
7902,2003,6,10,75,20,2023-03-21,completed
7903,4545,7,1,79,58,2026-01-24,completed
7904,2025,9,7,112,57,2023-04-08,completed
7905,4188,10,3,132,154,2024-03-24,completed
7906,1329,8,3,11,147,2024-03-18,completed
7907,2720,4,10,146,30,2024-11-06,cancelled
7908,1250,9,3,263,151,2024-04-21,completed
7909,3400,2,10,116,164,2023-10-16,completed
7910,3990,10,1,277,195,2024-12-14,completed
7911,2500,4,2,69,17,2024-03-10,completed
7912,624,2,7,33,235,2023-11-13,completed
7913,4360,10,9,146,111,2023-11-06,completed
7914,2648,4,3,123,214,2025-10-27,in_transit
7915,306,4,9,198,161,2024-01-03,cancelled
7916,1294,3,7,111,201,2025-09-04,completed
7917,1717,4,7,30,223,2023-08-05,completed
7918,4004,1,4,266,214,2025-04-09,completed
7919,3031,10,4,99,234,2024-02-16,cancelled
7920,287,6,8,42,286,2026-02-06,cancelled
7921,555,9,1,198,238,2024-10-09,completed
7922,2068,10,7,94,146,2026-04-19,in_transit
7923,1987,7,4,62,196,2026-02-18,in_transit
7924,2108,9,10,282,242,2024-11-15,completed
7925,4795,9,1,181,212,2024-01-28,completed
7926,3297,8,4,246,274,2025-05-27,completed
7927,2425,10,2,189,38,2023-04-10,completed
7928,2473,10,3,168,290,2023-01-31,completed
7929,4432,2,3,239,177,2023-07-02,cancelled
7930,4773,2,8,10,47,2023-07-04,completed
7931,2479,9,10,295,102,2025-09-25,completed
7932,556,10,3,205,295,2023-06-01,completed
7933,3923,8,4,35,69,2024-04-08,completed
7934,1872,3,1,277,70,2023-05-26,completed
7935,444,3,6,50,135,2024-12-23,completed
7936,139,6,8,213,213,2024-10-14,completed
7937,2160,7,1,169,294,2023-04-22,completed
7938,4177,5,10,253,36,2023-06-06,cancelled
7939,168,9,1,66,147,2024-03-20,completed
7940,3869,4,3,21,167,2025-07-19,completed
7941,41,1,5,73,262,2023-05-07,in_transit
7942,2846,6,10,225,241,2025-11-10,cancelled
7943,621,8,2,48,184,2024-01-28,completed
7944,3537,4,8,43,212,2024-09-02,completed
7945,1753,7,5,20,299,2023-11-14,completed
7946,720,1,6,66,46,2025-03-26,completed
7947,2887,4,2,208,292,2023-10-02,cancelled
7948,2898,7,3,219,104,2023-08-20,cancelled
7949,2248,1,9,267,247,2024-04-06,completed
7950,4174,7,1,72,273,2023-07-29,completed
7951,4226,7,4,17,126,2023-12-17,cancelled
7952,1528,3,1,88,198,2026-06-04,completed
7953,4716,1,2,126,19,2025-08-15,completed
7954,3818,5,2,299,158,2025-01-20,in_transit
7955,1772,4,5,210,76,2026-04-18,in_transit
7956,2013,4,1,279,81,2025-07-13,completed
7957,2128,2,9,193,198,2024-03-26,cancelled
7958,3872,1,3,142,283,2026-03-24,completed
7959,1987,6,2,22,171,2023-07-16,in_transit
7960,569,6,7,224,220,2024-12-12,completed
7961,1627,2,4,167,267,2025-01-07,completed
7962,1983,10,3,103,185,2024-09-18,completed
7963,1157,1,4,176,266,2025-04-11,completed
7964,4595,8,9,137,59,2026-03-13,in_transit
7965,582,4,6,194,276,2024-08-11,completed
7966,4077,2,4,34,283,2026-02-08,completed
7967,3166,7,5,238,173,2025-01-10,completed
7968,300,9,3,82,65,2025-03-04,completed
7969,2017,2,8,271,145,2023-05-21,completed
7970,1498,5,4,247,202,2026-02-16,completed
7971,1464,9,7,11,98,2023-09-12,completed
7972,4752,3,4,246,31,2026-06-23,cancelled
7973,1832,2,4,185,27,2025-07-10,completed
7974,4114,5,1,241,242,2026-06-26,completed
7975,3838,5,4,113,203,2024-07-01,completed
7976,2495,5,3,183,10,2025-10-04,completed
7977,1131,10,5,76,57,2025-05-01,completed
7978,1062,10,3,179,40,2024-01-21,in_transit
7979,3628,8,4,13,193,2026-07-18,cancelled
7980,4668,7,2,216,123,2025-01-30,completed
7981,1573,9,6,35,144,2025-04-23,completed
7982,392,7,4,198,93,2023-11-15,completed
7983,4297,4,2,37,36,2024-01-12,completed
7984,4825,9,8,270,22,2024-02-09,completed
7985,4125,5,8,139,84,2024-10-29,cancelled
7986,2704,2,9,95,35,2025-10-13,completed
7987,3610,5,9,93,93,2023-05-08,completed
7988,1004,1,4,121,39,2026-02-25,completed
7989,4541,2,4,231,134,2025-09-01,completed
7990,4792,6,8,212,36,2025-12-17,cancelled
7991,3013,1,8,279,271,2024-06-21,completed
7992,2498,7,9,147,93,2024-10-09,in_transit
7993,492,6,3,18,202,2023-09-23,completed
7994,3043,4,2,268,287,2026-03-09,completed
7995,4080,1,4,211,162,2024-03-09,cancelled
7996,1141,10,7,9,182,2024-10-27,completed
7997,3049,10,7,112,289,2026-07-14,completed
7998,379,10,5,246,191,2023-08-07,completed
7999,4728,3,2,113,44,2024-11-22,completed
8000,762,10,3,151,245,2025-10-07,completed
8001,1548,1,8,225,230,2024-07-02,completed
8002,3302,1,4,249,224,2026-02-27,completed
8003,752,7,9,9,42,2025-02-21,completed
8004,3327,6,10,93,44,2026-01-06,completed
8005,4416,9,5,68,300,2023-02-27,completed
8006,4194,7,9,1,172,2025-05-31,cancelled
8007,2925,5,2,196,28,2026-06-01,completed
8008,1422,1,4,8,241,2023-03-27,completed
8009,4466,9,8,221,60,2025-12-08,completed
8010,1893,2,9,24,116,2024-11-08,completed
8011,4979,9,1,135,169,2025-05-18,completed
8012,3747,4,8,252,21,2024-08-06,completed
8013,4571,5,7,250,22,2026-02-27,in_transit
8014,2196,6,9,277,24,2026-07-08,completed
8015,222,5,8,87,172,2023-09-23,completed
8016,10,9,2,201,94,2023-10-17,completed
8017,3008,5,10,210,275,2024-05-13,completed
8018,686,2,6,56,15,2023-05-19,completed
8019,2816,9,4,224,77,2025-10-16,completed
8020,986,1,8,141,178,2025-12-03,cancelled
8021,1958,1,9,167,34,2024-04-05,completed
8022,3967,10,1,64,113,2023-04-01,completed
8023,3175,8,1,48,257,2024-12-30,completed
8024,2179,1,3,60,165,2024-05-24,cancelled
8025,2971,9,4,47,280,2023-02-16,completed
8026,3010,10,2,168,187,2024-01-17,completed
8027,951,10,8,139,121,2024-04-23,completed
8028,569,1,10,120,237,2026-06-01,completed
8029,4849,8,9,141,195,2025-06-28,completed
8030,360,4,8,206,95,2024-11-11,completed
8031,791,2,8,107,113,2026-06-17,in_transit
8032,3303,7,6,18,196,2026-01-21,cancelled
8033,4155,3,2,6,118,2026-04-04,completed
8034,324,7,6,294,237,2026-01-18,completed
8035,2911,7,2,154,237,2024-11-27,completed
8036,3416,1,4,26,248,2023-11-24,completed
8037,1105,3,7,39,20,2023-04-07,completed
8038,3468,2,5,259,181,2024-09-18,completed
8039,4749,7,9,93,246,2023-08-29,completed
8040,3083,8,9,77,128,2025-10-29,completed
8041,384,10,1,217,135,2026-03-20,completed
8042,3585,1,10,141,36,2025-01-02,completed
8043,2364,9,10,287,182,2024-10-23,completed
8044,3875,5,7,226,165,2024-02-11,completed
8045,1454,1,10,47,60,2024-01-01,in_transit
8046,1449,9,1,295,128,2024-02-15,completed
8047,2800,7,6,268,69,2024-03-10,completed
8048,2111,4,6,167,217,2024-06-17,completed
8049,1525,6,9,199,37,2024-08-22,completed
8050,3593,3,7,197,165,2023-02-25,in_transit
8051,2718,2,1,119,79,2024-10-24,completed
8052,358,6,3,163,147,2025-09-08,completed
8053,2155,2,9,81,235,2025-06-02,cancelled
8054,4545,2,9,33,265,2026-03-22,completed
8055,2160,9,5,201,191,2024-08-31,completed
8056,4921,7,4,120,241,2023-03-05,completed
8057,4180,9,4,104,136,2023-10-07,completed
8058,2906,2,7,133,78,2023-12-22,completed
8059,1687,3,7,11,180,2024-01-26,completed
8060,3254,2,4,120,63,2023-08-29,completed
8061,1967,5,3,23,259,2024-05-08,completed
8062,299,5,9,41,123,2025-02-24,completed
8063,3185,9,4,47,123,2025-11-25,completed
8064,2175,2,9,256,113,2025-03-04,completed
8065,4303,4,5,106,273,2025-04-08,in_transit
8066,2029,2,1,201,196,2025-01-26,cancelled
8067,4626,5,3,249,84,2023-12-14,completed
8068,3670,5,7,53,278,2024-07-18,completed
8069,2185,10,9,88,248,2023-11-22,completed
8070,2359,9,3,222,175,2026-05-20,completed
8071,354,4,7,262,263,2024-09-10,completed
8072,4107,5,2,13,256,2025-07-11,in_transit
8073,4883,8,10,233,267,2025-10-27,completed
8074,4220,1,3,77,122,2024-05-02,cancelled
8075,1747,5,10,26,224,2025-04-14,completed
8076,108,4,5,282,110,2025-09-12,completed
8077,3731,2,4,285,202,2026-01-03,in_transit
8078,4176,9,2,267,77,2025-01-02,completed
8079,4324,2,10,159,166,2026-05-03,completed
8080,1974,9,2,232,249,2026-04-20,completed
8081,2637,4,6,255,161,2024-11-26,completed
8082,1799,1,4,172,95,2023-05-02,completed
8083,3994,7,5,100,208,2025-09-06,cancelled
8084,3273,10,7,107,41,2026-05-23,completed
8085,4375,9,5,84,74,2025-11-14,completed
8086,81,2,6,190,278,2025-07-15,completed
8087,4329,4,8,7,184,2023-02-08,completed
8088,3896,1,2,219,185,2024-08-10,completed
8089,1434,3,9,116,193,2023-09-14,completed
8090,1618,9,8,47,209,2025-12-22,completed
8091,2650,2,6,297,262,2023-06-25,completed
8092,4441,9,3,81,273,2024-05-05,completed
8093,2520,10,2,70,65,2025-04-14,cancelled
8094,3982,3,2,47,282,2024-05-18,completed
8095,4435,6,9,77,11,2025-01-07,cancelled
8096,2102,8,10,265,16,2023-05-24,completed
8097,4287,4,6,217,142,2025-09-22,completed
8098,2366,9,1,81,242,2025-10-14,completed
8099,1257,9,3,160,287,2026-02-06,cancelled
8100,2318,4,8,283,174,2024-04-03,cancelled
8101,903,7,9,81,147,2023-01-08,completed
8102,2417,4,10,251,260,2024-12-23,cancelled
8103,3969,10,2,94,159,2023-08-10,completed
8104,4305,6,4,90,22,2023-03-11,completed
8105,2362,9,8,37,127,2024-07-25,in_transit
8106,2141,4,9,159,240,2024-04-04,completed
8107,2242,5,6,271,68,2025-09-27,completed
8108,4921,1,7,135,279,2026-07-19,in_transit
8109,1865,9,2,182,127,2023-10-11,completed
8110,2068,8,7,56,158,2025-06-15,completed
8111,274,2,8,265,66,2023-10-05,completed
8112,492,8,2,216,231,2026-03-22,completed
8113,467,5,6,115,161,2025-07-19,completed
8114,1286,8,10,272,185,2025-03-08,completed
8115,3473,1,4,289,40,2026-01-13,in_transit
8116,3634,8,1,56,150,2024-05-13,completed
8117,616,2,7,47,70,2026-07-18,completed
8118,2082,10,3,139,33,2024-11-24,completed
8119,2170,1,3,79,58,2025-06-24,completed
8120,3702,7,10,208,148,2025-02-16,completed
8121,4948,3,9,133,201,2024-05-06,completed
8122,3084,6,4,298,50,2023-02-22,completed
8123,2750,7,2,73,294,2025-03-22,completed
8124,2198,10,1,223,72,2024-05-23,in_transit
8125,4818,7,1,261,277,2024-01-23,completed
8126,3287,4,5,159,201,2024-08-13,completed
8127,2139,7,10,171,200,2024-06-04,completed
8128,130,5,9,37,227,2025-05-04,completed
8129,2692,7,9,291,69,2025-02-05,completed
8130,1026,5,9,149,15,2025-11-09,completed
8131,4847,1,4,239,126,2026-07-14,completed
8132,3067,2,6,138,224,2024-01-07,completed
8133,4525,1,6,174,165,2023-12-24,completed
8134,4062,5,1,15,149,2026-03-08,completed
8135,1221,2,8,233,158,2024-09-23,in_transit
8136,2249,2,6,233,201,2025-08-05,completed
8137,4156,6,5,234,110,2024-07-18,completed
8138,2502,8,6,16,208,2023-01-11,in_transit
8139,4021,1,6,127,15,2025-08-14,in_transit
8140,4866,8,2,86,173,2024-01-22,completed
8141,1815,3,5,170,178,2026-02-07,completed
8142,4114,10,3,41,65,2024-05-29,completed
8143,1878,6,2,167,145,2024-07-11,cancelled
8144,1961,10,6,66,74,2023-02-20,completed
8145,307,7,8,109,214,2026-07-11,completed
8146,900,4,6,149,225,2025-09-13,completed
8147,4037,6,1,136,171,2025-06-11,in_transit
8148,2619,6,10,43,254,2024-05-29,completed
8149,3082,10,9,266,112,2023-12-04,completed
8150,502,4,10,28,225,2023-02-20,completed
8151,1346,2,3,239,197,2023-12-07,completed
8152,1712,3,10,68,35,2026-02-07,completed
8153,111,5,10,100,201,2026-02-01,completed
8154,2019,1,6,116,246,2024-10-11,completed
8155,4546,2,4,252,230,2024-05-18,completed
8156,1860,8,3,97,72,2024-09-14,completed
8157,665,8,2,224,217,2023-11-28,cancelled
8158,900,10,9,109,252,2024-01-28,completed
8159,3437,8,5,137,59,2026-07-15,completed
8160,730,4,8,196,47,2025-04-03,completed
8161,691,2,1,267,202,2026-05-17,completed
8162,2775,5,1,4,63,2024-06-25,completed
8163,2560,6,10,92,185,2023-02-11,completed
8164,1541,6,7,267,181,2026-06-01,completed
8165,3288,8,9,126,175,2024-06-03,completed
8166,4018,1,2,6,40,2024-11-21,completed
8167,4743,9,5,184,79,2024-03-16,completed
8168,233,4,2,271,47,2024-11-17,in_transit
8169,1369,2,6,155,66,2026-04-21,completed
8170,1460,6,7,47,239,2023-06-27,completed
8171,2710,10,8,274,143,2023-12-17,completed
8172,2838,8,10,252,207,2026-05-17,completed
8173,2976,3,1,183,105,2023-12-13,completed
8174,1792,5,7,114,140,2023-11-26,completed
8175,4620,2,7,217,288,2025-06-02,completed
8176,325,9,2,143,13,2025-09-26,completed
8177,3716,6,7,28,59,2025-12-31,completed
8178,1310,1,3,267,27,2026-05-02,completed
8179,4882,4,6,83,298,2026-05-06,completed
8180,1457,5,4,98,223,2024-08-25,cancelled
8181,4954,8,1,258,95,2026-03-19,completed
8182,3021,8,9,239,101,2025-06-28,completed
8183,1404,10,4,247,62,2026-01-17,completed
8184,876,9,2,186,124,2025-12-12,in_transit
8185,641,8,1,71,80,2023-10-16,completed
8186,4738,1,3,15,138,2024-07-31,cancelled
8187,1012,5,4,225,286,2023-02-09,completed
8188,1960,10,6,104,142,2025-05-26,completed
8189,2779,9,1,95,156,2024-03-24,completed
8190,2063,4,10,223,255,2024-05-05,completed
8191,4399,5,8,146,90,2025-12-09,completed
8192,4644,4,7,98,31,2025-05-09,completed
8193,4712,4,9,259,261,2024-07-18,completed
8194,1663,5,1,288,254,2025-07-18,completed
8195,937,5,4,247,224,2023-10-29,completed
8196,876,2,5,2,297,2023-03-30,completed
8197,1305,7,2,263,212,2025-04-16,completed
8198,2584,9,1,289,169,2023-04-30,completed
8199,766,4,7,33,206,2025-03-29,completed
8200,1548,7,5,42,164,2025-12-01,completed
8201,1917,2,4,19,127,2024-05-09,cancelled
8202,1753,5,8,269,160,2025-09-14,completed
8203,3176,1,4,38,120,2023-06-10,completed
8204,333,5,4,78,26,2023-06-17,completed
8205,4773,8,10,186,189,2025-10-26,completed
8206,1363,5,9,275,13,2024-08-03,completed
8207,1348,3,7,296,151,2023-01-21,cancelled
8208,4447,7,5,187,106,2026-03-26,cancelled
8209,598,4,2,137,129,2023-02-27,completed
8210,2248,4,9,200,55,2024-02-27,in_transit
8211,2321,9,8,218,29,2025-07-22,completed
8212,45,9,5,116,56,2024-02-29,completed
8213,2704,4,6,203,257,2026-04-04,completed
8214,2384,6,9,136,106,2025-02-25,completed
8215,46,2,1,266,122,2024-11-21,completed
8216,4239,4,3,219,134,2023-10-08,completed
8217,4120,3,1,287,133,2026-05-15,completed
8218,3365,9,8,188,98,2023-06-21,completed
8219,3600,2,4,36,47,2025-06-16,completed
8220,1310,8,4,294,102,2026-03-04,completed
8221,857,6,2,273,53,2024-11-15,completed
8222,4815,1,3,97,288,2025-10-10,completed
8223,1401,1,6,82,162,2025-09-05,completed
8224,3672,5,3,154,284,2025-05-18,completed
8225,930,2,5,70,243,2025-09-28,completed
8226,2235,9,8,35,272,2026-03-27,cancelled
8227,2704,8,2,207,106,2023-01-19,completed
8228,2500,5,4,18,39,2025-04-24,cancelled
8229,916,5,9,279,181,2023-04-23,completed
8230,2752,4,2,103,128,2024-05-10,completed
8231,4509,5,8,285,224,2024-10-20,completed
8232,4518,6,1,271,238,2023-01-07,completed
8233,398,10,3,249,23,2025-12-26,completed
8234,3424,3,7,190,83,2025-12-18,completed
8235,4677,2,1,100,43,2024-11-18,cancelled
8236,715,2,9,117,37,2025-01-12,completed
8237,2008,10,7,293,62,2023-11-30,completed
8238,232,10,6,14,150,2025-02-13,cancelled
8239,4898,7,10,184,16,2025-09-30,in_transit
8240,2602,10,2,178,24,2026-06-10,completed
8241,3718,3,2,128,107,2024-07-27,completed
8242,4705,4,7,31,283,2026-01-08,completed
8243,1196,8,6,8,43,2024-05-01,completed
8244,623,1,3,128,235,2023-02-10,completed
8245,4954,3,4,18,144,2026-03-03,completed
8246,1717,7,4,178,114,2023-09-17,completed
8247,1229,7,6,155,258,2023-10-01,completed
8248,4572,8,5,216,223,2023-02-12,completed
8249,3089,2,10,264,178,2023-02-22,completed
8250,1163,10,9,245,91,2025-07-12,completed
8251,393,3,6,290,100,2024-07-19,in_transit
8252,2933,9,8,143,254,2026-04-30,completed
8253,3636,4,5,280,185,2026-06-26,completed
8254,1119,7,6,210,100,2023-01-17,completed
8255,1454,4,7,214,77,2024-09-06,completed
8256,3122,7,5,25,218,2025-03-27,completed
8257,3864,6,1,160,106,2023-02-05,completed
8258,2403,7,1,206,160,2025-11-23,in_transit
8259,677,1,2,156,189,2025-09-08,in_transit
8260,4604,6,9,122,201,2025-11-29,completed
8261,3843,5,10,99,200,2026-07-20,completed
8262,2572,9,6,23,30,2024-04-07,completed
8263,414,9,6,221,90,2024-08-03,completed
8264,2244,9,8,54,161,2023-11-04,completed
8265,946,10,2,144,207,2024-05-20,completed
8266,3666,10,3,121,17,2023-11-28,completed
8267,1378,8,3,4,260,2026-07-21,completed
8268,1222,1,6,282,49,2025-11-17,completed
8269,2289,6,5,117,262,2025-06-21,completed
8270,2850,1,10,95,253,2025-07-05,completed
8271,1944,6,9,92,214,2025-12-28,completed
8272,3395,2,7,90,237,2026-02-10,completed
8273,3849,1,10,118,130,2024-10-10,completed
8274,861,10,9,111,35,2025-09-14,cancelled
8275,2920,6,3,225,44,2023-10-22,completed
8276,1212,10,2,11,83,2025-12-05,completed
8277,2829,7,1,77,231,2026-04-15,completed
8278,314,6,7,213,176,2025-06-04,completed
8279,548,6,7,150,281,2025-09-09,completed
8280,2607,8,2,194,250,2024-03-03,completed
8281,4567,8,4,7,101,2025-06-11,completed
8282,514,7,1,279,205,2024-03-01,completed
8283,486,9,5,199,227,2024-01-06,cancelled
8284,2972,10,6,68,187,2023-01-04,cancelled
8285,2490,6,5,213,117,2023-08-21,completed
8286,3908,2,1,59,86,2025-11-02,completed
8287,950,10,7,163,123,2025-03-26,completed
8288,2590,4,1,270,225,2026-02-09,cancelled
8289,1752,9,6,105,156,2023-03-27,cancelled
8290,1064,7,2,182,136,2023-12-16,completed
8291,2728,6,1,32,260,2026-01-23,completed
8292,2345,8,5,161,259,2026-07-14,completed
8293,3253,4,3,22,106,2026-04-22,cancelled
8294,690,6,1,42,254,2024-02-27,completed
8295,2156,5,9,35,75,2023-02-16,cancelled
8296,1089,6,5,33,295,2025-10-26,completed
8297,2853,3,8,62,192,2024-03-13,cancelled
8298,2253,8,9,223,32,2023-10-12,in_transit
8299,2914,2,8,143,32,2026-02-01,completed
8300,934,2,5,243,276,2025-01-22,completed
8301,2040,5,9,131,223,2023-09-19,in_transit
8302,4013,9,7,46,256,2025-07-04,completed
8303,1775,6,9,187,118,2023-01-06,cancelled
8304,2686,7,8,293,103,2023-11-30,completed
8305,2455,9,3,272,56,2023-07-03,completed
8306,302,9,4,109,20,2025-08-29,completed
8307,1274,8,9,168,237,2023-05-21,completed
8308,4270,8,3,132,257,2024-07-25,completed
8309,3052,8,10,126,64,2025-07-15,completed
8310,957,3,7,76,222,2023-01-04,in_transit
8311,4458,3,10,15,29,2025-03-03,completed
8312,787,1,8,112,169,2023-06-11,in_transit
8313,4511,4,1,25,96,2024-03-24,completed
8314,361,9,8,147,19,2025-01-25,completed
8315,3340,9,10,138,89,2024-11-14,cancelled
8316,3023,4,6,152,100,2024-04-18,cancelled
8317,602,4,5,268,182,2025-08-16,completed
8318,4014,4,3,225,202,2026-05-14,completed
8319,3985,1,8,37,106,2026-07-22,completed
8320,4544,2,3,182,281,2023-09-11,completed
8321,1049,4,6,154,184,2025-01-28,completed
8322,2800,8,6,141,231,2025-05-23,completed
8323,3630,9,6,262,149,2025-10-25,completed
8324,2704,10,9,115,180,2023-12-25,completed
8325,4324,7,10,54,124,2026-02-21,completed
8326,1931,2,9,130,155,2024-12-31,in_transit
8327,2089,2,9,92,243,2025-03-06,completed
8328,2173,7,2,214,156,2023-02-27,cancelled
8329,3221,5,9,166,32,2025-03-10,completed
8330,985,10,5,53,82,2025-08-25,completed
8331,4237,2,3,11,36,2025-03-19,completed
8332,1124,1,4,237,190,2025-04-04,completed
8333,2021,5,4,215,189,2024-11-04,completed
8334,4770,1,10,154,139,2023-07-22,completed
8335,4819,9,3,287,32,2024-07-25,completed
8336,2765,8,4,289,17,2024-04-22,completed
8337,1433,6,7,89,35,2024-08-21,completed
8338,3538,2,10,69,20,2025-01-06,completed
8339,3328,10,2,155,285,2023-12-30,completed
8340,4396,5,3,289,280,2025-03-18,completed
8341,4032,9,8,216,114,2025-03-08,cancelled
8342,1085,1,7,257,104,2024-02-24,in_transit
8343,4009,4,6,172,186,2024-11-21,in_transit
8344,2676,6,3,274,106,2023-03-11,completed
8345,4168,3,8,33,22,2026-06-18,completed
8346,1698,10,5,79,121,2023-09-20,cancelled
8347,3543,3,2,114,41,2025-07-17,cancelled
8348,1711,5,4,287,163,2024-10-14,completed
8349,2548,6,4,126,84,2023-09-05,completed
8350,4443,6,1,56,64,2026-01-10,completed
8351,223,10,5,37,264,2024-05-04,completed
8352,159,5,8,41,291,2023-10-19,completed
8353,2935,4,1,169,145,2023-08-22,completed
8354,2424,1,8,110,69,2025-12-09,completed
8355,895,6,8,288,41,2026-05-14,completed
8356,760,8,9,10,82,2023-02-17,completed
8357,3907,9,2,273,170,2026-03-14,completed
8358,544,10,2,194,188,2025-12-19,completed
8359,1308,10,1,203,187,2024-11-16,cancelled
8360,2148,4,10,36,65,2025-01-28,completed
8361,2956,7,2,196,294,2023-04-27,completed
8362,1125,7,5,53,229,2023-06-19,completed
8363,429,1,10,144,288,2026-04-17,cancelled
8364,187,9,7,218,197,2025-09-01,in_transit
8365,3288,4,5,153,209,2025-07-28,completed
8366,1956,7,10,15,94,2025-07-04,completed
8367,2598,1,7,252,40,2026-01-03,completed
8368,3102,9,1,103,252,2024-11-26,completed
8369,3858,10,7,232,292,2026-03-13,cancelled
8370,4216,10,4,106,23,2023-01-12,completed
8371,801,8,10,14,257,2024-05-15,completed
8372,3129,3,6,66,104,2024-03-04,in_transit
8373,4507,8,6,136,43,2026-04-08,cancelled
8374,4813,8,10,115,288,2026-07-19,completed
8375,2983,3,6,72,300,2024-02-27,completed
8376,1939,10,1,3,234,2024-06-23,completed
8377,4350,6,10,222,245,2025-11-07,completed
8378,4518,8,4,163,170,2026-02-28,completed
8379,530,8,1,171,14,2023-05-25,completed
8380,4106,6,3,70,125,2024-07-09,completed
8381,4913,2,7,250,103,2024-12-21,completed
8382,4080,9,1,121,61,2026-04-17,completed
8383,801,4,2,273,257,2023-02-13,completed
8384,2072,4,5,243,172,2025-01-21,completed
8385,2888,1,5,154,270,2023-02-04,completed
8386,1899,2,1,202,47,2026-03-06,in_transit
8387,668,2,8,226,152,2025-09-17,completed
8388,4475,1,9,209,187,2023-09-09,completed
8389,484,6,2,149,264,2026-03-18,completed
8390,573,2,8,46,213,2026-04-19,completed
8391,4200,7,8,240,228,2023-07-09,completed
8392,4928,10,1,109,98,2023-01-18,completed
8393,2482,7,4,222,277,2025-11-07,completed
8394,2789,5,10,108,173,2024-04-11,completed
8395,1196,1,2,255,223,2024-03-23,completed
8396,1879,9,4,299,246,2025-04-25,completed
8397,2767,9,7,39,253,2025-04-17,completed
8398,2719,1,2,127,198,2024-10-03,completed
8399,2648,2,7,216,55,2023-07-06,cancelled
8400,245,5,6,86,184,2024-06-05,completed
8401,1931,4,8,168,98,2026-05-26,completed
8402,4824,7,6,115,252,2023-06-17,in_transit
8403,3702,6,5,6,111,2025-08-31,in_transit
8404,154,2,5,292,211,2024-03-11,completed
8405,1571,3,5,290,298,2024-03-10,completed
8406,3053,7,1,264,244,2024-11-18,completed
8407,316,2,3,184,68,2025-01-06,completed
8408,2379,10,1,256,138,2024-06-24,completed
8409,1359,6,9,224,189,2023-07-26,completed
8410,3030,7,3,237,243,2023-07-28,completed
8411,3780,1,3,24,75,2024-08-21,in_transit
8412,595,3,9,72,239,2026-04-15,cancelled
8413,2208,1,5,43,197,2023-11-17,completed
8414,2346,1,5,256,123,2024-03-27,completed
8415,2404,9,8,108,96,2024-06-12,completed
8416,3123,3,2,186,260,2025-10-18,completed
8417,2402,4,8,214,106,2024-09-09,completed
8418,4762,1,4,112,85,2024-06-14,completed
8419,1426,5,9,24,208,2024-05-18,completed
8420,1019,8,6,229,201,2024-11-29,completed
8421,2594,5,6,150,167,2026-06-12,completed
8422,3447,2,5,44,247,2024-04-21,completed
8423,602,1,6,179,32,2024-11-02,completed
8424,392,1,7,134,173,2023-05-13,completed
8425,1585,1,3,186,265,2024-05-12,completed
8426,1890,3,10,196,295,2025-08-06,cancelled
8427,1141,6,7,212,29,2024-11-27,completed
8428,209,2,10,120,247,2025-10-21,completed
8429,4434,9,2,275,272,2024-01-05,completed
8430,2238,1,3,171,173,2023-02-27,cancelled
8431,3086,10,3,108,225,2023-12-21,completed
8432,1186,3,4,288,48,2025-05-12,completed
8433,1538,3,5,54,65,2023-12-14,completed
8434,716,4,6,290,36,2023-07-01,completed
8435,1116,3,10,194,263,2025-11-05,completed
8436,1264,8,9,14,175,2024-04-01,completed
8437,1105,3,9,242,212,2026-04-16,cancelled
8438,3569,2,5,268,127,2023-04-23,completed
8439,1533,7,5,109,129,2023-05-11,completed
8440,2183,9,1,67,127,2024-01-05,completed
8441,3650,2,6,221,285,2025-10-14,completed
8442,3790,7,5,276,44,2023-08-21,completed
8443,1536,4,7,133,63,2023-08-20,completed
8444,957,2,5,131,260,2025-03-23,cancelled
8445,2187,4,7,206,281,2024-01-24,completed
8446,3580,6,9,288,110,2024-12-20,completed
8447,615,4,5,56,91,2025-09-14,in_transit
8448,3006,4,10,188,14,2023-06-04,cancelled
8449,2211,6,5,95,74,2025-05-05,completed
8450,1570,4,7,134,195,2023-04-06,completed
8451,3649,3,9,91,163,2023-09-17,in_transit
8452,4092,8,10,45,78,2024-06-18,completed
8453,4614,7,5,245,286,2025-06-15,completed
8454,168,5,4,125,33,2026-05-07,completed
8455,918,2,5,234,54,2025-01-20,completed
8456,2692,5,3,239,140,2025-08-04,completed
8457,1853,8,10,137,285,2025-12-06,completed
8458,2482,1,9,36,228,2024-04-30,completed
8459,2937,8,1,92,60,2024-01-23,completed
8460,1741,7,8,295,74,2023-10-13,completed
8461,2690,6,4,65,291,2025-11-13,in_transit
8462,814,7,2,253,59,2025-12-30,completed
8463,3854,10,4,148,95,2024-11-09,in_transit
8464,4679,2,3,246,73,2023-07-08,in_transit
8465,2046,7,4,216,156,2023-12-16,completed
8466,3249,2,6,7,52,2023-01-22,cancelled
8467,871,9,6,273,101,2024-01-01,completed
8468,1181,6,2,276,81,2023-06-09,completed
8469,3817,7,1,10,123,2024-12-26,cancelled
8470,888,1,4,295,189,2025-08-05,completed
8471,3304,9,3,190,154,2024-03-21,completed
8472,3937,3,7,292,48,2024-11-01,completed
8473,169,1,3,251,229,2024-10-25,completed
8474,1931,7,8,290,138,2025-06-24,completed
8475,3050,2,8,191,158,2026-05-03,completed
8476,3264,7,3,170,46,2025-09-26,completed
8477,2621,9,6,189,300,2024-10-06,cancelled
8478,3906,3,5,164,195,2025-07-08,completed
8479,3954,6,9,278,125,2024-03-09,cancelled
8480,4096,3,4,191,279,2025-08-12,cancelled
8481,2711,6,5,85,57,2026-02-17,in_transit
8482,1342,4,1,276,28,2025-05-06,completed
8483,2474,3,8,128,118,2026-04-26,completed
8484,3279,8,9,153,173,2025-02-16,completed
8485,1699,7,1,18,51,2024-10-04,completed
8486,1354,1,2,249,273,2024-09-11,completed
8487,2432,5,4,175,151,2026-04-15,completed
8488,1551,5,1,58,96,2023-10-13,completed
8489,3761,9,5,255,144,2024-10-07,completed
8490,9,2,7,146,25,2024-02-02,in_transit
8491,4539,2,8,109,190,2026-05-07,completed
8492,4039,10,1,85,101,2025-09-07,in_transit
8493,70,1,7,176,30,2024-10-16,completed
8494,2488,6,9,22,242,2025-06-03,completed
8495,4346,8,1,13,196,2025-05-27,completed
8496,676,1,9,260,28,2025-01-23,completed
8497,712,3,8,283,45,2025-02-24,completed
8498,3460,1,5,209,27,2025-06-03,completed
8499,3303,4,8,203,129,2025-06-22,completed
8500,3664,6,7,106,75,2025-06-24,completed
8501,3840,1,5,58,97,2024-07-16,completed
8502,4761,6,10,248,142,2026-05-23,completed
8503,82,1,2,252,104,2025-01-01,cancelled
8504,3475,3,7,242,12,2026-04-24,completed
8505,1552,2,6,231,195,2025-06-07,completed
8506,3523,7,3,78,80,2025-03-01,completed
8507,747,2,6,248,12,2023-07-22,in_transit
8508,3193,9,4,168,127,2023-11-25,completed
8509,567,4,7,181,166,2026-05-19,cancelled
8510,2893,4,3,41,284,2026-05-23,in_transit
8511,4962,3,8,179,154,2024-09-23,completed
8512,2052,4,7,294,279,2026-07-16,in_transit
8513,3541,8,4,113,269,2023-04-12,completed
8514,3628,5,7,268,237,2026-02-06,completed
8515,562,5,6,143,284,2026-07-31,completed
8516,892,3,2,227,197,2023-05-22,completed
8517,1013,6,1,108,154,2024-03-07,cancelled
8518,4000,2,6,207,32,2026-04-29,completed
8519,3892,3,9,227,176,2023-08-29,completed
8520,2932,9,5,43,139,2023-07-02,completed
8521,3488,1,9,93,53,2025-07-02,completed
8522,3562,6,9,48,202,2023-01-30,completed
8523,4300,9,10,181,96,2024-12-20,completed
8524,1658,7,9,34,140,2024-11-29,cancelled
8525,3487,8,10,150,69,2026-05-04,completed
8526,910,3,4,222,109,2023-10-15,completed
8527,2171,7,8,155,237,2026-06-09,completed
8528,4395,6,1,192,254,2024-02-17,completed
8529,1972,6,5,206,207,2023-10-06,completed
8530,4937,9,8,105,268,2023-06-17,in_transit
8531,2482,5,6,250,150,2025-06-29,completed
8532,1582,4,6,20,82,2023-02-15,completed
8533,4417,4,1,10,298,2026-07-04,completed
8534,3454,2,6,225,268,2024-04-24,completed
8535,995,6,8,171,90,2024-08-04,completed
8536,28,7,10,119,254,2024-10-06,completed
8537,1036,5,3,66,295,2023-06-28,in_transit
8538,3473,9,2,16,79,2024-07-08,cancelled
8539,908,3,5,212,162,2023-09-28,completed
8540,2225,9,4,25,16,2025-09-11,cancelled
8541,3466,9,7,285,92,2024-11-15,completed
8542,3911,9,6,287,154,2024-06-28,completed
8543,2518,7,4,84,162,2023-02-21,completed
8544,2467,9,2,29,118,2025-06-10,completed
8545,4355,3,4,75,135,2023-11-22,in_transit
8546,3372,4,2,241,144,2023-01-19,cancelled
8547,1850,7,3,82,290,2024-09-17,completed
8548,4333,1,4,116,182,2024-06-17,completed
8549,4660,6,8,161,124,2024-06-01,completed
8550,3314,6,7,152,189,2026-05-09,completed
8551,3399,5,2,116,64,2025-09-10,completed
8552,1205,7,9,222,78,2024-03-08,in_transit
8553,4118,9,3,126,172,2026-07-27,completed
8554,1005,2,4,3,49,2023-05-19,cancelled
8555,339,9,6,7,214,2024-03-28,completed
8556,236,6,3,38,299,2026-06-22,completed
8557,40,10,3,268,265,2025-11-23,completed
8558,980,6,1,132,243,2023-07-27,completed
8559,808,3,8,134,300,2024-08-07,completed
8560,1175,6,10,33,92,2023-10-21,completed
8561,291,10,2,65,28,2025-12-16,completed
8562,289,9,8,257,99,2023-12-18,completed
8563,1663,4,9,165,113,2025-04-07,completed
8564,2970,10,4,145,212,2025-06-30,completed
8565,1171,2,5,249,254,2025-06-10,completed
8566,1319,7,10,282,75,2025-09-06,completed
8567,868,1,2,167,136,2024-03-11,cancelled
8568,2964,5,4,156,106,2025-06-18,completed
8569,3176,5,10,17,78,2024-11-18,in_transit
8570,3276,8,6,39,113,2023-01-04,completed
8571,2415,4,9,126,156,2025-12-25,cancelled
8572,510,5,10,193,52,2023-01-27,completed
8573,2658,7,6,269,255,2025-06-06,cancelled
8574,1174,9,6,291,84,2024-06-19,completed
8575,69,4,10,52,280,2026-03-20,completed
8576,3862,7,5,49,93,2025-01-14,completed
8577,4861,10,3,29,159,2025-06-04,completed
8578,1164,8,1,183,239,2023-12-22,completed
8579,2650,8,2,155,271,2025-01-15,in_transit
8580,3557,1,8,251,63,2023-06-24,cancelled
8581,3294,6,2,281,130,2026-02-07,completed
8582,4692,6,4,235,273,2023-01-07,completed
8583,1594,6,10,37,214,2025-12-13,completed
8584,2446,7,10,93,175,2026-03-07,in_transit
8585,2365,2,9,216,150,2023-03-06,completed
8586,3603,2,3,145,169,2023-10-14,completed
8587,1647,1,7,151,33,2025-06-19,completed
8588,4579,3,7,207,156,2024-03-15,in_transit
8589,1151,8,6,157,93,2026-01-14,completed
8590,2583,7,5,202,24,2024-01-12,in_transit
8591,2871,7,1,21,270,2023-03-27,completed
8592,3617,5,10,161,215,2026-01-27,completed
8593,4072,3,8,202,139,2023-08-05,cancelled
8594,3447,9,8,102,126,2024-12-18,completed
8595,1844,1,2,275,151,2024-10-15,completed
8596,4117,8,3,50,48,2023-11-19,completed
8597,1087,8,1,154,168,2026-01-10,completed
8598,4885,8,10,105,187,2026-03-13,completed
8599,4055,9,2,245,155,2023-11-24,completed
8600,712,1,3,95,47,2025-10-20,completed
8601,1696,4,5,196,117,2025-04-18,completed
8602,4048,8,9,31,51,2026-05-08,completed
8603,2027,4,2,251,191,2023-02-14,in_transit
8604,4576,9,8,148,109,2023-08-12,cancelled
8605,734,3,6,262,129,2023-08-14,in_transit
8606,35,3,2,132,226,2024-03-05,completed
8607,449,10,3,226,240,2025-10-19,in_transit
8608,3825,4,9,288,87,2024-02-17,completed
8609,261,10,7,203,161,2026-03-20,completed
8610,1208,4,6,250,24,2023-03-18,completed
8611,1508,4,3,270,80,2023-07-15,completed
8612,1335,1,10,4,292,2023-11-01,completed
8613,2911,8,9,248,72,2025-05-01,completed
8614,2644,10,1,125,221,2026-05-24,in_transit
8615,993,1,5,49,211,2024-02-12,completed
8616,1397,5,1,142,128,2025-12-20,completed
8617,67,3,10,219,85,2023-08-14,completed
8618,2683,6,8,33,54,2026-02-25,completed
8619,1099,1,3,129,287,2026-04-18,completed
8620,3609,1,7,143,102,2025-12-26,completed
8621,495,2,10,40,75,2025-10-23,completed
8622,3628,3,5,268,273,2024-02-04,completed
8623,2652,1,5,82,198,2025-12-02,cancelled
8624,2396,5,10,130,283,2023-12-01,completed
8625,1168,8,6,174,13,2026-04-19,in_transit
8626,2796,2,8,49,56,2024-06-16,completed
8627,2107,8,3,251,193,2026-04-05,completed
8628,3904,7,5,288,137,2025-05-21,completed
8629,4299,4,5,55,262,2024-06-19,in_transit
8630,2472,8,9,95,203,2026-05-03,completed
8631,4856,1,8,280,182,2025-07-21,completed
8632,896,5,6,116,71,2024-01-16,completed
8633,3785,8,10,7,233,2023-01-21,cancelled
8634,4336,10,3,66,94,2024-11-22,completed
8635,2324,4,1,120,52,2025-10-29,completed
8636,2628,9,10,88,253,2025-11-10,completed
8637,295,8,4,220,199,2024-08-14,completed
8638,2694,10,9,13,109,2024-05-27,completed
8639,4223,5,6,99,207,2025-04-17,completed
8640,20,2,1,258,192,2023-08-11,completed
8641,1978,2,6,119,238,2026-05-04,completed
8642,2427,4,1,76,199,2026-04-03,completed
8643,1438,5,1,102,32,2023-01-15,completed
8644,2416,6,4,269,265,2026-01-31,completed
8645,2422,10,4,85,29,2023-06-22,completed
8646,1309,5,9,244,294,2025-02-16,completed
8647,4375,4,9,116,249,2023-06-01,completed
8648,435,10,9,179,264,2024-05-03,completed
8649,1947,10,3,277,192,2024-03-08,completed
8650,2000,10,7,195,166,2023-05-04,completed
8651,1696,6,2,83,70,2023-06-17,completed
8652,2004,5,8,195,227,2023-08-09,completed
8653,727,9,6,82,259,2025-10-16,in_transit
8654,4070,3,1,287,229,2024-12-09,completed
8655,4803,3,7,185,66,2025-11-10,completed
8656,1318,2,4,145,86,2023-08-15,completed
8657,1545,6,1,126,177,2026-05-27,completed
8658,3041,4,3,174,203,2025-07-05,completed
8659,3008,3,1,299,109,2026-04-09,completed
8660,470,6,3,73,14,2023-09-30,completed
8661,2508,5,1,110,145,2023-02-18,completed
8662,767,1,8,228,223,2023-11-27,completed
8663,4590,2,8,289,180,2024-05-11,completed
8664,3018,1,8,72,90,2025-11-17,completed
8665,1275,9,5,209,188,2023-01-22,completed
8666,245,5,2,22,63,2025-07-12,in_transit
8667,2628,3,8,138,249,2025-06-17,completed
8668,3768,6,10,21,142,2023-03-08,completed
8669,1709,4,1,32,71,2024-03-30,cancelled
8670,2951,2,1,230,181,2026-05-01,completed
8671,2813,2,10,60,166,2025-09-09,completed
8672,4847,8,4,213,86,2024-03-24,completed
8673,1900,10,7,6,193,2023-09-29,in_transit
8674,1549,6,2,179,190,2023-07-03,in_transit
8675,352,7,2,273,269,2023-09-14,completed
8676,1705,2,3,104,192,2025-02-09,completed
8677,550,5,4,226,67,2025-01-02,completed
8678,3047,1,8,107,269,2023-09-17,completed
8679,1376,2,6,196,199,2024-04-28,completed
8680,3209,6,10,119,102,2025-12-28,completed
8681,759,7,3,103,58,2023-12-29,completed
8682,3987,9,6,11,17,2026-04-02,completed
8683,1104,4,10,188,232,2023-08-12,completed
8684,654,10,2,261,231,2023-07-04,completed
8685,2024,1,4,85,92,2025-09-28,in_transit
8686,1735,4,8,96,19,2026-06-17,completed
8687,4421,7,5,87,159,2026-06-08,completed
8688,4750,3,6,14,189,2025-09-07,completed
8689,1341,3,8,171,139,2024-06-23,completed
8690,2170,6,5,184,203,2024-04-23,completed
8691,479,6,3,92,156,2026-03-30,completed
8692,233,7,6,275,292,2025-09-23,completed
8693,3936,4,9,297,27,2024-03-20,completed
8694,1950,7,3,77,38,2024-01-20,in_transit
8695,1311,9,7,228,80,2025-04-11,completed
8696,4532,1,6,39,181,2023-02-20,completed
8697,1136,2,5,219,258,2025-09-13,completed
8698,974,7,6,14,299,2023-03-08,completed
8699,1239,1,2,175,22,2024-04-02,completed
8700,925,7,3,143,151,2024-10-10,completed
8701,3006,3,6,277,35,2026-03-04,in_transit
8702,1692,10,1,97,170,2024-02-19,completed
8703,4134,1,2,102,175,2023-03-26,in_transit
8704,661,4,10,287,148,2023-04-23,in_transit
8705,4270,5,10,129,269,2024-07-15,completed
8706,3278,8,7,65,283,2024-11-03,completed
8707,875,2,3,62,68,2024-12-02,completed
8708,3735,6,3,80,153,2025-08-01,cancelled
8709,4453,10,4,185,55,2024-06-25,completed
8710,2893,2,7,246,141,2024-09-23,cancelled
8711,2315,8,7,276,159,2024-09-28,completed
8712,1150,1,10,105,206,2024-04-06,completed
8713,2665,10,4,87,15,2026-01-31,completed
8714,78,3,1,129,270,2023-03-23,cancelled
8715,1001,5,8,277,187,2024-07-14,completed
8716,1332,8,1,3,208,2023-03-05,completed
8717,2643,10,1,123,137,2026-05-16,cancelled
8718,4123,2,4,166,60,2023-01-19,in_transit
8719,4924,2,7,145,188,2026-02-18,completed
8720,2093,3,10,124,26,2025-10-22,completed
8721,4728,4,10,200,155,2025-02-13,cancelled
8722,76,5,6,7,295,2024-01-02,completed
8723,4388,5,10,168,260,2024-03-30,completed
8724,4814,3,1,171,79,2025-03-15,completed
8725,3716,7,10,254,17,2023-01-08,completed
8726,4755,8,9,184,230,2023-10-18,completed
8727,1808,6,4,294,146,2026-04-06,completed
8728,2471,1,8,67,114,2026-02-12,completed
8729,9,2,1,137,10,2025-10-18,completed
8730,2639,10,4,238,173,2025-11-15,cancelled
8731,2318,8,4,36,117,2023-08-03,in_transit
8732,3447,5,6,45,95,2026-01-31,completed
8733,4401,5,2,19,50,2023-08-18,completed
8734,787,8,9,7,240,2023-11-21,completed
8735,3274,5,9,283,83,2025-12-01,completed
8736,4949,10,6,245,283,2023-08-18,in_transit
8737,3637,2,5,53,227,2026-07-22,in_transit
8738,3724,10,7,207,135,2023-11-05,completed
8739,1188,5,9,119,221,2025-06-26,cancelled
8740,2520,9,3,286,56,2024-08-10,completed
8741,2180,1,9,217,263,2024-07-26,cancelled
8742,895,2,10,140,89,2023-12-09,completed
8743,1253,7,6,73,143,2025-11-30,completed
8744,362,2,9,194,67,2023-07-31,completed
8745,53,7,8,178,198,2026-02-09,cancelled
8746,2350,9,5,75,73,2026-06-12,completed
8747,2992,4,10,280,82,2023-02-14,cancelled
8748,198,10,7,225,76,2026-04-11,completed
8749,2803,7,5,127,195,2026-06-02,completed
8750,4398,4,7,249,64,2024-11-07,completed
8751,1398,1,8,103,227,2024-02-23,completed
8752,393,6,3,215,125,2026-02-09,completed
8753,1259,7,8,241,231,2024-01-04,completed
8754,1159,1,7,149,296,2024-10-06,completed
8755,2245,7,10,26,80,2025-03-24,completed
8756,2357,9,2,98,31,2023-07-29,completed
8757,3869,5,8,170,51,2024-06-25,completed
8758,2885,5,9,74,103,2024-01-31,completed
8759,625,4,10,82,298,2025-01-14,completed
8760,1616,4,6,249,257,2025-08-24,completed
8761,2837,2,10,200,46,2024-11-05,completed
8762,3996,10,7,275,17,2023-05-18,in_transit
8763,2889,10,9,94,270,2024-10-19,completed
8764,1180,9,2,103,264,2025-12-20,completed
8765,3555,5,10,178,48,2024-06-18,completed
8766,2336,7,10,42,63,2023-07-07,completed
8767,550,4,7,209,56,2025-08-07,completed
8768,4846,1,4,237,211,2025-08-13,completed
8769,2902,6,3,98,145,2026-02-15,completed
8770,1833,9,4,57,106,2023-09-23,in_transit
8771,4779,5,1,210,166,2024-12-05,completed
8772,43,6,4,76,84,2025-02-09,cancelled
8773,811,7,4,126,186,2023-12-30,completed
8774,2115,2,6,295,129,2023-12-13,completed
8775,841,2,7,192,189,2023-01-28,completed
8776,2603,6,9,180,219,2024-01-12,completed
8777,2484,6,2,96,76,2026-05-15,completed
8778,500,9,2,263,181,2025-03-19,completed
8779,2694,5,8,110,167,2026-03-13,completed
8780,3749,9,4,111,300,2026-01-28,completed
8781,677,1,9,89,296,2025-06-25,completed
8782,3784,6,5,5,137,2026-02-23,completed
8783,1121,2,9,182,118,2023-02-15,completed
8784,4136,4,1,195,116,2026-04-07,completed
8785,3377,9,6,75,19,2024-04-04,completed
8786,2358,9,3,63,296,2024-02-24,cancelled
8787,1571,9,8,84,74,2025-10-25,in_transit
8788,1052,3,1,29,181,2024-10-31,completed
8789,4080,6,9,271,226,2025-10-19,in_transit
8790,293,6,4,161,160,2025-09-19,in_transit
8791,2729,2,7,150,277,2023-02-20,completed
8792,2337,10,3,289,80,2023-11-07,completed
8793,4363,9,2,234,205,2025-05-29,completed
8794,2771,9,1,276,182,2024-05-29,completed
8795,3303,8,2,52,230,2023-02-01,in_transit
8796,1474,10,2,190,163,2026-05-06,completed
8797,4698,7,2,56,111,2023-10-26,completed
8798,4814,4,3,162,290,2023-06-04,completed
8799,4051,1,6,246,73,2024-08-02,completed
8800,2935,10,5,282,184,2025-09-03,completed
8801,3492,5,1,258,298,2024-11-27,completed
8802,2650,6,7,36,204,2026-01-01,completed
8803,3777,4,10,10,182,2025-05-06,cancelled
8804,3811,7,9,75,237,2026-01-15,cancelled
8805,4120,8,7,108,87,2023-03-07,completed
8806,3559,2,5,12,251,2024-08-23,cancelled
8807,4145,1,7,97,257,2025-05-23,completed
8808,2118,3,5,213,86,2023-10-30,completed
8809,3187,5,1,57,15,2026-06-03,completed
8810,991,3,9,82,111,2024-02-18,completed
8811,1941,4,7,47,204,2024-09-21,completed
8812,2793,7,2,83,144,2024-08-29,in_transit
8813,1801,5,2,97,296,2025-06-22,completed
8814,1855,3,2,294,174,2023-07-10,completed
8815,534,8,9,155,121,2025-12-29,completed
8816,508,3,8,74,72,2024-12-05,completed
8817,370,9,10,107,18,2024-10-22,completed
8818,2443,3,2,141,234,2023-01-18,completed
8819,3112,10,7,154,101,2023-06-03,completed
8820,4309,8,2,123,70,2024-09-26,completed
8821,1470,6,10,46,210,2025-07-26,completed
8822,854,7,2,96,166,2023-10-12,completed
8823,4526,10,5,256,46,2023-08-08,completed
8824,660,7,5,20,25,2024-06-22,completed
8825,4572,9,6,59,105,2023-03-24,completed
8826,2445,7,2,197,241,2025-07-09,completed
8827,848,4,6,71,114,2025-08-30,completed
8828,2110,6,1,288,213,2026-01-01,completed
8829,2483,4,9,236,121,2026-01-07,completed
8830,2327,8,6,79,28,2026-03-15,completed
8831,1026,10,1,119,238,2025-05-23,completed
8832,1347,2,10,208,57,2025-11-11,cancelled
8833,4021,9,5,11,247,2024-10-16,completed
8834,1879,3,9,96,231,2024-09-27,completed
8835,385,1,7,174,120,2024-11-06,cancelled
8836,3109,7,10,71,234,2024-02-02,completed
8837,1246,10,9,125,266,2023-06-25,completed
8838,2303,10,5,262,102,2023-08-15,cancelled
8839,4585,2,3,255,18,2024-08-24,in_transit
8840,2104,7,2,66,93,2026-01-15,in_transit
8841,2934,4,2,135,18,2024-01-29,completed
8842,2901,3,8,253,284,2024-02-27,completed
8843,1151,5,1,160,26,2023-07-31,completed
8844,1503,8,2,115,199,2023-12-24,completed
8845,2478,1,9,171,77,2023-09-22,completed
8846,389,9,3,187,289,2024-07-29,in_transit
8847,3295,9,2,71,285,2026-04-04,completed
8848,1883,1,4,175,34,2024-04-08,cancelled
8849,3367,7,1,164,88,2026-04-19,completed
8850,2142,4,3,136,78,2025-04-13,completed
8851,4377,8,3,102,41,2023-06-03,completed
8852,1389,5,3,264,258,2023-07-29,cancelled
8853,3668,10,3,127,41,2023-04-01,completed
8854,1823,7,9,29,211,2026-01-03,cancelled
8855,54,7,5,206,85,2025-01-09,completed
8856,2024,5,6,207,46,2023-05-13,completed
8857,683,6,5,101,175,2023-11-13,in_transit
8858,3492,4,10,35,128,2024-06-08,completed
8859,276,5,6,289,18,2026-02-04,completed
8860,4521,10,4,224,223,2023-10-30,cancelled
8861,1981,10,5,31,105,2023-08-17,completed
8862,1018,1,3,282,52,2023-10-22,completed
8863,3330,4,10,262,159,2024-10-19,completed
8864,3882,7,1,20,128,2023-01-13,completed
8865,1114,5,1,265,196,2024-02-29,completed
8866,4334,4,5,37,242,2024-04-21,completed
8867,3976,10,3,211,201,2024-09-15,completed
8868,3181,4,1,23,75,2024-12-15,completed
8869,2190,10,4,257,170,2023-10-24,completed
8870,3706,3,9,179,265,2024-11-13,completed
8871,4183,2,3,105,117,2023-03-10,completed
8872,4923,9,10,207,153,2025-05-07,in_transit
8873,4791,9,1,298,67,2025-12-12,completed
8874,234,10,2,126,156,2023-07-10,completed
8875,3639,9,7,273,41,2023-07-22,completed
8876,2276,7,5,43,202,2023-02-12,completed
8877,1765,6,5,298,87,2025-02-23,completed
8878,1099,2,7,261,267,2026-07-20,cancelled
8879,1826,6,2,166,260,2024-09-03,cancelled
8880,1881,9,2,1,251,2023-01-18,in_transit
8881,1527,10,8,228,146,2024-09-05,in_transit
8882,817,3,8,82,194,2023-02-20,in_transit
8883,3522,3,9,225,190,2025-07-26,completed
8884,4181,2,8,33,137,2024-10-18,completed
8885,3876,6,9,168,68,2026-06-11,completed
8886,233,8,1,283,48,2026-03-24,completed
8887,3044,1,3,47,230,2025-02-27,completed
8888,1815,3,2,29,73,2023-05-04,completed
8889,2519,1,6,140,167,2026-06-04,completed
8890,236,2,6,247,78,2023-08-03,cancelled
8891,421,1,2,299,176,2023-05-15,completed
8892,4233,10,2,182,190,2024-05-04,in_transit
8893,2108,5,4,59,151,2024-02-12,completed
8894,2351,4,2,133,90,2026-07-28,in_transit
8895,973,9,7,57,273,2024-09-23,completed
8896,1082,1,3,232,193,2026-02-07,completed
8897,4424,2,6,107,174,2026-07-04,completed
8898,4495,5,9,258,63,2024-01-27,completed
8899,4762,1,3,182,193,2025-05-13,completed
8900,809,3,9,250,296,2025-06-21,completed
8901,3860,7,2,287,75,2024-11-04,completed
8902,2305,10,3,265,27,2024-02-26,completed
8903,3435,7,5,121,80,2025-11-20,in_transit
8904,2676,3,6,89,217,2025-12-03,completed
8905,1366,9,4,71,25,2024-06-05,completed
8906,401,4,3,123,68,2023-04-04,in_transit
8907,1709,8,4,48,136,2024-04-14,completed
8908,450,2,9,105,297,2025-12-31,cancelled
8909,2330,5,4,28,143,2023-12-29,cancelled
8910,238,3,5,241,259,2026-03-03,completed
8911,2634,7,5,243,259,2023-01-19,completed
8912,799,10,1,89,240,2024-12-03,completed
8913,3254,6,1,279,240,2026-02-22,completed
8914,1945,9,2,245,212,2023-06-30,completed
8915,4376,6,9,47,167,2024-10-03,completed
8916,238,1,3,165,262,2025-02-04,completed
8917,2960,9,1,217,254,2025-11-20,completed
8918,4004,1,2,62,181,2024-11-29,completed
8919,841,5,8,215,111,2026-05-30,cancelled
8920,3674,5,7,31,253,2023-08-12,completed
8921,3516,8,4,65,266,2025-11-10,completed
8922,1312,9,10,186,130,2025-08-06,in_transit
8923,1459,2,6,126,125,2026-07-13,completed
8924,3118,2,5,78,49,2023-08-31,completed
8925,3647,6,3,45,97,2024-10-24,completed
8926,3535,9,3,80,72,2023-12-13,completed
8927,3861,10,7,108,25,2024-08-12,completed
8928,1679,1,9,25,215,2025-12-24,completed
8929,4696,10,2,269,260,2026-02-28,completed
8930,999,4,7,264,17,2023-08-14,completed
8931,4777,6,3,197,133,2026-07-10,completed
8932,9,4,9,59,52,2026-01-04,cancelled
8933,1981,5,4,68,157,2025-01-27,completed
8934,4796,7,8,72,246,2023-01-24,completed
8935,271,2,6,227,92,2025-07-17,completed
8936,4696,6,8,247,124,2024-06-13,completed
8937,2854,8,6,245,104,2026-04-02,completed
8938,2808,6,9,171,122,2023-12-29,completed
8939,1826,4,3,265,141,2024-05-03,completed
8940,4183,4,3,214,147,2025-04-28,in_transit
8941,4220,2,7,201,103,2026-05-13,completed
8942,29,3,2,279,217,2023-05-09,completed
8943,1206,2,10,102,244,2023-11-20,completed
8944,385,1,9,171,19,2024-11-08,completed
8945,3792,8,7,128,89,2024-11-13,in_transit
8946,1947,9,2,11,271,2024-12-14,in_transit
8947,199,10,8,63,248,2024-02-28,completed
8948,2772,3,5,5,21,2024-03-27,completed
8949,101,1,10,147,81,2024-03-02,in_transit
8950,1220,3,6,12,224,2026-04-02,completed
8951,891,1,3,249,36,2023-12-07,completed
8952,140,7,10,238,88,2025-03-04,completed
8953,1513,2,1,180,249,2025-04-15,completed
8954,1095,6,5,32,263,2025-05-28,in_transit
8955,1004,3,1,150,107,2023-01-26,completed
8956,332,4,2,157,169,2023-06-25,in_transit
8957,558,1,7,222,144,2025-10-22,completed
8958,3407,7,2,134,287,2023-05-29,completed
8959,307,7,1,158,150,2026-02-13,completed
8960,124,6,4,199,237,2023-09-14,completed
8961,882,5,2,55,213,2025-12-09,completed
8962,4898,2,1,25,185,2025-02-27,completed
8963,4095,1,10,292,133,2024-09-28,completed
8964,3852,3,7,223,28,2025-04-07,completed
8965,4448,5,7,274,39,2023-10-31,completed
8966,3004,3,7,146,217,2025-05-15,completed
8967,2983,9,10,14,40,2025-03-15,in_transit
8968,594,6,3,263,181,2025-03-15,completed
8969,2856,7,3,34,209,2024-09-12,completed
8970,1567,3,10,211,39,2026-04-20,completed
8971,1353,10,3,98,41,2023-11-30,completed
8972,2037,5,8,151,151,2025-08-29,in_transit
8973,2328,2,5,10,271,2023-12-24,completed
8974,4572,4,3,164,225,2024-05-31,completed
8975,2066,2,7,94,17,2024-12-17,in_transit
8976,2446,9,4,219,199,2023-01-04,completed
8977,4216,1,10,237,215,2026-01-06,completed
8978,3052,1,2,242,12,2025-10-18,cancelled
8979,4041,5,6,288,100,2024-05-12,cancelled
8980,4170,5,7,253,158,2025-05-26,completed
8981,3893,8,2,82,50,2024-08-19,completed
8982,409,8,4,262,271,2023-08-03,completed
8983,4566,8,5,258,102,2025-04-18,completed
8984,3110,10,6,148,29,2024-02-20,completed
8985,244,3,8,53,210,2023-06-12,cancelled
8986,2909,2,9,35,103,2023-10-10,completed
8987,691,2,10,217,82,2024-02-12,completed
8988,1615,7,9,223,209,2023-10-22,completed
8989,4946,8,7,257,191,2023-07-22,completed
8990,938,3,1,40,253,2025-05-01,in_transit
8991,3673,4,6,76,178,2025-11-01,completed
8992,721,4,5,241,193,2025-02-14,completed
8993,3747,10,9,13,268,2023-10-15,completed
8994,1793,5,7,286,156,2023-10-05,completed
8995,4408,4,7,139,215,2025-08-19,completed
8996,1638,5,4,219,197,2024-01-09,in_transit
8997,3709,2,9,105,72,2023-08-04,in_transit
8998,3202,6,2,250,194,2026-05-07,completed
8999,255,4,7,50,253,2026-07-20,completed
9000,1726,9,4,6,267,2025-03-08,completed
9001,3209,10,7,270,64,2025-05-14,in_transit
9002,4524,1,4,54,188,2025-06-18,cancelled
9003,4598,1,8,209,129,2024-07-21,completed
9004,916,3,6,153,161,2023-02-18,completed
9005,4013,10,7,53,115,2023-01-31,in_transit
9006,4833,10,7,214,182,2026-03-27,completed
9007,1883,1,3,74,199,2025-04-25,completed
9008,543,3,1,196,138,2023-05-21,completed
9009,3485,8,2,142,268,2025-12-24,completed
9010,118,9,4,119,82,2026-02-26,completed
9011,784,10,8,99,188,2025-08-25,cancelled
9012,682,4,9,26,106,2025-04-13,cancelled
9013,2823,3,1,107,32,2023-01-04,completed
9014,565,4,3,164,56,2025-06-12,completed
9015,2693,6,4,89,76,2023-02-17,completed
9016,247,1,10,277,200,2026-03-16,cancelled
9017,3736,1,5,175,222,2025-03-08,completed
9018,949,1,6,78,289,2023-02-18,completed
9019,3502,10,7,263,254,2024-04-09,in_transit
9020,2610,7,3,136,113,2025-09-07,completed
9021,606,5,1,286,90,2025-01-06,completed
9022,1236,6,8,102,241,2023-12-31,completed
9023,1205,1,8,261,208,2023-06-17,completed
9024,4552,3,8,129,205,2023-04-05,completed
9025,3890,9,1,91,217,2024-05-15,completed
9026,1993,3,1,129,82,2025-04-12,completed
9027,30,3,10,157,279,2023-12-21,completed
9028,2526,10,4,290,15,2024-07-17,completed
9029,42,6,5,220,106,2025-06-29,completed
9030,2530,4,9,259,34,2023-06-08,completed
9031,4079,3,5,163,39,2024-05-01,cancelled
9032,4893,3,1,225,297,2024-10-07,cancelled
9033,3530,1,2,165,18,2024-08-10,cancelled
9034,1410,3,5,243,211,2023-10-13,completed
9035,259,4,2,261,249,2024-09-02,in_transit
9036,3622,9,1,235,160,2024-05-10,completed
9037,3059,4,3,118,58,2025-08-17,completed
9038,4664,3,8,141,55,2026-04-12,cancelled
9039,1484,2,7,56,206,2025-10-13,completed
9040,2496,8,4,219,289,2025-02-12,completed
9041,756,4,8,271,156,2026-06-12,completed
9042,2669,9,2,9,55,2025-03-13,completed
9043,3101,3,2,225,48,2024-02-20,in_transit
9044,2315,8,7,276,107,2023-04-19,completed
9045,4186,5,8,223,262,2023-12-12,completed
9046,781,1,6,45,222,2026-03-24,completed
9047,2900,1,5,124,263,2023-07-02,completed
9048,1360,2,3,89,86,2023-04-01,completed
9049,366,8,1,239,145,2023-08-24,completed
9050,3227,6,1,44,249,2026-02-16,completed
9051,2955,1,5,6,272,2024-05-01,in_transit
9052,2893,7,8,194,86,2025-02-16,completed
9053,2090,4,1,200,292,2024-11-07,completed
9054,3028,3,2,110,236,2024-01-21,completed
9055,1083,2,7,220,68,2024-04-20,completed
9056,2133,3,2,300,222,2025-02-11,completed
9057,4284,9,6,81,159,2025-02-04,completed
9058,2223,5,2,114,192,2023-08-14,completed
9059,4790,8,4,221,86,2026-06-11,completed
9060,4908,4,3,9,52,2023-12-18,completed
9061,3799,6,4,103,27,2023-05-14,completed
9062,2664,9,1,117,108,2026-05-12,completed
9063,4408,7,8,275,119,2025-02-25,completed
9064,3979,3,10,277,97,2024-10-29,completed
9065,517,4,10,82,207,2026-07-01,completed
9066,3154,4,3,92,258,2025-07-07,cancelled
9067,4050,7,3,187,195,2026-01-18,cancelled
9068,3212,2,7,36,235,2025-11-22,cancelled
9069,4149,10,2,158,137,2026-06-29,completed
9070,2988,1,2,120,172,2025-10-07,completed
9071,3126,6,1,186,108,2023-06-20,completed
9072,4729,10,4,22,50,2023-01-21,completed
9073,2630,10,2,222,68,2024-04-17,cancelled
9074,1723,3,8,202,10,2025-03-15,completed
9075,1848,10,8,3,200,2026-02-13,completed
9076,161,5,10,105,198,2023-03-12,cancelled
9077,4329,8,6,265,236,2024-07-04,completed
9078,4625,9,4,141,210,2025-01-03,completed
9079,1826,6,2,277,113,2023-05-13,completed
9080,1594,9,8,298,184,2024-09-03,completed
9081,3136,10,2,3,152,2026-03-13,completed
9082,4855,4,6,270,271,2024-03-26,completed
9083,1809,3,4,51,104,2023-04-20,completed
9084,3203,7,4,54,242,2024-02-20,completed
9085,2615,9,8,163,116,2023-06-08,in_transit
9086,3344,1,8,227,277,2024-11-18,completed
9087,3354,10,4,54,17,2023-01-26,completed
9088,4363,2,5,272,51,2023-03-10,completed
9089,2852,6,5,39,52,2024-05-26,completed
9090,3253,6,3,6,281,2025-06-22,completed
9091,1993,10,9,102,152,2025-03-23,completed
9092,1864,5,4,267,92,2026-05-13,cancelled
9093,3904,2,5,50,46,2025-01-23,completed
9094,2551,6,5,119,114,2025-09-30,completed
9095,3209,10,7,177,153,2025-06-14,completed
9096,4636,5,2,299,125,2026-04-12,cancelled
9097,4037,2,9,9,92,2023-08-09,completed
9098,4634,7,3,49,227,2025-05-21,completed
9099,958,8,4,175,56,2023-12-18,completed
9100,1888,1,7,180,24,2026-07-05,completed
9101,39,9,4,142,56,2023-05-07,in_transit
9102,4644,3,1,293,22,2025-06-18,completed
9103,4608,5,4,224,93,2026-05-09,in_transit
9104,898,10,2,79,132,2024-04-16,completed
9105,1815,9,6,21,175,2024-10-10,completed
9106,4142,7,2,274,170,2024-01-10,completed
9107,1849,8,2,75,299,2026-01-01,completed
9108,3510,4,3,103,16,2026-06-05,completed
9109,3606,9,1,225,258,2025-03-22,completed
9110,2014,2,7,87,220,2023-04-14,completed
9111,686,5,7,187,49,2023-06-30,completed
9112,4213,8,3,137,153,2025-06-30,cancelled
9113,3869,2,9,269,279,2025-10-18,completed
9114,132,4,6,178,233,2024-01-19,completed
9115,4252,5,10,292,187,2023-10-24,completed
9116,822,4,8,66,297,2024-06-16,completed
9117,1077,7,4,141,247,2024-06-12,completed
9118,153,7,5,139,168,2026-05-15,completed
9119,1537,9,5,35,183,2026-04-01,completed
9120,956,4,10,109,244,2023-01-16,completed
9121,4006,10,7,85,181,2024-04-22,completed
9122,2643,7,2,204,295,2026-02-14,completed
9123,1342,5,1,48,145,2025-06-18,completed
9124,2034,3,10,119,136,2024-06-22,in_transit
9125,4277,3,2,118,287,2023-09-25,completed
9126,2001,10,3,131,277,2026-06-30,completed
9127,4348,1,9,176,88,2026-07-10,in_transit
9128,2561,10,4,94,253,2024-05-29,completed
9129,1479,10,6,169,54,2025-10-01,completed
9130,3439,4,7,206,40,2023-04-15,completed
9131,2068,3,9,65,53,2025-08-20,completed
9132,3163,2,9,274,237,2024-01-05,completed
9133,2374,9,6,16,177,2025-06-26,completed
9134,1746,9,10,179,155,2024-06-06,completed
9135,2555,5,9,237,157,2026-02-21,completed
9136,4102,8,5,270,144,2026-02-23,completed
9137,4302,10,1,1,138,2025-08-25,completed
9138,513,5,1,91,59,2023-03-19,completed
9139,3452,7,2,21,115,2023-04-04,cancelled
9140,3093,3,8,202,52,2025-02-10,in_transit
9141,3493,2,4,266,120,2025-07-13,completed
9142,4620,7,3,77,170,2023-08-27,completed
9143,1023,1,5,176,143,2024-04-18,completed
9144,884,4,5,144,243,2025-01-03,completed
9145,3797,7,1,136,80,2025-03-24,completed
9146,384,9,4,272,71,2023-05-16,completed
9147,657,2,10,124,135,2024-11-18,completed
9148,4046,3,10,198,134,2024-10-05,completed
9149,3994,4,9,219,290,2023-09-08,cancelled
9150,1846,8,6,36,232,2023-01-10,completed
9151,1559,9,6,186,148,2025-04-24,completed
9152,804,5,2,254,122,2024-02-28,cancelled
9153,3952,5,7,76,144,2024-04-13,in_transit
9154,4103,7,4,83,217,2024-08-20,completed
9155,2035,7,1,127,121,2025-09-04,completed
9156,883,8,4,156,51,2026-01-22,completed
9157,2042,5,10,104,293,2023-09-10,in_transit
9158,3342,4,6,86,297,2025-10-15,completed
9159,3008,7,1,62,52,2024-12-27,completed
9160,3201,6,5,152,44,2026-02-09,completed
9161,1714,7,9,100,46,2023-10-01,completed
9162,3846,10,6,280,16,2025-12-18,completed
9163,4294,8,2,176,93,2024-06-28,completed
9164,27,3,1,186,194,2023-11-15,in_transit
9165,2679,7,8,209,255,2024-12-11,completed
9166,2223,8,6,134,18,2025-08-31,completed
9167,1236,3,1,147,61,2024-11-20,completed
9168,3848,3,6,104,175,2026-06-06,in_transit
9169,3322,1,5,220,58,2023-10-29,completed
9170,3952,6,1,265,262,2026-01-02,completed
9171,1816,7,9,135,82,2024-07-13,completed
9172,678,3,2,98,56,2026-07-19,completed
9173,1178,6,4,256,116,2023-04-17,completed
9174,1346,9,10,129,171,2023-09-18,completed
9175,1568,5,4,290,209,2024-04-22,completed
9176,3494,10,2,160,195,2024-02-06,completed
9177,4637,9,3,25,137,2025-01-27,completed
9178,1642,1,2,160,282,2026-03-28,completed
9179,771,9,4,158,61,2023-06-20,completed
9180,3261,3,4,34,262,2025-12-13,cancelled
9181,992,5,10,65,274,2023-06-27,completed
9182,3211,6,3,27,248,2025-02-09,completed
9183,2473,6,1,134,84,2026-07-25,cancelled
9184,4815,3,1,17,119,2023-05-28,completed
9185,4987,1,10,270,117,2025-01-31,completed
9186,1975,7,5,177,82,2025-01-15,completed
9187,979,3,1,50,245,2025-08-06,cancelled
9188,3909,2,3,185,280,2024-11-14,in_transit
9189,1688,7,5,217,191,2023-07-21,cancelled
9190,1811,1,6,212,89,2025-07-03,completed
9191,31,8,6,93,194,2023-11-27,cancelled
9192,441,8,9,46,180,2023-07-29,completed
9193,3479,6,7,191,287,2023-06-26,completed
9194,1897,7,10,222,83,2024-12-24,completed
9195,2705,4,5,130,278,2025-03-09,completed
9196,1851,4,2,133,288,2026-05-27,in_transit
9197,4788,9,2,130,94,2025-09-21,completed
9198,4649,2,10,136,16,2026-03-27,completed
9199,14,5,1,216,151,2023-08-01,in_transit
9200,4347,10,4,272,38,2026-03-16,in_transit
9201,3117,2,6,147,10,2023-09-03,completed
9202,4741,5,2,272,18,2023-04-22,cancelled
9203,3334,2,7,80,61,2024-10-02,in_transit
9204,4735,8,10,20,254,2025-05-25,completed
9205,3625,5,4,70,26,2025-03-23,completed
9206,1412,2,7,88,13,2023-08-09,completed
9207,3543,7,5,172,58,2026-02-11,in_transit
9208,2352,7,9,32,43,2023-04-17,completed
9209,2366,10,6,18,74,2023-11-29,completed
9210,2499,6,4,195,39,2025-08-12,completed
9211,1617,9,3,41,241,2025-03-25,completed
9212,380,5,3,234,276,2024-02-12,completed
9213,348,10,7,165,46,2025-04-30,in_transit
9214,84,5,8,250,40,2023-05-22,in_transit
9215,2803,9,5,107,61,2025-08-07,completed
9216,4674,5,9,139,135,2023-04-21,completed
9217,1476,3,4,20,151,2024-08-22,completed
9218,3820,3,1,113,284,2025-05-25,completed
9219,4063,6,7,213,106,2026-05-25,completed
9220,4862,8,6,88,268,2023-03-19,completed
9221,362,8,9,163,119,2023-03-17,in_transit
9222,1612,5,8,219,270,2026-01-13,completed
9223,1199,8,6,159,10,2024-10-19,completed
9224,1459,3,2,258,132,2025-03-31,completed
9225,70,8,9,249,118,2024-06-02,completed
9226,1700,4,6,168,290,2024-02-14,completed
9227,2224,1,10,186,259,2026-07-12,completed
9228,597,8,10,278,210,2023-03-13,completed
9229,2541,2,7,99,178,2025-10-25,completed
9230,147,4,2,151,100,2023-06-28,completed
9231,3234,4,10,225,107,2023-03-19,completed
9232,4166,5,2,112,212,2024-12-09,cancelled
9233,1912,2,1,139,162,2024-02-26,cancelled
9234,2564,3,1,198,239,2026-05-05,in_transit
9235,4688,1,3,76,94,2025-11-17,completed
9236,3947,5,10,287,117,2025-05-06,completed
9237,504,5,9,257,219,2024-01-02,completed
9238,1700,2,4,51,247,2023-10-24,completed
9239,3555,1,9,8,13,2026-07-26,completed
9240,3205,8,1,274,279,2026-02-12,completed
9241,2478,6,9,6,44,2024-04-14,cancelled
9242,4601,4,7,139,85,2023-05-18,cancelled
9243,2500,3,2,214,88,2023-01-25,cancelled
9244,2104,1,5,168,282,2025-06-10,completed
9245,2294,5,1,244,110,2024-04-22,completed
9246,4901,1,10,235,67,2026-05-30,completed
9247,4080,2,1,198,139,2026-04-07,completed
9248,2524,10,1,217,279,2023-02-14,completed
9249,1465,7,8,121,234,2023-08-20,completed
9250,3424,8,1,236,176,2024-01-18,completed
9251,2998,4,8,144,189,2025-09-25,completed
9252,3138,5,6,78,127,2025-10-26,cancelled
9253,3944,4,7,93,88,2026-07-14,completed
9254,3989,2,3,237,67,2025-02-21,completed
9255,1102,6,1,111,165,2024-02-16,completed
9256,3109,1,6,74,93,2026-03-11,completed
9257,2417,8,7,12,81,2023-07-06,completed
9258,2907,6,8,63,261,2025-03-29,completed
9259,4971,3,7,230,118,2025-06-29,in_transit
9260,991,7,9,67,195,2025-05-24,completed
9261,3533,4,2,34,172,2023-02-22,completed
9262,1986,6,3,8,80,2025-06-21,completed
9263,3344,10,5,257,167,2024-04-08,in_transit
9264,1759,4,9,91,17,2026-01-08,completed
9265,4047,6,4,219,24,2025-04-18,completed
9266,2396,10,7,199,257,2025-08-01,completed
9267,2412,7,9,113,157,2023-11-19,completed
9268,740,6,7,282,34,2024-01-21,completed
9269,1142,10,5,260,244,2024-12-06,completed
9270,3112,3,8,105,75,2023-03-18,completed
9271,4747,7,5,184,288,2023-10-16,cancelled
9272,500,2,6,129,145,2024-11-14,completed
9273,1488,10,2,124,189,2023-05-22,in_transit
9274,4014,2,8,166,154,2026-05-27,completed
9275,1192,7,6,103,288,2023-01-03,completed
9276,1882,5,10,112,176,2024-08-19,completed
9277,4628,10,1,13,77,2023-02-11,completed
9278,3336,4,3,137,74,2024-02-16,in_transit
9279,1369,7,2,70,231,2023-05-09,completed
9280,2878,1,4,137,194,2024-07-28,completed
9281,568,6,3,272,174,2026-06-26,completed
9282,3299,3,9,219,213,2025-05-17,completed
9283,1229,3,5,281,125,2024-11-27,completed
9284,234,2,4,238,177,2023-12-18,completed
9285,2496,5,6,210,252,2025-06-29,completed
9286,2225,9,10,182,122,2023-12-02,completed
9287,3345,6,4,91,242,2025-08-28,completed
9288,2066,7,2,181,293,2024-12-20,completed
9289,4210,5,4,83,76,2024-11-25,completed
9290,3610,10,7,184,179,2024-07-09,completed
9291,346,7,1,132,219,2026-01-26,in_transit
9292,1014,6,4,7,203,2024-06-26,completed
9293,259,4,2,216,24,2023-12-02,completed
9294,2682,4,3,37,242,2025-10-22,completed
9295,4138,5,1,285,55,2025-03-31,completed
9296,915,2,1,243,159,2023-01-15,completed
9297,1455,3,8,87,121,2023-09-08,completed
9298,3556,2,5,259,170,2023-06-04,completed
9299,1626,7,4,110,296,2024-08-13,completed
9300,3360,9,10,63,66,2026-03-30,completed
9301,4365,9,10,167,72,2024-01-28,completed
9302,2376,9,5,126,270,2025-07-03,completed
9303,235,5,1,108,222,2024-06-12,completed
9304,4304,6,7,148,279,2023-07-07,completed
9305,3469,2,9,274,105,2024-09-06,completed
9306,4900,4,6,128,38,2023-08-25,cancelled
9307,2752,5,9,121,270,2025-01-11,completed
9308,3038,5,8,3,177,2026-05-10,completed
9309,2653,7,5,233,10,2026-02-04,completed
9310,4772,1,9,281,190,2026-07-28,completed
9311,3492,4,9,154,151,2025-07-15,cancelled
9312,941,1,3,209,144,2024-10-14,completed
9313,854,5,9,39,218,2026-01-05,completed
9314,2648,8,10,208,138,2023-12-03,in_transit
9315,4335,7,2,27,215,2026-07-04,completed
9316,1530,1,10,285,294,2025-01-02,completed
9317,2227,2,10,145,165,2024-06-19,completed
9318,4644,8,7,80,195,2024-03-23,completed
9319,2719,5,1,6,202,2023-12-30,completed
9320,4592,2,8,90,93,2024-05-21,completed
9321,1055,4,1,281,170,2026-03-19,completed
9322,1086,8,3,105,236,2025-02-14,in_transit
9323,1296,7,1,33,100,2023-11-21,completed
9324,2843,8,9,297,278,2025-04-02,completed
9325,4278,10,1,231,268,2025-11-02,completed
9326,2521,7,5,49,101,2026-03-30,completed
9327,477,6,2,227,129,2024-07-31,in_transit
9328,4233,5,8,218,247,2024-03-07,completed
9329,1217,3,4,156,52,2025-04-21,completed
9330,1310,8,4,273,133,2026-06-03,completed
9331,1538,3,8,185,285,2025-07-27,completed
9332,4984,10,3,43,266,2026-07-09,completed
9333,385,6,7,11,249,2025-06-07,completed
9334,4925,7,9,92,140,2026-05-02,completed
9335,225,7,5,81,135,2024-01-30,completed
9336,4271,10,1,29,249,2025-08-25,completed
9337,4075,6,9,280,88,2024-09-02,completed
9338,679,9,7,95,39,2025-11-10,in_transit
9339,3989,3,2,70,141,2023-11-09,in_transit
9340,1445,9,8,137,295,2023-09-03,completed
9341,2845,1,8,9,77,2025-05-18,cancelled
9342,3620,3,4,237,151,2023-12-16,completed
9343,3976,2,6,197,110,2024-05-17,completed
9344,2683,1,10,199,242,2026-04-14,completed
9345,580,8,3,182,196,2025-04-08,completed
9346,2518,2,3,87,127,2026-06-10,in_transit
9347,274,5,9,274,268,2023-10-20,completed
9348,1317,2,6,286,289,2024-02-28,cancelled
9349,3204,2,7,144,153,2025-06-18,in_transit
9350,4883,4,1,205,210,2025-11-03,completed
9351,2693,8,2,126,290,2024-09-30,completed
9352,4864,6,10,23,121,2024-11-01,completed
9353,4850,6,2,221,226,2024-01-22,completed
9354,4042,3,10,190,268,2025-01-03,completed
9355,4021,10,7,269,261,2025-02-19,completed
9356,606,3,2,267,146,2024-05-25,completed
9357,4935,10,1,263,136,2025-02-02,completed
9358,2313,7,9,264,156,2024-05-17,completed
9359,4403,9,6,20,242,2023-02-07,completed
9360,3660,8,2,129,143,2024-12-21,completed
9361,1463,2,5,238,142,2025-09-01,completed
9362,4190,5,4,47,99,2023-08-06,cancelled
9363,4408,10,1,210,113,2024-10-16,completed
9364,1097,5,10,287,212,2024-03-01,completed
9365,4853,7,6,42,167,2026-05-29,completed
9366,2846,5,6,55,98,2023-05-13,completed
9367,3703,6,5,215,16,2025-01-15,in_transit
9368,3702,1,2,204,259,2024-09-27,completed
9369,3893,8,4,2,102,2024-10-20,completed
9370,4445,4,9,137,136,2025-05-26,cancelled
9371,4992,9,1,248,276,2024-11-30,completed
9372,3905,1,3,265,49,2024-04-10,cancelled
9373,3051,5,4,149,267,2023-10-17,in_transit
9374,4486,6,4,176,266,2023-12-15,completed
9375,2697,7,3,276,143,2024-05-19,completed
9376,4782,4,9,188,225,2026-06-01,completed
9377,3530,10,6,82,161,2023-04-26,cancelled
9378,2428,4,8,194,125,2025-07-15,completed
9379,2840,3,9,182,211,2024-03-14,in_transit
9380,4825,9,1,60,163,2023-04-09,completed
9381,1191,8,6,113,16,2023-08-10,completed
9382,1709,9,8,48,172,2023-06-30,completed
9383,4534,6,10,115,31,2024-03-12,completed
9384,1880,9,3,201,206,2025-11-19,completed
9385,3508,6,4,216,244,2024-09-07,completed
9386,3907,1,10,20,160,2024-11-29,completed
9387,892,4,2,141,52,2025-12-31,completed
9388,4627,9,2,172,155,2023-02-18,completed
9389,1819,2,7,135,254,2024-08-12,completed
9390,3834,2,9,287,184,2024-06-26,completed
9391,546,5,1,114,282,2023-08-15,cancelled
9392,4224,4,5,294,178,2024-11-27,completed
9393,10,2,4,40,148,2024-06-10,completed
9394,4886,5,6,276,196,2024-11-09,completed
9395,1207,1,10,106,270,2023-06-06,completed
9396,3981,7,5,85,74,2025-12-17,completed
9397,670,6,1,152,236,2024-06-09,completed
9398,3231,2,1,82,281,2023-09-19,completed
9399,1285,6,4,219,63,2023-09-24,completed
9400,2054,9,2,18,144,2023-06-04,completed
9401,2352,2,6,277,244,2023-10-14,completed
9402,3873,7,8,151,221,2025-02-20,in_transit
9403,1931,7,1,235,67,2025-02-07,completed
9404,1295,3,10,265,261,2023-12-20,completed
9405,2231,4,3,16,185,2024-01-26,in_transit
9406,3734,6,10,176,94,2023-05-10,completed
9407,1914,3,7,105,107,2025-05-24,completed
9408,3671,10,4,143,106,2023-02-21,cancelled
9409,1513,8,6,16,100,2023-04-15,completed
9410,2447,8,7,238,104,2024-01-13,completed
9411,3845,9,4,133,156,2026-04-15,completed
9412,1225,9,8,57,285,2023-12-13,completed
9413,205,7,10,287,124,2024-01-28,completed
9414,3415,6,5,299,151,2024-02-07,completed
9415,2495,4,1,15,70,2024-11-29,completed
9416,3911,3,8,132,211,2025-09-24,completed
9417,4221,6,4,50,265,2024-11-30,completed
9418,345,7,3,17,51,2025-08-19,completed
9419,1125,1,8,208,70,2024-12-02,completed
9420,1165,8,5,101,165,2023-07-02,completed
9421,1241,10,2,119,17,2023-11-14,completed
9422,2796,10,7,17,219,2025-12-19,in_transit
9423,4503,3,2,22,234,2025-04-09,completed
9424,1379,1,6,218,73,2025-10-22,completed
9425,2585,6,5,164,60,2025-08-28,completed
9426,4620,5,9,43,288,2025-01-15,completed
9427,3353,1,2,165,131,2026-07-22,completed
9428,2763,5,3,61,169,2023-12-06,completed
9429,2927,10,6,92,285,2024-07-06,completed
9430,488,10,8,216,186,2025-02-04,cancelled
9431,3169,8,2,174,264,2023-06-12,completed
9432,4697,6,3,105,33,2024-10-26,completed
9433,344,3,10,58,131,2024-03-05,cancelled
9434,1162,10,7,58,88,2024-01-18,completed
9435,2882,9,4,298,112,2023-10-15,completed
9436,4200,2,6,110,184,2026-05-18,completed
9437,4935,3,1,139,143,2025-11-14,completed
9438,4274,4,7,83,150,2023-06-26,cancelled
9439,497,5,10,92,66,2024-07-15,completed
9440,939,1,8,277,131,2025-06-17,completed
9441,2680,10,9,211,218,2024-10-15,completed
9442,4943,1,8,178,176,2024-06-02,completed
9443,1292,8,2,125,212,2024-03-19,completed
9444,3538,9,8,104,251,2024-07-12,completed
9445,835,2,9,149,210,2023-12-03,completed
9446,2471,3,1,16,150,2025-11-02,completed
9447,54,9,2,51,125,2023-12-09,in_transit
9448,700,3,1,235,67,2024-07-19,completed
9449,3807,8,2,232,275,2025-04-26,completed
9450,3009,2,1,293,164,2024-06-01,cancelled
9451,3324,2,8,177,111,2024-11-20,completed
9452,1420,9,3,171,79,2023-10-26,in_transit
9453,2065,3,6,67,197,2025-04-24,completed
9454,2821,10,7,76,267,2025-09-02,completed
9455,946,1,8,97,268,2024-01-18,in_transit
9456,4004,5,7,97,248,2025-06-02,in_transit
9457,2525,8,1,31,287,2025-04-26,completed
9458,1613,10,1,60,51,2024-02-05,completed
9459,1315,4,8,285,92,2026-07-22,completed
9460,576,7,9,240,264,2023-01-09,cancelled
9461,4362,6,2,275,73,2025-02-25,completed
9462,3227,8,7,45,189,2025-03-07,completed
9463,623,9,4,120,165,2026-04-26,completed
9464,248,4,6,107,210,2025-08-30,completed
9465,1301,5,3,241,166,2026-06-13,completed
9466,384,6,2,1,112,2024-08-30,completed
9467,37,9,1,289,164,2024-06-25,in_transit
9468,2297,5,8,183,245,2023-08-27,completed
9469,4889,7,1,25,115,2023-08-14,completed
9470,4797,2,3,98,30,2024-03-22,completed
9471,4,3,9,49,20,2023-11-22,in_transit
9472,4594,3,8,286,20,2023-02-16,in_transit
9473,3660,7,5,53,153,2024-07-15,completed
9474,4466,8,7,257,295,2025-05-06,completed
9475,3183,4,2,109,102,2024-10-16,completed
9476,481,7,9,29,185,2024-12-16,completed
9477,348,3,5,113,291,2023-06-24,completed
9478,4949,9,10,279,120,2023-07-23,completed
9479,909,1,4,299,284,2023-03-09,completed
9480,3065,5,9,233,85,2026-01-01,completed
9481,3476,5,6,178,38,2026-07-16,completed
9482,4402,3,1,132,75,2025-07-31,completed
9483,3450,7,8,204,118,2024-04-30,completed
9484,1669,3,9,164,231,2024-11-17,completed
9485,3986,2,6,70,215,2025-07-16,cancelled
9486,4370,10,3,167,98,2026-04-25,completed
9487,4776,4,6,240,295,2023-09-24,completed
9488,2086,1,2,172,167,2024-10-19,cancelled
9489,4563,2,3,199,129,2024-07-29,cancelled
9490,204,4,1,178,139,2023-03-14,completed
9491,925,10,1,137,136,2026-01-25,completed
9492,940,5,3,24,267,2026-02-14,in_transit
9493,1742,8,10,23,159,2023-02-04,cancelled
9494,2511,10,6,277,77,2023-10-11,completed
9495,3718,5,6,143,137,2024-03-01,completed
9496,2147,3,8,233,238,2023-11-10,cancelled
9497,291,10,8,19,125,2024-09-14,completed
9498,2181,9,6,225,128,2025-08-24,completed
9499,3367,7,3,294,47,2024-05-01,completed
9500,2927,10,7,89,239,2025-02-09,completed
9501,3454,1,9,206,182,2023-09-17,completed
9502,659,8,4,82,211,2026-05-30,completed
9503,1217,3,9,190,121,2025-02-16,in_transit
9504,3363,3,5,183,205,2023-05-16,completed
9505,4945,6,5,161,63,2026-01-12,completed
9506,3229,10,7,208,296,2024-06-30,completed
9507,540,4,5,7,191,2026-03-12,completed
9508,3980,5,10,280,12,2024-08-14,cancelled
9509,4536,9,3,19,14,2026-02-19,completed
9510,2082,2,5,176,130,2026-06-01,completed
9511,670,9,4,233,149,2025-01-09,completed
9512,2858,6,2,57,45,2025-02-05,completed
9513,1219,10,1,41,124,2025-09-29,completed
9514,2921,4,10,294,163,2026-06-11,completed
9515,1277,2,7,234,176,2025-08-29,completed
9516,1379,2,3,228,30,2023-11-09,completed
9517,3575,9,1,189,150,2025-09-03,completed
9518,1845,3,6,156,281,2024-10-12,completed
9519,734,8,7,169,267,2023-04-03,completed
9520,529,4,2,228,225,2023-07-23,completed
9521,539,7,8,19,178,2025-10-22,in_transit
9522,1406,6,10,45,160,2026-03-03,completed
9523,731,10,9,268,202,2023-11-29,completed
9524,1566,4,1,25,265,2026-03-21,completed
9525,2037,6,1,129,275,2026-06-15,completed
9526,2637,7,2,21,42,2025-08-17,completed
9527,3061,2,3,146,145,2025-01-08,completed
9528,480,9,10,158,61,2026-03-09,completed
9529,1816,9,5,207,279,2025-06-07,completed
9530,3584,5,3,123,13,2024-04-05,completed
9531,1864,2,8,177,117,2025-01-18,completed
9532,4258,10,4,4,203,2025-08-15,completed
9533,4132,8,9,119,143,2025-09-19,completed
9534,581,6,10,114,99,2024-06-06,completed
9535,2092,2,3,300,45,2023-06-10,completed
9536,3223,9,8,285,230,2025-03-28,completed
9537,3257,1,5,196,136,2025-05-02,completed
9538,1803,7,2,176,299,2024-12-15,completed
9539,3594,5,4,144,212,2024-07-14,completed
9540,289,8,7,136,286,2025-10-06,completed
9541,4296,3,5,99,256,2025-07-24,completed
9542,2844,6,8,240,167,2024-01-24,completed
9543,3310,8,9,50,30,2023-08-16,completed
9544,172,9,7,62,71,2023-01-15,completed
9545,701,1,6,150,77,2024-05-22,completed
9546,4100,8,9,299,110,2025-12-07,completed
9547,3819,6,4,66,141,2023-02-17,in_transit
9548,4978,7,2,277,285,2023-04-02,completed
9549,2448,1,10,240,233,2023-07-01,completed
9550,1418,7,5,111,156,2026-03-29,completed
9551,1740,3,4,243,49,2024-02-08,completed
9552,4699,7,3,266,56,2026-06-28,completed
9553,4688,5,2,161,278,2024-01-15,completed
9554,2300,2,1,257,117,2025-06-27,completed
9555,1346,9,7,160,168,2025-03-27,completed
9556,1314,5,7,123,38,2023-09-21,completed
9557,1479,10,9,104,245,2024-07-21,completed
9558,4659,1,4,240,28,2024-12-16,completed
9559,3714,7,5,164,43,2026-06-25,completed
9560,4507,7,8,52,300,2025-12-04,completed
9561,4692,4,1,258,199,2024-06-13,in_transit
9562,2529,4,7,118,280,2024-12-10,in_transit
9563,2846,7,5,160,193,2023-11-11,completed
9564,2524,8,5,283,80,2023-12-15,completed
9565,3134,7,8,234,286,2023-12-09,in_transit
9566,1136,6,9,203,67,2026-05-29,completed
9567,3921,5,7,121,32,2025-09-13,completed
9568,4865,3,9,265,90,2026-04-24,completed
9569,1156,6,9,113,37,2025-04-13,completed
9570,3459,8,6,153,124,2025-11-27,completed
9571,4197,10,5,112,14,2023-08-29,completed
9572,129,7,4,43,222,2025-01-17,in_transit
9573,176,1,2,108,99,2024-09-24,completed
9574,4185,4,1,119,65,2026-01-09,completed
9575,42,1,3,187,75,2023-02-15,in_transit
9576,1436,10,7,80,80,2025-05-02,in_transit
9577,4839,10,5,220,102,2023-10-13,completed
9578,1436,7,1,148,157,2026-07-28,completed
9579,4320,4,7,21,278,2025-12-30,completed
9580,308,4,8,196,236,2023-10-06,completed
9581,889,7,4,122,39,2026-05-01,completed
9582,877,6,7,174,189,2023-01-29,cancelled
9583,2090,3,6,286,232,2024-01-25,cancelled
9584,2934,8,7,244,134,2024-10-27,completed
9585,3176,7,5,6,126,2024-08-05,cancelled
9586,169,10,9,287,197,2025-08-27,completed
9587,3739,4,2,290,70,2023-09-17,completed
9588,2385,2,8,108,59,2023-03-19,completed
9589,2514,4,8,68,96,2024-06-15,in_transit
9590,1923,4,6,8,233,2025-01-11,completed
9591,2563,4,3,174,202,2026-06-22,completed
9592,986,5,8,183,25,2025-04-10,in_transit
9593,2328,8,5,63,255,2025-04-15,completed
9594,3606,10,6,294,28,2023-08-21,in_transit
9595,1141,4,10,255,36,2025-10-24,cancelled
9596,2675,2,6,260,212,2023-03-14,completed
9597,1307,7,10,95,281,2023-01-31,completed
9598,572,8,7,250,222,2024-05-10,completed
9599,3557,6,5,29,184,2026-05-19,completed
9600,3118,8,10,92,28,2026-06-07,completed
9601,3875,4,1,222,179,2024-12-26,completed
9602,2654,6,3,204,127,2025-06-30,completed
9603,1908,3,5,98,261,2025-09-06,completed
9604,774,7,8,167,234,2023-11-12,completed
9605,438,1,7,256,277,2023-12-27,completed
9606,1337,7,6,106,188,2025-01-10,completed
9607,3793,9,10,125,73,2024-06-10,completed
9608,3481,6,1,200,116,2023-03-12,completed
9609,574,3,5,292,11,2023-04-24,completed
9610,4657,2,6,7,277,2024-08-01,in_transit
9611,3838,10,5,103,104,2025-09-28,completed
9612,2586,6,8,49,73,2026-05-25,completed
9613,4218,2,6,144,124,2025-02-28,completed
9614,2183,6,2,13,274,2025-10-20,in_transit
9615,4474,5,7,125,143,2024-03-20,completed
9616,4378,6,5,65,78,2025-01-10,completed
9617,4850,5,4,262,163,2026-04-30,completed
9618,2471,4,5,201,276,2023-02-03,completed
9619,68,10,6,178,54,2023-02-13,cancelled
9620,4375,4,9,177,260,2025-10-16,completed
9621,4995,6,1,129,105,2024-07-14,completed
9622,4167,3,4,124,68,2023-02-25,completed
9623,1092,6,2,161,285,2024-09-12,in_transit
9624,2959,5,7,200,227,2024-01-10,completed
9625,1654,3,1,73,125,2023-11-10,cancelled
9626,2697,3,5,218,29,2026-03-10,completed
9627,289,4,6,216,281,2023-10-14,completed
9628,3569,7,9,10,300,2026-01-16,completed
9629,93,8,1,179,109,2024-12-31,completed
9630,2283,8,6,159,238,2025-09-01,completed
9631,4593,5,8,67,250,2023-07-06,completed
9632,1824,8,4,252,113,2025-12-04,completed
9633,2841,10,5,187,172,2025-12-04,in_transit
9634,139,9,8,157,243,2025-12-15,completed
9635,4826,3,1,258,148,2026-06-13,in_transit
9636,2986,4,2,276,138,2024-11-16,completed
9637,3120,4,9,206,210,2024-06-30,completed
9638,4576,8,7,68,30,2023-10-20,completed
9639,561,2,6,27,159,2025-02-16,completed
9640,3667,7,6,216,246,2025-08-20,completed
9641,69,9,1,121,15,2023-11-23,completed
9642,886,2,4,55,35,2023-07-04,completed
9643,4068,7,4,172,190,2023-09-26,completed
9644,494,1,8,264,43,2024-07-25,completed
9645,2019,10,6,85,87,2025-06-15,completed
9646,827,5,4,233,175,2023-12-12,completed
9647,3523,6,10,25,106,2025-03-11,completed
9648,1706,5,7,287,101,2025-01-27,in_transit
9649,483,2,3,69,247,2023-09-16,completed
9650,3110,10,7,26,278,2024-09-23,completed
9651,3424,5,2,99,160,2025-03-24,completed
9652,1924,10,3,291,265,2024-05-02,completed
9653,2746,1,5,231,287,2023-04-28,completed
9654,1746,3,2,248,249,2025-07-07,completed
9655,455,8,9,47,186,2023-06-19,completed
9656,735,3,7,116,72,2025-11-17,completed
9657,2229,9,7,248,147,2023-09-17,in_transit
9658,4633,10,1,262,50,2023-06-18,in_transit
9659,2785,9,4,206,247,2024-12-18,completed
9660,1162,7,1,103,221,2025-07-26,completed
9661,3131,6,10,265,101,2023-04-06,completed
9662,2747,2,10,37,274,2023-08-07,completed
9663,4036,9,2,37,88,2025-11-21,completed
9664,4782,9,8,256,127,2024-06-25,completed
9665,4029,10,4,245,148,2023-01-29,completed
9666,930,5,8,77,185,2023-02-03,completed
9667,2180,9,3,132,23,2023-08-05,completed
9668,920,4,9,157,85,2023-09-04,completed
9669,2619,2,8,257,97,2025-01-08,cancelled
9670,507,7,2,241,214,2025-05-28,completed
9671,1322,3,4,98,273,2023-01-04,completed
9672,4499,10,9,202,166,2024-07-05,completed
9673,1634,5,1,178,154,2023-01-18,completed
9674,1570,6,2,156,26,2026-03-15,cancelled
9675,2900,1,8,190,136,2024-09-11,cancelled
9676,3801,5,7,211,152,2025-06-01,completed
9677,366,9,4,81,196,2023-01-16,completed
9678,4532,4,1,165,158,2024-08-03,completed
9679,3204,3,4,149,146,2025-12-27,completed
9680,1513,4,2,15,192,2023-06-16,completed
9681,781,2,8,176,216,2025-05-18,in_transit
9682,3632,5,10,86,194,2023-10-15,in_transit
9683,2669,9,7,285,60,2026-05-14,completed
9684,2825,5,1,120,204,2024-05-23,completed
9685,4334,5,8,190,136,2023-12-27,completed
9686,2645,8,5,47,16,2023-08-31,completed
9687,3440,8,9,179,38,2024-02-05,completed
9688,4976,3,2,24,122,2023-11-04,completed
9689,4794,2,5,273,232,2024-12-06,completed
9690,1406,6,10,15,218,2025-11-17,completed
9691,3746,7,3,25,299,2023-01-25,completed
9692,510,1,9,28,62,2024-10-02,completed
9693,1180,8,2,178,66,2025-07-02,completed
9694,3053,5,6,221,138,2024-04-08,in_transit
9695,3962,5,6,86,132,2024-10-07,completed
9696,695,4,9,72,113,2023-08-21,completed
9697,3379,6,4,250,290,2026-02-11,completed
9698,128,7,6,159,279,2026-05-13,completed
9699,729,7,3,276,184,2025-04-16,completed
9700,875,8,2,152,278,2026-03-19,completed
9701,608,7,1,161,204,2024-09-18,completed
9702,3373,8,2,129,268,2023-02-21,completed
9703,1908,4,8,63,96,2025-05-26,completed
9704,1510,9,1,244,241,2026-04-18,completed
9705,1080,2,8,224,281,2026-06-28,completed
9706,1318,6,3,285,143,2025-04-21,completed
9707,996,5,10,260,240,2024-11-07,completed
9708,572,6,9,248,282,2024-03-03,completed
9709,3320,2,7,274,249,2023-07-04,completed
9710,1535,6,8,246,75,2026-02-26,completed
9711,4974,4,6,223,36,2023-12-13,completed
9712,787,7,10,225,27,2023-06-22,completed
9713,2065,3,4,46,133,2023-12-12,completed
9714,3585,1,6,193,284,2024-11-20,completed
9715,4248,4,2,139,79,2024-11-13,completed
9716,619,10,8,43,56,2023-09-16,in_transit
9717,2207,4,8,26,286,2024-11-02,completed
9718,1397,10,9,56,21,2023-10-18,completed
9719,3761,10,6,7,228,2023-09-03,completed
9720,1450,4,2,158,269,2026-01-23,completed
9721,4263,10,5,81,110,2024-04-12,completed
9722,2752,9,4,253,135,2023-11-20,completed
9723,2094,2,4,289,82,2023-08-21,completed
9724,1863,7,1,98,156,2025-01-17,in_transit
9725,522,3,9,48,277,2025-04-12,completed
9726,168,3,1,118,300,2024-06-18,in_transit
9727,3003,4,2,8,161,2024-03-01,completed
9728,699,6,7,111,126,2024-07-26,completed
9729,2351,10,5,251,235,2023-01-08,completed
9730,4506,5,7,118,168,2023-07-15,completed
9731,4018,8,4,297,126,2023-10-16,completed
9732,2730,9,7,120,86,2024-02-19,completed
9733,2602,4,9,38,172,2026-03-28,completed
9734,1380,2,5,197,198,2024-03-08,completed
9735,3881,7,6,204,196,2025-04-29,completed
9736,963,9,6,118,22,2023-04-11,completed
9737,3304,2,9,208,177,2026-06-20,completed
9738,2121,10,8,52,293,2026-03-28,in_transit
9739,2893,8,9,260,88,2024-01-03,cancelled
9740,2284,7,9,101,291,2025-06-26,completed
9741,792,3,4,268,98,2024-02-12,in_transit
9742,773,9,8,245,74,2025-08-06,completed
9743,1397,7,10,162,72,2026-07-10,cancelled
9744,969,8,2,216,124,2023-03-26,in_transit
9745,1283,4,8,107,171,2025-03-14,completed
9746,3485,4,6,275,164,2024-02-27,completed
9747,686,4,6,277,254,2025-09-19,cancelled
9748,521,7,1,200,30,2023-09-15,completed
9749,3983,9,3,27,280,2024-12-07,in_transit
9750,4784,7,5,259,284,2024-12-31,cancelled
9751,3072,3,5,244,146,2026-02-17,cancelled
9752,2689,3,1,80,244,2025-07-16,completed
9753,115,6,10,122,97,2026-04-13,completed
9754,3133,5,1,24,247,2025-01-29,completed
9755,2679,4,3,212,152,2025-09-14,cancelled
9756,821,6,9,109,38,2025-06-18,completed
9757,2029,9,7,65,136,2026-06-16,completed
9758,3058,2,4,202,227,2024-04-09,completed
9759,982,8,1,291,140,2024-01-15,completed
9760,4351,8,3,30,167,2025-09-22,cancelled
9761,4690,1,3,225,61,2024-08-26,completed
9762,2087,3,7,104,243,2026-03-15,in_transit
9763,1121,7,3,124,238,2025-01-26,completed
9764,1004,7,4,183,42,2023-11-24,completed
9765,1316,1,9,159,273,2023-04-15,completed
9766,2060,6,4,81,67,2023-03-14,completed
9767,3772,2,5,192,279,2026-07-23,in_transit
9768,2522,3,7,254,33,2025-11-27,completed
9769,1107,1,4,138,258,2024-04-05,in_transit
9770,1735,2,8,26,11,2025-06-18,completed
9771,1524,1,2,226,78,2024-11-13,completed
9772,4350,9,10,128,228,2023-07-21,completed
9773,378,6,2,234,73,2024-11-16,completed
9774,3125,8,4,107,180,2023-10-10,completed
9775,4524,5,1,151,100,2023-11-29,completed
9776,3203,4,1,243,88,2023-10-17,completed
9777,863,1,4,71,186,2024-03-13,completed
9778,2961,10,8,189,163,2024-12-26,completed
9779,3642,9,1,243,217,2023-12-17,cancelled
9780,1902,7,2,106,225,2024-01-27,completed
9781,2599,1,8,114,119,2025-04-21,completed
9782,3004,8,5,167,192,2026-03-15,completed
9783,1387,10,6,285,59,2026-01-24,completed
9784,2872,2,4,202,203,2024-03-03,completed
9785,2782,6,7,201,284,2025-10-08,completed
9786,2193,1,7,180,58,2025-05-23,completed
9787,2461,3,8,193,183,2024-05-17,cancelled
9788,3744,8,4,50,263,2025-06-18,completed
9789,2251,9,1,32,222,2024-05-01,in_transit
9790,4026,2,7,291,138,2023-08-28,cancelled
9791,1944,9,4,77,266,2023-03-04,completed
9792,3075,7,8,69,32,2023-02-13,cancelled
9793,2557,8,7,108,171,2023-12-30,completed
9794,448,3,8,254,238,2023-11-12,cancelled
9795,1761,7,1,217,114,2024-09-26,completed
9796,1342,1,9,57,209,2025-09-27,completed
9797,4429,10,9,40,251,2024-02-13,completed
9798,2813,2,9,35,136,2023-02-06,completed
9799,363,10,9,38,40,2025-04-26,completed
9800,4417,8,4,184,125,2023-12-28,completed
9801,3377,3,5,95,59,2024-04-27,completed
9802,2535,4,2,73,68,2024-01-10,completed
9803,1172,6,1,259,189,2026-04-14,completed
9804,3762,6,8,10,55,2023-07-15,completed
9805,2790,5,8,207,190,2024-05-26,completed
9806,3278,3,1,147,257,2025-08-31,completed
9807,2038,1,6,220,202,2025-08-22,completed
9808,1572,9,8,214,191,2026-07-05,completed
9809,1744,6,7,5,10,2024-08-15,completed
9810,903,9,5,22,46,2023-08-06,in_transit
9811,4206,4,9,214,145,2026-05-06,completed
9812,4762,2,4,93,70,2023-11-28,completed
9813,1498,4,9,32,214,2025-06-18,completed
9814,1147,4,8,179,290,2024-11-18,completed
9815,834,1,7,289,22,2025-03-12,cancelled
9816,4032,8,9,252,295,2026-03-03,completed
9817,1020,1,8,291,88,2024-11-17,completed
9818,2244,8,2,70,267,2025-01-14,completed
9819,2884,7,4,108,97,2024-09-26,completed
9820,2048,3,10,105,287,2023-05-19,completed
9821,356,9,2,243,54,2026-04-11,completed
9822,3188,7,5,101,53,2023-08-23,completed
9823,3662,6,7,34,84,2023-11-29,completed
9824,2745,5,10,57,79,2025-11-18,in_transit
9825,1757,4,5,300,135,2023-08-29,completed
9826,623,2,7,123,217,2026-05-23,completed
9827,574,7,9,134,78,2025-03-24,completed
9828,4146,2,10,270,249,2025-11-16,completed
9829,2642,9,1,84,165,2024-11-02,in_transit
9830,5,10,2,109,40,2023-04-18,completed
9831,2349,4,2,120,126,2023-05-18,completed
9832,2020,6,4,12,115,2025-03-06,completed
9833,802,8,9,91,250,2023-11-27,completed
9834,2726,6,2,137,30,2024-12-14,completed
9835,3922,8,7,150,294,2025-10-26,completed
9836,2462,5,10,198,58,2024-09-13,completed
9837,27,6,8,217,149,2025-10-08,completed
9838,2180,10,4,12,156,2026-03-28,in_transit
9839,4127,2,9,165,300,2023-10-19,completed
9840,3125,8,7,284,64,2024-09-19,cancelled
9841,3461,3,6,200,217,2024-08-02,completed
9842,2275,5,7,37,258,2023-09-14,cancelled
9843,2842,7,8,164,219,2026-06-26,completed
9844,326,8,10,53,120,2023-01-14,completed
9845,2698,10,1,200,72,2026-02-09,cancelled
9846,2493,1,9,268,198,2024-04-01,completed
9847,2979,8,1,12,98,2026-02-15,cancelled
9848,2543,8,10,73,44,2023-09-28,completed
9849,63,1,8,133,268,2024-10-04,completed
9850,190,4,7,117,32,2024-05-01,completed
9851,4994,8,4,33,256,2026-05-08,completed
9852,2085,4,7,214,215,2024-12-22,completed
9853,1627,3,8,102,49,2025-06-29,completed
9854,1637,6,7,173,202,2025-03-30,completed
9855,2326,3,6,54,94,2024-06-18,completed
9856,2574,1,6,54,45,2024-04-14,completed
9857,4104,6,10,98,270,2024-12-28,completed
9858,3707,8,3,119,298,2023-03-17,completed
9859,4992,3,7,144,288,2023-05-07,cancelled
9860,2771,6,9,156,84,2023-03-30,completed
9861,4172,1,2,56,126,2026-01-04,completed
9862,4902,4,3,51,183,2025-10-23,completed
9863,4942,9,8,245,141,2025-10-13,completed
9864,4423,1,2,224,125,2025-06-01,completed
9865,2494,4,10,186,213,2026-06-18,in_transit
9866,2143,7,9,235,65,2023-09-08,completed
9867,4498,3,6,89,109,2024-10-14,in_transit
9868,259,7,8,89,73,2024-12-09,completed
9869,3282,8,6,45,237,2023-01-04,completed
9870,4954,8,7,143,118,2023-10-06,cancelled
9871,1234,3,8,188,144,2026-07-09,completed
9872,4068,9,6,10,187,2023-01-25,completed
9873,2742,9,8,242,185,2023-04-26,completed
9874,4305,8,9,213,62,2025-08-11,completed
9875,502,9,5,136,223,2024-02-07,completed
9876,1595,5,2,279,102,2026-06-08,completed
9877,2683,2,8,85,111,2024-12-20,in_transit
9878,4794,2,6,81,19,2026-07-02,completed
9879,2499,7,3,176,289,2025-03-27,completed
9880,2720,4,7,244,228,2023-09-07,in_transit
9881,2710,6,2,187,242,2025-06-23,completed
9882,270,8,10,206,242,2026-07-21,completed
9883,2965,7,9,59,109,2025-05-01,in_transit
9884,4905,10,8,54,263,2024-12-19,completed
9885,1142,7,2,40,31,2025-02-14,completed
9886,1669,6,5,14,119,2023-12-10,in_transit
9887,4328,3,6,74,144,2025-07-11,completed
9888,1192,6,9,1,107,2026-03-10,completed
9889,3832,4,3,215,51,2023-11-17,completed
9890,4075,10,8,164,116,2026-02-17,completed
9891,2634,8,1,219,69,2025-10-11,completed
9892,2984,4,10,40,213,2023-10-17,completed
9893,1995,10,4,90,283,2023-01-31,in_transit
9894,2254,2,7,209,82,2025-01-06,completed
9895,4642,7,8,258,101,2026-06-15,completed
9896,2496,6,1,118,168,2024-02-17,completed
9897,3167,2,8,150,107,2025-07-09,completed
9898,1045,1,4,152,207,2024-06-06,completed
9899,3515,9,7,16,186,2025-11-27,completed
9900,4992,10,6,204,267,2023-08-14,in_transit
9901,3587,3,4,197,155,2025-03-16,completed
9902,3349,6,3,126,281,2023-01-06,completed
9903,538,9,8,149,174,2024-05-03,completed
9904,2380,7,2,292,65,2024-03-09,completed
9905,3252,4,5,114,184,2023-03-19,completed
9906,3489,7,3,190,80,2026-03-02,completed
9907,440,4,8,10,223,2025-01-27,completed
9908,1027,1,6,100,187,2024-10-13,completed
9909,1897,4,10,83,186,2025-05-30,completed
9910,1632,2,8,203,170,2025-06-15,completed
9911,3509,10,1,253,288,2023-05-30,completed
9912,4496,7,3,118,182,2023-03-28,cancelled
9913,1205,6,2,214,83,2024-02-12,completed
9914,1900,8,5,294,121,2025-01-17,completed
9915,3872,4,9,109,295,2025-07-17,in_transit
9916,1383,10,6,6,222,2024-05-26,completed
9917,731,3,9,241,85,2025-04-18,completed
9918,582,1,9,93,49,2023-09-23,cancelled
9919,4833,7,8,140,100,2023-08-24,completed
9920,2721,9,7,146,174,2023-11-11,completed
9921,647,8,4,102,27,2023-02-04,completed
9922,893,2,8,294,15,2024-11-29,in_transit
9923,1008,2,9,87,253,2023-09-03,completed
9924,3198,1,3,84,138,2024-04-01,completed
9925,1226,8,3,162,254,2024-09-19,completed
9926,4534,2,9,107,232,2026-04-19,completed
9927,1212,6,2,170,204,2025-08-23,completed
9928,2116,1,8,122,83,2026-06-26,completed
9929,2879,5,3,102,54,2025-11-27,completed
9930,4679,8,2,170,104,2024-10-11,completed
9931,31,3,6,50,69,2024-10-13,completed
9932,1432,5,2,192,274,2025-05-17,cancelled
9933,4429,9,6,83,200,2026-07-13,completed
9934,2248,6,7,191,160,2025-12-12,completed
9935,4826,10,6,197,28,2024-11-25,completed
9936,4920,1,7,244,159,2025-04-12,completed
9937,3308,7,3,219,246,2025-09-23,completed
9938,1820,3,6,63,235,2023-10-09,completed
9939,243,10,7,290,85,2024-10-27,completed
9940,3257,6,8,110,240,2025-12-12,completed
9941,278,4,5,165,236,2025-10-15,cancelled
9942,391,10,3,19,74,2024-09-23,completed
9943,3365,6,9,75,49,2023-12-25,cancelled
9944,4673,7,4,7,109,2026-06-09,completed
9945,1444,7,10,276,104,2023-01-22,completed
9946,4810,7,9,12,18,2023-11-18,completed
9947,3462,2,7,163,220,2023-04-03,completed
9948,3948,1,2,139,15,2025-07-31,completed
9949,4574,4,8,148,192,2025-11-03,completed
9950,1563,7,1,196,274,2023-12-23,completed
9951,1462,4,1,135,238,2023-09-11,completed
9952,2224,2,10,268,167,2024-02-09,cancelled
9953,2785,3,10,291,236,2024-04-30,completed
9954,2476,3,1,117,192,2025-11-17,completed
9955,845,4,2,238,196,2026-07-26,completed
9956,3982,2,10,271,62,2024-12-11,cancelled
9957,1016,6,7,279,277,2024-01-31,cancelled
9958,1086,9,6,59,129,2024-06-01,completed
9959,2338,1,3,5,85,2024-07-26,in_transit
9960,1457,5,10,198,61,2024-10-16,completed
9961,1231,3,2,264,271,2024-01-21,completed
9962,4784,8,7,104,143,2024-12-23,completed
9963,4618,7,1,46,257,2023-06-28,completed
9964,324,9,1,210,75,2026-03-18,completed
9965,4848,7,6,59,196,2023-12-29,completed
9966,2095,4,10,146,257,2024-03-20,completed
9967,3856,3,8,231,200,2025-02-22,completed
9968,2109,5,8,289,49,2023-12-27,completed
9969,1592,3,5,136,128,2025-06-09,completed
9970,2606,1,10,179,198,2026-01-06,completed
9971,2517,6,3,239,36,2024-12-25,in_transit
9972,2331,2,6,273,23,2024-03-24,completed
9973,2837,3,7,225,177,2023-10-15,cancelled
9974,2082,6,4,190,281,2025-01-13,completed
9975,1605,6,9,38,137,2024-05-13,completed
9976,730,10,9,283,110,2025-07-06,completed
9977,3125,10,9,215,35,2025-12-26,completed
9978,3664,9,3,192,44,2025-12-13,completed
9979,1989,5,10,242,102,2023-10-31,completed
9980,4576,4,7,300,140,2024-09-29,in_transit
9981,5,5,3,103,97,2025-05-17,completed
9982,2506,7,9,222,115,2024-05-09,cancelled
9983,2585,8,3,73,95,2023-01-02,completed
9984,55,4,1,71,248,2024-09-05,completed
9985,861,7,4,144,70,2026-04-04,completed
9986,4523,8,6,94,163,2025-02-24,completed
9987,2681,1,5,188,243,2025-09-14,cancelled
9988,235,1,3,184,156,2025-07-01,completed
9989,2069,8,5,290,287,2023-06-09,completed
9990,1940,8,5,16,157,2025-12-23,completed
9991,1431,5,10,300,262,2026-05-02,completed
9992,1661,7,2,255,92,2024-07-27,completed
9993,1754,8,4,49,246,2024-10-31,completed
9994,2841,5,8,33,211,2023-06-17,completed
9995,179,3,2,234,207,2026-04-08,completed
9996,3627,6,4,135,245,2025-08-30,completed
9997,2852,10,6,182,258,2025-07-11,completed
9998,3638,1,8,86,96,2025-05-13,in_transit
9999,3456,10,8,209,25,2024-01-08,completed
10000,4646,8,1,267,232,2025-10-19,completed
10001,3902,10,3,212,175,2023-03-12,completed
10002,394,6,1,142,57,2025-10-29,completed
10003,1008,8,3,13,129,2025-04-14,completed
10004,4425,1,5,129,57,2025-09-06,completed
10005,1275,1,3,215,100,2025-09-23,completed
10006,2200,7,10,62,155,2024-10-27,completed
10007,2224,3,9,46,156,2025-09-17,completed
10008,1239,7,10,288,169,2023-08-17,completed
10009,4135,7,5,297,104,2023-05-06,completed
10010,3902,1,9,11,94,2023-09-23,completed
10011,3774,4,10,258,12,2024-06-21,completed
10012,3821,3,9,225,103,2025-07-03,completed
10013,2151,4,6,218,266,2025-04-26,completed
10014,2490,2,7,84,241,2024-11-28,completed
10015,798,9,5,252,292,2026-03-31,completed
10016,65,10,2,34,266,2023-09-13,completed
10017,3277,6,9,285,291,2026-04-21,completed
10018,3507,7,10,205,298,2024-10-27,completed
10019,3410,3,4,253,295,2023-04-23,completed
10020,625,3,8,192,204,2026-01-24,completed
10021,4122,8,6,199,24,2026-06-13,completed
10022,4211,9,10,51,33,2024-04-14,completed
10023,889,1,4,186,280,2024-12-05,completed
10024,4069,7,10,52,24,2023-04-01,completed
10025,3179,5,1,62,137,2025-08-02,completed
10026,1683,1,2,234,159,2025-07-03,completed
10027,3076,8,2,79,122,2025-09-27,completed
10028,2532,5,3,179,251,2024-06-24,completed
10029,3746,8,1,156,15,2023-11-28,completed
10030,1596,10,6,156,15,2023-08-18,completed
10031,355,8,6,91,74,2024-05-25,completed
10032,239,1,6,73,102,2025-08-17,cancelled
10033,4134,3,1,215,209,2024-10-25,completed
10034,4304,2,6,151,268,2023-05-20,completed
10035,4795,1,5,174,35,2026-01-19,completed
10036,161,3,10,134,87,2026-06-10,completed
10037,4069,4,3,185,28,2025-09-22,completed
10038,2052,3,10,220,238,2024-10-27,completed
10039,1621,8,10,17,191,2024-05-27,completed
10040,22,10,6,24,213,2025-06-23,in_transit
10041,4162,10,7,267,188,2025-11-13,completed
10042,780,6,4,300,128,2023-05-16,completed
10043,1542,8,3,184,122,2023-09-26,completed
10044,4603,10,9,53,107,2025-05-15,completed
10045,2362,1,8,33,166,2024-05-22,completed
10046,2135,6,3,235,285,2025-03-09,completed
10047,1945,5,10,286,83,2025-03-08,completed
10048,907,2,10,13,140,2024-06-02,cancelled
10049,1152,6,2,176,32,2023-11-12,in_transit
10050,569,3,4,267,18,2026-04-01,completed
10051,54,1,4,141,293,2024-06-20,completed
10052,3425,1,2,11,38,2024-02-17,completed
10053,963,1,10,94,150,2023-11-26,completed
10054,510,1,9,14,64,2025-08-05,in_transit
10055,2839,1,2,40,96,2025-10-29,cancelled
10056,356,1,10,130,21,2026-05-14,completed
10057,1569,6,8,207,284,2025-02-12,completed
10058,2356,10,4,227,37,2025-08-07,completed
10059,2048,7,3,1,114,2024-04-26,completed
10060,3661,2,10,261,254,2023-07-25,completed
10061,1152,7,8,228,193,2024-08-21,completed
10062,3856,1,9,24,62,2025-10-13,cancelled
10063,1115,6,4,200,34,2025-09-04,completed
10064,1708,9,3,73,57,2026-07-21,in_transit
10065,4124,2,8,198,67,2024-12-19,completed
10066,493,2,10,177,16,2025-11-03,completed
10067,2622,10,1,108,241,2023-05-26,cancelled
10068,2565,5,4,114,36,2024-04-01,completed
10069,4458,1,5,290,297,2024-09-21,completed
10070,28,8,6,21,238,2024-10-17,completed
10071,431,5,7,138,79,2024-02-01,in_transit
10072,27,7,4,189,112,2026-02-13,in_transit
10073,470,9,10,31,50,2024-11-24,completed
10074,4788,1,5,101,285,2025-09-21,completed
10075,4278,7,1,29,289,2025-09-29,completed
10076,2726,10,5,264,120,2023-04-09,in_transit
10077,905,5,6,288,66,2026-05-24,completed
10078,1639,1,5,18,187,2025-04-25,completed
10079,4939,7,5,2,64,2023-06-17,completed
10080,1519,3,10,164,211,2023-08-31,completed
10081,114,8,10,36,215,2026-07-21,cancelled
10082,1396,8,10,88,285,2023-03-09,completed
10083,2946,6,8,138,211,2025-08-12,completed
10084,4711,10,6,171,181,2024-04-23,in_transit
10085,4030,1,3,196,28,2024-10-30,completed
10086,4996,5,10,4,222,2024-04-15,completed
10087,2979,5,1,9,173,2023-10-21,completed
10088,453,10,6,170,242,2026-05-11,in_transit
10089,4431,8,5,246,67,2025-11-04,cancelled
10090,4107,1,4,180,154,2023-01-28,completed
10091,1743,10,4,196,246,2024-12-06,completed
10092,426,7,10,84,220,2023-04-30,completed
10093,1852,7,2,105,58,2025-08-01,completed
10094,2665,9,10,64,203,2026-04-06,completed
10095,1142,1,3,76,139,2023-12-25,completed
10096,2357,4,2,73,61,2026-02-01,completed
10097,4706,3,10,46,190,2024-07-20,completed
10098,911,10,6,180,70,2024-07-27,completed
10099,3121,1,7,118,146,2023-08-28,cancelled
10100,3175,2,8,55,237,2024-05-26,completed
10101,2741,8,1,66,142,2024-05-04,cancelled
10102,2588,7,4,126,271,2025-08-22,completed
10103,2877,7,9,73,192,2025-06-12,cancelled
10104,595,8,5,264,258,2026-02-17,completed
10105,4847,2,3,218,154,2023-10-10,completed
10106,3866,6,1,291,90,2025-07-13,completed
10107,3060,3,9,183,21,2024-07-14,cancelled
10108,1907,3,10,270,158,2026-06-23,completed
10109,2228,2,8,88,111,2025-02-06,completed
10110,4722,10,7,215,149,2024-02-21,completed
10111,1544,1,10,72,46,2023-08-11,cancelled
10112,17,7,4,194,175,2024-07-01,completed
10113,2672,7,6,237,117,2024-08-25,completed
10114,4791,1,9,210,118,2026-07-06,completed
10115,3140,9,7,264,83,2023-03-03,completed
10116,218,3,6,240,247,2024-04-19,completed
10117,2397,4,9,294,136,2026-01-25,completed
10118,114,5,7,163,159,2023-06-04,completed
10119,2909,5,8,54,58,2025-10-18,completed
10120,3081,4,7,239,194,2025-04-01,completed
10121,183,3,2,218,127,2023-02-02,completed
10122,731,8,10,231,219,2024-01-05,completed
10123,628,8,6,274,37,2024-07-07,completed
10124,4014,8,7,205,174,2023-10-26,completed
10125,4838,6,2,108,176,2025-05-18,completed
10126,440,4,8,101,44,2024-04-21,completed
10127,1084,5,8,2,112,2023-08-23,completed
10128,1035,10,3,196,300,2026-06-05,completed
10129,2015,1,6,183,284,2025-11-01,in_transit
10130,4154,4,1,243,134,2025-09-26,completed
10131,4286,2,6,126,124,2024-12-20,in_transit
10132,1943,10,4,65,31,2024-12-19,completed
10133,921,1,8,83,149,2024-02-12,completed
10134,2763,7,6,124,230,2023-07-17,completed
10135,2794,10,2,243,283,2024-05-21,completed
10136,4565,5,2,146,128,2023-10-20,completed
10137,104,7,9,97,44,2023-05-28,cancelled
10138,3883,7,5,93,32,2026-03-05,completed
10139,4718,2,8,58,184,2024-04-28,completed
10140,1666,5,4,115,21,2026-03-26,completed
10141,2302,10,7,86,208,2026-05-18,completed
10142,2732,8,7,76,73,2024-04-19,completed
10143,4056,1,2,139,129,2026-05-15,completed
10144,3888,6,8,89,166,2024-10-14,in_transit
10145,361,5,6,265,175,2023-07-31,completed
10146,1649,2,8,133,263,2026-04-26,completed
10147,3705,7,2,230,159,2026-06-06,completed
10148,2455,10,3,247,77,2023-08-28,completed
10149,3769,9,6,103,224,2024-11-24,completed
10150,3023,2,8,125,234,2026-05-25,completed
10151,2632,1,9,296,284,2025-08-11,completed
10152,1249,2,7,80,35,2025-02-18,completed
10153,2582,7,4,178,247,2024-10-01,completed
10154,297,9,4,285,14,2025-09-20,completed
10155,1993,5,4,7,189,2026-05-05,completed
10156,2492,5,10,58,74,2023-06-05,completed
10157,3623,1,2,134,279,2024-03-21,completed
10158,4082,4,5,20,150,2025-11-07,completed
10159,3270,5,8,253,12,2024-06-01,completed
10160,1766,4,3,92,56,2025-01-10,cancelled
10161,1841,7,6,120,174,2023-08-02,cancelled
10162,2284,5,7,94,30,2024-07-25,cancelled
10163,4294,7,3,151,227,2023-01-01,in_transit
10164,1479,7,5,278,233,2025-01-18,in_transit
10165,3382,10,3,238,254,2023-08-22,cancelled
10166,3290,8,4,95,259,2023-08-13,completed
10167,3563,9,2,239,15,2026-02-18,completed
10168,2082,10,5,238,275,2025-01-02,completed
10169,4833,8,4,115,36,2023-07-06,completed
10170,1028,9,1,21,97,2025-03-18,completed
10171,985,10,4,261,157,2024-01-13,completed
10172,4593,9,8,42,81,2025-08-23,in_transit
10173,34,1,2,88,248,2024-06-18,completed
10174,1768,1,6,243,145,2023-05-08,completed
10175,938,10,5,40,39,2026-05-26,completed
10176,2921,5,6,285,43,2023-08-24,cancelled
10177,1561,10,6,152,34,2024-02-07,completed
10178,639,1,2,194,147,2023-12-28,completed
10179,58,1,7,63,124,2023-08-01,cancelled
10180,3538,3,1,51,196,2023-02-09,completed
10181,3419,7,8,84,78,2025-05-02,completed
10182,1866,7,2,8,36,2026-02-10,completed
10183,3015,3,7,84,253,2023-12-03,completed
10184,1886,1,6,12,227,2026-03-07,completed
10185,3987,10,5,256,199,2024-02-27,in_transit
10186,2396,8,5,221,277,2023-03-24,completed
10187,970,6,4,200,149,2026-05-14,completed
10188,2345,9,7,296,248,2025-09-21,completed
10189,1118,1,2,6,221,2024-02-08,completed
10190,4151,5,4,175,258,2023-02-01,completed
10191,3211,5,4,160,116,2026-03-18,completed
10192,2267,8,6,264,160,2023-08-21,completed
10193,180,9,2,204,112,2023-05-25,completed
10194,741,4,7,299,126,2024-04-02,completed
10195,3855,5,4,54,264,2025-09-15,completed
10196,3415,6,8,93,176,2023-04-11,completed
10197,4722,4,7,151,177,2025-03-19,in_transit
10198,3722,9,6,96,270,2026-05-23,completed
10199,747,1,2,65,159,2023-07-09,completed
10200,248,5,7,215,231,2025-08-07,completed
10201,2412,8,3,56,116,2026-06-05,in_transit
10202,736,10,5,136,108,2026-03-02,cancelled
10203,3125,8,6,82,277,2024-09-17,completed
10204,1316,10,6,191,43,2024-02-20,in_transit
10205,1499,6,5,250,86,2023-05-01,completed
10206,2924,3,8,73,226,2025-11-28,completed
10207,187,7,5,290,224,2025-09-01,completed
10208,1703,8,3,163,134,2023-08-24,completed
10209,2935,1,6,78,281,2024-12-02,completed
10210,591,9,8,157,238,2025-05-01,completed
10211,1597,8,3,214,164,2026-06-19,completed
10212,687,10,3,198,29,2026-05-22,cancelled
10213,3584,3,6,33,88,2025-08-04,completed
10214,3273,7,6,244,154,2024-06-30,completed
10215,4521,2,9,16,238,2026-07-02,completed
10216,1256,10,5,269,261,2023-01-08,completed
10217,4279,4,3,298,143,2023-03-23,completed
10218,2742,9,4,175,297,2024-06-24,in_transit
10219,256,1,2,46,61,2024-11-15,completed
10220,183,2,9,60,212,2025-04-29,completed
10221,2798,4,5,40,189,2025-12-25,completed
10222,669,8,5,159,77,2026-02-03,completed
10223,2121,7,10,157,236,2024-04-20,completed
10224,1388,1,2,78,85,2024-02-11,cancelled
10225,1251,6,5,92,273,2024-01-08,completed
10226,1496,9,7,156,232,2023-12-19,completed
10227,4386,9,3,248,36,2023-06-29,completed
10228,1612,2,5,296,92,2023-04-05,completed
10229,2149,10,6,85,214,2026-02-22,cancelled
10230,1986,4,1,248,98,2024-01-04,completed
10231,1695,2,6,235,54,2026-04-12,completed
10232,2357,3,8,188,184,2024-09-05,completed
10233,3741,4,8,277,276,2025-11-27,completed
10234,2386,4,10,11,83,2026-04-11,completed
10235,1003,9,4,9,159,2024-05-09,completed
10236,638,3,4,233,292,2026-07-30,completed
10237,3241,8,4,61,214,2024-01-18,completed
10238,4748,6,3,5,185,2026-02-07,completed
10239,3678,2,6,91,256,2025-06-03,completed
10240,2458,4,8,166,191,2025-07-05,completed
10241,1505,9,5,195,142,2025-10-31,cancelled
10242,721,7,2,282,257,2024-04-28,completed
10243,2844,2,8,249,257,2024-05-21,completed
10244,1835,5,9,212,32,2024-06-05,completed
10245,1676,8,5,103,83,2023-06-23,completed
10246,2475,7,2,48,252,2024-09-26,completed
10247,1143,5,3,235,242,2025-01-07,completed
10248,3681,2,5,178,193,2024-03-19,completed
10249,702,1,4,199,247,2023-02-26,completed
10250,393,9,8,40,227,2025-06-28,in_transit
10251,3696,10,9,207,202,2025-10-18,completed
10252,3119,3,4,165,208,2025-01-07,completed
10253,4172,8,1,100,289,2025-07-10,completed
10254,106,9,7,161,264,2024-06-10,in_transit
10255,2834,3,10,22,256,2023-01-27,completed
10256,1691,6,7,13,124,2025-03-28,in_transit
10257,4453,2,10,72,81,2025-07-29,completed
10258,2247,5,4,261,139,2026-03-12,completed
10259,4777,4,5,40,237,2026-03-31,completed
10260,4244,6,8,141,196,2025-05-06,completed
10261,2395,8,9,223,138,2025-05-02,completed
10262,682,8,10,269,43,2025-08-13,completed
10263,3630,5,7,143,246,2023-03-15,completed
10264,1995,10,1,191,69,2025-11-04,completed
10265,693,10,3,47,71,2023-07-29,completed
10266,1119,10,9,57,147,2023-07-14,cancelled
10267,155,1,2,192,234,2024-11-15,completed
10268,3088,5,10,256,25,2024-09-04,completed
10269,4528,2,4,181,273,2023-06-19,completed
10270,3247,8,1,101,274,2023-12-14,completed
10271,380,9,8,263,212,2024-04-01,completed
10272,1388,7,8,268,139,2023-09-08,completed
10273,1670,3,9,2,52,2023-07-16,completed
10274,1736,5,6,161,30,2024-07-17,completed
10275,510,10,5,290,269,2025-01-30,in_transit
10276,937,5,6,220,171,2024-12-09,in_transit
10277,3667,1,6,50,70,2025-09-05,in_transit
10278,1076,8,7,271,169,2026-07-13,completed
10279,2600,10,5,64,52,2025-12-13,completed
10280,3845,5,7,152,270,2025-11-19,completed
10281,1322,3,5,200,118,2025-06-05,completed
10282,3205,9,4,223,123,2024-06-24,in_transit
10283,390,9,7,226,191,2023-07-12,completed
10284,572,7,1,180,246,2025-03-05,completed
10285,505,6,10,70,231,2026-03-09,cancelled
10286,1946,2,8,292,188,2024-02-29,completed
10287,2555,3,7,53,213,2024-01-07,cancelled
10288,3217,9,4,79,300,2025-09-21,cancelled
10289,3095,2,5,100,76,2023-09-02,completed
10290,2023,10,7,113,232,2024-11-10,cancelled
10291,2309,4,7,290,42,2023-11-10,completed
10292,3946,9,8,94,151,2025-10-30,completed
10293,764,10,8,128,89,2024-01-05,completed
10294,3785,4,5,134,216,2024-07-21,completed
10295,4481,1,5,244,149,2023-06-13,completed
10296,3744,4,6,178,174,2025-01-04,cancelled
10297,4891,2,10,245,185,2025-10-28,completed
10298,1452,7,6,190,41,2025-10-28,cancelled
10299,4304,6,8,140,56,2024-10-13,completed
10300,2089,10,3,257,111,2024-05-02,completed
10301,4884,8,4,155,85,2025-03-03,completed
10302,1352,9,6,195,280,2025-04-19,cancelled
10303,1731,2,4,199,135,2025-04-04,in_transit
10304,3714,8,9,22,60,2026-01-20,completed
10305,1354,1,7,182,67,2024-01-27,completed
10306,3806,5,3,172,32,2025-04-04,completed
10307,3950,8,4,170,108,2023-08-08,completed
10308,4683,2,6,111,29,2024-10-05,in_transit
10309,2462,9,1,184,243,2025-06-13,completed
10310,50,7,2,128,228,2023-03-26,completed
10311,1235,8,2,63,102,2024-05-22,completed
10312,1458,1,9,36,185,2025-05-18,completed
10313,1051,1,2,298,23,2025-08-13,completed
10314,4866,5,1,109,49,2025-01-14,completed
10315,2558,6,7,55,138,2025-10-08,completed
10316,3785,8,7,11,27,2026-01-13,cancelled
10317,2409,5,2,15,40,2024-08-04,completed
10318,512,7,6,210,148,2025-08-10,in_transit
10319,77,5,3,175,123,2023-06-03,in_transit
10320,3643,6,9,256,99,2023-05-15,completed
10321,3437,5,1,283,11,2025-08-22,completed
10322,808,6,2,214,66,2024-02-05,completed
10323,378,7,9,90,110,2023-11-28,completed
10324,3407,7,10,70,239,2024-05-08,completed
10325,833,4,7,92,156,2024-10-18,cancelled
10326,2280,5,10,83,221,2024-12-18,completed
10327,6,9,3,55,284,2024-04-02,in_transit
10328,4008,7,2,108,288,2026-03-12,completed
10329,57,7,5,30,88,2024-01-05,completed
10330,4037,10,7,28,226,2026-02-10,completed
10331,3172,7,3,161,31,2025-01-30,completed
10332,4119,8,10,267,253,2023-01-26,cancelled
10333,4829,1,8,285,274,2023-05-29,completed
10334,2907,5,7,244,39,2024-06-24,completed
10335,1947,5,4,33,48,2023-06-26,cancelled
10336,2729,1,7,297,37,2026-07-25,in_transit
10337,1601,4,1,164,249,2023-04-23,completed
10338,4767,6,1,2,295,2023-08-08,completed
10339,1682,5,6,84,210,2025-06-14,in_transit
10340,807,6,8,115,27,2026-03-05,completed
10341,3927,4,2,218,267,2025-01-05,cancelled
10342,32,10,2,116,211,2024-11-30,completed
10343,1102,4,2,160,137,2025-07-13,in_transit
10344,3863,2,5,199,85,2024-06-05,completed
10345,4423,6,1,37,168,2025-02-18,completed
10346,2906,9,1,237,292,2026-06-26,completed
10347,3621,9,8,284,291,2023-09-13,cancelled
10348,4495,9,4,46,251,2024-01-09,completed
10349,1145,8,1,299,19,2025-04-28,completed
10350,4682,10,9,205,270,2025-06-15,completed
10351,484,9,4,59,111,2024-10-19,completed
10352,246,7,6,168,51,2026-06-13,completed
10353,4570,4,6,216,119,2025-05-02,completed
10354,1778,6,5,146,103,2025-04-14,completed
10355,4224,9,1,18,245,2025-02-23,completed
10356,728,6,10,200,96,2023-02-06,cancelled
10357,289,6,10,51,77,2023-10-06,completed
10358,661,9,8,113,236,2026-02-23,completed
10359,1479,2,10,126,200,2023-11-15,completed
10360,3037,3,9,34,133,2025-06-17,in_transit
10361,4936,10,3,173,75,2025-12-29,completed
10362,497,9,6,261,196,2023-10-30,completed
10363,1726,1,5,155,73,2024-07-19,completed
10364,3395,1,9,74,130,2023-02-11,completed
10365,2864,8,4,298,57,2023-05-02,completed
10366,2642,1,3,34,43,2024-06-04,completed
10367,2616,9,7,245,183,2025-04-09,completed
10368,600,1,2,298,111,2026-03-30,completed
10369,2177,9,2,196,145,2025-05-26,completed
10370,4585,1,9,62,201,2025-04-19,in_transit
10371,4121,9,6,78,214,2024-10-26,cancelled
10372,4883,1,9,297,233,2025-10-12,completed
10373,3454,1,6,210,169,2023-02-20,completed
10374,3874,3,2,182,149,2023-03-18,completed
10375,3477,1,5,171,35,2025-10-21,completed
10376,2732,5,1,229,249,2024-06-26,completed
10377,3339,4,6,217,249,2026-02-11,completed
10378,560,6,9,187,163,2026-02-21,completed
10379,79,6,2,71,186,2025-04-10,completed
10380,4128,1,7,208,70,2023-07-27,completed
10381,1243,2,7,1,134,2026-06-15,completed
10382,3304,10,8,92,124,2023-05-30,completed
10383,647,4,7,56,238,2024-07-14,completed
10384,2271,6,2,55,265,2023-07-04,completed
10385,2652,7,3,219,210,2023-08-23,completed
10386,2432,6,1,280,72,2025-11-27,completed
10387,1080,1,2,63,20,2023-02-16,completed
10388,374,1,10,183,56,2026-03-16,in_transit
10389,4906,6,1,86,172,2025-01-30,cancelled
10390,2798,2,3,54,184,2024-04-28,completed
10391,573,3,6,8,75,2023-06-08,completed
10392,3914,6,3,145,231,2023-07-02,completed
10393,3071,3,9,67,208,2026-01-26,completed
10394,2269,2,4,186,259,2023-11-13,completed
10395,2,8,3,70,280,2025-11-05,completed
10396,3972,5,2,5,63,2025-07-27,completed
10397,4292,2,3,98,230,2023-04-14,completed
10398,4348,8,5,26,42,2024-11-21,completed
10399,1031,8,3,22,92,2025-11-14,completed
10400,2900,7,5,249,164,2025-01-05,in_transit
10401,1875,2,4,139,182,2024-12-26,completed
10402,1461,2,6,16,235,2025-01-07,completed
10403,523,1,3,101,157,2024-05-17,completed
10404,3585,9,7,184,99,2025-12-27,cancelled
10405,3333,5,8,241,60,2024-03-30,completed
10406,4756,10,5,204,206,2026-07-07,completed
10407,4292,3,7,97,45,2024-03-26,completed
10408,4013,2,4,187,141,2023-03-27,completed
10409,3681,4,10,110,167,2023-12-30,cancelled
10410,126,8,5,119,65,2024-08-11,completed
10411,4449,9,8,165,34,2023-03-21,completed
10412,1040,8,6,153,207,2026-05-04,cancelled
10413,1463,9,6,72,24,2024-02-18,completed
10414,1907,10,1,216,19,2023-07-01,cancelled
10415,3673,1,3,13,232,2024-03-02,in_transit
10416,3166,7,9,136,297,2026-03-29,completed
10417,4686,2,7,9,19,2023-08-23,completed
10418,4961,6,9,235,32,2023-06-15,completed
10419,1537,3,4,296,99,2024-10-23,completed
10420,2946,5,10,194,262,2026-02-19,completed
10421,4161,2,4,63,232,2024-08-13,completed
10422,4058,4,5,252,271,2025-01-29,completed
10423,783,3,1,80,67,2024-12-25,completed
10424,2300,1,3,34,201,2024-01-31,completed
10425,47,4,6,272,298,2024-04-05,completed
10426,1024,9,2,121,187,2025-11-13,in_transit
10427,3492,6,7,141,21,2026-06-24,completed
10428,656,6,10,14,39,2026-06-09,completed
10429,1767,6,8,229,219,2024-12-03,completed
10430,1284,7,10,286,72,2025-05-09,completed
10431,2557,4,9,223,225,2025-11-19,completed
10432,1868,7,8,172,145,2023-11-19,completed
10433,2659,1,3,37,60,2023-08-07,completed
10434,22,2,7,8,72,2026-07-03,completed
10435,1495,7,9,214,21,2024-07-19,cancelled
10436,1172,10,8,56,266,2024-05-24,completed
10437,3894,2,4,234,33,2025-03-07,completed
10438,2112,8,7,16,103,2026-04-23,completed
10439,4878,2,4,286,296,2024-08-16,completed
10440,1682,9,1,217,55,2024-02-22,completed
10441,2390,3,6,45,27,2023-12-07,completed
10442,3695,3,1,1,265,2023-04-06,completed
10443,2003,3,4,244,74,2025-01-20,completed
10444,1178,10,2,210,58,2026-03-10,completed
10445,3857,9,7,176,226,2024-12-19,completed
10446,2095,2,5,192,221,2023-02-09,completed
10447,709,8,3,219,265,2024-01-23,in_transit
10448,572,7,10,51,72,2025-06-11,completed
10449,2524,7,5,236,130,2024-11-13,in_transit
10450,2212,6,9,145,152,2026-02-14,completed
10451,2996,4,3,286,165,2024-06-23,completed
10452,1628,6,7,100,219,2023-04-14,completed
10453,795,10,6,144,295,2023-11-20,completed
10454,2487,4,10,76,47,2023-03-21,completed
10455,1650,4,7,239,230,2026-05-16,in_transit
10456,1363,1,5,163,86,2024-11-14,completed
10457,4906,8,10,2,94,2024-04-16,completed
10458,4607,8,1,95,71,2023-03-09,completed
10459,2844,1,7,116,27,2023-09-23,cancelled
10460,4287,4,8,76,271,2023-11-20,completed
10461,4285,7,4,283,151,2023-10-30,completed
10462,2150,6,5,40,98,2023-10-08,completed
10463,2653,6,10,69,106,2023-11-09,cancelled
10464,2342,5,1,243,39,2026-03-20,completed
10465,2535,8,2,163,242,2026-04-01,completed
10466,2077,5,1,136,32,2023-07-28,cancelled
10467,159,1,8,27,123,2023-09-29,completed
10468,4470,3,6,26,282,2025-11-04,completed
10469,3638,10,6,7,228,2026-07-03,completed
10470,2302,8,1,82,271,2024-04-09,completed
10471,3413,3,4,279,223,2023-02-08,completed
10472,1674,3,8,4,83,2024-12-19,cancelled
10473,4365,5,9,202,66,2023-10-30,completed
10474,3620,1,3,179,106,2024-03-01,completed
10475,4829,8,5,269,232,2023-11-07,completed
10476,435,6,8,211,93,2024-11-20,completed
10477,1467,1,4,159,73,2025-11-08,completed
10478,4442,1,4,281,105,2024-08-21,completed
10479,218,5,6,265,25,2024-10-19,completed
10480,4986,9,7,147,110,2024-01-10,completed
10481,1352,8,3,203,225,2025-12-01,cancelled
10482,4270,5,1,142,216,2024-05-04,cancelled
10483,3380,2,8,51,112,2025-07-06,completed
10484,3642,2,9,157,299,2025-08-08,completed
10485,2016,3,10,71,107,2025-08-27,completed
10486,2175,9,5,249,253,2023-09-14,completed
10487,1144,4,10,77,73,2025-01-04,in_transit
10488,2150,4,7,264,82,2024-05-25,in_transit
10489,4436,7,4,15,176,2025-11-08,completed
10490,1291,9,8,127,250,2023-05-17,completed
10491,1373,4,7,239,260,2024-02-29,completed
10492,4188,7,2,215,120,2024-05-28,completed
10493,923,10,8,188,265,2026-01-30,completed
10494,4306,6,2,119,299,2023-04-25,completed
10495,1533,1,5,102,219,2023-04-06,cancelled
10496,4135,7,4,105,70,2026-01-30,in_transit
10497,3300,5,9,3,249,2026-01-30,cancelled
10498,2983,6,3,275,202,2023-04-25,completed
10499,4,10,3,106,99,2024-05-27,completed
10500,2396,7,5,242,59,2024-12-04,completed
10501,2450,2,8,183,92,2023-04-19,completed
10502,3017,6,4,77,174,2025-02-23,completed
10503,4946,9,2,102,81,2026-02-23,completed
10504,3211,3,9,118,50,2025-02-21,completed
10505,1911,3,5,5,198,2023-08-04,completed
10506,2292,4,3,157,218,2024-01-14,completed
10507,3095,10,5,280,295,2024-03-14,completed
10508,4681,2,8,291,69,2023-09-11,completed
10509,3810,7,1,222,126,2024-08-07,cancelled
10510,3773,4,5,259,58,2023-08-09,completed
10511,1819,9,5,218,64,2023-10-13,completed
10512,3733,7,8,237,62,2023-08-29,in_transit
10513,4307,4,2,230,253,2025-05-20,in_transit
10514,1916,10,2,217,102,2023-08-21,completed
10515,3143,9,2,44,101,2026-05-30,completed
10516,1741,4,7,243,220,2025-09-27,cancelled
10517,139,3,10,146,139,2023-04-29,completed
10518,4237,2,10,271,88,2023-08-12,completed
10519,3470,7,10,142,62,2025-01-19,completed
10520,1488,9,5,289,13,2023-08-22,completed
10521,4504,5,4,158,89,2024-05-08,completed
10522,1701,3,8,89,108,2024-03-29,in_transit
10523,881,4,2,92,229,2026-05-21,in_transit
10524,2736,2,4,258,77,2026-01-22,completed
10525,4257,10,7,253,204,2025-04-17,cancelled
10526,4769,3,1,139,150,2024-11-24,completed
10527,3965,6,5,223,259,2025-01-15,completed
10528,1229,8,7,199,172,2023-09-19,completed
10529,4658,5,2,236,280,2023-08-16,completed
10530,354,2,5,249,191,2025-11-20,completed
10531,3641,4,8,91,82,2023-11-26,completed
10532,3705,6,1,291,23,2024-12-17,completed
10533,399,2,1,134,263,2026-07-04,completed
10534,795,4,9,235,98,2024-11-20,completed
10535,2513,5,9,138,155,2023-08-07,completed
10536,870,9,6,286,270,2024-10-22,cancelled
10537,3101,9,1,145,81,2024-12-28,cancelled
10538,4897,6,7,269,11,2023-11-18,completed
10539,3802,10,7,222,295,2023-09-20,cancelled
10540,3149,5,3,281,56,2025-04-05,completed
10541,603,7,1,113,237,2025-12-20,completed
10542,1237,6,4,192,13,2023-04-13,completed
10543,4458,8,2,136,269,2024-03-07,completed
10544,1641,6,10,300,38,2026-07-05,completed
10545,1861,8,2,158,251,2024-08-31,completed
10546,4593,9,5,116,67,2023-10-27,cancelled
10547,3239,10,1,75,12,2026-02-04,completed
10548,1684,4,9,274,150,2025-09-22,cancelled
10549,2357,7,8,111,265,2024-10-30,in_transit
10550,4454,10,4,228,100,2026-05-22,completed
10551,3659,1,3,75,192,2023-08-05,completed
10552,1109,7,6,156,43,2025-05-08,cancelled
10553,188,9,10,284,234,2026-01-01,in_transit
10554,2244,5,8,122,292,2023-01-26,in_transit
10555,173,4,9,251,240,2023-12-18,completed
10556,707,8,4,169,238,2025-08-25,completed
10557,3147,1,2,98,89,2025-12-05,completed
10558,1819,9,7,201,155,2024-07-23,completed
10559,174,4,9,177,77,2025-06-01,completed
10560,212,5,3,127,148,2026-06-25,completed
10561,1246,10,2,29,284,2024-09-19,in_transit
10562,3866,7,8,94,57,2023-04-27,completed
10563,1651,1,2,45,17,2025-03-03,completed
10564,1978,10,4,174,148,2024-10-20,cancelled
10565,387,3,1,77,121,2023-11-04,completed
10566,2020,1,4,231,107,2026-01-06,completed
10567,606,3,1,227,113,2025-01-21,completed
10568,94,2,4,25,126,2024-10-27,completed
10569,1280,2,6,273,257,2023-03-29,cancelled
10570,4988,7,8,197,59,2025-08-14,completed
10571,3965,4,2,236,285,2023-08-19,completed
10572,4505,9,8,290,112,2024-10-23,cancelled
10573,3312,3,8,291,59,2024-08-31,completed
10574,2579,4,7,111,141,2024-08-15,completed
10575,4909,1,9,151,160,2023-05-22,completed
10576,734,2,6,206,131,2024-03-25,completed
10577,192,6,7,187,139,2024-08-25,completed
10578,2337,6,1,274,18,2024-08-04,completed
10579,3545,3,10,228,74,2023-10-05,cancelled
10580,195,6,8,116,157,2024-05-25,completed
10581,1124,10,8,248,62,2024-10-06,completed
10582,2546,3,7,110,204,2024-08-29,completed
10583,495,9,5,142,141,2026-01-02,completed
10584,2941,3,7,77,296,2025-03-13,completed
10585,54,6,2,112,79,2025-10-15,completed
10586,3104,8,10,71,223,2023-01-08,completed
10587,4225,10,6,193,191,2024-03-16,completed
10588,130,7,6,252,78,2026-02-11,in_transit
10589,2816,9,3,41,206,2024-05-31,completed
10590,1251,4,7,213,290,2026-06-28,cancelled
10591,4193,7,10,156,36,2023-09-20,completed
10592,3351,4,1,225,139,2023-01-01,in_transit
10593,4753,10,5,231,61,2024-05-13,completed
10594,2603,8,2,181,73,2026-02-26,in_transit
10595,1831,1,5,82,221,2023-02-12,completed
10596,2413,8,7,88,107,2023-01-31,completed
10597,708,4,9,138,126,2026-03-09,completed
10598,1035,4,6,76,137,2025-05-11,completed
10599,1035,3,10,12,23,2023-03-22,completed
10600,733,3,6,119,166,2023-11-22,completed
10601,4847,1,9,187,154,2023-10-23,completed
10602,3325,4,1,65,287,2024-01-25,completed
10603,3350,2,8,165,100,2025-06-15,completed
10604,850,7,2,155,176,2025-03-24,completed
10605,1473,7,2,229,24,2023-05-12,completed
10606,2825,8,9,269,29,2023-05-05,in_transit
10607,3402,5,7,94,282,2025-12-12,completed
10608,394,10,2,252,69,2026-06-22,completed
10609,3488,10,5,96,141,2023-05-26,completed
10610,4524,10,8,123,133,2023-03-12,completed
10611,2998,9,7,173,145,2024-07-29,completed
10612,53,6,7,109,215,2023-03-21,completed
10613,1370,3,6,150,102,2024-10-10,cancelled
10614,2900,5,8,75,61,2023-06-09,completed
10615,3176,4,8,230,49,2023-05-24,cancelled
10616,717,9,6,16,52,2023-12-02,in_transit
10617,2965,9,7,289,122,2026-04-29,completed
10618,1177,8,6,72,238,2025-12-06,cancelled
10619,3316,9,5,228,70,2023-07-09,completed
10620,4219,5,9,231,191,2024-02-13,completed
10621,1727,8,5,116,237,2023-11-11,completed
10622,193,4,9,255,210,2023-05-06,completed
10623,374,10,5,16,137,2023-12-10,completed
10624,4984,9,4,227,184,2023-11-27,completed
10625,4110,5,8,138,193,2025-05-24,completed
10626,431,6,2,174,18,2026-01-21,completed
10627,2330,3,5,21,88,2026-04-14,completed
10628,1987,4,6,71,165,2025-01-04,completed
10629,4272,4,6,185,91,2024-01-19,completed
10630,3521,7,3,138,42,2024-06-26,completed
10631,665,7,1,276,194,2023-07-22,in_transit
10632,4196,2,4,274,35,2026-07-14,completed
10633,796,4,9,154,230,2025-06-22,completed
10634,3959,6,5,168,162,2025-05-06,completed
10635,36,8,6,81,145,2023-07-22,completed
10636,3726,5,3,237,94,2025-06-09,cancelled
10637,4119,2,9,179,62,2025-08-19,cancelled
10638,2509,10,1,142,258,2024-02-27,completed
10639,345,1,9,20,98,2023-01-01,completed
10640,1268,6,5,22,150,2025-06-21,completed
10641,1378,5,9,189,33,2024-05-15,cancelled
10642,2090,5,4,256,55,2025-05-09,completed
10643,1734,8,3,290,157,2023-05-28,in_transit
10644,994,7,3,56,48,2023-03-10,completed
10645,4155,8,2,11,20,2025-03-11,cancelled
10646,1608,6,8,197,84,2024-10-10,completed
10647,1004,6,4,92,184,2024-11-10,completed
10648,4507,8,6,269,127,2025-09-21,completed
10649,957,8,5,188,181,2025-12-21,completed
10650,3108,1,2,237,170,2023-02-14,completed
10651,2647,7,4,141,254,2025-05-06,completed
10652,1373,7,9,92,67,2023-10-28,completed
10653,595,1,2,297,190,2023-04-03,completed
10654,4663,9,8,125,52,2024-04-05,cancelled
10655,3592,7,8,285,55,2023-03-06,completed
10656,2687,5,4,33,41,2024-11-24,completed
10657,2456,3,10,201,13,2023-04-19,completed
10658,716,8,5,13,268,2023-01-29,completed
10659,1536,5,10,150,99,2023-11-26,completed
10660,1546,9,5,60,238,2024-07-26,completed
10661,582,2,6,108,191,2023-05-16,cancelled
10662,3062,5,3,233,200,2024-08-20,completed
10663,1885,8,5,45,166,2025-05-11,completed
10664,4381,2,3,268,32,2024-08-22,in_transit
10665,3752,3,5,102,96,2024-01-14,completed
10666,4713,7,2,188,129,2024-01-03,completed
10667,4829,3,6,171,199,2026-01-04,completed
10668,414,5,7,124,132,2024-09-27,completed
10669,121,5,9,76,252,2026-07-22,completed
10670,2188,1,6,66,180,2024-02-08,completed
10671,3122,3,5,37,92,2025-10-05,in_transit
10672,3730,3,5,228,282,2023-07-08,completed
10673,5000,3,4,8,85,2023-12-28,completed
10674,968,8,5,26,95,2024-04-13,completed
10675,4124,5,7,93,164,2023-01-12,completed
10676,3727,8,9,211,94,2023-09-11,completed
10677,3201,5,1,292,297,2023-06-19,completed
10678,1015,4,7,165,33,2023-08-29,completed
10679,4231,2,7,275,38,2026-04-04,completed
10680,1175,4,1,206,253,2023-05-18,completed
10681,4606,6,4,10,291,2025-04-09,cancelled
10682,3781,5,2,48,126,2023-10-13,completed
10683,4329,3,6,245,236,2024-02-02,completed
10684,2458,3,10,264,206,2024-06-19,in_transit
10685,4378,8,4,147,32,2024-08-20,completed
10686,1060,2,4,17,56,2025-12-29,completed
10687,2627,1,8,252,249,2026-02-19,completed
10688,1588,6,7,241,19,2024-01-18,in_transit
10689,2609,3,7,155,54,2026-05-11,in_transit
10690,4577,5,4,1,231,2026-07-31,completed
10691,2095,4,10,14,269,2025-09-07,completed
10692,3760,3,6,112,216,2023-04-16,completed
10693,826,7,6,13,147,2023-04-09,completed
10694,3585,1,10,136,22,2024-07-11,completed
10695,2713,4,10,37,86,2024-02-29,completed
10696,2145,6,8,22,166,2024-12-12,completed
10697,1177,2,7,101,90,2025-06-08,completed
10698,1758,4,5,277,228,2025-01-07,completed
10699,3564,3,4,191,224,2023-09-20,completed
10700,270,10,4,236,269,2023-03-08,completed
10701,1845,1,5,237,254,2023-02-06,completed
10702,1926,8,10,96,47,2025-04-30,completed
10703,842,5,9,129,146,2024-10-18,in_transit
10704,4166,5,2,161,48,2023-03-02,completed
10705,447,10,7,299,184,2024-01-22,completed
10706,4249,1,7,160,95,2025-03-01,completed
10707,3966,8,6,287,195,2025-10-12,in_transit
10708,3702,9,4,267,23,2026-05-27,completed
10709,529,10,7,249,119,2025-04-27,completed
10710,1488,7,1,265,77,2024-08-19,cancelled
10711,4752,7,9,44,21,2026-03-27,completed
10712,3252,2,8,275,42,2023-03-22,completed
10713,1120,7,10,236,145,2026-04-07,completed
10714,1123,7,6,162,235,2023-11-26,completed
10715,4191,5,7,266,110,2025-06-08,completed
10716,4100,10,6,77,44,2025-12-22,cancelled
10717,1787,4,1,230,32,2024-02-29,completed
10718,4272,6,2,91,138,2023-08-19,completed
10719,3809,8,3,279,181,2023-11-01,completed
10720,4545,6,5,230,47,2024-05-25,completed
10721,176,3,8,261,240,2023-06-21,cancelled
10722,548,4,7,224,296,2026-03-11,completed
10723,2493,5,1,292,14,2023-03-26,completed
10724,1713,6,10,74,197,2024-12-02,completed
10725,3683,8,5,125,221,2025-12-28,completed
10726,1073,9,1,297,278,2025-07-07,completed
10727,4557,1,8,152,275,2025-08-18,completed
10728,1097,1,5,215,56,2024-09-26,completed
10729,3205,2,10,287,288,2024-10-10,completed
10730,4525,9,10,97,184,2023-10-03,completed
10731,4326,9,1,1,235,2024-08-24,completed
10732,3394,8,5,7,111,2024-06-30,completed
10733,4163,8,1,95,34,2023-01-03,completed
10734,16,8,2,49,42,2023-11-01,completed
10735,1796,4,7,203,210,2023-10-18,cancelled
10736,1255,6,7,227,13,2025-05-08,completed
10737,4592,9,10,155,75,2025-07-01,completed
10738,3323,7,5,272,146,2025-01-13,completed
10739,4358,10,9,19,142,2023-10-14,completed
10740,1559,1,6,298,193,2024-12-27,completed
10741,4454,4,10,235,215,2025-06-17,completed
10742,447,1,3,264,28,2023-12-04,completed
10743,4755,5,9,247,296,2026-05-20,completed
10744,2081,8,1,9,218,2024-05-25,completed
10745,893,6,10,261,280,2026-07-03,completed
10746,3033,6,3,213,247,2026-01-02,completed
10747,4223,4,10,230,136,2026-07-04,completed
10748,924,8,5,198,118,2023-11-12,completed
10749,3841,9,5,241,297,2023-03-01,cancelled
10750,4301,5,4,19,130,2024-04-23,in_transit
10751,3048,6,5,193,105,2025-12-13,completed
10752,3868,9,4,19,152,2024-03-20,completed
10753,2645,5,7,83,295,2025-11-05,completed
10754,2110,4,5,231,195,2023-03-28,completed
10755,3800,2,8,74,11,2024-06-29,completed
10756,1498,8,9,289,134,2023-05-13,completed
10757,423,1,10,172,120,2025-11-13,completed
10758,3442,7,8,223,120,2024-03-28,completed
10759,4501,2,8,244,217,2024-07-24,completed
10760,2117,5,7,149,294,2025-10-01,completed
10761,4240,2,8,155,180,2023-03-20,completed
10762,4394,3,6,298,24,2024-09-15,completed
10763,994,1,2,50,78,2026-06-01,completed
10764,4444,8,7,51,244,2025-04-26,completed
10765,1907,10,2,104,43,2025-08-05,completed
10766,1562,9,5,300,161,2024-04-20,completed
10767,3473,7,6,242,134,2025-11-14,completed
10768,541,5,8,23,43,2024-01-25,in_transit
10769,4497,8,6,121,49,2024-06-27,completed
10770,3081,6,10,223,151,2025-11-16,completed
10771,3900,6,4,197,231,2024-06-30,completed
10772,1694,5,10,278,125,2026-02-09,in_transit
10773,216,8,9,84,59,2024-09-18,completed
10774,863,7,9,289,78,2025-12-30,completed
10775,3173,9,5,177,143,2023-10-11,completed
10776,925,5,6,234,84,2023-12-26,completed
10777,859,2,5,70,56,2024-09-10,completed
10778,960,5,8,106,237,2026-04-20,completed
10779,358,2,4,214,175,2025-06-16,cancelled
10780,1931,8,2,94,203,2026-04-17,cancelled
10781,2333,7,5,234,149,2023-01-31,completed
10782,270,10,5,261,264,2023-03-01,completed
10783,4211,2,10,30,251,2023-07-02,completed
10784,3386,1,5,104,259,2024-05-05,completed
10785,2498,9,10,54,258,2026-03-05,completed
10786,925,8,1,185,177,2026-07-23,completed
10787,3318,3,9,151,251,2024-07-12,completed
10788,3805,1,3,162,27,2024-10-26,in_transit
10789,4130,9,2,146,175,2024-01-04,completed
10790,3484,2,9,146,127,2023-06-19,completed
10791,3696,8,9,100,236,2025-04-07,completed
10792,1384,3,6,41,145,2024-05-16,completed
10793,4972,2,3,50,255,2026-02-03,completed
10794,953,1,6,115,265,2024-09-28,completed
10795,2517,3,8,37,72,2025-02-04,completed
10796,2275,2,7,43,297,2023-05-07,completed
10797,4878,6,2,245,241,2024-01-07,completed
10798,3411,1,5,295,150,2023-12-01,completed
10799,443,1,3,189,283,2025-03-22,completed
10800,4274,5,1,69,145,2023-08-06,cancelled
10801,2353,3,4,118,284,2024-09-02,completed
10802,1723,7,3,86,243,2025-06-23,completed
10803,3767,4,7,33,150,2023-08-07,completed
10804,1125,1,3,234,35,2026-05-17,cancelled
10805,4511,4,3,15,238,2026-04-22,cancelled
10806,1959,2,8,122,55,2023-10-30,completed
10807,338,5,3,268,246,2025-12-16,completed
10808,3345,5,3,97,57,2024-10-18,in_transit
10809,550,5,6,33,234,2025-06-10,completed
10810,171,6,7,256,297,2023-01-22,completed
10811,4106,9,8,273,242,2026-03-06,completed
10812,2712,1,4,269,208,2024-10-22,completed
10813,2373,3,10,295,168,2023-02-10,completed
10814,4986,8,1,224,271,2026-01-26,in_transit
10815,2924,5,4,45,110,2025-02-18,completed
10816,969,8,6,212,154,2024-10-24,completed
10817,4819,1,3,248,83,2026-01-04,in_transit
10818,1351,6,1,128,176,2024-02-08,completed
10819,2975,8,3,36,102,2024-05-17,in_transit
10820,4407,8,9,201,22,2025-02-12,cancelled
10821,4638,7,1,261,88,2023-02-25,completed
10822,3670,2,5,191,12,2025-03-06,completed
10823,1114,2,10,21,215,2025-01-24,completed
10824,3889,4,5,61,91,2025-02-05,completed
10825,302,10,6,267,288,2023-07-13,completed
10826,1431,5,2,287,285,2024-03-21,cancelled
10827,2427,7,4,155,89,2026-05-11,completed
10828,2902,6,2,50,73,2024-05-23,cancelled
10829,4057,8,4,36,163,2025-04-17,completed
10830,4532,10,2,126,214,2026-02-19,completed
10831,3397,10,5,184,294,2023-02-21,completed
10832,1201,9,2,45,201,2025-09-17,completed
10833,1309,6,1,197,25,2026-02-12,completed
10834,3159,4,6,118,72,2026-03-03,cancelled
10835,3581,8,10,54,258,2024-02-03,completed
10836,3540,3,1,74,95,2023-11-16,completed
10837,3915,9,2,147,100,2026-02-25,in_transit
10838,4144,1,6,147,247,2024-05-04,completed
10839,4415,6,3,8,278,2026-05-25,cancelled
10840,568,8,4,293,29,2023-11-13,completed
10841,3949,1,6,206,189,2023-07-02,completed
10842,1432,5,3,263,81,2024-09-09,completed
10843,3045,6,8,135,221,2023-05-14,completed
10844,2543,5,3,76,98,2026-02-22,completed
10845,961,2,5,274,154,2026-03-03,completed
10846,3736,7,8,182,83,2023-05-29,cancelled
10847,630,8,3,260,37,2024-02-25,completed
10848,292,10,2,226,107,2024-10-04,completed
10849,105,7,3,287,172,2025-04-20,in_transit
10850,1585,6,9,201,282,2025-02-20,completed
10851,1919,3,7,31,75,2025-05-26,completed
10852,3866,5,3,269,206,2026-07-07,completed
10853,2744,3,9,271,140,2023-03-17,completed
10854,908,5,4,124,86,2025-08-05,completed
10855,1082,5,10,300,149,2023-08-28,completed
10856,848,6,8,127,271,2026-06-01,cancelled
10857,1253,7,10,100,105,2026-07-08,completed
10858,2795,7,9,151,58,2025-05-27,completed
10859,717,7,3,145,145,2026-05-07,completed
10860,977,3,7,289,170,2024-03-05,completed
10861,112,9,8,223,69,2024-01-16,completed
10862,301,9,2,212,219,2024-07-12,completed
10863,1589,2,9,13,60,2024-03-04,completed
10864,32,9,6,130,207,2024-02-10,completed
10865,4109,7,1,281,222,2026-07-12,completed
10866,2353,10,5,236,245,2026-07-12,cancelled
10867,1956,2,9,71,40,2026-03-18,completed
10868,2234,6,1,23,239,2023-11-18,completed
10869,4132,1,9,39,246,2023-06-19,completed
10870,3416,4,5,80,255,2023-03-13,completed
10871,4978,5,10,141,145,2023-09-30,completed
10872,3258,2,1,10,289,2026-03-02,completed
10873,3221,8,3,98,91,2025-10-11,completed
10874,1148,8,7,119,260,2023-04-20,completed
10875,2652,9,5,164,299,2024-08-26,in_transit
10876,4966,2,4,165,150,2025-09-25,completed
10877,1292,5,2,140,45,2023-11-23,completed
10878,1291,4,5,103,203,2026-05-17,completed
10879,533,9,2,263,147,2025-06-14,completed
10880,307,6,8,254,55,2024-04-09,completed
10881,4805,4,9,265,107,2024-01-31,completed
10882,1602,9,1,186,43,2023-05-06,completed
10883,178,5,10,75,133,2023-12-25,completed
10884,3524,2,6,255,265,2025-02-25,completed
10885,3972,8,9,271,25,2025-04-05,in_transit
10886,3082,9,1,197,132,2024-09-28,completed
10887,158,2,4,61,34,2025-04-23,completed
10888,4203,2,4,155,189,2025-09-20,completed
10889,3346,2,5,111,217,2023-08-17,completed
10890,271,10,3,283,171,2025-11-10,in_transit
10891,3455,6,9,76,129,2023-06-24,completed
10892,1651,2,10,9,188,2025-02-23,completed
10893,1626,8,6,239,221,2024-06-06,completed
10894,2783,5,1,215,246,2023-06-11,cancelled
10895,4580,7,3,167,119,2024-10-11,completed
10896,2874,7,5,290,103,2024-09-19,completed
10897,1641,6,10,289,167,2024-10-04,completed
10898,3075,1,8,19,70,2025-12-01,completed
10899,2169,3,5,81,229,2025-03-12,completed
10900,1854,4,2,154,149,2025-08-23,completed
10901,1410,1,6,128,54,2026-04-30,completed
10902,4188,2,9,105,28,2025-08-05,completed
10903,2059,6,9,2,10,2024-08-13,completed
10904,4483,2,10,229,292,2023-09-22,completed
10905,679,7,2,101,188,2023-12-01,completed
10906,546,3,8,216,179,2024-07-20,in_transit
10907,21,6,2,99,138,2025-06-06,in_transit
10908,3592,8,7,166,176,2025-09-07,completed
10909,695,8,9,123,195,2023-11-13,completed
10910,3066,3,1,110,124,2023-02-10,cancelled
10911,2247,2,5,60,120,2026-04-18,completed
10912,49,7,1,61,152,2025-04-28,completed
10913,3528,1,7,39,97,2026-06-07,completed
10914,1312,8,6,252,299,2024-05-11,completed
10915,2208,5,8,83,49,2025-04-23,completed
10916,1866,9,8,53,36,2023-12-20,completed
10917,4727,2,8,37,42,2023-09-01,completed
10918,2546,3,2,83,252,2026-04-18,completed
10919,1822,9,7,47,186,2025-05-03,completed
10920,3761,2,3,259,191,2024-08-30,completed
10921,4375,4,2,161,75,2024-10-13,completed
10922,4311,7,8,207,24,2024-08-23,completed
10923,4399,9,6,294,118,2026-03-15,in_transit
10924,433,1,4,6,254,2026-07-22,in_transit
10925,4944,3,2,69,289,2024-08-22,cancelled
10926,3237,6,7,6,177,2023-12-02,cancelled
10927,2697,9,5,65,231,2023-02-27,completed
10928,663,4,7,102,213,2023-10-03,completed
10929,3363,1,5,29,297,2024-05-18,cancelled
10930,3295,6,3,297,294,2024-01-04,completed
10931,1489,9,7,171,234,2023-07-24,completed
10932,4625,1,10,82,71,2023-05-02,cancelled
10933,2063,7,1,38,77,2024-01-21,completed
10934,1106,3,6,88,120,2025-01-30,in_transit
10935,3476,2,7,123,176,2023-10-12,completed
10936,4575,2,9,92,266,2023-06-20,cancelled
10937,3074,5,6,235,222,2023-12-11,completed
10938,837,4,7,292,137,2024-10-10,completed
10939,356,4,2,2,145,2025-12-02,completed
10940,1982,4,3,208,53,2024-07-16,cancelled
10941,3833,10,8,3,224,2023-08-18,completed
10942,845,4,2,91,65,2025-09-21,completed
10943,1631,9,5,178,278,2024-03-05,cancelled
10944,4615,1,9,266,253,2024-08-03,cancelled
10945,3356,6,9,209,290,2025-12-15,completed
10946,1963,10,4,203,70,2025-11-14,completed
10947,2273,8,5,3,200,2024-02-26,completed
10948,4825,7,8,126,120,2023-12-30,cancelled
10949,734,2,9,79,124,2026-07-07,completed
10950,896,1,10,50,291,2025-03-15,completed
10951,27,4,3,268,108,2023-09-13,completed
10952,1804,7,5,244,184,2024-09-03,completed
10953,4704,2,3,212,37,2026-01-13,completed
10954,341,10,5,125,215,2023-04-29,completed
10955,2474,2,1,130,104,2024-07-19,completed
10956,3473,10,4,77,260,2026-05-01,completed
10957,1401,2,3,264,246,2025-12-14,completed
10958,4654,4,10,74,127,2024-05-18,completed
10959,1709,2,4,143,134,2023-05-12,in_transit
10960,904,2,4,33,149,2023-12-17,completed
10961,4986,8,4,62,170,2026-01-16,completed
10962,2402,5,4,77,109,2024-11-24,completed
10963,3081,3,8,85,30,2024-01-08,in_transit
10964,4120,3,6,70,296,2025-07-10,completed
10965,3647,8,4,102,76,2025-05-07,completed
10966,692,4,5,17,59,2025-11-28,completed
10967,3496,8,2,291,266,2025-06-07,completed
10968,1881,10,1,278,122,2023-07-17,completed
10969,4953,10,8,40,240,2024-12-29,completed
10970,2216,10,7,215,39,2025-06-26,completed
10971,4551,9,3,254,54,2025-06-16,completed
10972,3636,5,6,143,58,2025-05-13,completed
10973,1034,6,7,50,249,2023-07-21,completed
10974,1898,1,8,12,271,2024-01-16,completed
10975,1971,10,3,134,120,2024-02-21,cancelled
10976,3257,6,5,177,68,2024-07-16,cancelled
10977,3975,1,4,152,63,2025-02-21,completed
10978,3238,2,3,122,124,2024-05-10,completed
10979,4902,2,10,233,212,2023-04-21,in_transit
10980,513,10,9,61,269,2023-02-13,completed
10981,395,10,7,44,254,2025-02-02,cancelled
10982,211,10,2,107,80,2024-08-16,completed
10983,917,1,5,141,105,2024-04-19,completed
10984,1169,1,8,93,211,2024-09-29,completed
10985,2785,6,10,251,208,2025-05-22,completed
10986,4528,4,6,75,108,2026-06-08,completed
10987,3127,6,8,292,193,2024-12-18,completed
10988,1224,3,4,254,191,2023-07-26,completed
10989,1722,10,2,49,173,2023-11-03,cancelled
10990,1451,9,3,208,17,2024-07-20,completed
10991,3900,9,4,191,50,2023-03-29,completed
10992,4668,7,1,14,99,2025-10-02,completed
10993,2314,4,2,91,133,2023-02-15,completed
10994,1155,2,4,53,123,2025-06-14,completed
10995,1283,9,6,76,235,2025-04-13,completed
10996,1497,1,2,111,86,2025-02-21,cancelled
10997,4423,7,6,143,275,2024-11-06,completed
10998,4230,5,1,129,120,2024-04-09,completed
10999,982,2,4,16,242,2024-11-14,completed
11000,1169,4,2,76,180,2024-03-27,completed
11001,4331,8,6,192,83,2024-03-15,completed
11002,2198,6,3,52,182,2023-04-03,completed
11003,3210,3,4,3,145,2024-04-03,completed
11004,4517,4,2,224,278,2023-02-12,completed
11005,1538,5,2,238,109,2024-02-03,cancelled
11006,829,9,4,60,282,2023-12-29,in_transit
11007,274,1,5,255,256,2023-07-06,in_transit
11008,2123,9,2,77,187,2024-05-03,cancelled
11009,1743,6,3,265,266,2026-07-21,completed
11010,2680,8,9,132,243,2026-01-20,completed
11011,3431,1,10,150,238,2024-02-28,in_transit
11012,4446,4,10,284,50,2024-11-15,in_transit
11013,819,6,10,44,113,2025-01-25,cancelled
11014,1011,8,1,249,20,2025-08-25,completed
11015,1870,3,4,284,177,2025-10-15,completed
11016,3238,8,10,25,262,2025-02-07,completed
11017,3348,2,6,75,286,2026-02-03,completed
11018,4927,7,5,74,182,2025-11-17,completed
11019,4302,1,3,251,36,2024-01-11,completed
11020,1625,6,3,43,227,2023-07-24,completed
11021,3929,1,10,15,154,2024-04-15,completed
11022,3524,2,3,19,133,2026-04-19,completed
11023,1260,8,1,263,82,2023-09-14,completed
11024,4269,7,4,28,121,2025-10-14,completed
11025,4384,2,1,76,91,2023-11-23,completed
11026,862,9,10,263,252,2024-11-16,completed
11027,190,5,2,123,292,2025-09-12,completed
11028,3821,7,1,128,15,2024-11-08,completed
11029,904,9,7,250,153,2024-03-25,completed
11030,3044,10,8,34,12,2024-01-06,in_transit
11031,4384,3,4,80,91,2026-01-26,cancelled
11032,193,3,2,131,131,2023-09-23,in_transit
11033,2802,8,6,150,38,2024-10-24,completed
11034,2165,10,4,131,278,2024-10-09,in_transit
11035,1865,6,8,93,20,2023-01-24,completed
11036,1894,7,3,261,207,2023-08-17,completed
11037,4129,2,8,265,141,2023-12-21,completed
11038,698,2,1,76,107,2024-09-20,completed
11039,3661,3,1,233,289,2023-12-17,completed
11040,1482,2,7,24,265,2023-10-14,completed
11041,2611,6,7,164,156,2025-03-15,completed
11042,2923,5,3,293,136,2024-04-10,in_transit
11043,4978,8,7,21,36,2023-03-07,completed
11044,4911,5,6,231,114,2025-11-03,completed
11045,2436,4,2,230,117,2025-06-05,completed
11046,2263,2,4,245,203,2024-06-24,completed
11047,446,5,1,9,127,2024-12-15,completed
11048,4746,2,1,102,62,2026-01-17,completed
11049,686,2,1,276,185,2024-03-15,completed
11050,3568,3,6,219,13,2023-10-14,completed
11051,4028,3,8,245,179,2024-05-09,completed
11052,2253,5,7,300,89,2023-02-11,completed
11053,1749,10,7,25,216,2025-10-05,completed
11054,590,3,7,243,207,2026-03-23,completed
11055,489,10,6,140,66,2026-03-12,completed
11056,4683,4,6,295,237,2025-08-04,completed
11057,1909,10,6,46,187,2025-12-01,completed
11058,1393,8,6,161,111,2025-09-22,completed
11059,1160,8,7,108,238,2023-04-25,completed
11060,421,4,1,11,236,2024-03-01,completed
11061,3677,4,1,296,89,2026-07-19,completed
11062,4671,9,4,213,29,2024-05-03,completed
11063,3630,4,9,222,238,2025-08-17,completed
11064,4680,2,4,31,261,2024-05-18,completed
11065,569,5,1,188,267,2025-12-05,completed
11066,4877,3,1,75,286,2024-08-22,completed
11067,1137,8,9,38,42,2024-07-21,completed
11068,3950,3,6,298,50,2024-10-21,completed
11069,2599,7,8,28,194,2023-05-18,cancelled
11070,730,1,4,57,93,2024-01-16,completed
11071,2785,4,9,133,246,2023-04-13,completed
11072,37,8,4,215,89,2026-01-01,completed
11073,2889,5,3,145,300,2026-03-25,completed
11074,4876,8,2,194,98,2026-06-21,completed
11075,3589,6,3,12,207,2025-12-10,completed
11076,3863,3,9,117,104,2023-05-13,completed
11077,4178,7,9,206,57,2024-07-03,completed
11078,3670,1,5,136,140,2025-04-02,completed
11079,3886,8,10,132,62,2026-02-08,cancelled
11080,1157,1,5,158,221,2023-10-18,completed
11081,3653,8,3,33,282,2024-07-01,completed
11082,611,5,3,117,10,2024-07-15,in_transit
11083,2344,4,6,48,224,2024-04-06,completed
11084,2198,6,3,7,46,2025-01-24,completed
11085,2801,3,4,193,240,2026-04-24,completed
11086,1205,4,6,93,23,2026-06-22,completed
11087,975,7,4,90,162,2026-07-09,completed
11088,2471,4,10,57,103,2025-10-21,completed
11089,4262,2,9,247,217,2024-09-25,completed
11090,4655,9,6,276,120,2024-09-03,completed
11091,3341,3,2,47,87,2024-09-14,in_transit
11092,4223,5,4,125,222,2024-06-07,completed
11093,354,1,4,106,68,2023-10-31,completed
11094,3199,1,8,122,94,2024-05-05,completed
11095,4071,9,1,194,221,2024-10-20,completed
11096,1638,8,7,291,160,2023-12-30,completed
11097,426,6,4,298,162,2023-04-12,completed
11098,4266,7,8,34,73,2025-11-04,cancelled
11099,3745,4,9,276,34,2023-04-27,completed
11100,1560,3,10,201,43,2023-01-22,completed
11101,4173,9,10,145,120,2025-09-08,completed
11102,2501,10,7,18,74,2023-04-29,completed
11103,474,7,3,232,178,2024-09-29,completed
11104,4851,5,7,200,150,2025-02-03,in_transit
11105,664,9,3,70,127,2025-05-27,cancelled
11106,239,4,2,282,250,2026-03-15,completed
11107,2825,2,1,179,22,2023-10-12,completed
11108,4880,4,1,241,288,2024-02-18,completed
11109,2602,4,6,121,250,2025-04-10,completed
11110,2559,8,7,7,66,2026-05-01,completed
11111,3415,6,5,262,245,2024-07-04,completed
11112,4954,8,1,168,81,2025-08-09,completed
11113,2712,4,8,161,240,2023-10-24,completed
11114,4442,7,5,214,206,2023-05-27,completed
11115,3558,2,10,117,18,2024-07-15,completed
11116,3177,5,8,279,197,2025-11-05,completed
11117,1976,7,3,270,228,2024-10-08,completed
11118,2904,4,2,198,299,2025-03-15,completed
11119,1102,4,2,112,176,2023-07-30,completed
11120,3488,2,3,72,183,2024-06-27,completed
11121,2363,2,3,77,179,2026-02-03,completed
11122,3574,6,10,249,135,2025-07-18,completed
11123,2741,7,6,270,175,2025-10-01,cancelled
11124,2781,10,5,288,187,2026-01-07,completed
11125,532,10,1,111,237,2024-07-02,cancelled
11126,105,3,5,285,52,2025-09-02,completed
11127,4697,1,9,138,128,2026-02-12,completed
11128,1757,7,5,66,11,2025-08-16,completed
11129,72,9,4,131,110,2024-08-24,completed
11130,3767,6,3,188,168,2024-01-06,completed
11131,4322,9,8,139,200,2024-08-07,completed
11132,405,2,5,118,209,2023-04-24,completed
11133,1509,2,8,9,15,2023-03-16,completed
11134,2781,5,8,182,219,2024-01-29,completed
11135,360,9,4,23,284,2024-01-18,completed
11136,3001,10,7,133,250,2024-12-09,completed
11137,4266,3,1,280,247,2024-04-09,in_transit
11138,2237,9,8,182,217,2025-01-19,completed
11139,3601,7,4,136,90,2023-09-04,completed
11140,3808,1,5,48,13,2025-08-21,in_transit
11141,2292,1,3,216,131,2023-07-07,completed
11142,3795,5,3,100,50,2023-05-04,completed
11143,909,7,1,245,104,2025-12-09,cancelled
11144,363,2,5,271,225,2025-04-12,completed
11145,3229,5,10,6,21,2024-08-29,completed
11146,175,4,8,141,160,2023-08-19,completed
11147,2880,6,5,290,44,2024-02-26,in_transit
11148,4680,9,3,116,113,2025-08-06,completed
11149,1326,6,4,63,283,2023-07-02,cancelled
11150,776,1,9,176,103,2024-08-26,completed
11151,1029,10,1,36,264,2024-11-15,completed
11152,302,4,8,256,109,2026-05-18,completed
11153,362,3,7,96,121,2024-11-15,completed
11154,3928,10,3,120,89,2024-05-15,completed
11155,2110,1,2,24,228,2025-08-20,completed
11156,4572,5,8,18,239,2023-12-08,completed
11157,1148,7,8,6,239,2025-02-14,completed
11158,790,9,7,149,115,2024-12-31,completed
11159,4529,3,8,298,19,2024-08-22,cancelled
11160,1500,8,7,237,65,2024-04-21,completed
11161,2180,10,2,256,243,2023-04-21,completed
11162,3277,5,2,32,217,2024-05-14,completed
11163,365,8,1,140,83,2025-09-20,completed
11164,1118,5,4,34,224,2023-02-25,completed
11165,2403,4,6,193,256,2025-10-02,completed
11166,4960,1,8,21,210,2024-03-10,completed
11167,3775,2,9,195,140,2026-01-19,completed
11168,1532,2,8,283,87,2024-07-10,in_transit
11169,3494,7,1,145,108,2023-02-19,completed
11170,1840,10,5,89,119,2025-10-14,cancelled
11171,493,8,10,74,200,2023-02-26,completed
11172,2563,9,2,39,280,2025-04-04,completed
11173,2670,10,5,236,159,2025-01-04,completed
11174,3795,9,2,22,96,2026-06-25,completed
11175,3722,1,10,153,103,2024-02-19,completed
11176,3259,9,1,125,283,2024-03-06,completed
11177,3809,1,9,51,43,2025-07-15,completed
11178,783,3,5,156,36,2023-12-14,cancelled
11179,2784,3,1,97,281,2025-09-13,completed
11180,1484,5,9,70,287,2023-03-02,completed
11181,3536,10,1,73,87,2025-06-04,completed
11182,360,3,6,93,266,2026-06-28,completed
11183,370,5,9,255,282,2026-03-25,completed
11184,3492,1,3,207,250,2026-07-31,cancelled
11185,1445,1,7,77,114,2023-06-12,completed
11186,362,7,3,279,45,2026-06-19,completed
11187,255,9,10,129,243,2025-03-10,completed
11188,97,5,9,128,44,2026-01-23,completed
11189,2979,10,3,65,33,2023-08-13,completed
11190,3343,5,8,91,292,2025-05-10,in_transit
11191,2501,8,10,94,243,2025-12-07,completed
11192,4596,1,6,4,256,2024-04-20,completed
11193,1189,3,9,229,99,2023-03-31,completed
11194,305,10,4,98,181,2024-07-02,completed
11195,819,8,7,263,40,2026-03-01,completed
11196,4873,8,5,201,186,2025-01-27,completed
11197,1630,1,4,146,37,2023-06-05,completed
11198,1539,5,7,1,219,2026-07-06,completed
11199,270,4,7,180,109,2026-04-11,cancelled
11200,4724,8,5,263,219,2026-01-12,completed
11201,1973,8,1,285,41,2023-01-12,in_transit
11202,2884,4,6,177,34,2024-03-20,completed
11203,1626,8,9,62,179,2023-06-19,cancelled
11204,4572,2,8,269,168,2023-08-17,completed
11205,4107,2,8,12,138,2026-05-23,in_transit
11206,1514,5,1,96,123,2025-01-03,completed
11207,1121,7,6,55,101,2025-04-05,completed
11208,2844,10,9,118,102,2024-08-03,completed
11209,416,4,7,286,60,2025-06-11,completed
11210,3989,6,3,20,207,2023-07-31,completed
11211,72,6,1,152,148,2026-02-05,completed
11212,3865,10,3,82,103,2024-09-19,cancelled
11213,1744,9,7,251,22,2025-01-13,completed
11214,3757,2,10,266,158,2025-03-20,completed
11215,1964,3,4,201,153,2023-04-03,completed
11216,2583,5,2,13,43,2023-07-12,completed
11217,2946,1,2,88,112,2023-12-22,cancelled
11218,3265,7,8,18,48,2026-01-12,completed
11219,4238,3,7,151,109,2023-06-19,in_transit
11220,2764,9,2,65,228,2023-09-16,completed
11221,410,2,3,93,46,2025-02-05,completed
11222,4357,2,3,91,131,2023-01-22,completed
11223,3755,1,2,76,123,2025-04-08,completed
11224,1766,3,7,4,196,2024-03-30,in_transit
11225,3925,6,2,218,66,2024-03-25,completed
11226,4570,10,6,41,236,2023-11-08,cancelled
11227,3160,4,6,83,283,2026-07-30,completed
11228,2132,10,9,131,291,2025-01-14,completed
11229,4902,6,3,217,170,2023-02-12,completed
11230,4419,2,6,237,220,2023-08-02,completed
11231,1568,5,10,147,75,2024-10-22,completed
11232,3503,1,6,238,285,2025-04-02,completed
11233,685,10,7,3,92,2023-09-07,cancelled
11234,2338,4,2,104,10,2023-10-15,completed
11235,17,1,2,76,269,2023-06-20,completed
11236,333,5,2,205,247,2024-06-17,completed
11237,3173,1,10,182,217,2026-07-13,completed
11238,2573,6,2,16,36,2023-07-27,completed
11239,1109,1,5,42,208,2023-08-14,completed
11240,3325,5,7,3,295,2023-12-18,cancelled
11241,3506,5,7,146,57,2024-01-03,completed
11242,2418,3,10,51,15,2024-05-14,completed
11243,491,8,3,296,55,2024-09-03,completed
11244,2360,7,4,285,154,2024-11-10,in_transit
11245,2769,6,1,230,255,2024-08-10,completed
11246,2431,4,2,36,231,2023-11-16,cancelled
11247,3079,9,5,191,155,2023-05-30,completed
11248,3353,9,8,186,160,2024-01-17,completed
11249,1639,4,3,94,296,2026-06-14,completed
11250,1177,4,10,23,278,2024-03-19,completed
11251,2268,10,5,131,156,2026-03-14,completed
11252,3667,6,5,280,28,2026-01-12,completed
11253,1054,8,3,62,181,2023-01-27,cancelled
11254,2859,7,10,96,10,2026-04-25,completed
11255,4487,6,2,181,234,2024-02-24,in_transit
11256,2363,9,1,265,261,2025-05-17,completed
11257,4709,4,6,251,279,2025-04-08,completed
11258,1975,2,4,246,91,2023-11-22,cancelled
11259,163,8,5,244,234,2026-03-12,completed
11260,1524,7,1,6,62,2025-04-26,completed
11261,461,8,7,148,288,2025-03-25,completed
11262,2424,3,8,227,73,2023-03-21,completed
11263,3933,9,10,87,134,2023-10-26,completed
11264,1805,5,4,37,222,2025-05-22,completed
11265,2701,2,4,11,289,2025-12-06,completed
11266,1952,10,8,185,209,2026-04-06,completed
11267,2187,9,8,205,72,2024-12-11,completed
11268,1718,8,9,287,131,2025-11-12,in_transit
11269,311,6,9,66,228,2025-11-21,completed
11270,3946,1,7,113,139,2024-07-26,cancelled
11271,4098,3,9,82,155,2023-11-13,cancelled
11272,4911,1,7,69,233,2025-05-05,completed
11273,4641,7,5,206,122,2025-07-13,completed
11274,3319,7,6,141,30,2024-06-21,completed
11275,2066,5,2,136,176,2026-05-17,completed
11276,1093,5,2,74,231,2026-06-30,completed
11277,1226,2,10,29,142,2026-01-13,completed
11278,1243,8,7,289,14,2024-12-09,completed
11279,3419,3,1,183,19,2025-03-05,in_transit
11280,1146,2,7,131,109,2026-03-09,completed
11281,3303,9,6,265,21,2025-03-10,completed
11282,224,7,10,171,282,2023-03-03,completed
11283,1863,1,7,87,182,2025-12-15,completed
11284,4110,7,6,5,20,2024-05-11,completed
11285,2135,5,6,48,33,2025-04-28,completed
11286,126,10,5,56,216,2025-12-15,completed
11287,167,2,3,107,33,2025-07-13,completed
11288,848,5,3,210,233,2026-05-19,completed
11289,1839,8,4,187,35,2024-12-20,completed
11290,1475,4,6,2,55,2026-02-21,completed
11291,4724,10,3,243,126,2023-09-25,cancelled
11292,1119,5,2,248,25,2024-12-18,completed
11293,709,1,10,153,119,2023-10-30,cancelled
11294,3277,1,4,125,182,2024-05-06,completed
11295,4080,2,6,28,94,2025-10-22,completed
11296,2646,3,9,146,267,2025-07-05,completed
11297,1375,3,2,252,159,2023-12-29,completed
11298,2389,3,4,127,238,2026-02-13,completed
11299,4808,1,3,228,258,2026-02-15,cancelled
11300,3253,7,10,241,90,2026-06-02,completed
11301,2313,9,3,41,188,2023-08-13,completed
11302,4418,6,1,85,152,2025-11-08,cancelled
11303,959,3,9,280,92,2023-04-15,completed
11304,1695,3,10,266,18,2023-02-23,completed
11305,2817,4,5,88,263,2025-04-17,in_transit
11306,3972,6,1,120,252,2024-06-22,completed
11307,565,8,7,97,264,2025-02-12,in_transit
11308,3113,8,3,194,38,2023-03-08,completed
11309,4368,8,2,45,76,2026-03-04,completed
11310,2997,3,6,118,106,2023-12-02,completed
11311,2558,4,7,106,40,2023-08-21,cancelled
11312,4534,9,10,37,258,2024-02-10,cancelled
11313,2755,10,3,164,90,2025-11-21,completed
11314,2572,10,6,164,221,2025-09-21,completed
11315,285,1,6,10,204,2026-05-19,cancelled
11316,1053,10,8,126,205,2025-10-24,completed
11317,1422,7,6,197,262,2023-03-24,completed
11318,1438,4,9,168,283,2025-08-26,completed
11319,4385,7,5,111,180,2025-08-02,completed
11320,4356,3,4,108,155,2026-06-10,completed
11321,755,9,2,39,139,2023-02-21,in_transit
11322,3812,2,1,218,135,2025-07-04,in_transit
11323,1498,8,6,73,67,2025-02-06,completed
11324,4233,9,10,71,73,2023-08-11,completed
11325,79,7,3,60,170,2025-01-17,completed
11326,4940,5,7,132,99,2023-07-17,in_transit
11327,3443,3,9,167,172,2026-04-19,completed
11328,566,3,8,3,272,2026-04-05,completed
11329,3470,5,7,13,119,2023-08-27,completed
11330,4881,1,8,172,97,2024-07-28,completed
11331,326,7,6,251,23,2026-06-30,completed
11332,94,5,1,153,256,2023-04-30,completed
11333,4047,1,3,61,229,2025-03-03,in_transit
11334,1587,10,4,210,296,2023-07-06,completed
11335,63,10,2,160,44,2025-04-26,completed
11336,1130,3,6,68,37,2026-01-08,cancelled
11337,1268,9,7,100,282,2024-05-26,completed
11338,3642,2,5,81,299,2024-08-12,completed
11339,1496,9,5,56,13,2026-04-13,completed
11340,520,2,4,284,192,2024-08-04,completed
11341,4668,1,2,15,174,2026-04-13,completed
11342,3071,5,9,151,221,2025-12-30,completed
11343,2999,1,8,253,154,2025-09-27,completed
11344,2398,3,1,122,11,2025-10-06,completed
11345,706,4,3,99,93,2024-02-23,completed
11346,3601,7,2,64,196,2025-08-26,in_transit
11347,3919,4,9,244,48,2025-11-23,completed
11348,4987,6,1,81,125,2024-04-06,completed
11349,364,9,2,135,191,2025-07-07,cancelled
11350,3149,3,4,24,259,2026-02-09,completed
11351,3386,10,9,204,167,2026-01-10,completed
11352,4302,7,10,143,109,2025-02-02,completed
11353,920,2,1,1,61,2026-07-07,completed
11354,2477,8,3,49,20,2024-12-05,completed
11355,4081,3,6,140,277,2023-07-28,in_transit
11356,2426,2,4,250,207,2023-10-20,completed
11357,4860,6,5,15,69,2026-02-11,completed
11358,118,9,7,46,227,2025-10-05,completed
11359,2874,6,1,298,88,2025-01-28,completed
11360,4107,7,2,181,167,2023-05-29,completed
11361,3877,10,6,143,90,2023-09-16,completed
11362,3566,4,2,56,245,2023-01-14,completed
11363,4996,10,4,190,25,2025-05-22,completed
11364,1612,4,9,247,282,2024-04-10,completed
11365,1751,6,9,188,56,2026-07-08,cancelled
11366,4315,4,9,223,148,2026-05-19,cancelled
11367,71,6,5,100,290,2025-03-22,completed
11368,1989,9,3,3,197,2024-01-15,in_transit
11369,598,4,6,280,185,2024-08-24,completed
11370,2657,10,6,128,158,2024-03-07,completed
11371,2534,8,6,294,222,2025-03-19,completed
11372,2495,10,6,257,123,2024-12-03,completed
11373,916,3,1,129,37,2025-10-11,completed
11374,1293,3,8,127,157,2023-02-07,completed
11375,461,9,5,56,153,2025-06-04,completed
11376,1747,3,9,222,279,2023-08-06,completed
11377,445,1,7,169,105,2026-03-25,completed
11378,1829,8,7,300,285,2023-12-10,in_transit
11379,80,6,9,74,56,2023-09-10,completed
11380,1104,7,1,263,208,2025-03-22,cancelled
11381,1058,8,2,11,70,2025-12-31,in_transit
11382,1830,1,5,212,285,2023-10-18,completed
11383,4618,1,5,8,151,2024-07-07,completed
11384,1616,8,6,67,221,2024-08-12,completed
11385,132,9,1,176,233,2024-02-10,completed
11386,3294,2,6,107,187,2024-08-08,completed
11387,484,9,8,105,247,2024-01-11,completed
11388,2490,2,3,296,226,2023-04-29,in_transit
11389,2397,6,3,138,145,2023-09-24,completed
11390,1599,10,8,159,288,2026-07-24,completed
11391,2293,10,5,93,279,2023-08-12,completed
11392,1926,9,5,194,36,2025-09-15,completed
11393,3031,9,1,203,93,2023-04-13,completed
11394,4261,1,3,184,95,2026-07-30,completed
11395,432,1,7,191,104,2023-06-24,completed
11396,4780,6,1,200,181,2025-10-11,completed
11397,4289,9,8,267,163,2023-06-25,completed
11398,2936,10,6,144,27,2023-10-19,completed
11399,2960,4,2,203,128,2023-12-17,completed
11400,772,10,8,216,83,2026-03-29,in_transit
11401,2333,10,7,254,155,2024-04-07,completed
11402,3361,10,4,248,71,2024-11-12,completed
11403,4002,8,7,167,292,2025-03-01,completed
11404,2917,7,1,202,80,2025-04-06,completed
11405,3756,7,5,42,43,2026-01-18,completed
11406,512,1,8,252,124,2025-09-07,cancelled
11407,3832,9,7,191,151,2023-01-20,completed
11408,889,10,4,26,279,2024-04-24,completed
11409,3225,3,10,241,274,2023-05-28,in_transit
11410,3823,1,4,286,278,2023-10-03,completed
11411,4665,8,2,97,187,2024-06-29,in_transit
11412,2478,2,5,193,33,2025-03-09,completed
11413,4736,6,1,98,296,2025-03-14,completed
11414,2644,6,2,271,187,2026-02-05,cancelled
11415,4739,8,6,137,67,2026-04-27,completed
11416,1107,5,8,266,209,2024-08-12,completed
11417,4806,8,9,193,42,2023-08-23,completed
11418,452,10,3,33,75,2026-03-29,in_transit
11419,4046,8,7,6,181,2024-10-14,completed
11420,2898,2,10,124,145,2024-06-28,completed
11421,2007,5,3,37,280,2025-05-24,completed
11422,1978,2,4,279,202,2026-05-11,completed
11423,111,4,2,25,81,2023-02-09,completed
11424,2482,8,7,77,41,2024-09-16,completed
11425,1685,1,3,270,244,2025-01-05,completed
11426,2580,1,10,181,114,2025-01-14,cancelled
11427,315,6,10,166,207,2023-02-11,completed
11428,906,4,10,275,150,2026-07-13,cancelled
11429,799,7,6,112,70,2024-06-08,in_transit
11430,632,3,6,74,274,2023-06-23,completed
11431,784,5,6,221,202,2024-10-10,completed
11432,3989,9,6,205,136,2023-08-12,completed
11433,2950,5,1,51,98,2026-05-16,completed
11434,1435,6,9,74,84,2025-05-08,completed
11435,586,7,8,207,47,2025-09-28,cancelled
11436,2539,1,10,35,259,2025-09-09,completed
11437,4876,10,6,267,42,2025-05-06,completed
11438,469,5,8,176,173,2023-04-12,completed
11439,106,3,8,273,32,2023-09-26,completed
11440,4136,7,1,41,217,2026-05-22,cancelled
11441,1290,10,1,128,249,2024-12-12,completed
11442,10,8,7,13,42,2026-02-12,completed
11443,313,1,9,287,10,2026-07-30,completed
11444,3225,7,3,274,36,2026-02-26,completed
11445,2153,6,3,162,205,2026-02-24,completed
11446,814,2,10,8,242,2024-03-05,completed
11447,370,10,8,106,150,2026-01-04,completed
11448,3553,8,1,226,161,2025-03-08,completed
11449,3634,8,4,209,281,2023-04-10,completed
11450,2143,2,6,247,15,2026-04-02,completed
11451,1269,10,3,49,171,2025-02-09,completed
11452,3343,10,4,123,263,2026-05-27,completed
11453,878,5,6,243,118,2023-02-04,completed
11454,1787,2,6,41,289,2023-12-05,completed
11455,773,10,5,78,175,2023-01-12,completed
11456,3294,5,4,187,134,2023-07-22,completed
11457,2004,9,8,295,60,2025-07-22,completed
11458,547,8,10,98,49,2025-04-02,completed
11459,686,6,10,234,207,2023-04-07,in_transit
11460,2376,7,1,94,45,2023-09-28,completed
11461,1881,6,2,69,47,2024-01-23,completed
11462,4103,6,2,268,165,2026-07-07,completed
11463,3152,6,2,298,113,2023-05-08,in_transit
11464,4087,8,9,256,65,2024-06-10,completed
11465,4040,1,3,232,289,2025-10-04,cancelled
11466,1413,8,3,147,31,2024-04-16,in_transit
11467,3348,7,9,203,12,2025-04-02,completed
11468,555,7,8,287,262,2023-03-05,completed
11469,4179,7,10,180,187,2026-07-28,in_transit
11470,3600,3,10,289,297,2026-03-14,completed
11471,4657,3,8,243,297,2024-04-28,in_transit
11472,2315,2,5,105,222,2026-02-19,completed
11473,2281,1,8,3,258,2025-09-23,cancelled
11474,4665,6,2,105,203,2025-05-16,cancelled
11475,1211,8,4,168,76,2026-06-19,completed
11476,1747,3,2,198,286,2026-06-11,completed
11477,1257,6,8,38,36,2024-04-12,completed
11478,4791,7,4,196,300,2023-12-31,completed
11479,2132,4,2,232,115,2024-05-14,completed
11480,329,5,6,103,173,2023-03-29,completed
11481,1921,8,4,147,265,2026-01-30,in_transit
11482,1393,10,6,52,76,2024-10-08,in_transit
11483,2179,3,7,200,41,2025-07-23,completed
11484,3159,8,3,113,138,2024-04-14,completed
11485,4065,1,3,126,93,2023-08-29,completed
11486,1359,9,1,55,53,2026-06-01,completed
11487,2750,8,10,151,204,2025-11-11,cancelled
11488,316,5,3,263,237,2023-06-13,completed
11489,1759,7,5,245,238,2025-10-21,completed
11490,2840,6,3,243,138,2025-02-20,completed
11491,3307,3,6,57,74,2023-10-22,cancelled
11492,1454,4,1,288,96,2025-11-21,completed
11493,739,9,3,252,139,2025-09-28,completed
11494,1949,10,6,34,220,2023-02-28,cancelled
11495,77,9,5,111,17,2023-04-06,completed
11496,3954,5,3,229,39,2023-11-16,completed
11497,2692,6,8,264,155,2025-10-09,completed
11498,3022,2,10,23,109,2025-09-11,in_transit
11499,75,2,8,34,294,2023-08-31,completed
11500,2705,8,2,177,181,2023-11-29,completed
11501,3344,7,5,35,129,2024-12-09,completed
11502,1742,9,2,92,265,2023-09-08,completed
11503,587,10,7,129,216,2025-08-05,completed
11504,1238,10,4,247,250,2025-06-11,completed
11505,478,1,5,239,297,2023-05-26,completed
11506,3757,8,10,163,217,2023-10-24,completed
11507,4694,4,6,45,82,2026-04-09,completed
11508,1016,10,3,199,51,2025-10-31,cancelled
11509,4267,4,8,219,85,2024-05-05,completed
11510,4980,7,9,297,82,2025-01-21,completed
11511,1019,6,10,228,231,2023-01-19,completed
11512,4660,4,5,182,275,2026-04-11,completed
11513,1932,7,3,179,128,2024-08-19,cancelled
11514,1132,9,5,276,111,2026-07-05,in_transit
11515,387,3,10,114,152,2023-10-21,completed
11516,2862,7,9,162,72,2023-04-04,completed
11517,73,7,3,44,147,2023-08-01,completed
11518,2505,1,7,285,216,2024-04-14,completed
11519,767,9,2,59,128,2025-02-14,completed
11520,4835,1,8,191,97,2024-12-28,completed
11521,170,1,8,52,35,2024-08-18,completed
11522,4128,3,10,53,171,2024-04-08,completed
11523,4058,10,3,87,290,2023-07-18,cancelled
11524,4641,2,7,221,288,2024-12-09,completed
11525,3517,9,1,154,63,2023-10-19,completed
11526,1795,1,10,237,210,2025-07-06,cancelled
11527,1196,1,7,40,33,2023-03-01,cancelled
11528,2370,2,10,272,180,2026-02-15,completed
11529,4808,5,4,85,190,2023-05-27,completed
11530,3872,10,2,52,164,2024-05-28,completed
11531,939,10,7,82,210,2025-10-17,completed
11532,4604,8,4,7,39,2023-11-29,completed
11533,325,7,4,204,59,2024-01-28,completed
11534,4190,7,4,255,109,2025-07-02,completed
11535,2515,8,5,235,291,2023-04-03,completed
11536,3824,8,1,146,219,2025-12-02,completed
11537,715,5,1,90,48,2025-11-25,completed
11538,1181,5,4,182,298,2023-11-04,completed
11539,642,6,9,172,18,2024-03-09,completed
11540,2888,6,9,268,152,2024-07-31,completed
11541,3420,6,7,139,296,2026-05-21,completed
11542,1707,7,3,43,297,2023-07-06,in_transit
11543,1742,3,7,6,86,2026-01-14,cancelled
11544,2944,7,3,16,86,2023-06-06,completed
11545,3433,5,7,239,81,2024-09-10,completed
11546,2041,2,9,275,232,2024-08-04,completed
11547,4226,5,8,152,245,2024-11-10,completed
11548,3557,10,8,151,45,2024-04-22,completed
11549,748,1,3,227,29,2024-02-22,completed
11550,792,6,2,65,213,2025-11-16,completed
11551,2955,4,2,42,226,2026-01-20,in_transit
11552,1870,8,6,78,204,2024-08-10,completed
11553,2501,8,1,132,39,2025-01-15,completed
11554,1811,2,9,23,129,2024-12-26,completed
11555,995,7,8,115,172,2024-08-23,completed
11556,4793,7,9,61,221,2026-01-13,completed
11557,4192,2,4,66,123,2024-06-23,completed
11558,338,6,10,83,231,2025-01-30,completed
11559,4440,6,8,75,166,2024-04-20,completed
11560,3577,10,3,122,82,2025-11-30,completed
11561,1465,9,10,274,182,2026-02-14,completed
11562,4659,8,10,128,155,2026-02-01,completed
11563,4715,5,10,128,295,2025-04-24,completed
11564,4727,1,8,135,265,2025-07-02,completed
11565,3059,3,4,79,23,2025-10-15,completed
11566,3004,7,3,243,121,2024-02-07,completed
11567,1985,9,5,171,257,2026-04-02,in_transit
11568,3809,1,3,10,123,2025-05-22,completed
11569,3312,6,8,7,47,2026-02-11,completed
11570,1179,1,10,192,131,2024-04-13,completed
11571,321,9,1,225,265,2026-07-12,completed
11572,1908,8,7,97,21,2023-07-27,cancelled
11573,1241,1,3,113,300,2024-05-28,completed
11574,1769,4,7,300,75,2024-10-28,completed
11575,2903,5,3,272,230,2023-04-21,completed
11576,1542,4,7,67,73,2023-08-22,completed
11577,734,10,2,6,93,2025-07-28,completed
11578,4539,6,4,298,113,2023-06-10,completed
11579,2090,5,7,98,113,2024-03-28,completed
11580,3140,4,10,51,300,2023-04-05,completed
11581,3164,8,1,221,63,2026-04-04,completed
11582,1564,10,1,126,190,2024-06-21,completed
11583,1020,8,3,98,52,2025-04-02,completed
11584,4087,3,4,228,289,2024-10-29,in_transit
11585,4103,2,8,241,28,2024-11-12,in_transit
11586,3286,1,6,221,282,2026-02-03,completed
11587,2327,10,1,262,135,2025-12-06,cancelled
11588,4431,4,9,75,46,2026-04-01,completed
11589,1361,3,2,65,82,2024-11-12,cancelled
11590,3185,4,6,173,100,2023-07-26,completed
11591,4374,5,1,131,286,2023-05-18,completed
11592,2993,8,7,106,100,2025-11-06,completed
11593,2165,9,1,131,85,2025-12-01,completed
11594,2797,5,6,154,10,2024-05-05,completed
11595,4017,9,8,112,297,2025-08-04,completed
11596,1508,3,4,110,142,2025-09-27,completed
11597,2947,7,2,27,250,2025-03-27,completed
11598,2881,7,4,159,86,2024-02-06,in_transit
11599,889,2,6,61,45,2024-05-16,completed
11600,1052,2,7,124,85,2024-06-27,completed
11601,3962,5,1,81,161,2023-02-04,completed
11602,887,4,9,187,76,2024-04-28,completed
11603,2056,8,5,158,118,2024-03-11,completed
11604,2635,8,7,45,245,2023-02-19,completed
11605,4061,10,1,164,56,2024-01-14,cancelled
11606,645,8,4,216,275,2023-08-07,completed
11607,1516,3,9,36,288,2025-04-02,in_transit
11608,2471,6,5,32,216,2025-11-07,completed
11609,44,6,2,191,37,2025-06-22,completed
11610,2508,3,6,60,161,2025-03-19,completed
11611,4569,6,4,60,41,2023-01-26,completed
11612,1792,1,6,148,274,2023-01-23,completed
11613,4316,8,3,186,220,2024-01-23,completed
11614,944,6,1,218,57,2026-05-26,completed
11615,532,3,8,166,145,2023-03-04,completed
11616,466,2,9,12,230,2026-01-04,completed
11617,4934,9,1,122,150,2026-06-02,completed
11618,1466,3,10,173,146,2026-05-07,completed
11619,3057,10,2,207,67,2025-08-21,completed
11620,3896,5,8,259,253,2025-05-24,cancelled
11621,687,5,2,45,22,2023-03-23,cancelled
11622,3942,3,4,195,30,2026-01-23,completed
11623,487,2,1,38,162,2026-01-11,completed
11624,347,7,10,105,220,2025-05-28,cancelled
11625,890,6,2,28,105,2025-01-06,completed
11626,2087,7,3,164,246,2025-10-28,completed
11627,4838,8,6,165,147,2023-08-15,completed
11628,1453,1,10,275,74,2024-08-16,cancelled
11629,1027,3,8,252,221,2025-01-19,completed
11630,1618,9,1,76,190,2026-02-02,in_transit
11631,2599,10,9,180,252,2025-09-15,completed
11632,4141,6,1,44,108,2024-04-18,completed
11633,3150,5,8,291,203,2025-12-11,completed
11634,1614,2,1,45,271,2025-11-18,completed
11635,3271,2,8,259,245,2025-11-20,completed
11636,545,3,9,166,23,2025-12-07,completed
11637,1604,9,6,135,237,2024-06-19,completed
11638,4705,10,7,51,214,2026-07-28,cancelled
11639,3186,7,4,68,116,2024-07-27,completed
11640,3871,4,3,246,168,2024-09-25,completed
11641,2010,9,10,300,228,2025-12-22,completed
11642,3887,3,7,81,28,2023-10-21,completed
11643,4754,1,6,174,176,2025-05-31,completed
11644,1449,7,4,241,185,2024-01-15,completed
11645,4495,4,8,127,54,2023-11-01,completed
11646,3214,10,3,134,79,2026-05-05,completed
11647,3683,8,10,181,143,2023-05-26,completed
11648,4931,10,5,290,63,2025-03-27,completed
11649,4941,10,9,79,175,2025-03-29,completed
11650,611,9,1,157,66,2023-12-12,in_transit
11651,3040,4,5,296,137,2023-01-15,in_transit
11652,1476,4,10,217,178,2024-09-01,completed
11653,2598,10,9,282,73,2023-07-30,in_transit
11654,2326,2,3,252,151,2025-10-29,completed
11655,1336,3,10,234,153,2025-12-27,completed
11656,3077,10,9,89,39,2025-02-11,completed
11657,3041,5,10,74,132,2025-07-20,completed
11658,2382,2,9,175,163,2023-10-03,completed
11659,1636,5,2,61,102,2023-10-23,completed
11660,2250,10,1,141,155,2025-02-22,completed
11661,1620,5,3,153,279,2023-05-17,completed
11662,852,10,4,291,239,2024-10-29,completed
11663,2363,10,3,157,52,2024-03-16,in_transit
11664,1059,9,8,12,79,2024-01-26,completed
11665,3589,5,2,75,193,2026-07-05,completed
11666,1423,4,8,145,244,2026-01-10,in_transit
11667,2646,7,4,210,291,2023-10-03,completed
11668,3167,4,1,129,37,2024-11-25,completed
11669,4313,2,10,48,210,2025-10-13,completed
11670,1968,3,8,31,212,2023-05-05,completed
11671,913,10,6,277,43,2023-02-21,completed
11672,493,5,8,258,287,2023-08-16,completed
11673,1991,5,10,235,66,2025-12-08,completed
11674,2707,6,1,15,57,2024-07-05,completed
11675,1153,8,9,84,180,2025-04-15,completed
11676,4593,9,2,230,248,2026-05-18,completed
11677,865,9,10,245,120,2025-07-12,completed
11678,565,10,4,179,272,2026-07-19,completed
11679,4588,5,9,291,295,2024-06-29,completed
11680,746,9,6,209,248,2026-01-24,completed
11681,4858,7,5,122,92,2024-07-23,completed
11682,705,1,7,187,140,2025-06-11,in_transit
11683,1027,3,6,219,227,2024-04-13,completed
11684,1621,10,9,236,51,2024-09-08,completed
11685,4076,8,3,206,76,2023-04-12,in_transit
11686,3424,3,10,104,283,2023-01-22,completed
11687,2078,1,4,218,39,2025-12-12,completed
11688,792,4,3,192,52,2026-03-15,completed
11689,2636,10,4,4,256,2024-01-18,completed
11690,428,8,2,262,55,2025-06-06,completed
11691,3082,3,5,158,115,2024-11-12,completed
11692,3579,7,1,6,47,2025-02-16,completed
11693,197,8,5,8,158,2024-08-04,cancelled
11694,2217,1,6,112,34,2023-02-01,completed
11695,1982,4,5,152,121,2023-11-25,completed
11696,4346,1,4,16,174,2024-10-05,completed
11697,2281,8,4,115,94,2024-04-25,completed
11698,3968,1,4,163,246,2025-05-01,completed
11699,1142,2,5,248,59,2024-04-07,completed
11700,3680,5,4,234,300,2025-03-07,cancelled
11701,1385,7,1,177,154,2026-07-09,completed
11702,2133,2,1,119,39,2025-05-13,completed
11703,2581,3,5,218,181,2025-02-07,cancelled
11704,2591,9,2,132,197,2023-03-21,completed
11705,1426,4,5,217,262,2025-01-20,completed
11706,2208,6,1,168,85,2024-09-02,cancelled
11707,164,4,8,32,93,2024-02-16,completed
11708,1614,7,5,61,135,2023-09-23,completed
11709,4253,3,8,251,138,2023-09-28,completed
11710,1267,1,8,253,260,2023-09-11,cancelled
11711,654,6,7,162,28,2023-07-03,completed
11712,1765,10,3,297,110,2024-12-18,cancelled
11713,2688,1,5,165,48,2026-03-21,completed
11714,4803,1,3,274,161,2025-03-07,completed
11715,4612,2,5,41,221,2024-10-06,cancelled
11716,4305,3,9,24,202,2026-04-13,cancelled
11717,3017,9,1,278,69,2025-07-20,completed
11718,2595,7,5,79,180,2025-06-26,cancelled
11719,207,6,9,67,256,2026-02-21,completed
11720,1500,10,8,114,213,2023-05-06,completed
11721,2549,10,4,114,14,2024-10-14,completed
11722,2404,1,9,221,37,2024-08-22,cancelled
11723,4808,9,2,119,299,2024-02-21,completed
11724,1985,9,2,119,111,2025-10-17,completed
11725,2848,3,1,264,108,2023-07-21,completed
11726,1858,2,7,234,62,2025-03-24,completed
11727,3327,10,3,275,142,2023-09-29,cancelled
11728,125,7,10,62,10,2025-06-28,completed
11729,1810,1,2,42,37,2026-01-24,in_transit
11730,1403,8,1,221,154,2025-06-13,completed
11731,2223,10,1,145,41,2026-06-30,in_transit
11732,3542,5,10,104,176,2024-05-05,completed
11733,1358,6,2,291,195,2023-12-14,completed
11734,2532,10,9,266,125,2025-12-26,cancelled
11735,3354,5,10,114,37,2026-05-03,completed
11736,2382,3,6,198,250,2023-11-18,completed
11737,614,4,7,92,245,2024-11-17,completed
11738,4961,1,6,48,212,2024-05-19,in_transit
11739,1804,2,5,37,217,2024-11-03,completed
11740,493,3,7,205,193,2026-02-14,completed
11741,3140,2,5,184,239,2023-09-13,in_transit
11742,2065,4,6,154,129,2024-10-07,completed
11743,2491,9,4,198,74,2023-12-19,completed
11744,2734,10,5,86,201,2024-02-01,completed
11745,4589,4,1,168,192,2025-03-22,completed
11746,990,9,8,282,130,2025-10-23,completed
11747,357,6,1,239,290,2024-07-07,cancelled
11748,2824,8,6,35,190,2023-11-29,in_transit
11749,1441,7,8,10,194,2025-06-15,completed
11750,4908,2,3,258,24,2023-11-26,completed
11751,3071,4,3,243,20,2025-08-22,completed
11752,4174,1,3,31,120,2025-06-01,in_transit
11753,1375,1,7,278,299,2024-11-24,completed
11754,1866,9,10,190,240,2023-01-07,completed
11755,4006,10,8,182,75,2025-05-12,completed
11756,1766,1,5,190,300,2026-02-16,completed
11757,3085,8,6,118,249,2024-11-23,completed
11758,4747,2,8,242,198,2025-09-18,completed
11759,4582,2,6,234,211,2025-10-01,completed
11760,4268,1,4,85,169,2024-11-14,completed
11761,546,2,9,164,251,2025-06-16,completed
11762,3896,5,8,270,20,2023-07-18,completed
11763,1743,3,5,146,92,2026-03-28,cancelled
11764,863,6,1,138,157,2026-03-12,completed
11765,4787,10,5,30,174,2026-01-20,completed
11766,2294,7,6,22,144,2023-11-07,completed
11767,4461,1,5,36,173,2023-02-28,completed
11768,3673,8,10,273,254,2026-05-27,completed
11769,85,7,6,211,77,2026-01-15,completed
11770,4888,10,5,206,103,2025-10-04,in_transit
11771,3895,10,6,11,28,2023-08-16,completed
11772,2351,10,2,281,234,2025-03-01,completed
11773,3422,5,10,56,55,2024-12-20,completed
11774,942,5,6,101,188,2023-02-07,completed
11775,1645,5,7,22,299,2023-07-26,completed
11776,2901,10,5,256,41,2024-03-26,completed
11777,4579,3,10,240,159,2023-04-18,completed
11778,2600,8,6,63,13,2025-05-11,completed
11779,2387,8,10,2,198,2026-01-09,completed
11780,3832,2,7,99,181,2025-12-24,completed
11781,4974,8,10,91,173,2025-10-15,in_transit
11782,1340,6,10,214,253,2025-03-17,completed
11783,527,2,1,293,86,2024-07-25,completed
11784,3210,9,6,253,19,2025-09-30,completed
11785,2538,1,2,170,112,2025-05-11,in_transit
11786,4484,9,7,62,219,2023-08-28,completed
11787,3730,8,3,229,185,2025-06-12,completed
11788,2426,4,1,88,53,2025-07-04,completed
11789,408,4,3,26,156,2023-12-25,cancelled
11790,4198,8,7,152,30,2026-02-01,completed
11791,1221,3,9,199,172,2023-12-13,completed
11792,1208,6,10,264,279,2024-12-16,completed
11793,992,1,7,153,167,2025-04-28,completed
11794,1431,1,10,208,45,2026-02-27,completed
11795,3129,7,10,178,113,2023-02-08,in_transit
11796,1525,8,9,273,47,2026-07-28,completed
11797,3993,4,1,71,101,2026-03-24,completed
11798,1253,9,10,118,129,2023-12-16,cancelled
11799,1058,5,6,116,235,2023-10-19,completed
11800,4687,1,5,78,93,2024-05-12,completed
11801,3655,1,9,268,214,2025-04-06,completed
11802,3647,8,1,24,122,2023-09-08,completed
11803,3106,8,7,155,256,2025-11-08,completed
11804,703,9,2,282,131,2025-07-25,completed
11805,3091,7,3,123,11,2023-04-20,completed
11806,372,7,8,199,48,2023-11-13,completed
11807,1172,8,1,93,103,2026-05-16,completed
11808,1011,1,5,101,123,2024-11-24,cancelled
11809,4660,6,10,24,145,2023-03-01,completed
11810,1656,9,5,263,239,2025-10-04,completed
11811,1632,5,1,136,171,2024-06-18,cancelled
11812,3562,9,7,29,73,2024-07-15,completed
11813,1173,5,9,260,277,2025-04-01,completed
11814,2052,10,3,257,20,2026-07-09,completed
11815,4144,8,7,284,164,2026-01-07,completed
11816,3229,8,7,262,26,2026-07-15,in_transit
11817,2897,10,9,125,173,2023-11-12,completed
11818,4590,10,9,68,275,2025-08-07,completed
11819,1301,3,10,148,195,2023-07-21,completed
11820,359,8,3,159,137,2025-04-14,in_transit
11821,774,1,4,283,137,2024-02-05,completed
11822,2961,5,1,78,32,2023-10-01,cancelled
11823,4084,2,3,32,284,2024-07-21,completed
11824,3930,5,2,282,34,2024-02-28,completed
11825,4031,5,9,53,144,2024-05-08,completed
11826,390,1,6,144,26,2024-01-25,completed
11827,4635,3,8,240,94,2025-12-23,completed
11828,3521,7,5,157,114,2023-11-01,completed
11829,1798,1,5,287,139,2026-02-05,completed
11830,388,7,9,51,144,2026-07-24,in_transit
11831,332,10,9,104,126,2026-07-10,completed
11832,1738,8,3,6,15,2024-01-30,completed
11833,126,5,10,282,140,2023-05-03,completed
11834,136,7,9,20,115,2026-03-06,completed
11835,1686,9,1,26,49,2023-10-15,completed
11836,1521,3,5,115,263,2026-06-18,completed
11837,4754,3,9,102,165,2024-08-09,completed
11838,3139,8,7,5,282,2023-10-01,completed
11839,3025,8,3,169,35,2023-01-06,completed
11840,4472,10,9,295,273,2023-09-30,completed
11841,2442,2,7,26,257,2025-08-03,completed
11842,2640,2,6,196,148,2024-05-05,completed
11843,2489,1,4,129,77,2023-09-18,completed
11844,4995,3,1,150,133,2024-01-22,completed
11845,836,8,3,117,150,2024-03-08,completed
11846,911,1,2,249,172,2023-10-16,completed
11847,84,8,1,213,45,2024-12-31,completed
11848,51,6,2,237,182,2025-06-24,completed
11849,3933,7,9,66,138,2024-02-09,completed
11850,2795,3,4,24,268,2023-10-05,completed
11851,3414,7,6,157,93,2026-04-16,in_transit
11852,4591,10,3,265,173,2024-12-08,in_transit
11853,4892,2,9,236,241,2025-02-12,cancelled
11854,1573,4,6,269,280,2025-03-26,completed
11855,1752,8,5,119,132,2026-06-15,cancelled
11856,73,9,3,86,283,2026-03-18,completed
11857,2110,7,1,143,18,2023-08-13,completed
11858,3836,6,9,284,30,2025-09-20,completed
11859,2955,3,4,114,241,2024-04-03,completed
11860,4127,8,7,146,135,2025-01-21,completed
11861,309,10,3,238,231,2023-10-28,in_transit
11862,753,1,8,94,251,2026-05-24,cancelled
11863,2306,4,10,49,195,2024-08-16,completed
11864,267,9,5,214,120,2024-10-12,completed
11865,385,3,7,300,87,2025-06-01,completed
11866,3535,1,8,252,290,2026-06-12,completed
11867,21,6,9,1,54,2025-08-20,completed
11868,3463,9,1,250,259,2024-10-16,completed
11869,3127,10,5,257,279,2023-08-07,completed
11870,1310,6,1,216,30,2024-06-13,completed
11871,2080,10,7,8,255,2024-12-24,completed
11872,4946,10,1,69,227,2025-10-24,completed
11873,3741,10,2,37,243,2024-08-01,completed
11874,3294,3,1,131,286,2026-01-08,completed
11875,572,9,7,156,157,2024-06-13,completed
11876,1209,10,7,69,236,2024-08-17,completed
11877,1840,10,4,189,282,2023-01-14,completed
11878,3175,6,3,261,225,2025-07-22,completed
11879,999,5,2,170,243,2026-06-20,completed
11880,17,9,7,133,190,2024-12-10,completed
11881,1698,6,4,208,167,2023-04-11,completed
11882,2348,8,2,222,106,2024-03-12,completed
11883,47,1,8,135,17,2026-01-02,cancelled
11884,3153,3,10,214,262,2024-03-03,completed
11885,3424,9,2,139,181,2026-07-19,completed
11886,1655,8,6,13,227,2023-04-09,completed
11887,1934,9,2,27,111,2026-04-05,completed
11888,1136,2,9,134,199,2023-08-12,completed
11889,4053,8,9,249,167,2025-01-09,completed
11890,2038,3,5,21,176,2026-06-11,completed
11891,1683,7,6,69,272,2025-03-04,completed
11892,3277,5,7,182,261,2026-03-24,cancelled
11893,4201,5,6,122,88,2024-01-19,completed
11894,4212,7,1,234,41,2025-04-21,cancelled
11895,991,2,6,131,259,2025-10-16,completed
11896,3815,8,6,297,29,2025-07-07,completed
11897,3724,8,10,52,179,2024-12-17,in_transit
11898,3887,6,4,81,179,2025-01-20,completed
11899,1225,9,5,122,144,2025-08-18,completed
11900,328,3,9,67,30,2025-02-05,in_transit
11901,2457,1,3,220,124,2023-12-31,completed
11902,2418,10,5,136,52,2024-05-14,completed
11903,3969,1,6,48,167,2025-06-08,completed
11904,1632,6,3,297,145,2026-03-29,cancelled
11905,1032,1,7,113,288,2025-06-30,cancelled
11906,2900,6,8,212,175,2026-02-03,completed
11907,2583,8,1,174,257,2026-07-21,completed
11908,4210,5,8,298,22,2026-04-25,completed
11909,4434,10,9,283,171,2023-04-02,completed
11910,1635,3,9,24,113,2026-03-01,completed
11911,3610,3,6,188,80,2024-10-02,in_transit
11912,1992,4,6,234,159,2023-04-02,completed
11913,3367,9,7,181,120,2026-02-12,cancelled
11914,3285,2,5,42,269,2026-03-07,completed
11915,933,5,8,252,168,2025-12-13,completed
11916,4161,6,8,292,133,2025-09-16,completed
11917,216,3,9,68,23,2025-08-12,completed
11918,2523,8,6,280,35,2023-04-05,cancelled
11919,3435,8,7,297,242,2025-01-13,cancelled
11920,4840,1,6,153,51,2025-11-26,completed
11921,1143,7,9,43,271,2026-07-16,cancelled
11922,2858,7,1,214,283,2023-02-05,completed
11923,1153,1,4,204,32,2023-06-01,completed
11924,4815,7,2,14,245,2025-04-06,completed
11925,1230,4,2,210,97,2026-04-21,completed
11926,236,1,7,144,102,2026-02-28,completed
11927,4114,3,1,10,187,2023-02-05,completed
11928,2209,4,1,83,58,2024-04-19,completed
11929,4343,6,9,59,150,2026-06-04,completed
11930,1728,8,9,123,128,2023-04-20,completed
11931,955,2,8,257,191,2024-08-05,completed
11932,303,7,1,280,259,2023-03-05,completed
11933,4107,5,8,264,223,2025-12-12,completed
11934,1093,4,1,8,177,2024-08-13,completed
11935,707,6,4,289,244,2025-11-27,completed
11936,2005,4,2,187,73,2024-01-31,completed
11937,1774,1,10,111,46,2025-03-21,completed
11938,285,2,8,26,111,2023-06-26,completed
11939,3120,3,5,219,104,2023-12-22,completed
11940,490,6,4,132,142,2024-03-14,cancelled
11941,4523,8,9,160,209,2024-01-08,completed
11942,3000,7,9,265,261,2023-11-14,completed
11943,4984,2,8,195,155,2024-10-23,cancelled
11944,3287,9,10,112,108,2025-09-30,completed
11945,159,1,3,75,135,2024-08-14,completed
11946,1519,6,5,171,286,2023-11-19,cancelled
11947,4845,6,5,206,188,2024-10-09,completed
11948,1168,8,1,6,214,2024-10-26,in_transit
11949,2876,10,9,277,45,2025-10-04,completed
11950,1520,2,7,71,279,2026-05-10,completed
11951,3496,9,6,270,76,2023-06-17,completed
11952,3973,9,2,237,142,2026-01-13,completed
11953,2870,2,3,260,53,2026-07-12,completed
11954,505,7,3,29,182,2024-01-01,cancelled
11955,1441,2,10,272,36,2025-02-12,completed
11956,599,7,10,132,36,2023-01-25,completed
11957,4923,6,9,178,275,2026-06-24,completed
11958,2242,5,4,32,93,2024-08-15,completed
11959,3057,5,7,197,25,2023-03-31,completed
11960,3851,3,8,85,133,2026-07-11,completed
11961,875,1,10,71,234,2024-10-10,completed
11962,2623,8,4,252,124,2023-10-27,completed
11963,566,5,4,171,179,2024-11-29,completed
11964,3528,2,9,250,258,2024-01-31,in_transit
11965,3898,3,10,201,42,2024-09-02,in_transit
11966,3965,3,6,74,210,2023-03-06,completed
11967,1905,9,7,175,128,2023-08-06,completed
11968,228,10,5,59,123,2026-05-18,cancelled
11969,983,6,10,186,221,2025-08-25,completed
11970,878,1,2,133,18,2023-05-05,completed
11971,1760,10,9,64,255,2026-05-07,completed
11972,298,8,4,65,174,2026-05-07,completed
11973,215,6,10,243,297,2023-12-07,in_transit
11974,1131,5,8,173,81,2025-04-03,completed
11975,3988,10,1,209,134,2024-07-08,completed
11976,3253,4,9,197,114,2024-03-15,completed
11977,505,1,9,121,147,2023-02-06,cancelled
11978,2693,4,6,277,196,2024-03-01,completed
11979,4664,4,8,279,264,2026-02-22,completed
11980,1550,4,6,111,274,2026-05-08,completed
11981,553,9,8,25,236,2026-04-20,completed
11982,4812,6,7,112,69,2023-08-24,completed
11983,4356,6,1,88,58,2023-01-21,in_transit
11984,2748,5,1,79,244,2025-10-02,completed
11985,4392,9,4,69,191,2023-06-12,completed
11986,2712,10,4,142,183,2024-08-02,completed
11987,1759,7,10,243,246,2024-02-29,completed
11988,4906,3,2,78,169,2024-08-08,completed
11989,1939,5,10,93,158,2026-05-12,cancelled
11990,2024,10,7,117,87,2026-05-15,cancelled
11991,356,5,9,124,115,2025-07-29,completed
11992,4141,4,5,212,157,2026-01-29,cancelled
11993,375,3,4,46,162,2023-04-09,completed
11994,3173,8,9,193,245,2023-12-12,completed
11995,4341,5,6,287,60,2024-01-26,in_transit
11996,242,1,7,86,89,2024-04-14,completed
11997,4383,5,4,50,246,2023-11-17,in_transit
11998,4496,4,5,220,18,2025-06-21,completed
11999,676,3,8,239,184,2023-10-06,completed
12000,3621,9,3,277,21,2024-03-24,completed
12001,854,7,9,202,139,2025-01-23,completed
12002,2732,2,7,66,275,2024-03-15,completed
12003,4367,5,8,280,218,2023-01-19,in_transit
12004,1474,4,9,217,50,2026-05-10,cancelled
12005,4039,2,8,39,96,2024-06-26,cancelled
12006,1995,4,9,8,283,2023-08-13,completed
12007,4437,8,10,74,33,2024-05-27,completed
12008,3858,7,6,121,24,2023-01-11,in_transit
12009,2490,1,9,69,227,2023-05-17,completed
12010,166,5,9,234,25,2025-10-08,cancelled
12011,4477,1,10,262,290,2024-07-19,completed
12012,3858,1,6,116,230,2026-03-15,cancelled
12013,35,7,8,91,261,2024-07-25,completed
12014,3123,5,7,33,215,2023-06-03,completed
12015,1715,6,8,259,171,2023-10-15,completed
12016,2957,9,4,27,97,2025-10-24,completed
12017,155,3,5,278,187,2026-03-05,completed
12018,3908,6,9,34,118,2025-04-30,completed
12019,3290,9,7,54,284,2024-01-29,completed
12020,895,2,7,247,154,2025-11-10,in_transit
12021,4267,4,1,190,163,2026-05-13,completed
12022,2590,4,8,162,268,2024-07-09,completed
12023,4271,1,3,231,245,2023-01-21,completed
12024,4526,8,10,71,131,2024-02-24,completed
12025,4775,2,4,233,48,2023-04-15,completed
12026,4104,4,3,259,136,2026-03-12,completed
12027,1919,8,7,59,56,2023-03-23,cancelled
12028,354,4,3,291,167,2025-01-26,completed
12029,2150,8,9,22,204,2025-07-16,completed
12030,1603,4,10,129,65,2024-04-21,completed
12031,4345,2,5,254,71,2023-12-09,in_transit
12032,1472,9,8,5,269,2025-01-02,completed
12033,1183,1,4,134,148,2023-09-30,completed
12034,291,3,9,288,257,2024-02-13,cancelled
12035,4424,10,8,149,17,2024-02-21,completed
12036,1231,10,4,40,22,2023-05-16,completed
12037,4562,6,2,145,188,2025-09-04,cancelled
12038,3801,10,6,120,286,2024-01-13,completed
12039,2778,4,1,214,281,2023-12-24,completed
12040,1099,8,1,103,285,2023-09-10,completed
12041,727,9,4,251,92,2025-01-31,completed
12042,1488,4,5,267,17,2024-12-13,completed
12043,4944,5,6,259,81,2025-06-27,completed
12044,1759,7,9,232,300,2026-07-08,in_transit
12045,1204,7,2,176,227,2026-07-22,completed
12046,475,7,6,215,93,2024-03-09,completed
12047,815,4,1,248,275,2025-10-03,completed
12048,1057,8,5,280,63,2025-10-18,completed
12049,3081,5,9,9,57,2026-01-14,completed
12050,3684,5,1,288,218,2026-04-17,completed
12051,3957,7,4,151,97,2024-10-29,completed
12052,3804,2,10,136,299,2025-09-06,completed
12053,1520,3,7,240,195,2024-05-04,completed
12054,4912,4,6,238,29,2026-04-13,completed
12055,2306,9,1,227,185,2025-12-16,completed
12056,2183,6,7,50,158,2026-01-04,completed
12057,3907,5,4,140,240,2023-09-24,completed
12058,4947,3,2,139,159,2026-05-08,completed
12059,4658,2,1,262,271,2026-06-17,completed
12060,2530,5,4,73,89,2024-08-01,completed
12061,2983,1,8,261,284,2025-03-23,completed
12062,3208,1,2,155,96,2023-12-19,completed
12063,1657,7,9,165,167,2025-04-14,completed
12064,2784,3,4,67,241,2024-01-04,completed
12065,609,6,9,227,63,2024-01-24,completed
12066,2518,7,3,194,251,2026-06-13,completed
12067,288,7,1,106,212,2025-06-25,completed
12068,3072,2,8,272,173,2025-06-14,in_transit
12069,1971,10,7,77,13,2025-12-13,completed
12070,4167,1,2,295,290,2024-11-12,completed
12071,397,7,3,290,182,2023-12-04,completed
12072,4042,8,6,141,128,2025-02-14,in_transit
12073,3828,1,6,63,92,2023-12-23,completed
12074,1468,8,5,70,228,2024-06-27,completed
12075,2217,5,2,112,133,2026-07-23,in_transit
12076,4,3,5,255,160,2025-07-10,completed
12077,3675,7,1,52,89,2025-05-02,completed
12078,1255,8,6,97,210,2025-04-21,completed
12079,2245,10,5,58,69,2024-03-24,completed
12080,4193,7,8,72,181,2024-01-02,completed
12081,2407,4,9,173,269,2026-07-31,completed
12082,4430,4,7,278,128,2025-11-02,completed
12083,1655,4,1,197,293,2025-05-17,completed
12084,3304,4,1,103,82,2024-01-11,completed
12085,1312,3,5,288,274,2023-05-31,completed
12086,2611,2,10,246,267,2023-11-24,completed
12087,2379,3,2,211,240,2023-10-05,completed
12088,2838,6,8,126,19,2023-11-01,completed
12089,2623,5,2,148,135,2025-04-19,completed
12090,817,10,3,12,55,2023-06-25,in_transit
12091,1952,8,6,10,134,2024-08-25,cancelled
12092,691,2,9,40,234,2024-07-18,completed
12093,125,4,10,27,25,2023-01-24,completed
12094,2353,6,2,88,111,2025-06-19,completed
12095,3007,8,6,110,200,2026-04-02,completed
12096,1443,8,10,93,300,2023-11-23,completed
12097,3156,7,3,15,154,2026-07-23,completed
12098,895,4,3,247,190,2024-09-24,completed
12099,2253,2,6,237,298,2023-12-17,completed
12100,4083,7,4,205,170,2025-06-11,completed
12101,453,9,10,98,280,2024-10-18,completed
12102,1747,5,2,198,112,2023-05-25,completed
12103,1051,3,4,273,69,2025-12-10,completed
12104,3938,9,10,238,83,2024-10-04,completed
12105,2567,4,10,281,23,2024-09-17,completed
12106,3185,9,1,25,168,2023-03-11,completed
12107,4804,1,10,297,162,2024-05-02,cancelled
12108,3054,3,5,256,102,2024-12-29,in_transit
12109,1443,8,10,162,267,2026-05-02,completed
12110,3793,8,2,15,217,2023-03-27,in_transit
12111,2346,7,8,42,254,2024-02-04,completed
12112,845,4,1,88,46,2023-09-13,completed
12113,3282,3,10,48,45,2025-05-12,completed
12114,2216,3,5,100,191,2025-02-15,in_transit
12115,1625,7,2,56,38,2024-03-20,completed
12116,1918,1,9,146,127,2026-07-12,completed
12117,746,10,7,7,213,2025-03-19,completed
12118,2196,10,6,136,226,2023-10-21,completed
12119,238,1,7,47,19,2026-05-24,completed
12120,3091,8,4,112,166,2023-08-07,completed
12121,1409,1,5,62,212,2026-05-22,completed
12122,3350,8,6,53,184,2024-12-16,completed
12123,1231,9,1,130,112,2026-04-05,completed
12124,4707,2,7,142,159,2026-07-21,in_transit
12125,1991,2,1,229,233,2023-02-06,completed
12126,1107,7,10,173,189,2025-03-01,completed
12127,2329,9,4,8,33,2026-03-13,completed
12128,1177,2,9,173,285,2024-01-14,completed
12129,3432,9,4,175,213,2024-02-19,completed
12130,3512,1,7,13,259,2023-03-04,completed
12131,3372,6,3,103,120,2024-02-10,completed
12132,2729,5,3,12,77,2023-02-18,completed
12133,987,4,7,56,168,2023-03-19,cancelled
12134,1237,8,4,185,55,2024-05-27,in_transit
12135,4381,5,10,179,117,2025-03-14,completed
12136,2665,6,7,2,232,2024-06-12,completed
12137,2687,6,5,258,50,2026-01-26,completed
12138,3652,5,9,191,110,2026-05-08,cancelled
12139,4504,6,7,113,26,2024-11-04,in_transit
12140,3876,1,9,273,70,2023-04-26,completed
12141,3729,7,2,121,13,2026-02-25,completed
12142,1313,7,10,143,114,2023-01-20,completed
12143,4102,4,6,191,233,2024-12-07,completed
12144,4906,4,2,157,84,2023-04-10,completed
12145,4402,1,5,196,242,2023-12-12,completed
12146,3851,6,9,69,62,2024-10-03,completed
12147,3904,1,7,79,108,2026-02-01,completed
12148,4416,3,2,292,123,2025-07-12,completed
12149,3933,5,1,28,250,2023-01-19,completed
12150,1280,4,10,289,288,2024-05-02,in_transit
12151,572,9,6,150,161,2026-04-19,cancelled
12152,2886,5,1,144,101,2024-09-18,completed
12153,4563,1,2,150,245,2026-07-21,in_transit
12154,3885,5,2,53,12,2023-11-30,completed
12155,4388,4,3,287,263,2026-03-25,completed
12156,3003,7,10,183,243,2024-05-04,completed
12157,3254,8,7,97,32,2023-12-11,completed
12158,2929,6,8,129,214,2023-05-11,completed
12159,429,5,4,31,17,2024-05-09,completed
12160,4419,6,10,103,152,2023-09-25,completed
12161,4516,7,10,75,144,2026-06-03,completed
12162,2608,3,1,115,270,2023-02-14,completed
12163,3168,6,5,93,251,2024-10-21,completed
12164,2080,2,9,149,68,2024-03-16,completed
12165,945,6,7,46,45,2024-07-29,completed
12166,4613,7,6,163,140,2023-05-30,completed
12167,462,10,2,205,30,2024-09-14,completed
12168,782,9,2,4,46,2025-01-30,completed
12169,4651,3,9,235,146,2024-06-12,in_transit
12170,230,6,4,162,177,2026-05-19,in_transit
12171,3299,3,7,14,130,2025-04-15,completed
12172,3115,5,6,259,177,2025-03-16,in_transit
12173,2865,9,4,32,195,2024-05-08,completed
12174,777,10,7,80,109,2025-07-15,completed
12175,2736,4,1,28,223,2026-07-25,completed
12176,662,8,3,219,62,2023-11-20,completed
12177,4611,1,2,229,236,2023-10-04,completed
12178,3481,9,8,14,241,2025-09-19,completed
12179,2688,8,9,213,285,2026-05-14,completed
12180,975,6,1,131,42,2024-01-01,completed
12181,1529,7,4,107,220,2023-04-07,completed
12182,2858,1,4,80,30,2023-01-16,completed
12183,2945,4,2,29,81,2023-06-25,completed
12184,1815,5,10,178,186,2026-02-12,completed
12185,4001,6,2,281,96,2024-02-24,completed
12186,4354,8,1,195,248,2023-08-14,completed
12187,317,4,8,174,256,2024-11-06,completed
12188,3898,10,6,181,124,2023-08-19,cancelled
12189,1181,4,2,246,169,2025-04-29,completed
12190,1963,9,10,45,270,2025-08-26,completed
12191,3964,1,9,85,242,2025-03-16,completed
12192,1660,5,3,65,282,2023-11-18,completed
12193,3830,9,10,29,155,2023-11-20,completed
12194,1919,6,9,267,134,2024-08-18,cancelled
12195,1351,6,3,135,177,2023-07-27,cancelled
12196,740,3,7,136,262,2023-06-18,completed
12197,3476,1,10,87,234,2025-07-25,completed
12198,1845,6,10,241,189,2025-01-04,completed
12199,3210,4,10,215,193,2023-08-27,cancelled
12200,263,4,2,292,168,2025-01-24,completed
12201,2512,6,10,48,211,2024-08-13,completed
12202,963,7,10,34,221,2023-06-01,completed
12203,1741,7,4,235,198,2025-09-17,completed
12204,2631,3,7,42,193,2023-06-21,in_transit
12205,762,6,8,188,67,2023-04-21,completed
12206,3624,1,9,92,48,2026-03-27,completed
12207,1941,9,1,34,92,2023-01-11,completed
12208,4789,6,3,37,122,2025-09-16,cancelled
12209,788,1,10,228,179,2023-11-21,completed
12210,1569,7,8,229,241,2024-03-31,completed
12211,4437,3,8,182,274,2023-03-31,cancelled
12212,548,4,5,166,126,2024-07-28,completed
12213,4415,3,10,54,205,2023-02-15,completed
12214,1062,6,4,194,260,2026-06-29,completed
12215,2994,10,1,148,136,2024-12-22,completed
12216,3050,2,6,195,76,2025-01-21,completed
12217,3312,1,2,34,97,2023-03-21,completed
12218,4339,3,7,59,260,2025-12-16,completed
12219,1298,5,8,209,63,2025-02-08,completed
12220,340,8,4,258,21,2023-05-16,completed
12221,4138,3,4,82,83,2025-11-25,completed
12222,2668,9,10,7,194,2025-11-20,completed
12223,3256,9,1,176,18,2026-06-05,in_transit
12224,4755,5,7,262,213,2025-01-19,completed
12225,593,7,8,173,296,2024-10-15,completed
12226,3635,7,6,23,296,2026-05-01,completed
12227,3253,10,8,30,59,2024-09-28,in_transit
12228,4139,1,9,228,226,2026-03-21,completed
12229,1903,6,8,249,53,2024-10-20,completed
12230,2203,3,10,200,12,2024-02-16,completed
12231,2701,3,2,155,15,2026-04-15,completed
12232,198,9,2,96,154,2025-12-31,completed
12233,892,9,6,155,62,2025-12-16,completed
12234,2517,3,6,248,138,2025-04-27,completed
12235,1784,2,4,72,264,2023-07-06,completed
12236,2260,2,3,178,151,2025-07-14,cancelled
12237,1162,3,5,202,222,2023-03-07,cancelled
12238,405,10,1,109,37,2025-01-02,completed
12239,4030,2,10,103,98,2026-07-06,completed
12240,3911,4,5,229,101,2024-04-19,in_transit
12241,1667,4,7,32,178,2023-10-05,completed
12242,2927,3,5,109,14,2025-01-06,completed
12243,2879,3,10,83,67,2025-02-07,completed
12244,1705,10,1,250,288,2026-06-07,completed
12245,4514,9,4,149,18,2024-07-02,completed
12246,1472,8,5,202,110,2026-06-07,completed
12247,1303,7,2,212,131,2023-06-28,completed
12248,233,6,7,190,252,2023-10-30,completed
12249,3743,5,4,37,218,2025-04-07,cancelled
12250,643,2,9,153,109,2023-08-02,in_transit
12251,1095,5,7,180,184,2023-12-15,in_transit
12252,303,9,1,209,154,2024-12-11,completed
12253,1929,1,8,82,275,2025-10-09,completed
12254,979,2,6,238,67,2023-02-03,completed
12255,451,4,7,168,193,2025-06-14,completed
12256,3118,8,6,275,26,2023-03-31,completed
12257,3421,8,5,255,252,2025-11-09,cancelled
12258,2588,5,1,292,251,2026-01-11,completed
12259,3150,1,6,229,11,2026-06-11,completed
12260,3344,3,2,292,187,2026-07-24,completed
12261,3633,7,3,14,79,2025-03-29,completed
12262,1930,1,9,294,28,2026-07-12,completed
12263,741,8,7,257,267,2023-11-05,completed
12264,1711,10,1,130,161,2024-11-25,completed
12265,435,8,2,53,22,2024-01-07,completed
12266,117,2,5,104,152,2026-04-06,completed
12267,142,3,7,263,29,2025-10-03,completed
12268,2769,9,7,118,146,2025-09-02,completed
12269,3391,10,1,300,133,2026-06-16,completed
12270,866,5,8,186,132,2024-09-17,completed
12271,2349,4,8,32,121,2023-05-29,completed
12272,4576,4,8,48,208,2025-12-11,completed
12273,4880,8,6,188,245,2026-05-10,completed
12274,1059,8,3,259,68,2025-12-13,completed
12275,3935,10,3,299,176,2024-01-29,completed
12276,2796,2,9,121,167,2026-07-23,completed
12277,3132,1,2,250,96,2026-03-13,completed
12278,119,8,3,44,168,2023-09-12,completed
12279,1438,8,10,55,54,2025-09-25,completed
12280,292,3,7,258,54,2023-04-08,completed
12281,2704,4,8,291,250,2023-05-23,completed
12282,4222,6,5,29,91,2023-01-24,cancelled
12283,3646,8,5,91,181,2023-07-11,completed
12284,106,4,5,264,90,2023-05-10,in_transit
12285,4713,1,7,34,266,2024-10-16,completed
12286,2461,10,3,91,222,2024-09-05,completed
12287,4856,9,4,191,244,2023-01-16,completed
12288,4156,4,7,255,124,2025-11-30,completed
12289,4542,4,6,49,163,2025-11-22,completed
12290,4583,9,8,22,90,2026-01-20,completed
12291,3590,2,3,225,31,2026-05-21,completed
12292,4279,6,4,249,219,2023-02-19,completed
12293,2305,3,4,130,198,2025-03-11,completed
12294,914,10,5,107,171,2023-11-06,completed
12295,2612,8,9,226,39,2024-01-17,completed
12296,1901,5,3,25,141,2023-01-05,completed
12297,1170,9,3,61,66,2023-03-27,completed
12298,4496,4,9,284,83,2026-07-09,completed
12299,77,6,4,140,92,2025-01-01,completed
12300,327,6,3,173,288,2025-05-28,completed
12301,543,6,9,16,141,2023-10-13,completed
12302,841,8,1,89,157,2026-06-11,completed
12303,4240,6,7,162,293,2024-01-04,in_transit
12304,2800,2,7,125,97,2026-07-15,completed
12305,1880,1,8,52,122,2026-04-01,completed
12306,1892,5,7,231,250,2023-08-17,in_transit
12307,503,3,8,55,190,2025-11-17,completed
12308,2178,2,5,95,88,2024-09-16,completed
12309,3432,4,9,76,49,2025-09-14,cancelled
12310,3062,1,9,289,251,2025-09-04,completed
12311,2054,5,1,89,118,2023-03-22,completed
12312,3445,10,3,7,95,2025-06-28,in_transit
12313,3384,7,4,260,171,2026-01-24,completed
12314,2187,5,8,195,209,2024-10-23,completed
12315,3019,3,4,39,200,2024-06-07,completed
12316,1501,1,4,72,160,2026-02-22,completed
12317,1205,3,10,247,289,2023-01-12,cancelled
12318,4610,7,8,16,81,2024-04-25,completed
12319,1387,2,7,226,37,2024-07-27,completed
12320,836,3,4,254,27,2023-11-02,completed
12321,1894,4,6,61,218,2024-08-19,completed
12322,1451,4,5,220,267,2024-09-08,completed
12323,1471,8,3,277,223,2023-02-28,cancelled
12324,2876,6,8,240,65,2025-12-17,completed
12325,2686,2,7,29,295,2026-06-07,completed
12326,4373,7,1,188,213,2025-05-04,completed
12327,3646,6,10,94,191,2024-08-15,cancelled
12328,575,3,2,294,136,2025-02-26,completed
12329,74,8,10,251,229,2024-09-08,completed
12330,2436,2,6,223,117,2026-07-06,completed
12331,2910,1,6,97,88,2025-04-30,completed
12332,1930,10,1,281,136,2025-09-23,completed
12333,1217,5,2,82,124,2023-05-19,completed
12334,1078,9,3,159,183,2024-05-14,completed
12335,2697,1,6,251,269,2023-06-26,completed
12336,4612,6,2,76,277,2024-03-07,completed
12337,3916,8,10,300,174,2023-09-04,completed
12338,971,8,7,28,148,2023-01-02,completed
12339,2181,5,2,297,28,2024-08-08,in_transit
12340,4522,4,2,74,282,2025-02-22,completed
12341,2796,4,9,238,188,2026-01-06,completed
12342,2593,7,8,161,107,2024-09-11,completed
12343,4864,2,10,299,15,2024-02-27,in_transit
12344,4662,6,4,228,65,2024-10-25,completed
12345,2426,10,5,66,111,2025-06-18,completed
12346,3894,9,5,109,153,2026-01-28,in_transit
12347,3451,6,8,266,32,2024-07-11,completed
12348,4668,10,3,32,215,2023-09-07,completed
12349,3266,2,3,35,39,2023-06-03,completed
12350,321,1,4,264,119,2023-06-20,completed
12351,4066,4,5,60,16,2026-04-11,completed
12352,4146,4,6,30,294,2024-07-22,completed
12353,4289,6,1,146,237,2023-02-28,completed
12354,4190,3,9,26,139,2025-09-28,completed
12355,1782,6,7,55,215,2026-02-24,completed
12356,3261,7,1,210,120,2024-06-18,completed
12357,2254,5,1,218,123,2024-03-31,completed
12358,3811,10,4,168,63,2023-06-30,completed
12359,2649,7,1,234,178,2023-02-09,completed
12360,4443,7,10,253,247,2023-08-08,completed
12361,2470,3,5,266,217,2026-04-03,completed
12362,296,10,1,138,59,2023-05-25,completed
12363,4330,5,2,64,236,2026-03-06,completed
12364,1638,7,8,250,89,2025-05-20,completed
12365,3337,2,8,213,188,2024-02-07,completed
12366,2064,9,6,260,26,2023-02-04,completed
12367,3943,10,5,24,36,2026-06-02,completed
12368,4237,3,6,143,199,2024-03-27,completed
12369,2960,9,10,56,85,2023-12-03,completed
12370,4229,3,6,22,161,2023-04-24,completed
12371,3116,9,2,33,229,2025-12-07,completed
12372,2297,3,1,196,187,2023-07-17,completed
12373,1084,9,3,294,284,2024-12-18,completed
12374,3512,9,5,45,131,2024-04-14,completed
12375,3782,1,8,84,58,2025-04-05,in_transit
12376,770,3,10,146,40,2025-01-12,completed
12377,604,1,4,85,296,2025-01-01,completed
12378,1841,10,5,295,103,2023-04-24,cancelled
12379,1703,8,10,214,185,2026-05-29,cancelled
12380,4741,5,2,7,51,2026-03-12,completed
12381,1506,3,2,92,251,2025-05-09,completed
12382,4033,4,3,251,91,2026-03-09,completed
12383,642,7,1,225,171,2026-06-28,completed
12384,4146,1,9,271,175,2025-05-23,completed
12385,3751,5,10,250,63,2025-09-21,completed
12386,2050,2,3,214,43,2024-12-11,cancelled
12387,298,3,5,95,224,2026-07-14,completed
12388,1437,2,9,139,265,2026-04-04,completed
12389,322,7,8,253,241,2024-05-10,completed
12390,1957,6,9,142,150,2026-02-27,completed
12391,1795,4,3,104,125,2024-12-22,cancelled
12392,1263,9,4,193,298,2025-01-23,completed
12393,2602,6,5,100,191,2026-06-13,completed
12394,4146,2,1,71,233,2024-02-11,completed
12395,4201,7,8,35,184,2023-07-13,completed
12396,788,2,6,76,99,2024-04-21,completed
12397,3555,7,1,7,65,2023-11-28,in_transit
12398,3203,1,7,240,90,2025-06-13,cancelled
12399,3193,8,7,204,261,2023-04-16,completed
12400,4065,3,2,224,60,2024-01-13,in_transit
12401,676,2,6,122,139,2025-03-06,in_transit
12402,4579,7,3,157,123,2023-11-07,completed
12403,1947,7,3,14,11,2024-10-01,completed
12404,724,4,9,64,273,2024-05-20,in_transit
12405,2515,9,6,245,28,2025-06-20,completed
12406,1153,1,10,94,211,2025-11-03,completed
12407,879,10,4,126,140,2024-02-04,completed
12408,3252,4,6,149,161,2023-05-17,completed
12409,944,4,6,66,116,2025-06-03,cancelled
12410,2362,4,10,215,285,2024-09-29,completed
12411,3597,9,4,46,260,2025-10-03,completed
12412,1037,10,1,217,74,2025-11-13,in_transit
12413,4756,1,6,70,112,2024-09-04,in_transit
12414,2874,6,8,15,119,2026-02-21,completed
12415,4095,7,9,245,279,2023-06-12,cancelled
12416,1643,9,8,250,269,2023-09-29,completed
12417,3120,9,6,190,266,2026-03-09,completed
12418,2509,8,9,131,167,2023-03-03,completed
12419,4335,4,2,194,213,2023-11-16,completed
12420,2731,10,2,181,24,2025-05-07,completed
12421,2035,4,6,24,147,2026-07-08,completed
12422,2117,8,10,182,280,2023-07-04,completed
12423,1524,9,2,239,166,2025-04-20,completed
12424,3412,1,2,135,257,2026-01-05,completed
12425,222,10,3,13,295,2024-06-07,completed
12426,4179,5,1,182,221,2025-06-05,completed
12427,844,10,7,219,264,2024-12-23,cancelled
12428,2079,1,9,225,59,2023-08-16,in_transit
12429,2684,1,7,86,285,2026-06-23,in_transit
12430,3332,4,9,195,147,2025-11-25,completed
12431,1708,3,9,76,270,2024-09-07,completed
12432,4023,8,4,126,132,2025-04-14,completed
12433,2690,10,5,252,44,2023-01-09,completed
12434,783,3,6,258,291,2024-01-21,completed
12435,2525,4,8,147,14,2026-07-06,completed
12436,564,9,7,111,299,2023-01-15,in_transit
12437,1457,1,5,278,110,2023-12-14,completed
12438,3259,4,5,36,113,2026-03-17,completed
12439,827,9,10,170,73,2024-01-04,completed
12440,189,1,10,51,143,2023-11-11,completed
12441,4506,4,5,291,104,2023-06-13,completed
12442,4474,9,10,8,146,2023-07-30,completed
12443,3157,10,5,229,256,2024-09-16,completed
12444,2676,6,5,141,252,2025-08-08,completed
12445,289,3,8,157,178,2026-02-10,completed
12446,4200,3,4,47,197,2023-05-14,completed
12447,596,1,8,16,220,2025-08-08,cancelled
12448,2047,6,4,225,267,2023-04-03,completed
12449,307,1,6,148,31,2023-08-03,completed
12450,842,2,9,221,26,2024-03-03,completed
12451,4390,1,7,127,71,2024-04-05,completed
12452,3410,4,7,200,21,2025-01-26,completed
12453,3177,7,4,39,201,2023-08-23,completed
12454,4929,7,9,199,159,2023-06-09,completed
12455,1120,10,8,68,212,2024-03-23,completed
12456,602,6,5,25,44,2026-03-13,completed
12457,3058,4,3,205,159,2025-07-25,completed
12458,338,1,7,140,114,2023-06-08,completed
12459,1773,7,4,80,42,2024-05-11,completed
12460,3008,1,4,211,60,2023-12-30,cancelled
12461,764,8,6,209,218,2023-01-07,cancelled
12462,2270,3,8,2,262,2023-07-08,cancelled
12463,2615,3,1,177,164,2026-01-16,completed
12464,2516,8,1,270,85,2024-03-28,completed
12465,3063,2,10,185,240,2024-12-30,completed
12466,3280,2,9,183,159,2024-05-19,completed
12467,1990,8,10,106,247,2023-02-14,completed
12468,3145,6,4,67,174,2026-06-06,completed
12469,1075,4,1,100,225,2026-07-21,completed
12470,3236,6,4,237,219,2023-11-04,completed
12471,2701,10,4,11,256,2024-10-05,completed
12472,2279,2,3,204,51,2025-03-21,completed
12473,4493,1,10,276,52,2024-04-09,completed
12474,2974,9,4,55,250,2024-05-18,completed
12475,601,3,5,45,286,2023-09-27,completed
12476,1553,9,2,206,180,2023-01-24,completed
12477,1899,3,10,226,295,2024-07-24,in_transit
12478,730,7,8,131,115,2026-05-16,cancelled
12479,1388,9,5,176,207,2025-06-16,cancelled
12480,4471,7,1,168,198,2024-07-18,completed
12481,1754,5,4,67,218,2024-04-27,cancelled
12482,3575,4,5,284,37,2026-02-05,in_transit
12483,3916,3,4,78,56,2024-01-27,cancelled
12484,1002,5,9,58,33,2023-12-10,cancelled
12485,3766,7,4,26,19,2025-12-09,completed
12486,149,2,9,192,56,2023-03-14,completed
12487,1631,4,8,107,71,2025-07-09,completed
12488,4178,7,8,193,125,2025-02-22,completed
12489,1281,6,8,72,220,2024-03-15,completed
12490,3509,2,9,15,63,2024-06-11,completed
12491,4894,8,4,218,121,2024-04-15,cancelled
12492,3543,3,5,267,217,2025-11-27,completed
12493,3443,2,5,236,16,2025-04-24,completed
12494,4661,7,8,151,67,2025-01-20,completed
12495,1230,5,7,52,143,2023-04-05,in_transit
12496,2030,5,2,254,260,2026-06-27,completed
12497,2831,5,7,263,236,2024-09-17,in_transit
12498,4951,6,3,236,284,2024-04-19,completed
12499,2209,1,8,120,251,2026-01-10,cancelled
12500,4574,8,6,40,147,2024-12-16,completed
12501,817,1,10,230,277,2023-05-25,completed
12502,1520,7,6,121,294,2023-07-08,completed
12503,3940,5,3,288,212,2025-07-05,completed
12504,452,7,4,296,63,2024-05-07,completed
12505,3957,8,6,297,246,2024-03-05,completed
12506,1781,1,4,247,107,2025-05-28,completed
12507,2822,10,9,83,197,2024-04-07,completed
12508,2949,7,5,1,124,2024-05-11,completed
12509,605,2,3,43,18,2023-01-13,completed
12510,3708,5,4,115,136,2026-07-10,completed
12511,1802,2,8,276,184,2026-03-04,completed
12512,1796,1,8,133,131,2025-06-02,completed
12513,4008,2,1,137,106,2025-01-30,completed
12514,2724,1,8,97,149,2024-04-08,completed
12515,3918,9,4,207,109,2023-06-09,cancelled
12516,554,10,4,26,31,2026-06-02,cancelled
12517,3560,7,6,132,36,2025-09-18,completed
12518,3367,9,4,173,195,2025-05-11,completed
12519,4849,6,10,101,103,2025-07-04,completed
12520,1312,1,2,33,218,2024-04-05,completed
12521,508,6,7,37,138,2025-12-06,completed
12522,4483,7,9,201,144,2023-08-07,completed
12523,3665,3,7,9,206,2026-03-15,completed
12524,4610,5,1,14,19,2024-04-22,completed
12525,2516,3,2,255,41,2023-08-20,completed
12526,1268,9,1,179,78,2026-05-22,cancelled
12527,4758,7,5,78,300,2026-06-04,completed
12528,590,5,9,122,193,2024-10-21,cancelled
12529,203,10,4,12,161,2025-02-09,completed
12530,1175,3,9,230,21,2025-07-14,completed
12531,869,7,2,65,182,2024-12-04,completed
12532,2591,7,10,34,217,2024-04-16,completed
12533,1108,10,1,107,34,2023-05-24,completed
12534,1079,7,6,177,226,2024-08-18,completed
12535,4578,6,4,181,245,2026-02-13,completed
12536,3314,3,2,200,285,2023-02-27,completed
12537,4947,9,10,5,55,2024-04-07,cancelled
12538,3960,8,3,69,12,2024-01-02,completed
12539,1725,10,9,267,178,2023-03-15,completed
12540,2625,5,1,141,60,2024-11-30,cancelled
12541,630,10,9,20,36,2026-03-14,completed
12542,4588,6,7,242,193,2025-07-13,completed
12543,4107,10,3,122,290,2023-08-24,completed
12544,406,1,5,271,14,2025-01-23,completed
12545,3623,3,4,242,38,2025-11-14,completed
12546,3278,7,5,79,130,2024-12-28,completed
12547,76,8,3,225,104,2023-07-16,in_transit
12548,802,7,2,108,191,2024-12-09,completed
12549,4070,1,9,171,103,2026-05-21,completed
12550,3094,1,8,130,228,2023-12-14,in_transit
12551,265,7,5,143,141,2024-07-27,in_transit
12552,4136,1,7,55,282,2024-01-05,completed
12553,4287,7,3,115,61,2024-02-02,completed
12554,2907,6,3,95,284,2025-09-28,cancelled
12555,4743,5,9,53,25,2024-03-25,completed
12556,3683,4,5,225,242,2023-01-11,completed
12557,1816,6,5,98,144,2025-03-18,completed
12558,4309,9,8,112,11,2023-06-13,completed
12559,3354,5,9,214,295,2025-12-26,in_transit
12560,1497,5,4,44,13,2026-05-11,completed
12561,351,6,4,273,82,2026-07-30,completed
12562,4924,4,3,228,105,2024-01-20,completed
12563,948,10,5,79,173,2026-01-20,completed
12564,3102,3,1,64,289,2025-05-11,in_transit
12565,475,8,1,29,217,2025-03-01,completed
12566,2779,1,8,212,160,2026-02-06,completed
12567,2431,8,5,280,14,2023-11-10,completed
12568,3202,3,7,46,263,2024-01-09,completed
12569,3764,8,2,200,97,2024-01-05,completed
12570,1228,8,6,137,161,2024-08-15,completed
12571,941,7,10,275,138,2025-04-18,completed
12572,3031,6,1,27,262,2025-09-19,completed
12573,499,7,2,198,189,2025-05-18,completed
12574,2001,10,6,262,294,2026-02-25,in_transit
12575,3787,7,6,171,68,2023-11-28,completed
12576,1149,4,9,187,61,2025-02-28,completed
12577,3322,6,7,156,117,2025-08-10,cancelled
12578,4479,4,1,239,275,2026-04-02,completed
12579,1158,6,3,115,201,2026-05-31,completed
12580,961,9,3,221,279,2023-04-16,completed
12581,4260,4,7,17,52,2026-04-11,in_transit
12582,3775,4,6,129,127,2025-08-27,completed
12583,211,1,2,239,232,2023-06-14,completed
12584,750,10,1,174,109,2024-04-13,completed
12585,3808,3,4,185,200,2026-03-06,completed
12586,1982,3,7,159,163,2023-04-05,cancelled
12587,2113,1,4,31,196,2023-12-09,completed
12588,407,3,4,178,284,2023-08-13,in_transit
12589,2475,3,1,104,277,2023-10-02,completed
12590,2218,6,2,215,285,2023-10-08,completed
12591,1688,8,2,187,128,2024-11-18,completed
12592,4821,9,5,284,227,2025-01-02,completed
12593,788,2,8,81,253,2023-10-12,completed
12594,2139,5,6,185,161,2023-05-02,completed
12595,4533,6,1,202,146,2024-01-01,completed
12596,3268,6,4,154,274,2024-05-18,completed
12597,877,4,1,164,133,2025-09-02,completed
12598,4051,10,3,135,38,2024-10-12,completed
12599,4572,2,7,78,92,2023-12-02,completed
12600,814,5,4,255,289,2023-10-22,completed
12601,1157,6,3,233,45,2024-11-21,completed
12602,2475,5,2,292,24,2024-08-21,completed
12603,2645,1,4,278,114,2023-01-27,completed
12604,4209,7,1,22,40,2023-11-10,completed
12605,3764,8,10,20,21,2023-07-20,completed
12606,518,2,10,123,208,2026-05-31,completed
12607,3790,10,1,68,54,2024-11-06,completed
12608,3633,9,8,233,299,2023-04-07,in_transit
12609,4549,3,10,161,218,2026-07-12,completed
12610,4021,9,6,97,107,2024-02-17,completed
12611,3630,10,5,19,234,2023-11-02,completed
12612,4311,9,6,207,206,2024-09-04,completed
12613,2882,8,2,232,88,2024-12-10,completed
12614,3070,10,7,141,244,2025-12-04,completed
12615,904,2,4,155,102,2023-02-07,completed
12616,224,4,8,169,18,2025-06-21,completed
12617,368,8,1,264,73,2025-03-25,completed
12618,3300,4,1,284,170,2023-10-01,completed
12619,530,8,2,257,133,2026-05-19,completed
12620,2347,1,6,102,45,2026-05-09,in_transit
12621,3945,2,3,102,161,2025-11-26,completed
12622,2419,5,1,138,257,2026-07-26,completed
12623,3239,8,2,89,295,2024-03-15,completed
12624,938,4,2,19,103,2025-01-04,completed
12625,686,2,8,238,216,2026-05-16,cancelled
12626,4596,2,8,125,255,2024-12-10,completed
12627,817,7,4,75,69,2025-06-26,cancelled
12628,4657,5,6,141,152,2024-09-28,cancelled
12629,3353,4,9,71,44,2025-09-18,completed
12630,1857,1,6,91,88,2023-06-28,in_transit
12631,3876,6,5,150,255,2024-03-15,completed
12632,3680,3,8,64,94,2024-11-03,completed
12633,4766,3,6,164,149,2024-01-11,completed
12634,3885,4,7,102,111,2025-06-28,completed
12635,3143,2,6,106,131,2025-12-11,completed
12636,410,2,4,71,139,2023-03-05,completed
12637,4192,6,4,25,23,2023-06-09,completed
12638,2068,3,4,79,168,2023-10-23,completed
12639,557,7,3,137,19,2023-12-01,in_transit
12640,2615,1,8,158,51,2023-06-27,completed
12641,2899,4,1,122,120,2025-11-18,completed
12642,552,7,9,119,241,2026-01-28,completed
12643,4870,4,3,296,277,2024-10-21,completed
12644,734,8,9,102,237,2024-09-27,completed
12645,3432,3,2,133,52,2023-01-02,cancelled
12646,1509,3,5,150,12,2023-01-17,completed
12647,1238,7,2,108,108,2024-09-10,completed
12648,2646,8,9,237,114,2026-01-05,completed
12649,286,4,8,282,169,2026-04-20,completed
12650,4892,8,4,140,239,2023-11-18,in_transit
12651,3225,9,6,143,12,2026-02-06,completed
12652,1303,5,3,27,69,2024-06-28,completed
12653,214,4,8,167,12,2025-05-26,completed
12654,2738,8,5,114,245,2023-03-02,in_transit
12655,4418,3,9,101,24,2024-07-16,cancelled
12656,3228,4,9,231,30,2024-06-30,completed
12657,1478,3,10,160,66,2023-03-20,completed
12658,912,4,2,167,22,2026-02-19,completed
12659,1274,9,2,35,63,2023-06-05,completed
12660,728,8,9,160,291,2023-01-10,cancelled
12661,3813,5,9,99,102,2024-07-22,completed
12662,2120,9,8,103,22,2024-09-02,completed
12663,2129,9,6,253,108,2026-07-02,completed
12664,679,2,1,36,94,2024-09-05,completed
12665,2564,5,4,39,291,2026-03-22,completed
12666,2909,6,1,274,56,2023-01-30,in_transit
12667,4638,7,6,275,128,2025-03-13,completed
12668,2131,7,8,275,196,2023-02-12,completed
12669,718,2,5,109,145,2026-04-20,completed
12670,358,1,8,19,177,2026-05-08,completed
12671,4048,2,4,66,89,2025-08-14,completed
12672,2153,10,9,243,75,2025-06-04,completed
12673,2894,7,1,125,283,2023-08-12,completed
12674,4144,7,3,192,130,2024-04-18,completed
12675,2759,8,9,141,167,2024-06-26,completed
12676,1763,6,7,39,290,2025-02-26,completed
12677,1459,9,2,251,197,2023-05-18,completed
12678,307,4,9,141,62,2026-02-26,completed
12679,3242,7,1,284,14,2026-04-12,completed
12680,4806,7,5,250,220,2024-09-02,in_transit
12681,1319,3,9,90,225,2024-05-06,completed
12682,682,10,4,11,214,2024-01-24,completed
12683,3787,9,8,82,91,2023-09-21,completed
12684,2405,4,10,181,122,2024-08-12,completed
12685,3953,2,6,121,270,2026-02-06,completed
12686,2349,7,5,63,63,2024-06-17,in_transit
12687,1187,6,9,97,219,2025-10-13,completed
12688,3047,9,8,64,147,2024-05-27,completed
12689,4454,10,6,155,125,2023-08-23,completed
12690,3801,10,6,203,232,2025-03-03,completed
12691,1533,6,1,208,84,2023-01-31,completed
12692,2695,6,5,170,87,2023-04-19,completed
12693,879,7,2,155,296,2024-11-30,completed
12694,1644,6,10,181,86,2025-01-19,completed
12695,137,5,7,226,116,2023-10-08,completed
12696,4886,1,6,5,278,2023-03-24,completed
12697,2007,10,5,11,92,2025-03-17,completed
12698,4456,1,2,93,82,2025-07-20,completed
12699,2278,9,2,275,62,2023-01-29,completed
12700,1783,2,6,143,207,2024-05-22,completed
12701,3745,3,4,109,21,2023-05-12,completed
12702,4067,10,4,167,27,2026-01-25,completed
12703,2095,10,4,187,260,2023-10-29,completed
12704,2596,4,7,267,259,2023-02-01,cancelled
12705,2198,10,8,185,115,2023-05-13,completed
12706,4786,4,1,52,230,2023-11-25,completed
12707,1060,6,7,147,54,2023-10-17,completed
12708,1885,6,8,202,256,2026-03-19,cancelled
12709,1687,9,10,241,199,2024-07-10,completed
12710,3474,9,6,244,207,2025-12-25,completed
12711,1322,4,6,86,261,2025-07-12,completed
12712,2303,7,1,160,271,2024-06-05,completed
12713,2941,9,2,105,15,2023-09-28,cancelled
12714,2296,9,6,248,172,2023-01-02,completed
12715,3729,10,5,19,104,2023-12-19,completed
12716,4698,6,8,181,163,2024-06-24,in_transit
12717,4491,8,5,121,222,2024-03-03,completed
12718,2201,3,10,44,184,2024-09-03,completed
12719,4777,8,5,34,199,2026-05-25,completed
12720,2501,9,8,262,287,2024-12-20,completed
12721,365,9,3,212,69,2023-06-19,completed
12722,2958,2,5,219,107,2023-01-03,completed
12723,1176,7,4,179,194,2023-10-04,cancelled
12724,4808,1,2,52,93,2025-07-09,cancelled
12725,2399,4,2,130,81,2023-06-20,completed
12726,581,3,4,158,63,2025-06-16,completed
12727,4768,7,3,102,189,2025-04-13,completed
12728,1057,1,7,19,154,2026-02-28,in_transit
12729,3355,8,3,253,146,2024-09-03,completed
12730,3264,8,6,294,205,2026-07-15,completed
12731,2950,8,2,172,11,2025-11-13,completed
12732,1395,10,4,229,126,2025-08-14,completed
12733,2065,6,3,284,154,2025-02-16,cancelled
12734,2786,6,7,160,257,2025-03-25,completed
12735,4784,7,10,75,16,2023-09-02,completed
12736,397,9,3,212,147,2024-03-27,completed
12737,850,10,3,271,84,2024-07-29,completed
12738,1635,9,4,39,296,2025-07-22,completed
12739,4873,10,3,274,267,2024-07-30,cancelled
12740,3578,7,8,126,152,2023-07-04,completed
12741,1900,1,8,155,227,2024-06-11,cancelled
12742,1793,10,1,272,218,2023-07-26,completed
12743,1432,6,8,199,78,2023-09-22,completed
12744,3577,7,3,34,96,2025-10-28,completed
12745,3399,9,3,134,168,2025-11-14,cancelled
12746,2344,1,6,136,274,2025-11-22,completed
12747,1504,7,3,116,21,2025-06-21,completed
12748,1002,10,1,26,179,2024-11-10,cancelled
12749,360,6,5,50,251,2025-01-15,completed
12750,116,9,5,44,28,2024-09-24,completed
12751,3160,5,7,135,75,2025-07-23,completed
12752,3644,10,2,288,82,2025-01-15,completed
12753,3303,7,6,29,253,2024-11-12,cancelled
12754,2175,3,9,227,109,2026-01-31,in_transit
12755,720,9,6,69,47,2023-06-26,completed
12756,1921,8,10,143,99,2024-03-01,completed
12757,1740,3,8,270,54,2025-04-13,completed
12758,1070,6,8,126,29,2023-10-05,completed
12759,4913,5,10,135,125,2024-01-20,completed
12760,726,9,5,141,78,2024-06-28,completed
12761,3274,6,2,42,38,2025-10-18,cancelled
12762,2359,10,3,292,249,2026-04-29,completed
12763,2486,8,5,71,88,2023-04-03,cancelled
12764,2702,5,8,233,288,2026-03-15,completed
12765,2775,6,8,180,109,2026-06-04,completed
12766,3906,3,4,117,150,2024-05-23,completed
12767,979,10,5,194,108,2026-03-07,completed
12768,1534,6,8,20,190,2024-12-31,completed
12769,2196,4,7,55,18,2024-11-13,completed
12770,3929,3,2,285,22,2025-05-03,completed
12771,1872,6,4,253,226,2023-01-28,completed
12772,516,9,4,190,91,2024-09-20,completed
12773,2364,7,3,96,177,2025-02-21,completed
12774,948,3,6,92,35,2025-11-07,completed
12775,3773,7,2,78,90,2025-03-08,completed
12776,1025,9,8,228,13,2024-06-01,completed
12777,874,9,8,237,181,2024-08-23,completed
12778,3908,5,10,102,152,2026-06-15,completed
12779,2829,1,2,94,219,2025-07-22,completed
12780,3042,5,2,206,231,2023-03-21,in_transit
12781,4816,6,1,138,84,2023-08-11,in_transit
12782,3145,2,7,212,254,2024-05-02,completed
12783,4114,4,7,165,94,2023-06-25,completed
12784,4202,9,6,299,44,2026-05-05,completed
12785,1563,7,5,189,213,2025-04-21,completed
12786,2537,3,10,282,231,2025-07-20,completed
12787,1531,3,4,36,209,2026-03-28,completed
12788,4259,9,8,186,81,2023-10-26,in_transit
12789,3499,6,8,186,152,2025-10-06,completed
12790,2835,7,8,149,187,2024-08-08,completed
12791,485,1,4,29,253,2023-03-27,completed
12792,4724,5,7,209,192,2024-05-03,completed
12793,1168,5,6,136,174,2023-06-10,completed
12794,4052,9,1,60,295,2025-05-05,completed
12795,290,4,5,30,248,2025-12-11,completed
12796,4232,5,7,280,237,2025-12-15,in_transit
12797,3863,1,6,186,27,2024-12-08,completed
12798,1804,8,6,185,217,2025-01-09,completed
12799,4209,1,3,163,61,2026-04-04,completed
12800,2447,10,3,284,190,2025-11-09,completed
12801,871,8,3,5,259,2023-07-14,completed
12802,3087,1,8,288,187,2025-01-16,completed
12803,284,4,1,133,217,2023-12-28,completed
12804,3382,9,4,264,232,2024-03-17,completed
12805,3484,7,9,93,162,2025-04-18,completed
12806,4510,5,8,113,283,2025-10-26,in_transit
12807,2971,3,8,37,151,2024-03-03,completed
12808,2189,8,6,264,22,2025-10-10,completed
12809,734,5,2,201,15,2024-05-24,completed
12810,3732,5,2,107,201,2025-05-12,completed
12811,923,9,10,194,262,2023-03-20,cancelled
12812,3727,4,7,257,95,2026-06-25,completed
12813,3999,4,7,125,180,2026-02-12,completed
12814,2643,6,3,253,225,2023-02-22,completed
12815,416,6,1,255,142,2025-12-24,completed
12816,3026,10,1,136,112,2024-12-22,completed
12817,4962,4,5,97,14,2023-06-26,completed
12818,1222,3,7,61,298,2025-01-11,completed
12819,3876,3,4,259,174,2023-06-11,cancelled
12820,1095,1,3,74,141,2026-06-24,completed
12821,1270,8,3,223,100,2023-05-22,completed
12822,4874,10,7,288,300,2025-04-13,completed
12823,4245,2,3,242,261,2024-08-18,completed
12824,4555,9,4,114,49,2025-10-21,cancelled
12825,2904,1,4,8,295,2025-09-09,completed
12826,2751,9,1,278,215,2024-01-23,in_transit
12827,1138,2,9,217,115,2023-03-19,completed
12828,2297,2,10,10,281,2026-07-05,in_transit
12829,3518,7,10,42,109,2024-06-21,completed
12830,1589,1,6,130,66,2023-02-18,completed
12831,925,1,10,183,165,2025-06-20,in_transit
12832,3222,5,8,164,272,2025-05-03,completed
12833,2335,9,1,169,174,2023-07-17,completed
12834,162,7,3,130,27,2023-12-24,completed
12835,2069,6,5,26,84,2026-03-08,in_transit
12836,1264,8,6,216,126,2025-12-20,completed
12837,1044,7,9,9,278,2026-07-18,completed
12838,1715,4,8,64,10,2025-08-19,completed
12839,1542,3,4,193,128,2025-11-20,completed
12840,1993,4,8,296,29,2023-12-03,completed
12841,1346,7,9,78,119,2025-06-22,completed
12842,281,5,4,269,39,2023-02-26,completed
12843,4065,9,7,295,256,2026-04-27,completed
12844,3744,7,2,201,165,2025-09-11,completed
12845,2379,4,9,45,115,2025-05-20,completed
12846,1261,7,4,205,54,2023-03-09,completed
12847,1812,4,8,188,68,2026-04-11,completed
12848,1796,10,6,281,196,2024-02-13,completed
12849,3525,9,6,116,189,2026-01-08,completed
12850,4996,10,4,293,225,2025-07-06,completed
12851,2214,5,3,85,228,2025-08-19,completed
12852,2438,9,7,261,190,2023-12-15,completed
12853,1953,6,8,81,39,2025-09-12,completed
12854,438,5,8,183,65,2025-03-07,completed
12855,2988,5,10,128,64,2024-05-29,completed
12856,3338,8,5,109,176,2024-07-14,completed
12857,3496,9,5,99,73,2024-01-07,completed
12858,1573,1,2,77,258,2023-12-11,completed
12859,954,10,1,300,51,2025-11-04,completed
12860,3955,3,1,283,12,2024-11-23,completed
12861,1103,8,9,5,212,2023-12-30,completed
12862,2021,10,5,53,214,2024-11-05,cancelled
12863,2827,3,7,157,123,2025-12-09,cancelled
12864,2089,8,6,227,34,2024-04-01,completed
12865,4185,1,10,283,110,2024-09-27,completed
12866,4137,5,8,141,141,2026-04-24,completed
12867,4527,1,7,184,287,2023-08-01,completed
12868,392,1,6,80,11,2026-06-27,cancelled
12869,4043,7,4,9,219,2026-03-03,completed
12870,2628,3,5,1,50,2023-10-28,in_transit
12871,3007,2,9,30,217,2023-05-13,completed
12872,1881,1,6,52,267,2024-02-24,completed
12873,1780,1,10,285,87,2025-10-16,completed
12874,554,8,2,99,132,2026-04-17,completed
12875,4630,2,5,291,183,2023-10-11,completed
12876,996,8,1,51,163,2025-07-19,completed
12877,3999,7,6,122,76,2024-04-03,completed
12878,1718,10,9,191,137,2026-07-05,cancelled
12879,4576,7,10,158,251,2025-11-18,completed
12880,3420,9,6,75,256,2025-09-06,in_transit
12881,105,4,5,208,142,2025-08-11,completed
12882,2343,9,6,31,184,2024-11-05,completed
12883,681,5,8,82,226,2025-05-06,completed
12884,2337,3,4,2,83,2025-02-16,completed
12885,382,8,9,124,268,2026-06-12,in_transit
12886,1124,2,5,233,276,2025-05-03,completed
12887,1515,7,10,227,297,2024-01-01,completed
12888,2983,9,1,62,157,2023-09-18,completed
12889,4754,2,7,282,84,2025-06-29,completed
12890,4117,9,2,90,80,2025-02-13,completed
12891,3509,1,5,62,59,2024-01-04,completed
12892,4805,10,8,189,145,2025-03-19,in_transit
12893,3094,6,8,252,228,2025-02-07,completed
12894,4427,2,4,274,111,2024-05-27,completed
12895,3607,3,9,97,134,2024-06-19,completed
12896,1527,8,9,26,140,2025-04-29,completed
12897,4054,10,6,203,157,2023-04-15,completed
12898,203,4,7,37,167,2025-12-02,completed
12899,3848,8,5,250,72,2026-07-23,completed
12900,4375,4,9,104,116,2023-12-21,completed
12901,3337,7,1,194,65,2026-03-03,completed
12902,800,9,3,144,197,2024-06-13,completed
12903,188,10,4,141,90,2023-02-04,completed
12904,560,2,10,177,199,2025-10-18,completed
12905,3342,7,1,276,68,2025-09-17,cancelled
12906,1917,7,1,89,218,2026-02-23,completed
12907,4065,3,4,27,295,2023-08-28,cancelled
12908,49,3,6,172,293,2026-06-28,completed
12909,2862,3,9,13,18,2023-01-03,completed
12910,2837,10,1,222,203,2025-01-16,completed
12911,4297,4,5,200,159,2024-01-26,completed
12912,3204,1,7,219,56,2023-12-18,completed
12913,880,9,6,169,25,2025-05-08,completed
12914,1080,8,1,196,78,2025-01-06,completed
12915,3161,8,5,53,173,2024-02-01,cancelled
12916,2903,8,1,109,260,2024-08-08,completed
12917,342,4,2,38,223,2025-11-20,completed
12918,863,9,10,244,213,2025-11-19,completed
12919,3854,8,5,290,272,2023-08-12,completed
12920,1370,1,2,84,240,2026-01-05,in_transit
12921,2028,4,6,140,31,2026-07-01,completed
12922,1363,6,9,146,122,2025-02-19,completed
12923,1677,2,6,128,72,2023-10-02,in_transit
12924,766,3,1,300,271,2024-06-28,cancelled
12925,656,3,7,54,201,2023-06-06,completed
12926,3072,3,9,14,297,2024-09-01,completed
12927,740,5,8,181,118,2025-07-22,completed
12928,236,9,1,261,219,2025-07-22,completed
12929,4199,1,5,281,94,2025-04-14,completed
12930,4513,2,6,244,92,2023-11-04,completed
12931,3072,4,2,257,300,2025-03-18,completed
12932,1022,3,7,173,277,2026-03-06,completed
12933,739,1,5,222,139,2025-03-03,completed
12934,3034,3,6,129,15,2023-11-23,in_transit
12935,4698,8,6,83,73,2023-12-31,in_transit
12936,1648,8,7,166,147,2023-06-01,completed
12937,633,9,3,223,138,2025-02-16,completed
12938,3770,10,5,30,148,2026-02-10,completed
12939,2302,2,5,282,290,2024-06-13,cancelled
12940,1256,4,10,216,78,2023-01-13,completed
12941,1465,5,10,46,213,2023-08-09,completed
12942,2959,2,9,52,28,2025-10-29,completed
12943,3389,4,5,29,126,2025-01-01,completed
12944,1411,8,2,147,245,2025-11-15,completed
12945,3386,1,5,145,131,2024-01-01,completed
12946,2687,5,7,133,210,2025-02-02,completed
12947,1963,2,6,2,68,2026-06-15,completed
12948,3658,8,9,10,107,2025-03-13,in_transit
12949,535,8,5,140,271,2024-04-22,completed
12950,3711,10,7,224,68,2026-04-15,completed
12951,536,6,1,168,126,2023-08-07,completed
12952,3320,6,1,29,224,2026-01-14,in_transit
12953,67,9,2,289,94,2023-09-04,completed
12954,2301,5,8,201,101,2026-05-26,completed
12955,3476,9,3,229,253,2025-09-29,completed
12956,1877,4,10,101,104,2026-04-12,completed
12957,1832,8,2,254,48,2024-10-27,completed
12958,4356,5,3,3,155,2023-07-22,completed
12959,3732,1,7,51,204,2024-10-16,completed
12960,4214,5,8,58,240,2026-01-04,completed
12961,1326,7,9,26,56,2023-03-09,completed
12962,1190,5,1,269,246,2026-07-28,completed
12963,4318,8,1,102,48,2024-08-19,cancelled
12964,4755,6,3,98,107,2023-11-17,completed
12965,1359,6,5,154,293,2025-03-14,completed
12966,2874,3,2,13,212,2026-01-25,cancelled
12967,4630,5,4,24,214,2025-08-31,completed
12968,4742,4,7,265,191,2023-08-19,completed
12969,1269,2,9,84,201,2025-11-09,completed
12970,3113,8,3,41,262,2023-02-14,completed
12971,3391,2,8,227,74,2024-10-29,completed
12972,798,6,4,9,149,2024-05-31,cancelled
12973,3536,10,6,91,51,2024-02-12,completed
12974,2365,3,2,13,216,2023-01-13,completed
12975,2622,5,7,145,242,2024-07-30,completed
12976,3687,1,4,81,117,2024-08-05,completed
12977,1,8,1,105,93,2025-05-06,completed
12978,483,6,3,295,76,2024-11-19,in_transit
12979,2618,10,9,268,142,2024-08-10,completed
12980,3013,3,2,118,258,2025-04-04,completed
12981,775,6,8,221,259,2026-01-25,completed
12982,4686,1,10,250,173,2025-05-03,completed
12983,3765,9,10,3,217,2025-10-18,completed
12984,2577,1,9,151,289,2023-07-19,cancelled
12985,3579,3,6,207,269,2026-04-03,cancelled
12986,3998,5,8,202,205,2024-10-30,completed
12987,4323,3,8,185,265,2026-03-06,completed
12988,514,3,2,82,237,2025-09-03,completed
12989,693,3,8,149,295,2023-10-06,completed
12990,307,4,1,277,290,2024-03-31,completed
12991,4473,8,4,9,206,2025-01-20,completed
12992,2105,6,2,212,59,2025-01-18,completed
12993,3694,4,10,266,207,2023-06-11,completed
12994,2400,1,10,216,190,2023-05-30,cancelled
12995,2913,6,10,154,247,2025-10-10,completed
12996,3868,2,1,168,93,2023-05-11,completed
12997,4380,9,10,14,68,2023-02-16,completed
12998,3878,10,3,248,40,2024-02-26,completed
12999,120,10,2,57,126,2023-09-18,completed
13000,313,1,8,90,132,2023-11-06,completed
13001,4313,1,10,183,288,2024-10-22,completed
13002,4680,10,1,45,96,2026-03-29,completed
13003,724,2,6,232,253,2024-08-12,completed
13004,1373,2,9,29,11,2023-08-18,completed
13005,3527,2,7,94,35,2025-01-16,completed
13006,1794,10,2,132,124,2023-01-25,completed
13007,221,6,2,90,105,2025-11-26,completed
13008,4309,9,8,17,123,2023-11-13,cancelled
13009,820,5,10,184,275,2023-11-19,completed
13010,1800,8,2,157,243,2024-05-12,completed
13011,845,4,10,5,35,2026-05-12,completed
13012,2562,2,4,283,31,2026-06-03,in_transit
13013,2577,9,1,55,137,2024-02-26,in_transit
13014,2105,1,4,123,171,2026-01-22,completed
13015,4484,8,1,253,172,2024-10-10,in_transit
13016,800,5,4,89,256,2023-10-16,completed
13017,1825,6,4,173,10,2024-11-13,completed
13018,4400,9,8,165,181,2023-11-11,completed
13019,1709,5,1,7,190,2024-11-06,completed
13020,107,9,3,154,69,2023-02-17,completed
13021,3847,10,1,9,116,2024-01-05,completed
13022,867,8,1,296,217,2023-12-10,completed
13023,1618,6,7,164,157,2026-05-17,completed
13024,509,5,3,197,106,2024-08-27,completed
13025,1237,9,3,267,72,2026-05-21,cancelled
13026,370,5,1,175,275,2023-10-25,completed
13027,3388,7,2,17,126,2025-12-07,completed
13028,2364,4,10,276,36,2025-06-14,cancelled
13029,2932,9,6,125,58,2023-05-29,completed
13030,1024,8,6,35,186,2023-12-26,completed
13031,2310,10,6,271,151,2026-02-11,completed
13032,3766,9,4,88,29,2024-01-15,completed
13033,2698,6,5,58,51,2024-01-21,completed
13034,1055,2,4,214,159,2023-04-13,in_transit
13035,3579,10,4,114,141,2025-12-11,completed
13036,4938,6,1,229,157,2025-08-10,completed
13037,1531,5,3,282,220,2024-05-11,completed
13038,2444,8,2,226,267,2023-06-18,completed
13039,676,8,1,227,99,2023-06-24,completed
13040,4118,1,10,130,25,2024-03-01,completed
13041,2169,10,5,60,183,2024-03-02,completed
13042,4169,7,6,140,112,2025-01-05,completed
13043,4817,10,7,27,60,2025-02-08,completed
13044,3416,4,3,174,132,2026-05-27,completed
13045,3087,2,9,204,245,2026-04-20,completed
13046,4390,1,4,170,29,2025-07-16,cancelled
13047,3589,7,10,207,140,2026-06-12,completed
13048,1434,10,2,133,61,2024-01-22,completed
13049,2033,2,6,207,194,2025-09-03,completed
13050,523,6,9,7,51,2024-04-14,cancelled
13051,3980,7,10,290,68,2025-05-21,completed
13052,2332,8,1,82,212,2024-05-14,completed
13053,973,2,10,130,182,2023-11-23,completed
13054,1672,6,4,129,197,2023-11-14,completed
13055,3581,10,1,141,126,2024-05-31,completed
13056,2211,10,3,40,150,2024-06-25,completed
13057,3544,4,3,246,26,2025-02-04,completed
13058,1045,5,3,23,202,2025-07-07,completed
13059,341,6,2,181,82,2024-05-28,completed
13060,4087,5,2,87,269,2023-03-18,completed
13061,2364,1,10,291,20,2024-09-20,cancelled
13062,4480,8,4,50,202,2025-04-04,completed
13063,1658,1,9,68,132,2023-05-24,cancelled
13064,3367,3,8,164,268,2026-03-03,completed
13065,2094,1,3,197,53,2025-09-15,completed
13066,4482,8,1,158,182,2023-08-12,completed
13067,1064,8,4,298,170,2026-06-21,cancelled
13068,3,3,6,285,147,2026-05-24,completed
13069,813,8,3,262,20,2023-02-21,in_transit
13070,3652,9,3,120,74,2024-12-26,completed
13071,1813,3,1,41,242,2025-03-21,completed
13072,3310,6,10,278,44,2023-01-26,completed
13073,4357,9,4,15,189,2025-03-27,completed
13074,1994,9,8,23,121,2024-01-26,cancelled
13075,3751,2,8,282,126,2025-12-24,completed
13076,844,4,9,9,138,2023-02-24,in_transit
13077,2520,8,9,231,258,2023-12-28,completed
13078,2197,9,8,274,134,2023-10-10,completed
13079,2773,9,4,151,216,2023-12-24,cancelled
13080,1491,8,7,202,210,2024-08-26,completed
13081,2529,6,2,229,102,2025-01-25,completed
13082,144,7,6,208,279,2023-03-16,completed
13083,931,9,10,87,297,2025-02-10,completed
13084,2614,10,7,185,300,2025-09-11,completed
13085,3672,10,2,47,261,2025-07-29,completed
13086,365,4,1,254,133,2024-08-13,in_transit
13087,2540,2,6,246,296,2025-12-22,completed
13088,4138,1,4,3,157,2025-05-03,completed
13089,3875,3,10,231,75,2024-10-29,completed
13090,2507,9,2,144,43,2023-11-08,completed
13091,2274,10,7,162,300,2026-02-28,completed
13092,1841,8,3,287,184,2024-12-04,in_transit
13093,751,2,7,52,182,2023-08-29,completed
13094,1966,2,7,104,232,2024-12-29,in_transit
13095,4614,6,3,199,224,2026-07-17,completed
13096,152,2,8,180,18,2025-11-02,completed
13097,3244,10,7,131,31,2026-02-10,completed
13098,3197,1,10,206,220,2024-01-30,cancelled
13099,4298,6,10,23,80,2026-04-14,completed
13100,4679,8,5,171,15,2026-02-11,completed
13101,4800,6,2,204,104,2023-08-02,completed
13102,225,8,5,51,59,2024-10-08,cancelled
13103,4955,6,10,119,170,2025-11-28,completed
13104,3508,8,1,206,86,2026-03-26,cancelled
13105,4656,10,5,15,128,2024-04-05,completed
13106,3013,4,3,124,182,2024-07-29,cancelled
13107,1684,1,2,76,11,2026-04-04,in_transit
13108,2944,3,4,201,257,2024-09-14,completed
13109,2260,5,4,29,42,2025-02-16,completed
13110,4781,3,5,62,99,2023-05-21,completed
13111,1843,9,7,223,20,2023-01-03,completed
13112,3724,4,10,161,28,2025-09-15,completed
13113,4231,5,7,67,290,2024-08-19,completed
13114,4297,3,4,108,263,2024-12-02,completed
13115,4505,7,5,291,49,2025-03-23,completed
13116,655,10,3,169,21,2024-10-29,completed
13117,4268,4,1,154,145,2023-08-23,in_transit
13118,1961,4,8,177,277,2025-08-31,cancelled
13119,2607,10,3,252,210,2023-02-08,completed
13120,3772,1,4,138,154,2026-01-02,in_transit
13121,3053,10,9,159,74,2025-11-12,completed
13122,4983,1,7,224,16,2025-02-19,cancelled
13123,4299,7,9,291,263,2024-09-30,in_transit
13124,96,5,3,196,155,2025-10-17,completed
13125,2480,7,1,106,89,2024-11-23,completed
13126,2153,10,9,129,250,2025-08-02,cancelled
13127,2584,7,5,198,131,2026-07-02,completed
13128,2265,4,1,235,202,2026-04-15,completed
13129,4621,3,2,266,224,2026-06-18,in_transit
13130,2730,5,10,120,159,2025-06-03,completed
13131,3245,8,1,241,224,2026-04-04,completed
13132,1007,3,2,55,297,2026-01-05,completed
13133,3758,5,3,9,233,2023-01-08,completed
13134,889,4,10,184,263,2023-07-23,completed
13135,3733,9,4,251,247,2023-06-05,completed
13136,4110,7,8,267,65,2025-10-22,in_transit
13137,1572,1,5,273,246,2023-01-25,completed
13138,2214,2,6,184,159,2023-04-01,completed
13139,2708,10,3,250,191,2025-04-10,completed
13140,4700,1,7,187,181,2025-11-01,completed
13141,3618,4,6,264,288,2023-04-06,completed
13142,1569,1,5,43,270,2025-07-02,completed
13143,4930,9,5,58,184,2024-07-10,in_transit
13144,2327,9,1,222,126,2024-02-01,completed
13145,691,7,10,212,34,2023-11-15,completed
13146,709,8,2,31,60,2025-06-05,completed
13147,1496,7,1,16,279,2024-08-30,completed
13148,1328,5,10,173,82,2023-03-12,in_transit
13149,3241,5,4,265,115,2023-02-01,completed
13150,3109,5,6,130,272,2025-07-04,completed
13151,3412,4,5,186,38,2023-05-09,completed
13152,1176,6,9,149,73,2024-09-03,completed
13153,1423,1,6,231,159,2023-08-16,in_transit
13154,156,10,7,263,122,2025-09-29,in_transit
13155,1373,3,4,14,184,2023-01-01,completed
13156,2571,10,8,147,148,2023-03-10,in_transit
13157,3404,1,6,151,259,2024-10-24,completed
13158,2166,6,3,292,24,2023-08-13,completed
13159,4764,4,8,143,279,2025-09-01,in_transit
13160,200,6,1,56,11,2023-08-26,completed
13161,826,7,6,184,38,2023-06-06,completed
13162,124,8,1,279,156,2023-09-25,completed
13163,3539,5,2,281,256,2025-11-11,cancelled
13164,1936,5,10,259,140,2026-07-25,completed
13165,2701,2,6,212,55,2023-04-02,completed
13166,1298,5,2,63,153,2023-11-19,completed
13167,3704,2,1,216,15,2023-02-27,completed
13168,4926,9,1,17,149,2024-09-20,completed
13169,674,8,4,206,271,2024-06-27,completed
13170,714,5,7,132,231,2026-05-25,completed
13171,1461,4,10,142,89,2023-08-10,completed
13172,2531,3,10,61,257,2026-04-19,completed
13173,2152,1,2,198,121,2023-04-06,completed
13174,1403,9,10,223,224,2023-03-16,completed
13175,1813,2,3,89,149,2026-05-19,completed
13176,222,7,10,17,103,2026-03-04,completed
13177,2749,3,4,199,31,2023-01-22,completed
13178,3,3,7,32,263,2026-06-07,in_transit
13179,3097,3,7,267,137,2024-05-18,cancelled
13180,4721,10,1,182,59,2023-02-27,cancelled
13181,4342,10,5,137,179,2023-09-07,completed
13182,3189,9,3,231,128,2023-07-22,completed
13183,3112,1,10,12,36,2025-06-25,cancelled
13184,4355,1,2,30,163,2023-04-12,completed
13185,2654,4,2,266,68,2024-03-14,cancelled
13186,4762,5,2,43,194,2023-07-08,in_transit
13187,3027,8,9,51,49,2023-11-07,completed
13188,4399,7,1,152,288,2025-08-02,completed
13189,1205,7,4,284,263,2023-02-16,completed
13190,1866,5,1,40,135,2025-03-31,completed
13191,4117,4,1,184,181,2023-12-17,completed
13192,1468,9,4,284,286,2024-04-28,completed
13193,2980,5,7,189,254,2023-11-11,completed
13194,1859,9,10,11,225,2025-09-29,completed
13195,2785,5,8,161,288,2025-08-10,completed
13196,10,8,4,4,56,2025-09-26,completed
13197,4889,4,8,63,176,2023-04-01,completed
13198,768,9,8,82,170,2025-06-10,completed
13199,4029,7,6,286,49,2024-04-23,completed
13200,4489,4,7,60,227,2026-02-19,in_transit
13201,1497,9,4,5,87,2026-02-07,completed
13202,2397,5,6,232,219,2023-11-03,completed
13203,4872,5,3,106,149,2023-04-06,completed
13204,4036,4,6,204,263,2026-06-01,completed
13205,2500,5,10,143,14,2026-07-02,completed
13206,3170,8,7,136,296,2023-06-06,completed
13207,2426,3,4,15,241,2025-12-16,completed
13208,4768,3,4,251,84,2024-05-19,completed
13209,338,7,9,290,239,2024-05-18,completed
13210,34,3,10,263,19,2023-11-14,cancelled
13211,3108,6,3,65,46,2024-09-07,completed
13212,4971,2,6,231,217,2025-07-13,completed
13213,1241,5,3,283,196,2026-07-25,completed
13214,2570,4,6,24,38,2024-01-17,completed
13215,1603,4,7,11,197,2023-07-13,completed
13216,2010,3,10,260,145,2024-12-09,completed
13217,2748,10,9,119,66,2025-10-25,completed
13218,3932,3,1,186,151,2025-03-26,completed
13219,2209,1,8,103,109,2025-02-07,completed
13220,4222,4,10,145,68,2024-07-28,completed
13221,2734,5,9,207,257,2023-09-09,completed
13222,2553,1,9,92,119,2026-05-20,in_transit
13223,3502,6,9,93,162,2023-06-04,completed
13224,1867,5,8,88,103,2026-06-18,completed
13225,1639,9,6,192,102,2025-05-13,completed
13226,3592,3,2,57,213,2025-09-27,completed
13227,3461,10,6,88,73,2025-11-01,completed
13228,1732,3,1,122,111,2025-01-13,completed
13229,4807,2,5,111,117,2025-09-11,completed
13230,2169,1,5,172,264,2023-06-14,completed
13231,462,2,5,137,48,2024-05-02,completed
13232,1736,7,2,237,213,2026-05-02,completed
13233,3716,9,10,104,279,2025-04-26,completed
13234,560,3,10,49,180,2024-07-19,completed
13235,3748,2,6,134,279,2024-03-02,completed
13236,1966,8,5,222,85,2023-03-01,completed
13237,309,6,7,160,61,2024-02-04,in_transit
13238,702,7,5,190,134,2024-08-23,completed
13239,3817,8,3,199,12,2025-08-03,cancelled
13240,2572,2,7,281,82,2024-09-02,completed
13241,1761,3,8,147,121,2023-04-05,completed
13242,3184,10,9,91,139,2026-04-10,completed
13243,3514,10,2,162,262,2024-11-09,completed
13244,4859,7,10,241,52,2023-03-13,completed
13245,1094,2,5,232,55,2024-12-30,completed
13246,2124,10,6,77,213,2024-10-18,completed
13247,2288,10,2,71,13,2025-05-27,completed
13248,1757,6,4,24,251,2023-06-25,completed
13249,4512,7,8,213,12,2025-02-27,completed
13250,4320,6,7,214,276,2024-04-21,completed
13251,3099,5,8,267,51,2025-05-18,cancelled
13252,3992,8,10,121,145,2026-04-17,completed
13253,4092,5,4,255,299,2025-03-31,completed
13254,303,4,7,10,138,2025-01-15,in_transit
13255,1561,2,3,50,271,2023-05-30,completed
13256,2392,10,3,186,46,2024-06-16,completed
13257,4360,4,5,88,220,2024-08-23,in_transit
13258,809,7,10,264,273,2025-09-25,completed
13259,926,5,3,200,114,2024-04-08,in_transit
13260,3104,6,9,108,56,2024-12-23,completed
13261,3133,9,3,161,76,2025-09-07,completed
13262,1970,4,3,279,291,2024-02-26,in_transit
13263,116,2,1,61,176,2026-03-14,in_transit
13264,3761,5,6,246,90,2023-12-04,cancelled
13265,393,7,6,253,34,2025-05-03,completed
13266,2830,6,8,102,51,2026-02-17,completed
13267,463,1,2,177,140,2026-04-08,completed
13268,3520,10,4,121,52,2025-04-08,completed
13269,3320,7,1,297,185,2026-06-26,completed
13270,1233,1,3,256,160,2024-12-28,completed
13271,4795,8,7,142,36,2025-01-29,completed
13272,377,9,3,243,249,2023-02-23,cancelled
13273,2430,10,5,154,207,2023-01-22,completed
13274,3407,2,10,127,77,2025-09-17,in_transit
13275,3571,10,5,208,87,2026-03-12,in_transit
13276,1229,4,8,210,66,2023-01-08,completed
13277,4470,5,2,291,36,2023-05-20,completed
13278,3105,1,4,132,175,2026-01-23,cancelled
13279,2095,8,4,273,292,2023-09-17,completed
13280,3076,10,9,191,282,2023-03-27,completed
13281,3517,4,6,157,106,2024-03-12,in_transit
13282,3562,2,8,197,27,2023-08-04,completed
13283,2127,5,4,283,269,2025-02-27,in_transit
13284,973,7,1,178,279,2025-05-11,cancelled
13285,4376,2,10,98,121,2025-12-27,completed
13286,3140,4,8,32,176,2025-04-22,completed
13287,1963,8,5,78,230,2025-09-26,in_transit
13288,4933,4,10,51,195,2026-03-16,completed
13289,268,4,8,158,165,2023-12-08,completed
13290,2543,2,3,276,194,2025-05-21,completed
13291,4148,2,8,294,129,2023-01-29,completed
13292,1193,6,2,147,245,2026-02-08,completed
13293,496,5,3,261,243,2025-08-17,completed
13294,945,5,7,288,272,2025-09-29,completed
13295,4124,1,10,166,239,2026-05-01,completed
13296,4317,9,8,43,70,2024-12-04,completed
13297,3850,10,9,156,56,2025-03-18,completed
13298,1166,9,1,123,164,2026-01-24,completed
13299,69,7,3,267,216,2023-03-19,completed
13300,3570,8,7,243,86,2026-01-19,in_transit
13301,462,4,5,206,268,2024-10-19,completed
13302,1878,6,10,2,41,2026-05-27,completed
13303,56,6,5,47,251,2023-05-31,completed
13304,2888,2,8,184,245,2025-07-22,completed
13305,1177,10,3,38,243,2023-05-12,completed
13306,1006,8,2,261,90,2023-08-31,completed
13307,2670,3,1,224,93,2024-02-20,completed
13308,4248,7,3,261,41,2023-11-29,completed
13309,3957,3,2,150,167,2025-03-19,completed
13310,1002,5,6,281,275,2025-11-22,completed
13311,2589,5,7,27,178,2023-04-13,completed
13312,417,3,10,157,166,2023-08-29,completed
13313,3377,1,8,23,220,2024-02-07,completed
13314,3393,2,1,35,250,2025-06-11,completed
13315,4737,6,10,137,208,2025-10-04,cancelled
13316,3489,4,5,6,178,2025-03-11,completed
13317,3977,4,1,121,78,2024-01-21,completed
13318,3706,7,8,289,121,2024-06-19,completed
13319,3041,5,8,213,299,2025-08-08,completed
13320,4302,9,7,158,175,2026-01-23,completed
13321,3936,8,5,297,102,2026-06-30,completed
13322,4414,2,3,207,45,2024-08-10,cancelled
13323,3984,8,10,103,221,2024-05-05,completed
13324,4479,10,9,299,121,2023-04-24,completed
13325,4171,3,2,194,228,2024-12-31,in_transit
13326,2642,5,10,249,288,2023-10-20,completed
13327,2833,3,9,199,52,2026-03-26,completed
13328,3644,4,6,247,142,2026-04-15,completed
13329,2418,4,5,63,200,2023-07-20,completed
13330,4476,2,6,235,140,2023-12-25,completed
13331,4430,1,10,286,285,2025-01-18,completed
13332,4847,6,2,160,199,2024-05-11,completed
13333,4430,8,1,241,92,2026-04-26,completed
13334,2678,9,10,285,76,2026-05-19,completed
13335,1394,3,4,138,181,2023-08-06,completed
13336,4050,6,10,201,49,2024-06-14,in_transit
13337,2659,4,3,193,104,2025-12-25,completed
13338,4421,7,4,129,264,2023-12-26,completed
13339,3472,3,5,75,203,2025-06-23,completed
13340,4037,4,1,288,81,2024-08-21,completed
13341,4410,2,9,176,87,2025-04-13,completed
13342,636,10,9,204,76,2024-06-07,completed
13343,3092,8,4,90,248,2025-11-14,completed
13344,4678,1,4,270,201,2024-03-09,completed
13345,2729,6,2,272,282,2024-01-02,completed
13346,2788,10,7,164,212,2023-08-25,completed
13347,2991,2,8,234,296,2023-06-15,completed
13348,1770,3,2,160,48,2024-05-18,completed
13349,1989,6,1,52,34,2025-09-27,completed
13350,1930,4,5,70,180,2024-01-31,completed
13351,4709,10,1,150,118,2023-04-21,cancelled
13352,4884,2,8,210,193,2025-03-21,completed
13353,1597,10,4,276,22,2025-10-23,completed
13354,1565,2,8,240,12,2026-04-10,completed
13355,3299,3,7,58,54,2026-05-30,completed
13356,2440,10,5,189,45,2025-04-02,in_transit
13357,3699,8,9,60,291,2025-06-17,in_transit
13358,2673,1,8,186,273,2024-06-26,completed
13359,3338,1,10,135,249,2026-01-02,completed
13360,4698,9,6,96,188,2023-04-05,completed
13361,3424,2,3,56,18,2025-08-04,completed
13362,3751,5,1,77,68,2023-03-05,in_transit
13363,2507,1,9,218,207,2023-03-02,completed
13364,847,9,4,27,256,2026-04-10,in_transit
13365,4526,9,7,51,102,2023-05-12,completed
13366,3876,6,3,180,286,2024-06-04,completed
13367,1918,8,4,29,217,2023-03-02,completed
13368,4528,5,9,198,240,2023-11-07,completed
13369,263,10,3,94,139,2025-12-12,completed
13370,121,9,5,53,214,2024-11-18,in_transit
13371,4543,8,6,280,182,2025-09-12,completed
13372,1937,5,8,32,197,2023-10-17,completed
13373,2120,10,1,215,33,2023-01-08,completed
13374,584,9,7,116,115,2024-07-17,cancelled
13375,1754,6,7,65,294,2025-04-07,completed
13376,3008,3,9,190,95,2023-11-03,completed
13377,3795,6,8,158,93,2024-08-15,completed
13378,4312,7,8,109,129,2023-10-25,cancelled
13379,3734,3,2,234,10,2024-04-14,completed
13380,3683,4,2,187,71,2023-07-22,completed
13381,2164,4,10,65,180,2026-06-13,completed
13382,4860,1,5,93,119,2026-05-01,completed
13383,2146,7,4,81,65,2023-12-11,completed
13384,10,8,10,101,205,2023-12-07,completed
13385,4444,5,4,288,179,2024-03-28,completed
13386,4146,8,2,185,84,2025-06-01,completed
13387,4551,4,6,277,161,2023-12-11,completed
13388,3225,9,3,110,159,2026-07-19,completed
13389,3373,9,6,257,217,2025-04-23,completed
13390,3421,10,5,270,45,2024-10-21,cancelled
13391,2931,5,10,214,98,2024-06-11,completed
13392,1581,8,10,57,56,2023-10-12,in_transit
13393,639,10,7,142,64,2023-01-31,completed
13394,4393,6,1,210,272,2024-12-08,completed
13395,4010,9,2,12,79,2024-01-25,completed
13396,2294,2,8,266,32,2025-07-06,completed
13397,178,8,5,274,199,2025-02-11,cancelled
13398,4529,1,6,196,25,2026-06-06,completed
13399,4941,1,4,121,90,2023-10-21,completed
13400,1840,9,8,215,27,2025-10-15,completed
13401,3787,3,7,42,144,2023-01-08,cancelled
13402,2025,8,5,91,121,2026-07-29,completed
13403,2819,2,9,241,166,2025-10-17,cancelled
13404,2098,4,10,217,228,2024-04-10,cancelled
13405,1863,10,3,145,118,2026-02-14,completed
13406,826,8,1,49,107,2026-05-29,completed
13407,4345,1,10,162,94,2023-03-20,cancelled
13408,3097,8,9,271,272,2026-05-08,completed
13409,2755,7,1,199,192,2023-01-31,completed
13410,4029,6,1,57,287,2024-10-07,completed
13411,2874,9,7,298,300,2025-04-19,completed
13412,24,6,1,5,103,2024-12-22,completed
13413,701,2,10,219,124,2023-06-21,cancelled
13414,2690,9,6,247,87,2024-03-20,completed
13415,1675,5,2,191,201,2023-02-04,completed
13416,2419,3,2,213,125,2025-03-05,completed
13417,805,6,7,35,18,2024-07-09,completed
13418,4373,4,6,111,129,2025-12-29,completed
13419,1035,6,5,209,285,2026-04-25,completed
13420,638,4,10,52,232,2026-04-07,cancelled
13421,1929,5,4,244,187,2024-12-07,completed
13422,2431,10,1,247,115,2023-06-30,in_transit
13423,3758,1,3,285,249,2023-12-21,completed
13424,1940,9,4,13,230,2023-04-05,completed
13425,3986,4,9,114,219,2023-02-25,cancelled
13426,249,5,7,34,239,2023-09-24,completed
13427,1473,4,9,260,132,2023-05-25,completed
13428,2799,3,8,140,192,2025-02-23,completed
13429,1176,1,7,132,50,2023-02-13,completed
13430,3620,5,7,296,100,2024-06-13,in_transit
13431,2382,7,2,201,224,2026-04-20,cancelled
13432,2251,1,6,234,165,2025-05-23,completed
13433,267,5,8,71,45,2023-11-03,completed
13434,3817,5,8,13,192,2024-11-27,in_transit
13435,1133,4,2,220,81,2023-11-26,completed
13436,4441,2,6,10,23,2023-12-01,completed
13437,1700,1,4,162,120,2026-07-04,completed
13438,2032,2,4,251,36,2025-08-17,completed
13439,2016,8,10,196,131,2025-04-23,completed
13440,4180,1,10,249,276,2024-11-05,completed
13441,1683,4,10,217,119,2023-11-08,completed
13442,4175,4,10,200,172,2025-07-14,completed
13443,4564,8,4,152,57,2024-01-24,in_transit
13444,1916,8,7,269,140,2023-12-26,completed
13445,81,10,5,77,209,2024-12-11,completed
13446,4661,10,3,102,183,2024-02-19,completed
13447,3804,7,1,140,184,2025-01-31,completed
13448,2489,8,10,77,214,2025-05-03,completed
13449,2432,10,1,97,282,2024-09-23,completed
13450,4430,2,4,117,175,2023-01-15,completed
13451,568,10,8,165,55,2023-10-19,completed
13452,1148,9,3,106,93,2025-11-07,cancelled
13453,1811,5,3,128,61,2025-06-15,completed
13454,203,6,7,34,161,2023-05-28,completed
13455,715,8,7,28,118,2026-05-05,completed
13456,2646,10,1,31,215,2024-06-09,completed
13457,1678,2,3,182,252,2025-04-24,completed
13458,93,1,5,126,11,2025-08-01,completed
13459,4257,3,9,9,128,2025-06-02,completed
13460,2168,3,7,229,226,2025-08-23,cancelled
13461,3133,3,5,299,226,2023-07-14,completed
13462,4215,3,9,78,73,2026-05-17,completed
13463,1577,8,9,152,157,2026-01-22,completed
13464,2903,8,7,101,241,2023-11-17,completed
13465,2226,6,4,271,103,2024-06-07,in_transit
13466,4047,5,6,42,199,2023-05-24,completed
13467,627,5,1,139,45,2026-05-24,completed
13468,3001,6,10,125,146,2025-02-10,cancelled
13469,4773,8,6,88,216,2026-01-16,completed
13470,4211,10,6,10,286,2026-06-18,completed
13471,4108,10,6,111,229,2023-10-20,completed
13472,2768,1,8,259,282,2026-02-08,completed
13473,3239,2,10,158,62,2024-04-24,completed
13474,1852,4,8,207,234,2024-03-15,completed
13475,254,1,2,87,268,2023-10-04,cancelled
13476,1138,9,1,288,216,2024-07-18,cancelled
13477,627,1,10,294,18,2026-06-22,completed
13478,4365,6,10,97,61,2024-01-03,completed
13479,2018,5,8,4,140,2025-03-09,in_transit
13480,1088,1,3,251,80,2025-02-08,completed
13481,628,6,9,95,25,2023-06-01,cancelled
13482,1579,10,8,146,43,2024-11-08,completed
13483,3584,5,8,127,138,2024-07-27,completed
13484,2762,3,7,250,62,2025-01-20,completed
13485,57,1,8,171,114,2024-04-22,completed
13486,3720,9,7,176,121,2023-02-19,completed
13487,2909,3,2,168,293,2024-09-27,completed
13488,2043,3,4,124,78,2025-09-19,completed
13489,83,8,4,64,62,2026-05-19,completed
13490,515,9,1,102,31,2025-09-01,completed
13491,3501,10,6,68,87,2024-08-06,completed
13492,1548,5,1,124,151,2025-02-17,completed
13493,244,5,1,230,40,2023-10-07,cancelled
13494,2823,1,2,87,189,2025-10-10,completed
13495,776,5,10,252,123,2024-03-05,completed
13496,87,7,5,195,135,2026-02-07,completed
13497,238,10,3,298,54,2023-08-29,completed
13498,725,1,7,161,261,2024-05-04,completed
13499,3695,1,8,248,202,2023-08-26,completed
13500,4624,6,2,227,55,2023-04-12,completed
13501,3293,10,5,99,34,2024-11-18,completed
13502,4720,10,4,274,169,2026-07-12,cancelled
13503,931,6,8,122,130,2023-05-04,completed
13504,1206,6,8,80,192,2025-10-26,completed
13505,2623,5,3,148,24,2025-11-21,completed
13506,1018,10,8,134,173,2024-09-14,completed
13507,2729,1,6,237,42,2024-07-04,completed
13508,5,7,2,119,57,2025-07-21,completed
13509,3634,10,8,216,96,2025-01-13,completed
13510,4820,9,10,74,73,2023-12-08,completed
13511,3862,8,2,170,99,2025-05-03,completed
13512,2402,5,9,107,283,2023-01-24,completed
13513,1182,1,3,128,22,2026-01-07,completed
13514,997,2,1,248,233,2024-03-28,completed
13515,1868,9,3,291,94,2023-11-01,completed
13516,1918,6,1,251,40,2023-04-28,completed
13517,148,10,6,93,208,2024-12-16,completed
13518,1845,1,2,8,46,2024-06-08,completed
13519,548,5,9,249,58,2023-01-11,completed
13520,2286,6,1,64,238,2025-06-23,completed
13521,1865,5,9,197,150,2023-10-03,in_transit
13522,4943,6,9,235,146,2024-02-25,completed
13523,3489,10,1,93,64,2023-09-26,cancelled
13524,2316,10,7,47,198,2024-06-07,completed
13525,4702,4,2,258,107,2026-05-02,completed
13526,3652,3,10,116,109,2025-07-25,completed
13527,2397,5,2,127,199,2026-07-26,completed
13528,3214,1,10,95,211,2025-05-25,cancelled
13529,3297,4,3,64,129,2023-07-19,completed
13530,1272,10,7,15,276,2025-11-15,completed
13531,944,7,1,176,183,2025-05-30,completed
13532,3754,3,2,38,133,2025-07-19,completed
13533,1819,3,1,1,166,2023-01-16,completed
13534,900,2,10,30,43,2023-06-11,cancelled
13535,4391,5,7,120,96,2026-04-09,cancelled
13536,1377,3,9,215,170,2024-11-08,completed
13537,2389,7,9,289,203,2025-04-08,cancelled
13538,1264,9,4,237,142,2023-12-28,completed
13539,678,9,5,49,10,2024-03-25,completed
13540,4426,3,2,247,11,2023-07-16,completed
13541,1784,10,4,134,183,2024-07-02,completed
13542,1503,5,3,34,40,2025-09-03,completed
13543,1336,4,2,68,239,2023-06-30,completed
13544,3843,9,2,234,179,2024-08-21,in_transit
13545,3650,6,2,116,113,2025-12-27,completed
13546,33,4,8,171,260,2025-07-13,completed
13547,75,5,4,107,91,2025-08-20,completed
13548,2882,6,3,213,277,2024-09-30,completed
13549,4672,3,5,76,275,2025-04-04,in_transit
13550,4130,10,9,174,157,2023-10-05,completed
13551,2079,3,5,297,146,2023-04-28,cancelled
13552,259,7,1,224,286,2023-10-04,completed
13553,1160,1,4,287,262,2025-08-01,completed
13554,2165,8,9,16,53,2023-08-24,completed
13555,4367,1,8,184,101,2024-06-30,completed
13556,3607,3,8,300,13,2023-04-09,completed
13557,624,2,4,58,183,2025-02-11,completed
13558,4757,9,5,92,177,2023-07-05,completed
13559,885,10,5,26,230,2024-01-25,completed
13560,2978,10,7,186,141,2023-01-13,completed
13561,3503,2,5,103,154,2024-09-04,completed
13562,4981,4,8,157,233,2023-11-10,completed
13563,1483,5,6,175,41,2023-11-05,completed
13564,4887,2,1,117,141,2025-05-10,completed
13565,4062,7,6,132,55,2023-03-22,cancelled
13566,2764,7,2,205,244,2026-04-10,completed
13567,2885,9,2,49,192,2025-08-20,completed
13568,3522,10,1,257,125,2026-07-24,in_transit
13569,662,4,9,9,39,2023-08-02,completed
13570,1219,2,8,280,94,2023-01-17,completed
13571,3998,10,4,22,104,2024-03-08,in_transit
13572,4875,1,9,164,296,2025-07-25,completed
13573,1881,8,10,193,65,2023-04-16,completed
13574,2635,6,10,266,70,2025-12-08,completed
13575,1554,8,10,183,117,2025-03-07,completed
13576,440,1,8,32,136,2026-06-21,completed
13577,699,8,4,2,212,2023-03-29,completed
13578,2936,2,5,128,203,2026-04-10,completed
13579,384,7,10,86,152,2023-03-26,completed
13580,4860,3,6,179,208,2026-07-06,completed
13581,2039,3,1,156,119,2023-06-16,completed
13582,1529,1,9,34,19,2026-07-14,completed
13583,3963,9,7,223,217,2024-11-02,completed
13584,4586,4,6,108,171,2024-10-22,completed
13585,1515,7,3,151,300,2025-06-02,completed
13586,2999,10,7,49,161,2026-05-29,cancelled
13587,3086,3,4,45,181,2023-08-20,cancelled
13588,3805,3,5,240,10,2023-09-29,completed
13589,1784,9,3,6,240,2023-03-01,completed
13590,2512,2,4,27,171,2025-01-31,completed
13591,2476,7,6,225,65,2023-06-17,cancelled
13592,4456,10,9,289,187,2024-11-12,completed
13593,3351,8,10,189,180,2024-06-13,completed
13594,3126,2,10,78,100,2026-07-22,completed
13595,1859,5,8,104,214,2023-09-19,completed
13596,3318,5,7,225,136,2024-08-17,cancelled
13597,1652,6,8,74,255,2025-04-28,completed
13598,1161,8,7,47,221,2024-05-31,completed
13599,3027,10,3,279,159,2023-12-18,completed
13600,1720,8,7,60,42,2025-05-22,completed
13601,2045,9,10,121,26,2023-10-08,completed
13602,4616,6,8,135,288,2024-05-25,completed
13603,2993,4,3,234,140,2023-11-29,completed
13604,2592,1,10,78,236,2025-06-02,completed
13605,1405,6,8,70,125,2025-01-25,cancelled
13606,3470,7,2,40,119,2026-04-27,cancelled
13607,3854,2,5,249,101,2025-08-28,in_transit
13608,2672,9,3,291,197,2026-06-01,cancelled
13609,4278,4,2,70,55,2025-04-19,completed
13610,4508,3,8,38,85,2023-06-18,completed
13611,3106,4,2,96,193,2023-09-14,completed
13612,2349,8,6,212,204,2026-02-21,completed
13613,2028,8,4,13,149,2025-12-05,completed
13614,1738,3,1,283,73,2024-08-09,completed
13615,4789,10,5,194,56,2024-08-17,completed
13616,1896,2,10,117,275,2025-05-27,completed
13617,877,4,3,207,107,2024-12-18,completed
13618,4358,8,7,270,218,2025-05-14,completed
13619,1669,10,2,61,247,2025-10-24,completed
13620,4457,3,1,98,132,2024-03-20,completed
13621,1524,6,4,75,193,2025-01-24,cancelled
13622,2382,1,10,95,59,2024-10-10,in_transit
13623,4912,1,8,281,177,2025-08-23,completed
13624,4330,5,8,51,73,2025-05-29,completed
13625,1615,3,5,49,89,2023-05-20,completed
13626,1934,10,4,245,262,2024-08-25,in_transit
13627,1599,2,8,88,170,2024-05-08,completed
13628,4446,7,4,116,23,2026-03-06,cancelled
13629,3868,3,9,101,266,2026-06-29,completed
13630,1115,9,7,29,139,2025-12-12,completed
13631,1303,8,2,167,88,2024-06-04,completed
13632,3292,2,9,18,220,2025-07-15,in_transit
13633,3773,5,6,12,51,2025-07-12,completed
13634,369,5,4,238,251,2025-11-22,cancelled
13635,2620,9,5,229,24,2025-02-05,completed
13636,2180,10,7,61,101,2023-08-13,completed
13637,1763,4,3,83,54,2026-01-09,completed
13638,1864,1,2,111,103,2026-07-02,completed
13639,3141,6,3,235,115,2024-12-27,completed
13640,3774,10,7,90,235,2025-09-21,completed
13641,4597,9,7,102,271,2023-10-26,completed
13642,3409,8,1,108,76,2023-07-30,completed
13643,821,6,5,95,92,2025-03-11,cancelled
13644,4491,9,6,173,84,2025-03-10,completed
13645,978,8,4,15,50,2023-01-15,completed
13646,4618,6,3,230,284,2024-04-16,completed
13647,3694,6,10,21,143,2026-06-01,completed
13648,3486,6,8,179,283,2026-06-02,completed
13649,112,3,1,14,28,2025-10-06,completed
13650,293,2,9,200,251,2025-10-14,cancelled
13651,1035,7,1,250,265,2024-06-23,completed
13652,4354,7,3,219,289,2024-01-11,in_transit
13653,678,8,10,184,262,2024-07-18,completed
13654,3158,5,8,87,40,2024-11-26,completed
13655,772,7,9,17,194,2024-03-28,cancelled
13656,1153,2,3,53,60,2025-05-15,completed
13657,2011,3,10,197,227,2024-04-27,completed
13658,1827,2,8,113,112,2025-05-22,completed
13659,1429,6,9,146,286,2025-01-11,completed
13660,2336,5,6,290,30,2024-11-21,completed
13661,2164,4,7,139,240,2025-04-26,in_transit
13662,3902,7,4,215,222,2023-06-29,completed
13663,3291,3,10,137,45,2023-02-06,completed
13664,570,9,5,79,200,2026-03-02,cancelled
13665,2217,9,10,15,94,2024-10-20,completed
13666,1905,2,10,106,170,2024-04-29,completed
13667,4135,9,2,250,196,2026-04-05,completed
13668,3705,3,8,43,283,2026-06-08,in_transit
13669,4491,2,9,194,154,2024-06-07,completed
13670,943,9,2,251,103,2024-07-27,completed
13671,2659,2,10,60,111,2025-01-19,cancelled
13672,859,9,5,276,259,2026-05-17,cancelled
13673,4484,10,5,238,230,2024-08-14,completed
13674,4961,8,1,276,111,2023-01-23,completed
13675,1075,2,4,36,27,2023-10-19,completed
13676,2052,2,4,207,291,2025-08-22,cancelled
13677,1855,1,9,239,108,2026-04-03,completed
13678,4602,9,6,291,267,2023-09-18,completed
13679,3103,4,5,165,44,2023-08-21,completed
13680,1855,1,10,201,48,2023-02-05,completed
13681,1299,5,4,221,137,2025-07-14,completed
13682,3844,8,7,209,298,2026-03-06,completed
13683,602,7,2,129,286,2024-12-25,completed
13684,3831,3,2,211,78,2026-07-26,completed
13685,1396,2,1,225,254,2024-06-23,completed
13686,3103,10,4,21,246,2023-03-11,completed
13687,1951,7,5,90,136,2025-11-19,in_transit
13688,3324,1,7,115,201,2023-12-21,completed
13689,2231,6,7,106,239,2024-04-08,completed
13690,4507,4,6,18,295,2023-05-12,in_transit
13691,631,10,8,269,129,2025-11-25,cancelled
13692,915,4,7,242,208,2024-10-27,completed
13693,1825,10,3,105,30,2024-10-11,completed
13694,2331,6,1,93,37,2023-12-23,completed
13695,2704,1,3,104,222,2024-04-29,cancelled
13696,3911,7,2,261,26,2025-12-02,cancelled
13697,24,9,8,269,222,2023-03-18,completed
13698,1123,7,6,17,208,2023-06-18,completed
13699,4473,1,8,274,81,2024-02-07,completed
13700,3329,1,6,157,57,2023-07-15,completed
13701,1494,2,5,265,169,2023-04-06,completed
13702,816,6,5,217,65,2025-08-04,cancelled
13703,4587,6,7,101,164,2026-03-25,cancelled
13704,1702,1,5,9,162,2026-03-07,completed
13705,2231,1,10,60,27,2025-08-25,cancelled
13706,3203,5,3,236,60,2024-12-04,cancelled
13707,2389,1,6,123,43,2026-01-15,completed
13708,2443,9,5,48,195,2024-07-12,cancelled
13709,4470,9,3,198,33,2024-05-17,in_transit
13710,4618,6,2,20,280,2023-01-26,completed
13711,630,3,7,183,198,2024-01-12,cancelled
13712,3452,8,5,17,248,2024-10-29,completed
13713,1684,5,3,189,217,2025-11-09,completed
13714,707,3,9,89,83,2025-07-24,completed
13715,3671,10,8,113,75,2025-08-17,completed
13716,3811,9,7,5,220,2024-06-02,in_transit
13717,2723,4,6,264,247,2023-08-26,completed
13718,2958,5,1,263,246,2026-02-01,completed
13719,3817,4,9,78,176,2025-03-03,completed
13720,4472,7,2,15,255,2025-09-12,in_transit
13721,1604,5,3,128,19,2023-08-08,completed
13722,383,7,5,210,71,2024-01-21,completed
13723,4306,9,2,70,242,2023-09-05,completed
13724,3837,7,9,217,51,2024-02-10,in_transit
13725,3017,2,3,223,243,2024-02-25,cancelled
13726,4383,3,9,17,209,2023-05-20,in_transit
13727,3342,5,2,23,264,2025-06-05,completed
13728,3825,7,2,68,186,2026-03-25,completed
13729,3310,3,1,214,24,2024-12-20,completed
13730,3359,6,1,177,78,2023-11-23,cancelled
13731,2149,9,4,56,210,2024-03-08,completed
13732,3654,2,9,240,125,2023-11-11,completed
13733,2773,1,10,268,215,2024-03-28,cancelled
13734,3708,8,3,295,207,2023-11-12,completed
13735,289,10,3,184,105,2024-08-16,completed
13736,48,10,2,136,184,2025-04-17,in_transit
13737,3465,9,6,246,292,2024-07-16,completed
13738,2335,5,4,130,16,2023-07-22,cancelled
13739,4083,6,9,52,66,2023-08-09,completed
13740,3840,6,7,8,98,2024-11-17,completed
13741,2266,3,5,174,247,2026-04-08,completed
13742,4697,10,4,217,158,2025-10-22,completed
13743,4333,2,4,69,261,2024-12-17,completed
13744,4546,7,4,235,284,2024-05-27,completed
13745,1504,9,4,34,20,2026-07-11,completed
13746,3794,7,5,50,202,2023-11-13,completed
13747,4653,5,7,39,284,2023-11-08,completed
13748,1034,4,1,6,93,2023-04-13,in_transit
13749,4251,2,9,284,258,2024-12-09,completed
13750,852,8,5,219,257,2024-09-05,completed
13751,3170,10,2,132,288,2025-12-02,completed
13752,1994,5,8,265,211,2026-07-12,completed
13753,3059,10,1,49,219,2024-05-25,completed
13754,2585,4,3,79,19,2024-09-30,completed
13755,2507,1,7,86,242,2024-10-15,completed
13756,2577,2,9,144,242,2026-04-13,in_transit
13757,4217,8,3,74,124,2023-07-19,completed
13758,313,2,6,30,277,2025-06-21,completed
13759,4710,1,5,260,74,2025-04-21,completed
13760,2126,5,3,260,73,2023-08-24,completed
13761,224,8,1,211,247,2026-05-13,completed
13762,1351,2,7,218,18,2023-10-03,in_transit
13763,3354,8,10,84,203,2023-08-25,completed
13764,990,2,5,296,201,2025-07-15,in_transit
13765,4826,5,7,155,136,2024-01-22,completed
13766,611,8,7,172,141,2026-06-20,completed
13767,3696,10,8,66,163,2026-06-11,completed
13768,2778,2,9,260,197,2023-12-26,completed
13769,4963,9,3,205,179,2025-07-04,completed
13770,1412,8,1,283,35,2024-02-16,completed
13771,1641,3,1,242,174,2024-10-17,completed
13772,4003,6,7,21,261,2023-12-23,completed
13773,3434,1,3,148,212,2024-05-21,completed
13774,435,9,6,146,228,2024-07-14,completed
13775,357,9,1,23,106,2023-09-11,completed
13776,4347,8,5,112,243,2025-12-28,completed
13777,948,9,5,7,182,2023-04-03,completed
13778,2914,8,6,260,54,2023-08-21,completed
13779,3221,3,6,107,136,2024-11-02,in_transit
13780,2785,10,1,86,223,2024-02-22,completed
13781,3951,1,10,290,63,2024-04-21,cancelled
13782,4098,8,10,166,186,2025-11-02,completed
13783,4864,4,1,44,158,2024-09-13,completed
13784,541,1,7,130,157,2023-06-19,completed
13785,4939,10,7,113,87,2024-07-10,completed
13786,867,7,9,256,151,2024-02-27,completed
13787,330,3,1,29,100,2023-05-15,in_transit
13788,1775,2,1,280,40,2026-05-12,completed
13789,2399,4,3,260,81,2024-03-16,cancelled
13790,390,10,2,117,214,2025-12-30,completed
13791,4917,7,1,242,61,2026-05-30,completed
13792,3676,4,7,187,39,2025-10-28,completed
13793,3381,7,1,191,227,2026-07-09,completed
13794,4921,5,7,152,196,2023-02-02,completed
13795,2056,5,6,101,123,2024-06-16,completed
13796,1444,4,10,208,184,2023-02-12,completed
13797,2933,10,5,152,12,2024-02-04,completed
13798,286,3,6,239,270,2023-02-28,completed
13799,4269,5,1,296,203,2023-09-03,completed
13800,2262,6,1,22,210,2024-03-21,completed
13801,3014,1,9,292,112,2024-04-14,completed
13802,2011,7,9,49,157,2024-11-12,completed
13803,10,1,6,123,206,2023-11-29,completed
13804,3762,4,3,80,142,2024-03-19,in_transit
13805,2414,4,10,241,84,2024-04-09,completed
13806,3002,3,4,24,161,2025-05-08,cancelled
13807,4560,9,10,137,225,2025-03-06,completed
13808,1761,9,4,250,146,2023-12-02,cancelled
13809,1228,9,4,205,117,2026-06-21,completed
13810,3795,2,4,118,113,2023-08-16,completed
13811,4573,8,7,58,24,2025-12-11,in_transit
13812,4784,10,1,86,31,2025-11-01,completed
13813,2674,5,10,147,18,2025-06-05,completed
13814,597,7,1,28,206,2026-03-16,completed
13815,1835,8,9,267,21,2024-08-31,completed
13816,3406,10,2,91,208,2026-03-17,in_transit
13817,246,10,9,14,67,2026-06-27,completed
13818,2804,1,9,256,175,2023-04-07,completed
13819,731,2,1,159,136,2025-10-20,completed
13820,1877,2,9,171,144,2023-08-05,completed
13821,2934,7,10,235,123,2023-10-23,completed
13822,1645,1,2,258,185,2024-03-28,completed
13823,3463,7,5,9,233,2024-10-09,completed
13824,3742,5,10,158,262,2025-04-06,completed
13825,1297,6,8,247,159,2026-01-11,completed
13826,2797,8,6,90,280,2026-02-09,completed
13827,202,2,5,163,159,2025-05-09,completed
13828,4344,8,5,197,48,2024-09-27,cancelled
13829,3509,9,7,38,127,2024-06-02,completed
13830,734,3,7,286,227,2025-10-11,in_transit
13831,3024,3,4,294,273,2026-04-28,completed
13832,984,1,10,30,82,2024-10-29,completed
13833,973,3,10,236,289,2026-01-03,cancelled
13834,1856,2,5,99,20,2025-09-08,completed
13835,1784,6,8,96,174,2023-06-29,in_transit
13836,117,6,2,37,186,2025-11-29,completed
13837,3130,1,3,205,11,2025-08-08,in_transit
13838,4298,6,1,172,123,2023-01-06,completed
13839,1866,2,10,273,133,2025-03-21,cancelled
13840,867,4,8,128,195,2024-01-05,completed
13841,2959,2,7,168,75,2025-07-02,completed
13842,2174,2,4,3,241,2023-08-05,completed
13843,583,2,3,286,204,2026-06-06,in_transit
13844,3937,6,9,32,152,2025-06-06,completed
13845,4497,9,10,60,12,2025-09-14,completed
13846,1643,7,8,146,74,2025-06-08,completed
13847,2191,8,6,264,157,2025-09-18,completed
13848,754,5,6,269,118,2023-06-13,completed
13849,1680,5,7,79,295,2026-06-09,completed
13850,3570,9,1,182,99,2025-09-13,cancelled
13851,2480,2,9,157,97,2023-07-09,in_transit
13852,3771,6,5,244,99,2026-05-08,in_transit
13853,1757,1,9,85,247,2023-03-18,completed
13854,1999,2,7,294,269,2025-01-29,completed
13855,1216,8,9,7,178,2025-12-04,completed
13856,4388,4,10,276,245,2025-09-08,in_transit
13857,1230,6,7,293,62,2024-02-25,completed
13858,4325,6,7,40,60,2023-10-10,completed
13859,1836,3,8,284,122,2025-07-05,completed
13860,3982,3,8,294,105,2025-06-09,completed
13861,998,2,4,211,268,2024-09-02,completed
13862,4485,2,8,235,104,2024-09-11,completed
13863,1725,10,2,109,127,2023-02-03,completed
13864,2324,9,4,144,256,2025-11-26,completed
13865,2438,2,8,229,120,2025-02-01,completed
13866,3158,8,7,151,85,2024-09-29,completed
13867,3087,6,7,84,167,2025-12-21,cancelled
13868,2320,3,4,2,262,2023-07-05,cancelled
13869,438,10,9,132,59,2025-06-09,completed
13870,203,5,8,212,214,2023-02-14,completed
13871,4388,6,9,231,231,2024-10-17,completed
13872,727,6,9,9,120,2023-04-29,completed
13873,1666,6,3,221,198,2026-05-28,completed
13874,3584,6,4,151,172,2024-07-12,completed
13875,322,6,2,257,73,2024-06-19,completed
13876,1239,8,4,4,33,2023-05-31,completed
13877,2792,5,2,132,297,2024-02-13,completed
13878,1519,10,8,248,52,2025-02-16,in_transit
13879,2425,5,9,54,113,2025-04-14,completed
13880,1555,4,8,126,299,2024-07-07,completed
13881,1163,9,8,286,83,2023-12-24,in_transit
13882,1043,6,7,236,69,2024-07-07,in_transit
13883,4847,4,1,69,30,2023-07-17,completed
13884,236,1,9,228,272,2025-11-23,completed
13885,1817,9,7,277,270,2024-12-20,completed
13886,4675,3,8,150,141,2025-01-06,completed
13887,638,6,1,114,106,2025-03-15,cancelled
13888,4942,7,5,200,170,2023-12-06,completed
13889,954,2,9,78,286,2025-04-12,completed
13890,1240,2,3,75,274,2024-04-07,completed
13891,2109,9,5,217,174,2024-05-26,completed
13892,2184,1,2,171,278,2026-05-20,in_transit
13893,4762,1,10,111,276,2025-03-06,completed
13894,2412,10,6,78,201,2025-07-29,completed
13895,2560,10,6,13,106,2025-02-14,completed
13896,4049,9,8,261,101,2023-06-07,completed
13897,399,9,3,207,171,2026-04-25,completed
13898,3625,8,7,116,42,2023-11-13,completed
13899,1667,1,5,27,121,2023-03-19,completed
13900,4726,8,9,264,106,2026-06-02,completed
13901,4498,10,2,223,297,2025-04-05,completed
13902,2487,2,3,57,15,2025-04-06,cancelled
13903,2565,2,7,273,237,2023-04-24,completed
13904,503,6,3,207,161,2026-02-02,in_transit
13905,4925,2,8,70,46,2023-12-23,in_transit
13906,18,8,2,169,33,2024-07-30,completed
13907,168,4,1,234,279,2023-06-04,completed
13908,2508,1,8,182,76,2025-12-18,completed
13909,3230,1,9,297,75,2024-09-26,completed
13910,1388,3,9,293,104,2024-12-12,completed
13911,2092,1,2,271,62,2023-02-06,completed
13912,1917,9,4,300,124,2024-08-01,completed
13913,1595,7,1,286,178,2025-06-02,completed
13914,3726,10,8,8,133,2026-04-15,completed
13915,1052,7,8,38,114,2023-05-02,completed
13916,1296,9,2,225,251,2023-01-20,completed
13917,4137,8,9,292,19,2026-07-31,completed
13918,3190,8,9,124,176,2025-12-14,completed
13919,1437,2,6,158,62,2024-09-24,cancelled
13920,591,1,5,120,209,2023-08-25,completed
13921,739,6,9,267,46,2025-02-24,completed
13922,1440,9,4,50,181,2026-03-25,completed
13923,1698,6,8,276,47,2024-12-16,cancelled
13924,576,6,2,115,192,2025-03-31,cancelled
13925,1186,8,9,237,232,2024-02-07,completed
13926,2926,7,3,288,43,2023-08-28,completed
13927,3594,4,9,92,73,2024-07-24,completed
13928,1278,1,10,226,167,2024-06-22,completed
13929,3868,5,8,216,130,2026-01-11,in_transit
13930,385,10,4,93,281,2024-04-08,completed
13931,4872,8,9,73,74,2023-08-03,completed
13932,2252,5,3,296,147,2024-02-08,in_transit
13933,1839,3,10,123,251,2026-05-15,cancelled
13934,874,5,10,144,127,2026-07-03,in_transit
13935,1877,10,7,216,140,2024-03-22,completed
13936,4439,7,2,299,104,2026-04-22,completed
13937,4091,4,9,14,143,2023-04-28,completed
13938,2216,3,9,20,172,2025-05-05,completed
13939,1550,5,10,167,56,2023-12-18,completed
13940,298,10,3,33,240,2024-07-30,cancelled
13941,2825,9,2,5,247,2025-06-07,completed
13942,1438,6,3,107,213,2025-04-04,in_transit
13943,3565,3,2,280,250,2026-05-25,completed
13944,1926,7,6,62,156,2024-05-25,completed
13945,4152,5,8,129,159,2025-04-25,completed
13946,3781,7,3,67,246,2025-11-17,in_transit
13947,1191,5,1,119,187,2025-07-16,completed
13948,3227,3,9,81,163,2026-07-04,completed
13949,546,6,3,298,27,2025-12-13,completed
13950,2998,1,2,76,173,2026-05-29,completed
13951,1099,4,3,38,112,2024-06-27,completed
13952,4435,6,9,269,275,2024-07-06,completed
13953,803,9,2,39,214,2024-01-17,completed
13954,1855,4,10,217,177,2023-08-12,completed
13955,335,9,5,91,123,2026-02-23,completed
13956,2591,1,10,211,45,2024-09-22,completed
13957,1952,9,1,5,30,2025-12-19,completed
13958,2049,3,10,62,262,2024-05-21,completed
13959,3230,4,10,174,53,2024-11-23,completed
13960,4780,1,3,205,107,2025-06-06,cancelled
13961,2810,6,4,158,224,2024-01-09,cancelled
13962,3942,9,6,297,89,2024-11-17,completed
13963,4236,8,1,244,224,2026-04-25,cancelled
13964,4255,2,1,150,99,2024-04-14,cancelled
13965,4855,4,8,66,142,2024-02-06,completed
13966,1264,4,8,159,213,2025-09-29,completed
13967,2635,7,4,160,215,2026-07-27,completed
13968,2516,7,1,4,156,2024-01-13,completed
13969,4889,3,7,43,69,2024-12-03,in_transit
13970,1525,9,3,112,230,2024-08-02,in_transit
13971,2769,2,4,24,239,2023-04-12,cancelled
13972,1480,7,1,34,23,2025-09-09,completed
13973,374,2,9,220,254,2024-09-19,completed
13974,1569,10,4,245,129,2024-02-08,completed
13975,1188,7,4,119,126,2023-07-08,completed
13976,3762,3,2,279,107,2025-12-19,completed
13977,3135,3,8,199,137,2026-06-30,completed
13978,3099,6,10,100,217,2023-03-22,completed
13979,591,6,9,14,94,2023-05-29,completed
13980,395,1,5,10,253,2024-06-22,completed
13981,4877,8,7,177,124,2024-03-01,completed
13982,2484,9,10,136,178,2023-07-30,completed
13983,1874,5,2,145,22,2024-02-29,completed
13984,3671,5,6,96,277,2024-12-16,completed
13985,2001,7,5,4,267,2025-11-12,completed
13986,1814,4,9,177,117,2023-01-12,completed
13987,1056,1,2,55,47,2023-10-12,completed
13988,1294,7,4,186,85,2024-08-08,completed
13989,950,5,4,160,75,2025-03-22,completed
13990,4301,1,2,78,261,2024-12-24,cancelled
13991,361,6,10,245,228,2023-12-12,completed
13992,685,5,9,87,128,2025-04-29,completed
13993,4726,10,1,42,107,2025-12-04,completed
13994,269,7,10,38,112,2023-11-21,cancelled
13995,1751,1,9,197,112,2023-05-19,completed
13996,4243,5,10,140,206,2026-07-03,completed
13997,1226,3,10,88,97,2025-05-17,completed
13998,3629,5,7,22,214,2024-08-15,completed
13999,2695,6,3,148,264,2023-12-28,in_transit
14000,789,3,6,276,165,2024-04-22,completed
14001,2254,10,9,202,209,2026-04-18,completed
14002,3513,8,4,17,179,2024-02-18,cancelled
14003,3778,2,8,276,189,2025-07-09,completed
14004,1256,8,9,156,69,2026-03-21,completed
14005,3726,8,3,190,52,2024-12-15,completed
14006,756,4,1,39,238,2024-03-29,completed
14007,2339,6,9,145,51,2024-02-08,completed
14008,1008,5,4,123,59,2024-08-11,in_transit
14009,4332,4,8,218,101,2025-12-28,completed
14010,3006,3,6,292,132,2025-07-31,completed
14011,2892,2,1,114,137,2023-11-09,completed
14012,4098,1,4,199,30,2023-11-15,cancelled
14013,152,7,1,53,124,2025-10-14,completed
14014,3861,6,7,176,86,2024-07-09,completed
14015,1333,5,8,237,182,2025-03-15,completed
14016,501,3,1,153,207,2023-01-26,cancelled
14017,4659,5,8,200,66,2025-11-13,completed
14018,3702,7,3,144,275,2023-06-02,completed
14019,179,1,3,160,131,2023-01-24,completed
14020,3412,6,4,66,241,2023-06-23,completed
14021,4020,10,6,255,159,2024-04-13,cancelled
14022,3131,9,3,94,19,2025-01-12,completed
14023,4361,2,4,277,130,2023-09-22,cancelled
14024,2689,4,8,243,290,2025-02-23,completed
14025,4703,7,6,266,159,2024-07-03,completed
14026,4631,3,1,292,296,2023-09-13,completed
14027,3405,6,4,10,139,2026-06-26,in_transit
14028,2680,5,1,159,55,2026-06-24,completed
14029,1009,10,6,291,227,2025-10-13,cancelled
14030,1837,4,7,129,260,2023-08-23,completed
14031,90,8,9,41,220,2026-01-05,completed
14032,1899,9,3,293,133,2024-04-01,completed
14033,6,5,1,12,202,2025-09-15,completed
14034,1899,2,6,275,106,2025-12-20,completed
14035,3833,7,5,113,201,2023-05-05,cancelled
14036,2708,9,4,29,41,2024-10-22,completed
14037,2569,8,9,296,157,2025-11-07,in_transit
14038,2044,9,8,112,253,2026-03-10,completed
14039,1010,1,4,123,13,2023-04-22,completed
14040,4385,4,3,146,189,2025-02-04,completed
14041,3971,1,6,63,87,2023-09-21,completed
14042,1132,1,9,237,222,2025-07-16,completed
14043,4992,10,4,253,291,2024-09-21,completed
14044,4847,10,4,300,190,2025-02-04,completed
14045,1439,6,1,56,121,2024-06-17,completed
14046,4617,4,6,240,67,2025-03-19,completed
14047,587,2,7,118,285,2025-02-15,completed
14048,4793,2,9,212,109,2026-01-24,completed
14049,2912,4,6,267,123,2023-05-11,completed
14050,264,6,10,188,74,2023-06-14,completed
14051,4006,6,7,267,87,2023-01-31,completed
14052,4557,5,8,212,171,2026-07-27,cancelled
14053,4381,7,2,169,282,2023-11-30,in_transit
14054,795,10,2,101,44,2024-06-02,in_transit
14055,1402,5,9,92,142,2025-12-31,in_transit
14056,4712,7,4,109,240,2025-06-07,completed
14057,1178,4,1,32,206,2025-02-11,in_transit
14058,4821,7,5,224,20,2025-07-20,completed
14059,3895,8,2,253,240,2024-03-18,completed
14060,3198,8,3,107,192,2025-07-06,completed
14061,3634,8,4,199,122,2026-06-24,completed
14062,2900,5,10,146,189,2024-02-02,cancelled
14063,2461,1,5,27,174,2023-06-08,in_transit
14064,4391,7,6,99,246,2025-06-14,cancelled
14065,3015,10,2,200,83,2026-04-24,completed
14066,3706,3,5,69,236,2023-06-05,completed
14067,3544,5,1,222,294,2024-10-30,completed
14068,19,3,7,153,56,2026-03-06,in_transit
14069,917,1,5,217,33,2024-02-26,completed
14070,2349,2,8,133,86,2024-11-25,completed
14071,1479,7,1,100,120,2023-04-07,in_transit
14072,3442,1,7,8,294,2026-07-19,in_transit
14073,4231,1,3,157,294,2024-07-09,completed
14074,1053,8,2,20,27,2024-01-19,completed
14075,512,5,7,82,12,2024-04-12,completed
14076,3989,4,6,106,287,2025-03-26,completed
14077,3011,5,3,68,196,2024-04-23,completed
14078,1019,3,4,295,199,2024-07-30,in_transit
14079,2874,2,6,89,26,2025-04-03,completed
14080,4680,7,5,168,96,2024-07-18,completed
14081,871,2,3,145,55,2026-04-30,cancelled
14082,1652,10,9,94,185,2025-09-10,completed
14083,3053,7,5,228,60,2025-03-23,completed
14084,3750,6,8,204,291,2026-03-02,completed
14085,4704,8,7,224,69,2025-12-31,completed
14086,1134,3,2,271,152,2024-01-05,completed
14087,1413,5,10,162,152,2026-02-21,in_transit
14088,3995,9,5,238,264,2025-06-13,completed
14089,2813,9,3,23,185,2025-02-10,completed
14090,3127,6,5,169,125,2025-02-11,completed
14091,1868,1,7,96,271,2025-11-13,completed
14092,1054,5,2,7,83,2024-11-14,completed
14093,3795,3,6,150,162,2025-03-16,completed
14094,2731,9,3,28,64,2024-10-13,completed
14095,666,1,8,89,73,2025-09-19,cancelled
14096,3436,10,1,294,216,2023-12-13,completed
14097,547,7,10,253,228,2024-03-20,completed
14098,1843,2,9,132,61,2025-01-05,completed
14099,4630,2,5,160,267,2023-04-24,completed
14100,910,10,7,119,20,2024-12-05,completed
14101,3908,9,6,115,246,2023-04-08,completed
14102,1772,3,6,140,49,2025-01-14,cancelled
14103,4389,9,6,33,279,2025-08-18,in_transit
14104,3466,6,7,147,87,2023-04-03,completed
14105,2569,7,6,196,99,2024-11-06,completed
14106,2902,6,10,255,132,2025-02-15,cancelled
14107,1137,8,9,13,279,2025-01-10,completed
14108,2734,10,1,297,118,2025-06-25,completed
14109,4171,1,8,148,163,2024-11-19,completed
14110,444,3,1,244,90,2024-05-12,completed
14111,251,9,5,105,85,2023-09-23,completed
14112,1520,4,6,82,223,2024-08-12,completed
14113,3353,5,1,104,92,2026-01-30,in_transit
14114,4385,2,4,14,163,2024-11-05,cancelled
14115,444,2,5,275,229,2023-11-26,completed
14116,4235,10,8,33,30,2025-06-12,cancelled
14117,3370,7,9,91,273,2026-05-06,cancelled
14118,2918,6,4,72,64,2024-10-19,completed
14119,1688,10,5,272,210,2026-06-07,completed
14120,1280,1,9,52,269,2023-08-25,completed
14121,2032,9,10,80,61,2023-04-08,completed
14122,4399,8,10,134,141,2025-02-24,completed
14123,4170,7,10,144,38,2023-10-11,cancelled
14124,3836,7,10,124,198,2026-02-26,completed
14125,3786,1,9,268,294,2025-01-08,completed
14126,2839,2,6,185,232,2025-01-24,completed
14127,1095,9,1,23,196,2025-10-01,completed
14128,2266,10,4,289,21,2023-09-10,completed
14129,2840,5,7,49,300,2024-03-02,completed
14130,2073,10,9,83,40,2026-03-09,in_transit
14131,1534,6,2,196,176,2024-08-22,completed
14132,4362,9,10,100,175,2024-07-11,cancelled
14133,4652,5,4,57,173,2025-02-17,completed
14134,1338,1,10,281,209,2024-07-24,completed
14135,4402,9,6,168,210,2023-12-21,completed
14136,2970,6,2,298,56,2025-05-02,completed
14137,2065,5,8,195,184,2024-01-24,completed
14138,4223,9,6,92,180,2026-06-28,cancelled
14139,3911,9,2,32,239,2024-07-24,completed
14140,1310,8,1,242,84,2023-03-19,completed
14141,1728,5,10,203,217,2025-08-18,completed
14142,3432,2,8,59,296,2025-03-09,cancelled
14143,816,9,5,95,98,2026-04-12,completed
14144,2878,1,8,13,207,2026-06-19,completed
14145,1983,10,2,136,229,2024-05-23,completed
14146,2844,7,1,244,110,2023-11-17,completed
14147,2054,3,2,152,95,2026-04-21,completed
14148,258,2,8,75,37,2023-02-03,completed
14149,4713,6,9,58,80,2025-04-11,completed
14150,893,4,9,110,274,2023-05-01,completed
14151,3019,3,8,90,111,2023-06-12,completed
14152,2722,8,4,101,288,2024-07-24,completed
14153,1054,2,10,166,262,2023-08-12,completed
14154,1710,9,3,291,173,2026-02-05,completed
14155,1859,5,4,217,109,2023-06-15,completed
14156,457,1,9,295,209,2024-12-20,completed
14157,1715,4,1,256,287,2024-10-19,cancelled
14158,388,8,2,226,260,2023-06-14,completed
14159,2730,7,3,7,157,2023-09-23,completed
14160,2709,2,7,186,197,2024-08-18,completed
14161,2387,3,8,283,68,2025-04-26,completed
14162,4832,2,7,242,103,2023-12-28,in_transit
14163,2907,6,9,50,133,2024-01-28,completed
14164,3076,6,8,177,199,2026-07-27,completed
14165,4437,2,1,175,66,2024-08-20,completed
14166,3826,8,9,202,92,2023-11-09,completed
14167,1497,10,6,111,116,2026-05-31,completed
14168,2828,2,1,160,267,2025-02-25,completed
14169,3621,1,8,135,160,2023-07-25,completed
14170,2897,7,1,38,62,2024-01-19,completed
14171,4342,3,8,88,90,2023-07-05,completed
14172,2816,8,7,39,272,2023-06-04,in_transit
14173,4240,5,7,107,78,2023-10-08,completed
14174,2299,10,1,299,18,2025-12-20,completed
14175,1241,5,7,249,246,2026-01-16,completed
14176,314,4,7,75,268,2025-07-17,completed
14177,2076,4,8,52,174,2026-03-02,cancelled
14178,2891,10,3,223,128,2024-10-05,completed
14179,709,9,7,210,212,2023-11-15,completed
14180,3148,1,7,106,178,2025-07-30,completed
14181,225,8,4,125,262,2026-04-25,completed
14182,4538,7,8,60,10,2023-05-13,completed
14183,496,2,3,102,76,2023-11-26,completed
14184,1880,7,6,143,109,2025-04-12,completed
14185,2035,4,5,28,87,2024-11-01,completed
14186,1702,3,2,123,12,2024-03-01,cancelled
14187,1225,1,4,46,140,2023-09-03,completed
14188,4541,6,8,151,181,2023-09-06,completed
14189,4361,1,7,300,214,2023-05-22,completed
14190,3139,6,7,39,213,2024-01-22,completed
14191,3169,5,8,213,277,2023-04-30,in_transit
14192,3444,3,9,255,192,2025-11-19,completed
14193,3888,4,10,243,197,2023-08-05,completed
14194,3676,7,4,65,233,2026-03-14,in_transit
14195,1588,8,4,116,278,2026-05-02,completed
14196,412,10,8,222,266,2024-10-09,completed
14197,260,1,8,226,261,2024-03-15,completed
14198,1208,2,6,207,292,2024-11-09,completed
14199,385,1,6,218,201,2024-05-17,completed
14200,3569,3,9,88,91,2024-11-22,completed
14201,2924,2,10,108,290,2026-04-06,completed
14202,222,8,3,286,38,2023-03-27,completed
14203,2646,7,10,124,270,2024-09-01,completed
14204,1599,2,3,254,147,2024-04-19,completed
14205,2513,4,7,271,230,2025-12-19,completed
14206,3287,1,5,196,46,2025-06-24,completed
14207,1542,4,1,15,49,2024-04-09,completed
14208,4462,4,10,53,196,2026-05-24,cancelled
14209,3333,1,6,215,73,2025-09-16,completed
14210,3470,4,6,261,246,2023-07-01,in_transit
14211,1650,7,6,179,225,2025-12-23,completed
14212,4583,1,3,57,252,2023-05-06,completed
14213,2898,7,2,229,300,2024-02-10,completed
14214,32,4,6,149,243,2026-02-13,completed
14215,1885,2,10,37,145,2023-08-29,in_transit
14216,3200,4,5,300,80,2025-10-05,completed
14217,1653,1,9,39,94,2023-10-29,in_transit
14218,2878,5,3,65,152,2025-08-24,completed
14219,2967,9,8,54,198,2025-04-03,completed
14220,523,2,7,233,176,2024-04-07,completed
14221,112,7,5,196,32,2023-12-03,cancelled
14222,1386,3,1,178,45,2025-02-18,completed
14223,3888,6,9,70,174,2024-12-05,completed
14224,1757,7,5,258,83,2025-09-24,completed
14225,2784,7,4,201,184,2025-04-10,completed
14226,3704,7,6,295,148,2023-08-20,completed
14227,2625,2,4,159,294,2024-09-16,in_transit
14228,2778,9,8,145,297,2024-06-22,completed
14229,4101,7,3,69,217,2024-01-05,completed
14230,3245,7,1,279,149,2023-03-02,completed
14231,2702,5,7,120,34,2024-05-11,in_transit
14232,4738,6,3,286,206,2023-02-19,completed
14233,3186,5,3,287,87,2024-06-23,completed
14234,2001,7,2,224,203,2023-07-31,completed
14235,3820,8,1,173,244,2026-05-22,completed
14236,3620,8,9,89,65,2026-07-06,completed
14237,3260,5,4,253,51,2024-09-07,cancelled
14238,3459,9,1,247,104,2023-09-28,in_transit
14239,2486,8,10,171,152,2026-01-20,completed
14240,1350,5,2,55,97,2023-11-28,completed
14241,3096,2,9,182,51,2023-12-26,completed
14242,3026,7,2,194,266,2025-05-24,completed
14243,4001,10,9,34,266,2023-12-31,in_transit
14244,3754,3,5,253,73,2025-02-13,completed
14245,461,1,9,71,103,2023-07-03,completed
14246,535,3,4,193,89,2026-06-23,completed
14247,692,6,2,80,260,2025-06-07,completed
14248,1659,6,2,216,168,2023-09-06,completed
14249,3220,8,3,67,140,2026-02-01,completed
14250,407,7,8,155,212,2024-10-20,cancelled
14251,3741,6,5,202,226,2023-08-14,cancelled
14252,1787,2,8,122,192,2023-10-04,completed
14253,3761,4,2,290,209,2026-02-18,in_transit
14254,3898,1,2,18,219,2024-02-23,completed
14255,174,10,4,4,66,2023-12-10,completed
14256,802,8,4,228,92,2024-09-15,completed
14257,1906,6,4,61,285,2024-07-14,in_transit
14258,4633,2,6,183,198,2026-05-20,completed
14259,3466,3,9,291,222,2023-01-09,in_transit
14260,1800,3,2,144,160,2025-07-08,completed
14261,3204,9,10,130,238,2024-08-18,completed
14262,2548,8,7,204,42,2024-06-08,completed
14263,949,4,3,201,217,2025-06-23,cancelled
14264,4791,2,1,79,296,2024-05-17,completed
14265,3900,4,9,257,34,2023-01-01,completed
14266,2735,4,9,225,217,2024-01-31,completed
14267,1742,1,7,6,97,2025-08-25,completed
14268,2458,8,10,166,207,2026-07-18,completed
14269,300,10,6,288,262,2025-09-27,completed
14270,1282,9,4,209,227,2025-06-30,in_transit
14271,153,7,1,51,234,2023-07-29,in_transit
14272,835,6,4,80,14,2023-10-15,completed
14273,2262,7,5,283,234,2024-09-10,completed
14274,294,6,7,20,34,2026-07-02,in_transit
14275,4689,1,6,67,97,2023-10-08,completed
14276,653,7,6,104,255,2023-10-23,completed
14277,734,6,8,151,55,2024-07-24,completed
14278,1463,1,7,241,63,2025-06-21,completed
14279,4689,1,8,239,119,2023-10-03,completed
14280,2507,6,5,84,147,2026-03-04,completed
14281,2500,9,10,95,297,2023-06-15,in_transit
14282,4488,9,6,274,227,2023-02-03,completed
14283,2397,1,10,38,245,2025-07-31,completed
14284,593,5,6,84,161,2024-10-17,completed
14285,2621,9,1,248,165,2025-07-09,completed
14286,3613,3,5,197,236,2025-01-01,completed
14287,1489,3,5,42,67,2024-01-31,completed
14288,772,3,4,260,153,2023-10-05,completed
14289,4749,7,1,15,68,2024-10-02,completed
14290,3651,3,7,258,47,2026-01-21,completed
14291,271,5,10,36,43,2025-06-28,completed
14292,4241,7,3,28,132,2023-10-21,completed
14293,1531,8,7,265,279,2026-02-16,cancelled
14294,2786,3,7,27,109,2024-01-19,completed
14295,4521,1,3,258,300,2023-11-04,completed
14296,752,2,9,232,25,2024-10-18,completed
14297,1962,5,7,135,195,2023-11-13,completed
14298,1517,6,9,218,259,2026-01-07,completed
14299,1340,2,9,202,146,2026-04-30,in_transit
14300,1552,7,4,126,282,2026-06-08,completed
14301,3296,9,8,14,278,2024-02-24,completed
14302,3800,8,3,178,186,2024-07-03,completed
14303,4299,5,4,14,252,2026-01-31,completed
14304,156,7,2,152,172,2023-12-28,completed
14305,302,2,1,154,42,2025-04-15,completed
14306,3676,1,2,219,50,2024-07-30,in_transit
14307,2755,9,6,168,28,2026-07-18,completed
14308,2539,6,3,256,222,2025-10-23,completed
14309,3066,1,8,294,187,2025-07-30,completed
14310,2540,8,5,2,167,2023-04-16,completed
14311,2814,8,4,140,58,2023-11-01,completed
14312,4650,8,5,129,296,2023-09-17,completed
14313,2778,1,7,200,28,2023-07-22,completed
14314,2725,10,4,281,92,2025-03-12,completed
14315,3185,5,4,70,40,2026-02-05,completed
14316,180,9,10,221,94,2023-08-13,completed
14317,435,10,1,215,189,2024-01-09,completed
14318,295,6,10,118,246,2024-10-23,completed
14319,1499,7,9,225,70,2024-05-08,completed
14320,3768,10,4,263,94,2025-09-20,completed
14321,3872,2,6,5,183,2026-06-30,cancelled
14322,4095,1,9,70,74,2023-08-18,in_transit
14323,2344,1,2,80,104,2024-11-18,completed
14324,98,7,1,57,289,2025-11-12,completed
14325,3977,9,7,249,287,2023-09-17,completed
14326,1103,9,7,31,264,2025-12-31,completed
14327,2279,2,6,294,235,2023-11-14,completed
14328,4910,3,2,160,214,2024-11-09,completed
14329,1116,3,10,123,139,2026-07-30,completed
14330,3653,5,9,98,135,2024-05-28,completed
14331,1192,9,8,289,239,2025-12-20,completed
14332,2284,10,6,37,226,2024-05-20,completed
14333,2743,6,10,266,288,2023-06-03,completed
14334,715,2,8,262,167,2024-06-24,completed
14335,4070,4,1,233,151,2025-05-22,completed
14336,2317,9,4,233,273,2024-09-10,completed
14337,766,8,1,40,190,2026-03-07,completed
14338,1131,4,10,170,14,2024-10-19,completed
14339,1936,7,10,215,132,2023-04-24,completed
14340,2729,9,6,123,159,2023-03-05,completed
14341,3966,1,6,86,192,2026-04-27,cancelled
14342,2535,9,3,269,191,2025-04-14,completed
14343,2874,5,10,76,97,2025-02-19,completed
14344,1610,6,2,78,283,2024-01-04,completed
14345,3314,5,2,294,17,2025-05-26,completed
14346,4152,9,6,223,139,2025-08-11,completed
14347,3711,8,5,247,146,2026-02-22,completed
14348,1787,9,8,207,230,2024-01-27,completed
14349,310,3,6,29,100,2023-11-15,completed
14350,4035,7,8,97,105,2023-01-11,completed
14351,2130,5,4,142,64,2025-03-27,completed
14352,3321,2,6,159,254,2024-09-28,cancelled
14353,4540,4,10,253,148,2024-01-02,completed
14354,2747,3,7,254,144,2025-11-28,completed
14355,3551,5,6,108,270,2025-02-03,completed
14356,2337,3,7,53,186,2025-07-08,in_transit
14357,1539,6,7,277,23,2023-05-24,completed
14358,580,3,9,131,191,2023-12-02,completed
14359,4465,10,9,200,253,2023-03-15,completed
14360,1836,7,8,23,30,2024-03-28,completed
14361,829,1,8,261,289,2025-12-22,completed
14362,3872,2,6,78,78,2024-07-21,completed
14363,1665,2,1,77,177,2024-12-26,completed
14364,4614,10,2,4,14,2025-09-19,completed
14365,3403,6,10,41,13,2026-01-16,completed
14366,3837,4,6,59,300,2023-06-10,completed
14367,4596,2,6,174,103,2026-07-01,completed
14368,4261,7,8,59,72,2023-10-30,completed
14369,330,3,6,152,270,2024-12-29,completed
14370,2755,6,5,47,187,2024-02-03,completed
14371,4525,6,9,276,87,2024-07-12,completed
14372,4326,4,3,216,194,2023-12-26,completed
14373,1234,8,10,163,271,2024-05-15,completed
14374,2600,3,2,299,186,2024-12-26,completed
14375,1229,7,9,114,297,2024-10-12,cancelled
14376,2376,2,6,191,23,2024-03-09,completed
14377,1662,2,4,6,201,2025-04-17,completed
14378,2933,4,9,42,258,2025-01-14,completed
14379,2117,1,5,4,299,2026-03-23,completed
14380,183,7,3,106,136,2024-01-30,in_transit
14381,4937,5,8,96,180,2023-04-15,completed
14382,206,3,1,185,202,2023-09-19,completed
14383,2890,4,5,112,61,2025-01-28,completed
14384,1224,10,8,106,126,2024-05-01,cancelled
14385,295,5,7,124,14,2023-07-06,completed
14386,2091,10,6,120,58,2024-05-23,completed
14387,3985,8,1,112,75,2025-12-31,completed
14388,2347,8,6,29,187,2025-02-18,completed
14389,3031,9,7,170,253,2026-06-11,completed
14390,3020,7,2,41,298,2024-01-03,completed
14391,2091,3,8,236,12,2024-02-11,completed
14392,2624,1,6,193,94,2025-03-30,completed
14393,909,8,3,94,199,2023-03-30,completed
14394,350,1,8,75,223,2024-04-02,in_transit
14395,2118,4,1,231,226,2025-02-26,completed
14396,4084,10,9,33,161,2025-11-30,completed
14397,2908,10,2,122,24,2023-01-05,completed
14398,1104,4,10,299,214,2023-10-10,completed
14399,3029,6,10,217,22,2023-03-18,completed
14400,2924,6,4,53,40,2023-12-14,completed
14401,4649,10,5,187,220,2025-07-03,completed
14402,390,5,6,45,141,2026-03-19,in_transit
14403,1749,3,5,217,81,2023-11-19,completed
14404,156,6,9,235,92,2024-06-25,completed
14405,124,5,9,133,241,2025-06-29,completed
14406,4055,2,6,282,29,2025-12-16,in_transit
14407,4380,5,10,161,180,2024-07-10,completed
14408,4114,9,3,70,181,2024-09-20,completed
14409,2657,5,1,300,228,2024-07-13,completed
14410,1883,5,1,166,235,2023-05-01,completed
14411,1238,1,2,237,29,2023-12-03,completed
14412,1702,9,3,258,221,2023-12-08,completed
14413,3199,6,2,39,85,2024-08-30,completed
14414,1855,2,7,221,141,2024-08-11,cancelled
14415,1758,2,10,278,123,2024-10-01,completed
14416,371,8,7,139,46,2025-03-19,completed
14417,4127,5,4,95,161,2025-10-20,completed
14418,4899,10,6,225,146,2024-05-17,completed
14419,4269,1,6,298,172,2026-05-27,completed
14420,1743,10,3,167,243,2025-08-18,cancelled
14421,1002,1,9,166,296,2024-12-17,completed
14422,4863,4,2,292,53,2024-09-19,completed
14423,3412,3,4,139,164,2025-05-14,in_transit
14424,4602,5,8,166,296,2025-10-24,completed
14425,26,1,6,128,263,2025-09-11,completed
14426,2842,6,4,22,43,2025-02-20,in_transit
14427,703,3,6,79,131,2025-04-09,completed
14428,801,5,8,53,109,2023-06-15,completed
14429,3098,2,4,194,121,2025-03-12,completed
14430,3708,1,4,295,108,2025-06-21,completed
14431,649,3,9,122,193,2025-02-11,completed
14432,872,10,6,265,38,2024-09-27,completed
14433,3145,3,10,238,102,2025-03-02,completed
14434,3857,3,7,241,46,2024-12-22,completed
14435,2129,5,7,241,17,2023-09-13,completed
14436,2530,10,2,109,251,2023-07-29,completed
14437,3764,6,9,248,183,2025-12-31,completed
14438,3625,4,7,115,226,2024-04-11,completed
14439,1133,9,3,155,253,2023-07-07,completed
14440,3011,8,2,101,75,2024-08-21,completed
14441,3317,3,2,255,296,2025-04-08,cancelled
14442,2000,2,3,176,32,2026-02-17,completed
14443,13,3,7,216,171,2024-03-22,completed
14444,1107,5,3,218,293,2023-12-13,completed
14445,3440,3,9,211,247,2026-04-08,completed
14446,1301,4,8,280,45,2023-01-30,completed
14447,4356,2,6,130,251,2025-01-27,completed
14448,94,5,1,281,80,2025-06-20,cancelled
14449,274,4,5,127,34,2024-07-08,completed
14450,1296,8,1,185,90,2023-11-11,completed
14451,4099,10,2,140,196,2024-01-14,cancelled
14452,1134,2,6,278,178,2024-06-20,in_transit
14453,4472,2,6,206,298,2024-10-26,completed
14454,1785,4,7,68,163,2024-09-19,completed
14455,4391,9,8,278,61,2023-01-26,in_transit
14456,4334,8,9,136,265,2025-07-20,completed
14457,1733,2,5,98,278,2024-01-21,completed
14458,942,9,6,37,272,2023-01-03,completed
14459,1394,2,5,32,140,2023-07-24,completed
14460,3719,7,6,276,120,2026-05-21,completed
14461,4163,3,4,1,201,2025-11-03,completed
14462,2340,1,4,152,207,2024-10-07,completed
14463,4791,2,7,209,120,2023-01-31,in_transit
14464,2268,4,3,225,142,2023-09-22,completed
14465,4060,9,5,131,76,2026-04-15,cancelled
14466,1559,10,3,83,99,2026-06-26,completed
14467,2290,8,1,9,18,2024-02-20,completed
14468,584,5,8,261,260,2024-12-09,completed
14469,2961,7,4,184,291,2025-10-12,completed
14470,1841,5,7,199,19,2025-11-12,completed
14471,3810,2,1,7,11,2024-12-15,completed
14472,4372,1,10,190,23,2025-09-12,cancelled
14473,2983,8,10,273,299,2025-07-11,completed
14474,1299,2,8,210,21,2025-06-19,completed
14475,2226,4,9,13,186,2023-12-13,completed
14476,893,6,2,215,171,2023-06-30,completed
14477,1934,10,7,184,125,2024-09-10,in_transit
14478,2724,3,1,93,144,2024-09-12,in_transit
14479,2603,10,4,110,280,2023-11-15,completed
14480,2771,3,9,99,91,2026-03-30,completed
14481,4070,8,4,176,108,2023-09-21,completed
14482,2616,10,1,179,264,2026-01-21,completed
14483,4527,3,10,117,292,2023-01-27,completed
14484,2400,10,4,36,64,2023-05-26,completed
14485,4883,3,8,86,182,2026-04-04,in_transit
14486,1367,8,10,116,221,2023-09-16,completed
14487,1743,8,6,5,274,2024-10-13,completed
14488,4251,7,4,184,69,2026-01-27,completed
14489,655,10,6,174,142,2023-01-16,completed
14490,899,10,1,245,260,2026-07-31,completed
14491,778,7,5,298,257,2024-09-28,in_transit
14492,59,5,2,43,57,2026-07-10,in_transit
14493,1563,4,1,185,255,2023-11-03,completed
14494,3858,10,4,297,17,2024-10-31,completed
14495,1470,8,9,108,17,2025-03-01,in_transit
14496,3021,2,9,4,197,2023-07-09,in_transit
14497,1505,5,6,194,21,2025-03-01,completed
14498,4508,2,10,24,193,2024-04-17,completed
14499,3031,4,1,248,188,2023-09-27,completed
14500,747,4,9,138,229,2023-08-18,completed
14501,3284,3,9,33,101,2025-04-07,completed
14502,2072,2,10,132,226,2024-02-01,completed
14503,2710,9,3,155,272,2025-06-03,completed
14504,2949,8,3,61,95,2023-06-28,completed
14505,3947,10,6,90,203,2023-02-28,completed
14506,4026,5,4,291,236,2026-06-29,completed
14507,1068,8,1,66,30,2025-01-08,in_transit
14508,2837,8,5,186,283,2026-07-30,completed
14509,3711,3,7,285,185,2025-01-11,completed
14510,381,3,2,234,210,2025-06-28,completed
14511,709,9,8,13,141,2024-09-05,completed
14512,2038,8,7,57,219,2024-02-24,completed
14513,3773,7,1,238,69,2023-10-30,completed
14514,2888,2,8,60,283,2023-02-11,completed
14515,4123,6,8,170,76,2023-08-17,completed
14516,3345,9,6,278,157,2025-05-17,completed
14517,1741,6,2,210,223,2024-05-06,in_transit
14518,2064,6,8,97,113,2024-07-09,in_transit
14519,1804,7,2,89,155,2023-09-25,completed
14520,4628,4,9,275,10,2025-12-15,cancelled
14521,3959,10,2,242,84,2025-04-21,completed
14522,4257,9,5,218,279,2023-01-15,completed
14523,2499,9,2,14,111,2024-04-23,cancelled
14524,2546,7,1,149,249,2023-04-06,completed
14525,4205,9,4,172,197,2023-01-02,cancelled
14526,1372,3,10,200,138,2025-05-01,completed
14527,2621,10,3,127,53,2023-03-25,completed
14528,111,8,5,217,156,2023-01-02,completed
14529,339,5,10,291,294,2023-05-22,completed
14530,3401,2,10,116,187,2024-02-27,cancelled
14531,4661,3,9,154,259,2025-09-17,completed
14532,3054,9,8,274,50,2026-02-10,completed
14533,4121,6,8,95,136,2026-04-01,completed
14534,855,8,6,251,72,2024-06-04,completed
14535,216,4,9,73,275,2024-12-13,completed
14536,1813,8,6,117,288,2025-06-30,completed
14537,278,7,9,2,282,2023-01-22,completed
14538,4075,8,1,146,245,2024-04-19,completed
14539,2466,4,2,184,80,2026-07-26,completed
14540,646,6,10,256,137,2023-12-19,completed
14541,3008,1,2,207,155,2023-10-30,completed
14542,4209,1,3,235,32,2025-08-19,in_transit
14543,2102,10,5,45,143,2024-06-30,cancelled
14544,3485,10,8,149,162,2025-09-14,completed
14545,4771,1,8,70,46,2024-06-27,completed
14546,4197,8,4,271,53,2025-08-11,completed
14547,2415,2,1,257,51,2025-08-07,completed
14548,4313,8,6,156,29,2024-06-17,completed
14549,4541,8,3,11,175,2025-10-29,completed
14550,2444,5,1,168,44,2024-10-07,completed
14551,2944,10,9,279,150,2026-01-16,completed
14552,2416,6,1,259,288,2024-08-28,completed
14553,3301,5,4,154,246,2026-05-10,in_transit
14554,2777,2,3,172,94,2025-07-29,completed
14555,1336,1,3,215,298,2024-04-23,completed
14556,2355,2,7,25,296,2025-10-28,completed
14557,2145,2,8,20,18,2026-05-03,completed
14558,3137,10,1,77,18,2026-01-12,completed
14559,348,7,2,207,211,2023-06-10,completed
14560,1053,9,7,162,249,2024-03-21,completed
14561,4669,5,6,272,297,2023-02-12,completed
14562,2837,2,6,89,299,2023-11-20,completed
14563,2010,5,4,237,43,2024-09-19,completed
14564,199,9,1,120,278,2024-10-25,completed
14565,3456,8,1,78,150,2024-01-22,completed
14566,440,5,9,90,43,2026-05-17,completed
14567,3948,6,3,104,232,2026-05-17,completed
14568,460,1,4,224,141,2023-03-03,cancelled
14569,983,2,10,281,264,2024-06-15,completed
14570,2563,10,3,58,165,2024-08-25,completed
14571,751,7,8,49,186,2025-07-29,completed
14572,2424,2,9,244,80,2024-12-29,in_transit
14573,875,4,10,270,208,2026-02-20,completed
14574,1578,1,9,129,225,2025-02-13,completed
14575,4132,8,6,54,266,2023-03-20,completed
14576,4762,3,5,214,193,2023-01-01,completed
14577,1095,5,7,155,168,2025-12-31,completed
14578,1080,7,2,104,271,2025-06-04,completed
14579,1,10,2,89,128,2026-01-09,completed
14580,4184,7,5,124,286,2026-05-10,completed
14581,3386,5,3,97,213,2026-07-21,completed
14582,2784,10,7,262,191,2024-10-03,completed
14583,4685,2,8,126,32,2026-03-06,completed
14584,3072,8,4,12,206,2025-05-19,completed
14585,4610,8,1,197,15,2026-05-14,completed
14586,527,3,4,221,76,2023-09-26,cancelled
14587,773,5,4,5,269,2023-06-27,completed
14588,3756,1,2,192,213,2024-04-25,in_transit
14589,1647,1,5,216,48,2024-07-09,completed
14590,2644,3,4,273,105,2023-08-06,completed
14591,3111,5,10,51,237,2026-02-06,completed
14592,3299,4,3,239,87,2025-10-07,completed
14593,3809,1,2,186,246,2026-06-29,cancelled
14594,2554,6,5,125,23,2025-01-07,completed
14595,1929,4,9,20,143,2023-06-02,completed
14596,3810,9,5,66,161,2023-09-23,completed
14597,3933,4,6,201,219,2025-06-30,cancelled
14598,2633,3,9,140,163,2023-04-05,in_transit
14599,1125,3,2,236,126,2024-01-06,completed
14600,474,9,2,171,138,2023-12-07,completed
14601,615,10,9,170,203,2026-02-01,completed
14602,4601,10,5,270,43,2024-10-27,completed
14603,381,10,2,115,71,2023-06-08,completed
14604,42,5,1,177,252,2025-08-26,completed
14605,882,7,6,280,290,2025-06-16,completed
14606,2377,6,7,90,300,2025-10-04,completed
14607,1642,9,4,126,203,2025-09-28,completed
14608,948,3,7,256,209,2024-05-06,completed
14609,4457,5,8,290,207,2024-11-05,completed
14610,1018,4,1,287,83,2024-09-03,completed
14611,4208,2,3,34,189,2026-06-04,completed
14612,2543,3,4,97,106,2026-04-06,completed
14613,2738,8,6,288,165,2023-03-25,cancelled
14614,818,3,2,168,235,2025-06-02,completed
14615,2448,10,3,164,54,2025-08-02,cancelled
14616,1517,6,1,252,113,2024-01-17,completed
14617,2967,9,3,113,89,2025-08-01,completed
14618,1521,4,5,218,128,2023-10-09,completed
14619,4090,10,3,187,16,2024-12-25,completed
14620,3903,4,5,113,147,2025-09-14,cancelled
14621,2580,10,7,25,170,2023-09-17,in_transit
14622,2118,1,10,209,124,2024-11-09,completed
14623,3843,2,9,257,297,2024-05-17,completed
14624,2473,4,2,215,36,2025-03-24,completed
14625,2224,7,10,245,138,2023-10-09,completed
14626,3026,2,4,36,259,2026-04-04,completed
14627,3036,10,9,193,39,2023-06-15,completed
14628,1087,1,9,120,268,2024-10-12,completed
14629,2461,2,7,191,223,2025-03-08,cancelled
14630,689,9,7,91,21,2023-01-05,completed
14631,3616,1,3,4,91,2024-04-02,completed
14632,1770,6,7,291,234,2025-03-06,completed
14633,4716,7,2,268,105,2024-11-24,completed
14634,1396,1,2,293,109,2024-11-22,completed
14635,3485,8,3,295,283,2026-01-03,cancelled
14636,1470,10,4,106,68,2026-06-07,completed
14637,1021,2,6,150,216,2023-02-03,completed
14638,4928,4,3,53,116,2023-11-18,completed
14639,2711,2,10,45,207,2025-08-10,completed
14640,757,2,6,14,57,2025-07-25,completed
14641,3347,9,4,196,185,2023-05-02,completed
14642,3096,7,5,252,299,2025-12-20,completed
14643,2173,4,10,247,134,2023-09-22,completed
14644,4284,4,8,58,231,2024-02-20,completed
14645,4236,4,8,262,125,2026-01-22,completed
14646,4267,8,2,260,10,2026-02-13,completed
14647,2649,2,10,155,255,2026-05-06,completed
14648,620,2,5,32,187,2024-05-05,completed
14649,3872,1,3,194,278,2024-10-08,completed
14650,4961,9,4,4,209,2024-08-25,completed
14651,563,10,5,154,20,2026-06-05,completed
14652,4245,3,6,237,11,2025-06-23,completed
14653,4493,7,8,154,259,2023-03-20,completed
14654,2726,9,10,111,116,2025-07-03,completed
14655,3727,3,5,24,83,2024-04-30,completed
14656,2899,10,2,208,294,2025-08-26,cancelled
14657,799,8,10,236,39,2023-08-09,completed
14658,1826,2,4,79,251,2023-01-10,completed
14659,1769,2,7,261,96,2026-04-30,cancelled
14660,2037,7,1,53,283,2024-11-07,completed
14661,2873,3,1,13,91,2025-12-02,completed
14662,1546,10,7,73,219,2026-02-02,completed
14663,231,8,9,270,206,2026-03-04,completed
14664,4884,9,4,101,119,2023-08-14,completed
14665,1969,5,2,231,71,2026-06-29,completed
14666,166,1,8,33,11,2024-11-21,completed
14667,1417,8,9,163,161,2026-06-19,cancelled
14668,4732,10,6,135,55,2025-02-28,completed
14669,2157,9,1,14,64,2024-04-19,in_transit
14670,3365,6,10,241,167,2024-07-11,completed
14671,1038,5,7,216,101,2024-04-21,cancelled
14672,1507,5,7,96,149,2025-05-20,completed
14673,3651,8,1,238,110,2023-06-09,completed
14674,3077,10,5,263,128,2026-05-26,in_transit
14675,2643,6,7,286,36,2023-12-09,cancelled
14676,499,8,1,28,19,2025-03-05,completed
14677,4537,10,4,83,180,2023-03-10,completed
14678,2804,10,3,283,60,2023-10-02,cancelled
14679,407,6,4,60,200,2023-05-05,completed
14680,2035,9,7,89,142,2025-07-06,completed
14681,4641,6,9,31,75,2024-08-08,completed
14682,160,3,9,163,176,2023-04-23,completed
14683,2262,6,5,68,257,2025-01-04,completed
14684,3051,10,2,206,255,2023-12-27,cancelled
14685,800,7,6,32,289,2023-06-23,completed
14686,4973,7,9,156,49,2024-08-07,completed
14687,1052,10,4,79,173,2023-06-17,completed
14688,2172,6,3,64,220,2025-07-13,completed
14689,1904,1,7,24,158,2025-01-17,cancelled
14690,4990,7,9,152,98,2024-07-24,cancelled
14691,2575,1,10,3,132,2026-03-31,completed
14692,446,2,9,190,83,2024-06-21,completed
14693,4846,4,5,189,237,2023-06-21,completed
14694,890,7,2,172,165,2023-07-28,completed
14695,732,8,2,154,270,2025-04-18,completed
14696,3637,10,9,266,180,2024-12-01,completed
14697,3679,2,8,211,177,2025-06-09,completed
14698,4385,5,6,115,64,2024-10-09,completed
14699,3739,3,8,140,145,2023-11-29,in_transit
14700,1296,4,7,216,170,2025-07-28,completed
14701,372,2,1,229,214,2024-05-20,completed
14702,4799,8,7,161,159,2023-06-29,completed
14703,539,8,7,202,271,2026-04-29,completed
14704,1016,5,10,56,106,2024-02-16,completed
14705,4899,3,1,139,143,2026-03-21,completed
14706,3848,9,1,191,199,2025-10-08,completed
14707,777,8,6,297,44,2023-09-27,completed
14708,2655,7,8,297,259,2023-09-12,completed
14709,3511,10,1,140,50,2023-07-23,completed
14710,2974,2,5,82,173,2024-04-20,completed
14711,173,2,5,220,64,2026-07-24,completed
14712,4832,8,5,98,84,2024-10-21,completed
14713,3655,4,8,123,174,2025-10-17,completed
14714,750,3,1,188,85,2025-05-26,completed
14715,3101,4,9,183,211,2024-04-08,completed
14716,2541,5,2,10,289,2024-09-17,completed
14717,4828,9,6,285,174,2025-12-11,completed
14718,1380,2,5,47,288,2026-05-10,completed
14719,1160,5,4,196,111,2024-10-10,completed
14720,424,10,2,31,102,2025-05-19,in_transit
14721,894,2,10,120,72,2024-08-24,completed
14722,3933,3,4,246,94,2025-11-03,cancelled
14723,4855,2,4,238,57,2025-01-20,in_transit
14724,1957,3,7,240,18,2025-06-03,completed
14725,3514,4,7,47,50,2023-12-27,completed
14726,3434,5,3,77,217,2025-06-23,completed
14727,4534,7,10,189,61,2025-04-23,completed
14728,4776,1,5,188,87,2026-05-12,in_transit
14729,1224,5,4,281,203,2024-06-22,completed
14730,783,3,7,255,295,2025-12-11,completed
14731,2859,10,6,284,263,2025-12-13,completed
14732,2932,10,5,209,294,2024-12-02,cancelled
14733,2908,5,3,6,26,2026-05-02,completed
14734,2262,8,9,113,127,2024-07-01,completed
14735,1261,8,1,58,117,2025-06-17,completed
14736,1780,10,7,105,65,2025-02-19,completed
14737,320,1,2,185,219,2024-04-14,completed
14738,4182,6,2,273,173,2023-12-03,cancelled
14739,3063,8,4,130,107,2026-06-01,completed
14740,700,4,1,142,59,2025-11-01,completed
14741,3130,6,4,170,136,2024-12-16,completed
14742,4591,5,2,102,127,2025-10-19,completed
14743,3366,1,3,288,105,2024-04-25,completed
14744,3535,6,10,224,258,2023-09-11,completed
14745,4088,5,8,5,103,2024-03-08,cancelled
14746,1164,3,1,47,295,2025-07-01,in_transit
14747,1128,2,5,80,98,2024-10-17,in_transit
14748,2012,7,9,73,202,2025-12-08,in_transit
14749,3243,8,9,20,210,2023-03-30,completed
14750,240,4,7,300,144,2024-08-25,completed
14751,4319,10,3,273,231,2026-06-27,completed
14752,1861,6,3,61,135,2026-04-15,completed
14753,3778,3,2,204,100,2025-07-25,completed
14754,4227,9,3,186,96,2023-03-10,completed
14755,4852,4,2,284,248,2025-01-18,completed
14756,2161,5,3,168,146,2024-12-05,in_transit
14757,485,10,7,11,40,2025-04-10,cancelled
14758,522,7,4,250,296,2024-11-11,completed
14759,4930,3,6,242,191,2024-01-09,completed
14760,478,1,6,38,76,2026-06-11,completed
14761,3223,7,2,237,99,2023-12-25,cancelled
14762,4355,3,4,45,47,2024-12-06,completed
14763,2199,9,1,124,195,2026-01-04,completed
14764,931,2,4,228,178,2024-10-20,completed
14765,3984,10,6,192,135,2025-02-11,completed
14766,588,7,8,93,157,2024-07-04,in_transit
14767,1294,8,5,194,259,2023-09-17,completed
14768,4037,9,7,257,225,2024-12-21,in_transit
14769,281,6,4,99,69,2024-02-23,completed
14770,1238,3,5,184,290,2023-07-04,completed
14771,3501,9,10,266,10,2026-02-09,completed
14772,2779,2,8,200,89,2024-06-13,completed
14773,1487,7,5,296,61,2024-12-17,cancelled
14774,2546,8,6,110,145,2026-02-11,completed
14775,2799,9,3,229,281,2023-03-14,completed
14776,3646,4,5,50,82,2023-04-11,completed
14777,4242,5,10,242,248,2026-04-18,in_transit
14778,1964,8,9,275,143,2026-02-19,completed
14779,863,7,1,186,160,2026-03-11,completed
14780,3055,5,2,233,266,2026-01-17,completed
14781,3168,10,4,15,287,2023-10-01,completed
14782,1426,3,7,193,162,2025-05-26,cancelled
14783,4435,9,10,224,169,2023-02-17,completed
14784,1705,5,8,66,283,2026-01-04,completed
14785,832,9,7,134,24,2023-03-30,cancelled
14786,3944,3,4,287,292,2023-09-27,completed
14787,724,7,6,70,43,2024-01-15,cancelled
14788,3359,9,6,60,12,2026-02-20,completed
14789,1603,2,10,286,24,2023-08-01,cancelled
14790,844,3,6,242,282,2026-03-13,completed
14791,3478,4,8,77,195,2025-08-07,in_transit
14792,1403,6,7,139,112,2025-12-04,completed
14793,690,1,2,110,34,2025-01-15,completed
14794,2491,8,10,218,39,2026-05-28,cancelled
14795,15,3,1,237,250,2026-01-24,cancelled
14796,3287,1,2,184,102,2023-05-25,in_transit
14797,645,7,1,265,295,2023-06-09,completed
14798,2227,7,9,198,189,2026-06-26,completed
14799,2938,6,1,159,62,2024-04-16,completed
14800,1601,4,5,128,60,2025-10-11,completed
14801,2219,3,9,62,45,2025-10-18,completed
14802,3458,8,6,273,232,2024-05-10,completed
14803,2326,5,6,176,14,2023-10-16,cancelled
14804,3927,9,8,190,61,2023-07-08,cancelled
14805,1137,1,6,103,67,2026-01-13,in_transit
14806,4880,10,3,43,237,2023-07-05,completed
14807,402,10,8,287,79,2026-07-19,completed
14808,3706,1,10,36,152,2026-07-17,completed
14809,4727,7,3,67,144,2024-05-11,completed
14810,3714,4,1,130,85,2023-04-07,in_transit
14811,2924,5,10,204,142,2025-10-05,completed
14812,544,7,6,147,80,2024-02-10,completed
14813,974,7,9,49,257,2025-11-12,completed
14814,1503,6,8,143,159,2023-07-18,completed
14815,4012,5,7,257,232,2023-03-18,in_transit
14816,436,3,1,48,291,2025-12-02,completed
14817,4607,10,3,57,45,2024-10-21,completed
14818,1339,5,6,279,191,2025-01-28,completed
14819,3707,10,9,270,65,2023-05-07,in_transit
14820,1218,8,3,270,179,2023-06-10,completed
14821,4191,5,6,77,219,2023-03-15,completed
14822,1826,3,4,74,113,2023-11-10,completed
14823,4281,4,10,228,54,2025-03-16,in_transit
14824,1421,6,1,248,45,2023-07-28,in_transit
14825,4230,3,5,96,134,2024-08-05,completed
14826,3750,3,8,279,87,2023-01-25,completed
14827,1947,6,8,263,215,2025-07-05,completed
14828,3955,6,7,144,148,2023-01-22,in_transit
14829,1386,3,9,298,158,2023-02-12,completed
14830,1334,8,10,275,23,2026-04-22,completed
14831,4004,10,7,215,51,2024-09-25,completed
14832,3339,3,6,24,219,2024-04-02,completed
14833,3774,3,6,245,74,2026-07-24,completed
14834,1457,6,8,19,127,2024-02-03,completed
14835,4915,6,5,270,288,2024-05-18,completed
14836,4991,5,8,154,164,2024-10-09,completed
14837,412,1,8,144,140,2024-12-05,completed
14838,2276,4,2,161,277,2023-07-08,completed
14839,2484,8,6,241,134,2024-09-22,cancelled
14840,1175,6,1,40,32,2023-01-05,cancelled
14841,3542,5,4,136,233,2024-05-24,completed
14842,4242,4,8,299,135,2023-11-12,completed
14843,3500,6,1,249,271,2024-11-02,cancelled
14844,3416,6,3,168,110,2025-11-03,in_transit
14845,4705,1,9,266,195,2024-02-02,cancelled
14846,4643,1,7,268,293,2025-12-06,completed
14847,1244,6,10,234,22,2025-07-07,cancelled
14848,605,3,2,159,142,2025-12-21,in_transit
14849,2630,5,4,287,287,2025-06-03,completed
14850,2009,4,9,3,163,2023-03-09,in_transit
14851,217,9,2,7,258,2023-10-31,completed
14852,3363,6,3,204,116,2025-03-24,completed
14853,4721,3,5,48,95,2024-04-12,completed
14854,3887,1,7,278,294,2024-04-16,completed
14855,303,6,4,91,132,2026-01-19,in_transit
14856,654,8,4,40,45,2023-11-01,completed
14857,655,4,8,258,251,2024-04-22,cancelled
14858,783,10,9,95,143,2025-08-23,completed
14859,3453,5,10,169,243,2025-04-24,completed
14860,4046,5,8,154,280,2023-03-08,completed
14861,1535,2,3,198,83,2023-12-06,completed
14862,2248,4,8,206,65,2024-03-30,completed
14863,2543,5,2,123,237,2025-04-11,completed
14864,76,6,2,99,10,2025-05-06,cancelled
14865,4429,1,3,142,181,2025-06-14,completed
14866,1405,2,1,153,116,2023-02-07,completed
14867,4498,2,5,149,207,2023-07-27,cancelled
14868,4816,2,10,227,206,2023-06-22,completed
14869,4885,10,4,17,266,2026-02-14,completed
14870,511,4,3,59,297,2023-10-23,completed
14871,4510,10,3,134,254,2024-04-23,cancelled
14872,11,6,10,83,163,2024-06-30,completed
14873,4508,9,2,28,115,2023-01-21,completed
14874,1502,4,8,117,294,2024-09-05,completed
14875,4450,1,9,149,117,2026-02-06,completed
14876,455,10,2,244,144,2025-04-11,completed
14877,1355,4,8,249,159,2024-12-19,completed
14878,759,3,9,149,46,2024-11-17,in_transit
14879,1067,7,9,276,288,2023-10-19,completed
14880,4704,3,4,54,100,2026-03-28,completed
14881,3360,1,10,145,97,2025-11-05,completed
14882,2130,7,10,189,53,2024-10-21,completed
14883,3427,10,4,145,183,2025-03-25,completed
14884,2234,4,5,13,70,2025-11-02,completed
14885,98,8,6,271,297,2025-12-07,completed
14886,120,9,5,81,96,2025-09-04,completed
14887,1161,8,10,36,77,2023-08-20,completed
14888,50,6,2,208,130,2024-08-27,completed
14889,1866,6,5,215,44,2024-10-04,in_transit
14890,4315,1,8,192,80,2023-03-19,completed
14891,2379,4,6,172,11,2023-09-03,completed
14892,558,10,6,286,190,2023-09-23,completed
14893,1156,5,9,291,104,2023-08-07,completed
14894,2858,10,9,105,50,2023-09-10,completed
14895,836,6,5,14,300,2023-08-30,completed
14896,2653,7,6,73,116,2023-06-30,completed
14897,3954,5,7,39,178,2024-02-19,completed
14898,3383,4,2,68,174,2023-04-06,completed
14899,3672,5,8,118,96,2026-01-21,in_transit
14900,955,3,2,185,180,2024-01-10,completed
14901,3475,4,1,153,71,2025-01-24,in_transit
14902,4386,5,1,292,275,2025-04-01,completed
14903,4124,3,7,47,253,2025-06-11,completed
14904,1053,8,5,190,218,2023-04-20,completed
14905,3391,3,7,198,39,2023-07-13,completed
14906,4794,9,4,275,275,2024-10-24,completed
14907,99,4,5,257,158,2024-04-24,completed
14908,2731,9,10,63,35,2025-08-31,completed
14909,3903,3,4,176,207,2023-08-07,completed
14910,3712,10,7,13,180,2024-09-09,completed
14911,2216,4,1,53,161,2026-07-20,in_transit
14912,1626,10,8,211,52,2025-12-10,completed
14913,2389,3,5,46,176,2024-09-03,completed
14914,1184,9,10,49,35,2023-04-23,completed
14915,277,4,8,219,283,2025-11-07,completed
14916,2273,4,8,48,17,2026-03-15,completed
14917,274,1,9,136,299,2025-02-21,in_transit
14918,4048,4,1,225,256,2024-11-13,cancelled
14919,546,6,9,29,211,2025-04-30,completed
14920,956,2,5,243,22,2023-02-24,cancelled
14921,167,4,3,50,216,2024-03-11,completed
14922,2358,2,8,10,216,2025-02-23,completed
14923,4723,2,1,202,90,2025-06-30,completed
14924,1350,6,10,56,197,2025-12-10,completed
14925,543,3,9,104,283,2024-06-06,completed
14926,2863,6,3,194,167,2024-12-22,completed
14927,3099,5,1,216,65,2026-01-13,completed
14928,889,9,1,253,201,2023-12-21,in_transit
14929,670,6,9,2,234,2023-07-31,completed
14930,2549,2,5,71,22,2024-12-30,completed
14931,4172,1,7,295,294,2025-04-22,completed
14932,4625,4,1,84,118,2023-01-06,completed
14933,3773,3,4,196,293,2023-01-07,cancelled
14934,1642,6,7,226,79,2026-02-19,completed
14935,3206,9,5,249,215,2026-07-05,completed
14936,2913,9,4,247,76,2023-04-02,completed
14937,4957,3,1,194,156,2026-02-15,completed
14938,3894,2,6,292,234,2025-07-05,completed
14939,3018,3,2,135,17,2023-07-11,completed
14940,4677,1,5,71,110,2025-04-10,completed
14941,3399,4,1,28,259,2025-07-29,completed
14942,548,8,2,153,49,2026-07-07,completed
14943,1623,10,4,61,192,2024-12-02,completed
14944,758,6,1,144,250,2024-10-06,completed
14945,3954,1,3,212,269,2025-12-07,completed
14946,3556,9,5,130,232,2024-11-01,completed
14947,371,5,7,37,238,2025-08-11,completed
14948,2993,1,3,198,270,2024-06-09,completed
14949,4215,7,8,168,202,2023-12-22,in_transit
14950,2687,2,6,159,69,2025-07-26,completed
14951,252,8,5,271,61,2024-08-24,completed
14952,3287,8,3,54,150,2025-10-23,completed
14953,1033,5,4,80,258,2025-06-08,completed
14954,1765,10,3,17,82,2026-05-22,completed
14955,4384,2,8,116,181,2024-06-30,completed
14956,4256,2,1,110,62,2024-07-23,completed
14957,3745,2,9,69,274,2023-09-29,completed
14958,4374,10,9,91,294,2024-05-02,cancelled
14959,165,10,5,285,225,2024-07-21,completed
14960,3512,7,10,215,181,2024-08-13,cancelled
14961,2614,4,10,119,177,2026-04-12,in_transit
14962,634,8,6,295,252,2026-04-03,completed
14963,3576,2,1,206,181,2026-02-27,completed
14964,2117,9,8,114,15,2023-02-04,cancelled
14965,1487,1,7,250,164,2024-06-15,completed
14966,2280,10,8,19,293,2024-05-30,completed
14967,14,7,8,199,167,2024-07-22,completed
14968,926,1,3,260,191,2024-05-11,completed
14969,1083,4,1,127,84,2024-02-15,completed
14970,2423,4,3,135,36,2026-06-14,completed
14971,3432,7,9,279,215,2024-02-28,completed
14972,4948,10,6,216,229,2026-06-08,completed
14973,1123,6,2,236,68,2023-03-24,completed
14974,196,5,2,94,140,2026-02-26,completed
14975,811,2,6,292,268,2023-06-27,completed
14976,394,9,10,52,84,2025-09-26,completed
14977,2874,1,7,262,35,2024-09-28,completed
14978,2982,2,1,140,119,2024-04-11,completed
14979,3029,1,5,276,198,2023-01-11,completed
14980,3729,6,4,223,200,2024-01-11,completed
14981,1114,1,6,66,272,2025-08-15,completed
14982,4150,7,9,274,209,2025-11-22,completed
14983,3842,7,5,96,246,2026-07-05,completed
14984,2320,3,10,227,183,2025-07-16,completed
14985,4317,6,2,72,99,2023-09-28,completed
14986,4574,9,3,107,161,2023-12-08,completed
14987,2600,8,9,114,190,2025-06-04,completed
14988,591,6,8,164,54,2024-09-29,completed
14989,2779,6,9,281,134,2024-08-24,completed
14990,2325,7,2,213,11,2025-06-16,completed
14991,3241,1,6,202,240,2025-04-13,completed
14992,1828,1,8,94,70,2026-04-23,completed
14993,2373,4,1,78,10,2025-03-18,cancelled
14994,965,3,4,275,10,2025-05-25,completed
14995,3792,2,3,184,42,2025-03-06,completed
14996,3516,1,10,238,127,2025-02-28,completed
14997,2313,5,9,75,259,2025-08-31,in_transit
14998,3038,8,1,132,256,2023-11-21,completed
14999,4097,1,7,285,108,2025-09-17,completed
15000,4225,5,4,82,88,2025-03-31,completed
15001,4317,7,4,60,106,2023-06-04,completed
15002,3943,1,9,87,266,2025-08-27,completed
15003,1694,1,3,88,232,2023-06-08,completed
15004,2970,7,1,188,219,2026-02-13,completed
15005,4886,5,7,223,49,2023-03-30,completed
15006,4129,9,5,110,181,2025-02-20,completed
15007,2114,1,7,201,13,2024-08-17,completed
15008,2264,8,2,272,116,2023-12-20,completed
15009,2273,5,1,56,39,2025-08-14,completed
15010,4815,2,1,176,254,2023-12-01,completed
15011,4245,3,8,208,164,2025-09-14,completed
15012,634,2,8,48,201,2024-05-16,completed
15013,4003,7,8,104,237,2024-08-17,completed
15014,4916,4,7,21,126,2024-04-24,completed
15015,2337,7,6,14,224,2024-02-22,completed
15016,216,5,6,271,76,2023-04-21,completed
15017,3266,3,10,42,258,2024-01-29,completed
15018,2058,7,2,217,60,2026-07-18,completed
15019,2766,5,9,17,169,2024-07-01,completed
15020,1104,3,1,24,237,2025-12-11,completed
15021,1600,1,3,136,256,2023-12-29,completed
15022,3803,8,4,174,14,2025-10-17,completed
15023,1617,6,8,131,278,2023-12-07,completed
15024,3438,3,6,173,293,2023-09-02,completed
15025,1214,6,7,27,10,2025-07-09,completed
15026,2410,5,1,203,136,2025-10-03,completed
15027,3024,4,7,244,264,2025-12-12,completed
15028,1558,4,6,156,87,2023-09-01,in_transit
15029,2626,4,3,180,58,2024-04-08,in_transit
15030,3434,5,3,109,112,2025-09-29,completed
15031,1632,1,4,180,96,2024-07-24,completed
15032,1355,10,3,138,11,2026-04-12,completed
15033,4093,2,9,41,267,2024-09-20,in_transit
15034,764,4,7,22,136,2023-08-19,completed
15035,2611,10,7,104,13,2024-07-23,in_transit
15036,2087,5,3,207,85,2024-07-07,completed
15037,4210,10,1,63,59,2025-06-08,completed
15038,3455,8,6,153,116,2024-01-31,completed
15039,4267,8,6,292,71,2024-05-02,completed
15040,2461,3,6,98,127,2023-12-26,in_transit
15041,4361,2,6,284,196,2024-10-01,completed
15042,4782,2,4,69,261,2023-07-08,completed
15043,2811,3,7,245,208,2026-01-30,completed
15044,96,2,6,191,129,2026-03-14,cancelled
15045,1618,8,6,43,97,2025-04-20,completed
15046,1164,2,3,77,248,2026-04-05,completed
15047,938,4,6,274,113,2025-03-09,completed
15048,3776,8,2,100,130,2024-04-29,completed
15049,3591,2,7,205,179,2025-05-19,cancelled
15050,4241,7,5,169,55,2024-12-16,in_transit
15051,1589,1,2,37,145,2024-08-28,completed
15052,1378,9,10,156,177,2026-03-15,completed
15053,4286,8,5,125,209,2023-04-26,completed
15054,3059,8,5,226,292,2026-05-10,completed
15055,930,2,10,1,119,2025-04-11,completed
15056,1674,10,2,55,76,2024-11-29,in_transit
15057,3890,4,8,126,77,2026-02-18,completed
15058,3533,9,4,255,100,2026-04-24,completed
15059,438,6,3,206,133,2025-07-25,in_transit
15060,2940,9,2,212,150,2023-03-29,completed
15061,3606,7,6,237,162,2026-07-09,completed
15062,1334,3,5,198,202,2024-04-03,completed
15063,2941,3,1,177,200,2026-04-27,completed
15064,4142,2,9,213,163,2024-06-11,completed
15065,2016,6,9,133,140,2024-08-26,completed
15066,1920,6,4,58,187,2025-12-19,completed
15067,540,5,8,272,189,2023-06-03,completed
15068,4803,7,9,17,195,2023-12-23,completed
15069,1879,10,4,292,51,2023-09-18,completed
15070,1744,10,2,238,269,2023-11-09,completed
15071,2797,4,1,162,245,2023-05-26,completed
15072,2490,7,8,300,261,2024-03-23,completed
15073,2800,5,8,208,120,2026-03-17,completed
15074,4164,7,10,294,22,2026-03-23,in_transit
15075,533,8,3,99,229,2025-09-12,cancelled
15076,1898,5,1,266,292,2024-08-05,completed
15077,2343,2,8,95,105,2023-05-23,completed
15078,2856,6,9,260,100,2025-11-17,completed
15079,246,9,1,107,171,2025-08-08,completed
15080,2289,6,9,92,26,2025-02-17,completed
15081,4927,3,4,218,118,2023-06-13,completed
15082,1958,4,3,28,210,2026-06-18,completed
15083,1099,4,7,243,15,2026-05-02,completed
15084,3164,3,4,160,55,2024-01-26,completed
15085,2935,10,4,60,102,2024-10-27,completed
15086,3355,3,6,294,120,2023-02-22,completed
15087,280,3,10,163,80,2024-05-14,completed
15088,726,5,3,293,28,2024-09-18,in_transit
15089,4863,4,10,239,92,2025-09-12,completed
15090,124,1,5,83,170,2025-02-12,completed
15091,2248,3,8,36,102,2024-02-24,completed
15092,4383,4,5,103,84,2023-11-21,completed
15093,4351,4,2,43,282,2024-09-22,completed
15094,3493,4,6,123,213,2025-02-11,completed
15095,1508,1,10,194,196,2024-03-05,completed
15096,2847,3,8,286,181,2023-11-24,completed
15097,2641,6,10,17,166,2025-07-25,cancelled
15098,4501,1,7,269,189,2026-01-01,completed
15099,2807,7,6,134,195,2024-11-21,completed
15100,3915,1,5,67,230,2026-01-07,completed
15101,3115,3,1,12,27,2024-05-08,in_transit
15102,550,1,2,73,165,2024-04-26,completed
15103,3189,4,8,299,81,2025-02-17,completed
15104,1289,7,4,139,33,2025-08-03,completed
15105,2737,8,9,198,217,2025-06-01,completed
15106,1628,9,10,258,199,2024-08-09,in_transit
15107,4789,1,5,24,237,2023-01-06,cancelled
15108,1923,2,8,291,102,2023-09-10,completed
15109,1378,8,3,118,222,2024-08-15,completed
15110,1359,5,2,33,42,2025-03-02,completed
15111,1771,4,6,25,149,2024-11-15,completed
15112,3170,1,5,25,254,2023-01-22,completed
15113,1793,10,4,296,166,2025-04-20,completed
15114,2297,7,10,11,76,2024-08-27,completed
15115,3645,5,4,298,105,2023-04-06,completed
15116,2292,2,5,178,113,2026-05-21,completed
15117,4519,7,6,250,221,2024-09-28,in_transit
15118,529,8,10,227,98,2023-01-06,completed
15119,3588,8,10,251,98,2025-05-21,completed
15120,4394,7,3,255,257,2024-03-12,completed
15121,2694,5,10,60,127,2023-06-21,cancelled
15122,1873,6,3,58,250,2025-03-12,completed
15123,1219,7,9,182,99,2024-02-05,completed
15124,1945,8,6,177,88,2024-11-11,completed
15125,1895,10,1,70,78,2026-05-12,completed
15126,855,10,5,274,111,2023-03-31,completed
15127,4180,2,3,291,148,2024-07-10,completed
15128,4115,10,7,107,221,2023-03-13,completed
15129,3361,9,7,82,213,2026-05-13,completed
15130,4790,2,4,255,64,2024-04-21,completed
15131,3486,1,7,296,187,2023-04-15,completed
15132,3801,2,3,70,238,2025-11-14,completed
15133,343,10,8,179,276,2024-01-10,completed
15134,2916,3,2,151,71,2023-02-15,completed
15135,1371,7,5,270,243,2025-10-28,completed
15136,488,1,2,166,81,2026-05-17,completed
15137,1428,9,5,39,88,2024-05-11,completed
15138,2675,8,1,152,218,2024-12-08,completed
15139,2349,4,3,246,113,2025-10-01,completed
15140,2868,3,2,74,140,2025-04-20,cancelled
15141,2613,10,1,254,291,2026-04-03,in_transit
15142,944,6,2,36,101,2023-04-06,completed
15143,3716,9,1,105,58,2024-09-01,completed
15144,3704,8,6,14,165,2025-10-16,completed
15145,3982,1,2,143,209,2024-08-14,cancelled
15146,4789,9,8,101,93,2025-09-08,completed
15147,2068,8,9,37,103,2026-06-07,completed
15148,1264,5,8,194,291,2025-03-19,completed
15149,2891,5,1,161,76,2023-04-06,completed
15150,3462,8,6,105,68,2023-08-12,completed
15151,228,6,1,41,139,2023-03-22,completed
15152,877,4,7,280,11,2026-04-11,completed
15153,3762,1,10,52,35,2025-02-12,completed
15154,4580,7,8,228,96,2025-08-25,completed
15155,2767,1,5,114,78,2024-05-29,completed
15156,1611,3,10,38,115,2024-06-05,completed
15157,4091,1,3,238,175,2026-04-08,completed
15158,4382,9,8,19,217,2023-10-11,completed
15159,3659,4,7,151,40,2025-12-24,completed
15160,688,1,5,34,164,2026-03-08,completed
15161,1593,2,6,91,292,2025-07-01,completed
15162,1905,1,6,40,158,2026-02-04,completed
15163,4376,9,8,300,221,2023-11-20,completed
15164,287,2,8,183,67,2024-12-09,completed
15165,1712,7,1,167,157,2025-07-22,completed
15166,2591,10,8,182,188,2024-04-26,completed
15167,32,8,10,218,267,2025-04-06,completed
15168,1508,7,8,28,128,2025-10-30,completed
15169,3122,5,2,163,257,2025-07-10,completed
15170,2010,5,7,270,115,2026-01-29,completed
15171,2275,4,9,3,230,2024-03-20,completed
15172,1734,2,7,227,53,2025-09-24,completed
15173,3141,4,5,133,187,2023-09-14,completed
15174,1984,8,10,163,215,2024-07-23,completed
15175,2958,5,6,169,191,2025-09-07,completed
15176,3175,9,4,84,180,2024-10-21,completed
15177,827,4,5,78,18,2025-11-10,completed
15178,2226,10,8,80,37,2024-10-26,completed
15179,4217,5,9,6,215,2025-09-13,completed
15180,751,10,3,96,111,2023-10-11,completed
15181,4544,3,2,167,208,2025-05-25,completed
15182,105,10,4,160,184,2024-04-30,completed
15183,1136,1,3,236,214,2025-05-16,completed
15184,4392,9,10,182,268,2024-07-03,completed
15185,3420,6,9,260,277,2025-04-06,cancelled
15186,1492,5,4,104,112,2025-08-17,completed
15187,339,6,1,233,48,2023-01-08,completed
15188,3891,7,10,190,192,2023-07-03,cancelled
15189,722,5,10,129,205,2024-11-12,cancelled
15190,4909,7,3,269,237,2024-03-24,completed
15191,1689,4,9,82,144,2026-06-19,in_transit
15192,4608,9,5,257,290,2025-07-01,completed
15193,4263,2,4,295,268,2025-12-26,completed
15194,291,2,7,232,53,2023-09-29,completed
15195,2110,6,5,201,191,2025-09-07,completed
15196,1324,3,7,253,229,2026-07-15,in_transit
15197,2377,10,1,256,122,2026-06-23,completed
15198,4310,8,6,204,62,2025-07-15,completed
15199,1396,5,3,160,120,2025-02-23,completed
15200,2962,1,4,262,283,2026-02-19,completed
15201,4462,4,8,56,243,2025-06-20,completed
15202,4577,1,10,163,26,2025-12-20,completed
15203,3160,7,9,4,288,2026-03-30,completed
15204,1060,4,7,39,215,2025-07-10,cancelled
15205,3329,5,9,73,273,2023-07-27,completed
15206,3229,4,5,94,187,2024-04-23,completed
15207,4843,5,6,221,134,2023-02-13,completed
15208,2973,9,8,252,158,2026-06-07,completed
15209,4053,1,8,131,53,2025-06-20,completed
15210,1358,10,5,207,180,2024-03-24,completed
15211,570,8,2,169,215,2026-03-15,completed
15212,2080,6,4,48,231,2024-05-23,cancelled
15213,4680,10,7,76,18,2024-07-28,completed
15214,813,4,3,300,281,2023-10-27,completed
15215,3293,9,5,172,213,2025-11-14,completed
15216,3092,3,5,138,91,2025-05-20,completed
15217,1814,4,7,112,275,2025-03-30,completed
15218,3395,5,7,54,205,2026-04-16,completed
15219,2457,1,8,216,187,2024-12-21,in_transit
15220,3451,1,3,11,172,2026-06-29,completed
15221,1415,3,5,51,143,2023-03-09,cancelled
15222,94,5,1,135,134,2024-03-25,completed
15223,4941,5,2,198,133,2024-03-08,completed
15224,2551,6,1,22,79,2025-05-21,completed
15225,149,9,2,99,101,2025-11-03,completed
15226,2015,5,1,24,262,2024-05-12,in_transit
15227,2768,2,9,203,164,2023-05-07,completed
15228,1323,9,1,181,220,2023-10-07,completed
15229,1528,9,10,171,243,2024-10-09,completed
15230,3991,9,6,189,49,2025-07-22,completed
15231,3911,6,3,74,63,2026-06-28,completed
15232,3043,2,9,79,261,2024-03-14,completed
15233,4515,10,4,83,138,2025-10-06,completed
15234,4880,1,10,129,227,2025-07-16,in_transit
15235,3010,9,1,43,291,2025-04-18,completed
15236,4799,7,9,77,38,2025-02-06,completed
15237,2119,1,6,7,202,2023-08-22,completed
15238,1594,6,9,40,264,2025-05-19,completed
15239,927,1,8,243,160,2025-02-02,completed
15240,956,6,3,276,68,2026-01-16,completed
15241,4920,5,7,296,73,2023-08-16,completed
15242,44,8,9,210,241,2026-03-09,completed
15243,540,2,9,19,125,2024-09-08,in_transit
15244,390,5,10,103,120,2023-09-30,completed
15245,3561,9,8,264,31,2023-03-30,completed
15246,4173,5,9,222,160,2023-09-22,completed
15247,4577,4,2,180,285,2023-07-10,completed
15248,4865,7,3,227,265,2023-02-23,completed
15249,3083,3,9,205,39,2023-11-09,cancelled
15250,4428,5,9,82,135,2025-11-29,completed
15251,3707,3,7,83,168,2024-12-25,completed
15252,1647,9,10,21,67,2024-08-12,completed
15253,3300,2,10,182,31,2026-06-04,completed
15254,778,2,7,226,51,2025-12-06,completed
15255,2055,1,2,43,75,2024-08-21,completed
15256,600,2,9,144,170,2026-01-19,completed
15257,3281,1,4,167,109,2024-04-01,completed
15258,4128,8,7,35,230,2023-02-19,completed
15259,994,9,6,190,258,2024-05-24,completed
15260,4768,8,6,74,33,2026-04-29,in_transit
15261,4863,9,1,87,252,2025-03-27,completed
15262,63,9,7,192,94,2023-04-30,completed
15263,1078,4,8,201,127,2025-04-03,completed
15264,397,9,1,211,65,2025-04-30,completed
15265,1705,10,1,124,258,2025-04-14,completed
15266,2986,8,2,73,199,2025-04-08,completed
15267,202,3,7,267,129,2024-07-04,completed
15268,1303,3,5,242,103,2026-05-09,completed
15269,2838,6,3,93,247,2024-10-26,completed
15270,1927,5,3,5,239,2023-02-05,completed
15271,270,2,8,283,120,2026-05-16,completed
15272,1549,6,8,169,10,2025-07-27,completed
15273,4946,2,6,9,64,2024-09-08,completed
15274,350,2,4,53,294,2026-04-26,completed
15275,4417,7,6,235,156,2025-07-18,completed
15276,2464,3,6,116,198,2025-11-29,completed
15277,4424,4,9,195,199,2026-02-09,in_transit
15278,3737,7,8,3,224,2023-07-30,completed
15279,3971,3,1,73,266,2023-04-10,completed
15280,791,4,8,206,128,2025-10-09,completed
15281,611,6,9,19,22,2024-02-18,completed
15282,127,9,4,279,209,2025-02-19,completed
15283,1976,2,7,236,255,2025-09-17,in_transit
15284,1997,3,2,66,35,2026-05-30,completed
15285,3058,10,4,11,24,2025-04-04,completed
15286,4821,9,6,278,268,2023-07-12,completed
15287,2445,4,6,149,269,2025-06-30,completed
15288,183,9,7,155,173,2024-09-30,completed
15289,1128,3,6,179,175,2025-12-06,in_transit
15290,4855,9,3,55,129,2023-08-19,completed
15291,1913,9,4,83,276,2023-10-14,completed
15292,2471,1,7,134,130,2023-05-10,cancelled
15293,3350,5,6,256,217,2026-07-18,completed
15294,1175,7,4,294,92,2025-01-06,completed
15295,970,7,4,6,83,2025-03-05,completed
15296,2432,4,7,230,282,2025-08-17,completed
15297,2607,10,5,104,291,2023-05-21,completed
15298,1878,7,9,12,110,2025-09-29,completed
15299,806,3,10,7,133,2025-07-30,cancelled
15300,4753,9,7,164,223,2024-02-14,in_transit
15301,836,7,2,254,251,2024-12-24,in_transit
15302,2324,4,10,280,300,2024-11-13,cancelled
15303,4569,2,6,247,184,2026-02-28,completed
15304,342,7,5,212,188,2023-02-07,completed
15305,2785,4,3,83,34,2024-04-15,completed
15306,719,6,8,290,89,2023-04-09,cancelled
15307,3792,10,6,56,85,2026-03-02,completed
15308,2635,8,5,111,14,2025-01-26,completed
15309,709,5,7,73,185,2023-12-21,in_transit
15310,1075,3,6,18,73,2026-01-21,cancelled
15311,456,1,9,275,102,2024-01-05,completed
15312,1588,2,1,298,169,2024-09-29,completed
15313,4792,5,3,136,255,2024-02-19,completed
15314,1667,3,8,29,38,2024-08-28,completed
15315,3523,2,1,169,198,2025-11-12,completed
15316,3284,4,1,14,126,2025-02-01,completed
15317,4527,3,8,236,191,2025-07-09,completed
15318,1406,6,4,277,27,2023-10-22,in_transit
15319,229,1,4,247,185,2025-09-23,cancelled
15320,911,8,5,150,80,2023-03-09,completed
15321,1771,1,8,234,25,2026-02-12,completed
15322,2912,5,7,27,78,2025-07-27,completed
15323,649,4,7,217,256,2023-07-27,completed
15324,3182,4,10,216,99,2024-06-14,completed
15325,2903,3,2,222,166,2023-02-05,completed
15326,3835,3,6,271,262,2025-11-09,cancelled
15327,2040,10,4,117,229,2026-04-21,in_transit
15328,651,9,1,91,29,2023-01-26,completed
15329,616,10,7,159,69,2025-08-19,completed
15330,1191,9,4,31,132,2024-02-10,cancelled
15331,763,1,7,85,249,2025-07-28,completed
15332,2105,2,10,282,243,2024-11-29,completed
15333,3277,7,1,231,53,2025-12-23,completed
15334,1220,3,8,226,44,2024-09-25,completed
15335,1986,1,2,191,90,2023-02-05,completed
15336,3269,3,1,66,259,2025-07-05,cancelled
15337,3815,3,1,170,159,2025-08-18,completed
15338,2775,5,7,78,82,2023-08-04,completed
15339,494,2,4,259,43,2023-02-18,completed
15340,2428,4,10,110,292,2025-04-07,cancelled
15341,427,9,6,177,22,2026-06-25,completed
15342,2055,5,4,42,282,2025-08-13,completed
15343,3191,1,3,28,131,2023-10-26,completed
15344,863,5,2,88,191,2023-12-02,completed
15345,3464,10,6,52,88,2026-03-15,completed
15346,3243,5,9,55,44,2024-06-01,completed
15347,4743,4,9,135,291,2026-04-19,completed
15348,1774,8,2,76,142,2024-02-09,completed
15349,2071,10,2,163,13,2023-08-14,completed
15350,1253,3,7,273,130,2024-01-26,completed
15351,339,8,9,235,229,2024-08-25,completed
15352,3054,1,4,147,87,2023-08-04,completed
15353,825,1,4,122,73,2026-01-07,completed
15354,2305,4,9,124,109,2023-03-20,completed
15355,1164,10,8,154,217,2025-12-11,completed
15356,4194,8,1,208,60,2023-01-04,in_transit
15357,4334,1,6,259,242,2024-11-19,completed
15358,2369,1,7,164,133,2025-10-21,completed
15359,4295,8,6,71,202,2023-08-01,completed
15360,4229,8,4,113,127,2023-11-18,completed
15361,4659,9,5,5,136,2024-02-21,completed
15362,536,10,2,254,142,2025-06-13,completed
15363,3183,5,7,224,87,2024-03-30,completed
15364,1216,1,4,181,283,2023-11-29,completed
15365,3525,6,7,119,244,2025-11-26,completed
15366,2529,7,8,1,144,2026-03-08,completed
15367,307,3,8,99,128,2025-01-21,completed
15368,2331,4,7,128,23,2023-07-03,completed
15369,4837,6,4,66,138,2024-03-14,completed
15370,1118,9,10,24,273,2025-09-04,completed
15371,3257,2,6,257,252,2026-06-25,completed
15372,3302,7,4,229,190,2025-07-02,completed
15373,2543,1,3,257,128,2026-06-19,completed
15374,4572,6,5,162,195,2025-07-05,completed
15375,3290,4,10,16,250,2026-04-06,completed
15376,2894,8,1,255,142,2026-04-27,completed
15377,1967,9,5,201,258,2024-12-02,completed
15378,3995,6,9,241,90,2023-10-05,in_transit
15379,908,1,7,108,139,2025-01-14,completed
15380,493,5,9,99,160,2025-02-27,completed
15381,4109,1,9,285,265,2024-09-02,in_transit
15382,4453,6,3,117,152,2025-02-18,completed
15383,1447,1,5,111,89,2025-03-28,completed
15384,3391,2,5,100,288,2025-08-06,completed
15385,693,2,10,17,297,2024-01-19,completed
15386,2904,10,7,115,131,2025-06-18,completed
15387,1542,2,1,148,180,2023-08-21,completed
15388,1312,8,4,16,213,2026-03-13,completed
15389,371,5,8,6,115,2024-07-04,cancelled
15390,3756,9,4,262,189,2026-06-30,completed
15391,104,10,9,85,112,2024-04-21,completed
15392,2369,5,8,161,161,2023-07-03,completed
15393,4619,2,5,270,79,2025-04-08,in_transit
15394,3858,6,10,270,225,2026-05-01,completed
15395,64,8,6,292,48,2026-03-05,completed
15396,4087,4,9,238,58,2023-07-12,completed
15397,4219,10,8,28,89,2024-04-30,cancelled
15398,1631,5,1,241,259,2025-03-02,completed
15399,3482,5,7,183,177,2025-03-14,in_transit
15400,4732,7,3,278,124,2023-06-07,completed
15401,4317,7,4,22,153,2025-06-15,completed
15402,984,3,10,259,71,2025-10-05,completed
15403,1273,4,1,132,238,2026-07-20,completed
15404,1824,9,6,280,219,2026-05-20,completed
15405,4535,3,2,5,139,2025-08-17,completed
15406,61,1,6,77,176,2026-06-14,completed
15407,1918,1,10,50,218,2026-01-24,completed
15408,849,3,2,68,281,2026-02-02,completed
15409,3043,4,6,146,10,2024-05-17,completed
15410,3652,7,6,80,187,2024-08-29,completed
15411,4001,10,9,215,240,2023-10-25,completed
15412,4776,3,9,12,283,2025-05-23,completed
15413,4171,1,8,30,70,2023-06-23,completed
15414,765,5,10,171,112,2025-11-16,in_transit
15415,3113,5,8,162,44,2024-01-23,completed
15416,578,1,3,149,188,2025-11-15,completed
15417,4661,4,9,107,293,2026-04-29,completed
15418,3764,9,8,290,131,2024-12-16,completed
15419,25,3,5,200,142,2024-06-20,completed
15420,2174,7,2,34,36,2025-04-15,completed
15421,3743,4,8,189,130,2024-04-08,cancelled
15422,4890,10,1,155,273,2023-03-20,completed
15423,4984,2,4,46,168,2024-10-18,completed
15424,1010,3,2,247,62,2023-12-09,completed
15425,689,3,6,51,186,2026-05-07,cancelled
15426,2417,2,9,260,98,2023-06-30,cancelled
15427,4168,3,4,225,198,2025-04-21,cancelled
15428,2235,2,10,217,177,2023-02-08,completed
15429,4886,6,8,198,245,2024-04-27,cancelled
15430,86,8,5,5,200,2026-01-23,cancelled
15431,4563,3,8,65,37,2023-09-13,completed
15432,4406,1,4,75,130,2023-08-07,cancelled
15433,3434,10,6,274,87,2023-02-22,in_transit
15434,3930,8,7,89,23,2026-07-22,completed
15435,3464,3,6,259,207,2024-10-07,completed
15436,1881,4,7,163,102,2024-02-02,completed
15437,3633,8,1,114,21,2025-01-10,completed
15438,3315,3,8,87,60,2024-03-28,completed
15439,2770,9,7,2,78,2023-05-11,completed
15440,3566,3,6,73,187,2024-05-24,completed
15441,2226,4,10,144,117,2023-06-26,completed
15442,3425,9,8,35,87,2025-12-21,completed
15443,3590,4,9,100,110,2023-07-04,completed
15444,2618,9,8,68,273,2025-04-14,completed
15445,1849,5,7,300,175,2024-02-21,completed
15446,2058,7,1,2,186,2025-09-27,completed
15447,3968,8,2,78,130,2025-10-04,cancelled
15448,4225,2,9,31,126,2025-11-01,completed
15449,84,2,7,107,239,2024-03-02,completed
15450,4548,7,9,140,74,2024-05-28,completed
15451,673,3,2,90,42,2024-02-12,completed
15452,2512,6,5,252,110,2023-08-28,completed
15453,3672,2,4,48,234,2024-10-24,completed
15454,4114,10,9,75,200,2025-09-28,completed
15455,2038,3,8,232,77,2026-03-16,cancelled
15456,2172,5,2,265,65,2025-06-01,completed
15457,4370,6,8,157,284,2023-08-08,completed
15458,4112,8,5,120,227,2023-04-15,completed
15459,2709,5,4,117,121,2023-02-07,cancelled
15460,332,7,3,284,208,2025-12-07,completed
15461,4755,1,3,76,219,2025-12-03,completed
15462,3673,4,8,241,75,2024-05-06,completed
15463,3653,9,2,192,146,2023-08-19,completed
15464,2185,7,2,14,29,2024-09-09,completed
15465,2025,4,1,205,262,2025-09-13,completed
15466,3994,5,4,97,298,2023-12-23,completed
15467,2706,7,10,154,180,2025-12-08,in_transit
15468,2952,6,1,115,97,2025-12-21,completed
15469,2831,5,3,148,27,2025-09-04,in_transit
15470,1661,7,3,11,194,2025-11-04,completed
15471,1704,10,4,84,32,2025-12-21,completed
15472,1238,4,5,155,296,2025-05-08,completed
15473,2771,2,6,240,41,2026-03-21,completed
15474,2247,1,7,141,18,2023-05-24,completed
15475,100,5,8,222,53,2026-05-10,cancelled
15476,834,6,1,276,231,2023-01-02,completed
15477,510,3,1,261,39,2023-09-30,completed
15478,1133,5,3,173,131,2024-05-09,completed
15479,2755,6,5,216,212,2024-03-24,completed
15480,2217,3,4,114,122,2023-05-10,completed
15481,1878,3,7,194,218,2023-11-27,completed
15482,4446,7,6,118,137,2023-08-21,completed
15483,2746,5,6,287,173,2026-05-09,completed
15484,258,5,1,60,269,2025-03-30,in_transit
15485,100,9,10,232,121,2026-06-22,completed
15486,1196,9,5,266,105,2025-02-14,completed
15487,2577,2,7,231,61,2026-07-02,completed
15488,341,6,7,94,236,2025-01-30,completed
15489,821,1,5,260,229,2025-10-08,in_transit
15490,4847,3,2,239,167,2025-07-12,completed
15491,1103,6,2,101,153,2024-08-17,completed
15492,4285,4,1,257,275,2025-04-03,completed
15493,1001,2,1,42,236,2025-04-19,completed
15494,3943,8,10,35,287,2026-07-27,completed
15495,57,6,7,273,210,2023-02-25,in_transit
15496,4183,5,7,68,140,2024-07-19,completed
15497,2378,4,10,36,288,2026-05-01,cancelled
15498,2047,2,4,222,96,2026-07-04,completed
15499,3059,2,5,239,132,2025-05-10,in_transit
15500,4720,9,5,285,204,2024-08-26,completed
15501,4182,3,10,130,257,2025-06-22,completed
15502,4380,7,2,66,188,2024-07-21,completed
15503,3291,9,3,77,257,2023-07-09,completed
15504,3920,10,2,281,38,2024-06-03,completed
15505,3412,3,10,185,22,2023-05-01,in_transit
15506,641,1,5,172,269,2024-04-26,completed
15507,961,9,2,298,278,2023-07-14,completed
15508,725,8,9,277,242,2026-02-17,completed
15509,2637,9,3,143,30,2026-06-21,completed
15510,937,5,1,221,261,2024-03-29,cancelled
15511,2973,7,2,219,295,2026-07-07,completed
15512,1667,5,3,7,264,2024-06-02,completed
15513,1688,5,2,75,178,2025-03-23,completed
15514,4643,2,10,23,46,2024-11-26,in_transit
15515,1914,9,5,290,196,2024-03-13,completed
15516,1797,3,9,52,51,2024-06-13,completed
15517,1043,9,2,176,52,2024-05-26,completed
15518,2422,2,4,111,268,2025-05-23,completed
15519,717,7,4,249,261,2025-11-01,completed
15520,1596,5,2,35,256,2026-04-17,completed
15521,1294,4,2,281,211,2023-12-01,completed
15522,3650,4,7,126,162,2025-06-16,completed
15523,4125,2,8,206,286,2025-09-14,completed
15524,2866,7,5,293,286,2026-07-17,completed
15525,2760,10,8,107,10,2023-07-21,in_transit
15526,289,2,10,216,49,2024-06-26,completed
15527,201,4,9,37,121,2023-09-28,cancelled
15528,4232,9,7,74,178,2024-01-04,cancelled
15529,2073,9,10,250,36,2023-04-27,in_transit
15530,23,10,8,148,194,2023-10-18,completed
15531,801,4,1,12,77,2026-06-18,completed
15532,2302,10,7,296,258,2026-06-29,completed
15533,229,10,1,38,80,2023-03-11,completed
15534,3157,3,5,287,163,2025-04-15,completed
15535,628,5,8,66,59,2024-03-16,completed
15536,1153,10,6,178,116,2023-12-11,completed
15537,1138,4,6,282,256,2025-10-31,completed
15538,2210,7,5,203,125,2026-01-25,completed
15539,2721,2,1,232,288,2024-01-17,completed
15540,520,5,7,276,256,2024-10-30,cancelled
15541,645,1,7,201,243,2025-08-06,completed
15542,1403,4,9,291,194,2024-05-14,cancelled
15543,1626,4,9,92,98,2023-02-07,completed
15544,2107,4,10,120,88,2025-07-02,completed
15545,3765,9,4,294,177,2026-01-07,completed
15546,3261,3,9,273,41,2024-02-15,completed
15547,1850,4,10,216,154,2026-01-28,completed
15548,462,5,2,235,212,2024-08-29,in_transit
15549,699,5,1,58,80,2025-12-13,completed
15550,4001,9,10,297,183,2024-10-05,completed
15551,1625,4,1,273,126,2024-12-07,completed
15552,1193,6,1,82,172,2023-08-19,completed
15553,843,8,1,44,206,2024-02-15,completed
15554,601,9,3,277,274,2025-04-21,cancelled
15555,3174,1,8,195,118,2024-10-27,completed
15556,3282,2,3,141,37,2025-07-11,completed
15557,2022,10,5,27,31,2026-03-28,completed
15558,4363,6,8,242,102,2023-02-01,completed
15559,2875,4,9,280,230,2023-03-29,completed
15560,918,1,2,31,153,2025-01-03,completed
15561,2018,7,1,158,152,2024-06-26,in_transit
15562,319,1,7,18,23,2025-08-10,completed
15563,1686,5,3,63,46,2025-03-09,completed
15564,3942,5,4,90,148,2025-07-19,completed
15565,4627,2,9,202,74,2026-01-07,completed
15566,4670,9,6,85,101,2023-08-30,completed
15567,4330,3,8,291,78,2024-04-09,completed
15568,542,5,6,273,295,2023-06-12,in_transit
15569,3648,1,7,7,289,2023-12-29,in_transit
15570,432,1,7,61,132,2026-01-01,completed
15571,2715,2,10,134,213,2024-03-24,cancelled
15572,3189,9,5,97,52,2026-06-24,cancelled
15573,230,9,5,275,123,2023-04-18,completed
15574,547,8,3,190,45,2024-04-05,completed
15575,492,10,5,112,98,2025-10-03,completed
15576,308,7,6,50,72,2023-04-01,in_transit
15577,2465,2,6,188,141,2023-04-26,completed
15578,2920,3,6,177,106,2025-02-14,cancelled
15579,2242,2,9,147,259,2024-07-11,in_transit
15580,4875,2,7,138,45,2024-04-15,completed
15581,2364,9,4,33,90,2025-04-17,completed
15582,3640,7,2,197,235,2024-11-17,completed
15583,4581,7,6,50,122,2025-12-20,completed
15584,1841,9,7,54,78,2026-04-18,completed
15585,1227,9,1,156,207,2025-08-15,completed
15586,4991,7,2,187,251,2026-02-08,completed
15587,4640,8,10,4,197,2024-07-10,cancelled
15588,87,9,6,249,132,2024-01-22,completed
15589,2147,8,3,295,273,2023-07-21,completed
15590,1957,1,4,207,272,2023-07-04,cancelled
15591,2947,9,2,181,239,2024-10-01,completed
15592,2769,9,6,20,15,2026-03-09,completed
15593,4469,1,2,295,175,2024-09-30,completed
15594,2371,7,1,96,30,2024-08-20,cancelled
15595,390,1,4,1,285,2024-02-05,completed
15596,3592,10,5,29,263,2025-11-13,completed
15597,2637,2,10,44,58,2023-06-15,completed
15598,4746,2,1,66,225,2024-06-15,completed
15599,2236,1,7,86,276,2023-02-25,completed
15600,3475,9,4,154,27,2026-07-19,completed
15601,4900,4,8,180,108,2023-07-03,completed
15602,1100,9,2,90,26,2024-09-20,completed
15603,2292,2,5,169,116,2026-03-27,completed
15604,2788,3,2,56,260,2024-02-04,completed
15605,4750,2,1,145,284,2025-03-09,completed
15606,1722,8,9,42,156,2024-07-29,completed
15607,3957,6,5,250,36,2024-07-02,completed
15608,4981,2,10,19,219,2025-03-25,completed
15609,2205,6,2,194,136,2023-08-22,completed
15610,3832,3,7,173,140,2023-05-31,completed
15611,1339,6,4,7,108,2026-03-04,completed
15612,401,5,7,264,36,2025-12-23,completed
15613,4013,7,5,163,156,2023-11-20,completed
15614,1708,3,6,178,300,2023-01-29,completed
15615,458,6,5,78,45,2026-01-22,cancelled
15616,4066,6,5,186,37,2023-02-16,completed
15617,4171,8,4,193,251,2023-12-14,cancelled
15618,543,9,3,247,122,2024-02-24,completed
15619,3006,7,10,29,54,2024-01-25,completed
15620,2203,8,3,173,159,2025-04-08,completed
15621,4779,1,6,287,157,2024-06-15,completed
15622,1668,10,8,174,105,2023-12-02,completed
15623,719,6,7,21,277,2023-05-07,completed
15624,1978,6,1,237,88,2025-06-29,cancelled
15625,409,7,9,227,15,2025-09-12,completed
15626,1890,4,2,4,240,2024-07-02,completed
15627,4804,8,2,102,231,2026-01-05,completed
15628,1044,3,7,196,194,2026-06-10,completed
15629,1826,5,6,27,266,2025-09-23,completed
15630,510,10,3,87,202,2023-09-06,completed
15631,302,1,2,4,108,2023-05-29,completed
15632,454,5,8,93,107,2023-04-01,in_transit
15633,3362,7,8,280,290,2024-12-23,completed
15634,2461,10,4,208,276,2023-09-01,completed
15635,4595,3,5,41,21,2024-12-17,completed
15636,5000,6,7,164,84,2025-05-14,in_transit
15637,76,5,3,86,268,2026-05-21,completed
15638,2512,6,8,147,96,2025-05-23,completed
15639,4325,9,4,178,122,2025-10-03,completed
15640,2102,4,1,50,168,2025-03-28,completed
15641,3380,4,6,290,65,2023-03-30,in_transit
15642,2706,2,10,196,52,2023-03-20,completed
15643,4861,10,3,187,169,2023-06-12,completed
15644,939,1,5,148,184,2023-04-05,completed
15645,3147,6,3,81,245,2024-06-01,cancelled
15646,1244,7,10,31,132,2024-06-29,in_transit
15647,4092,9,7,219,173,2024-04-10,completed
15648,1889,9,5,65,168,2023-04-20,completed
15649,240,9,2,41,233,2026-03-18,completed
15650,1629,9,2,123,147,2024-10-26,completed
15651,2466,9,10,186,17,2025-05-01,completed
15652,322,9,2,32,82,2023-02-04,completed
15653,1578,6,4,177,260,2023-08-10,completed
15654,987,6,4,137,294,2025-10-12,completed
15655,4491,9,7,126,277,2026-06-14,completed
15656,3257,3,4,49,253,2026-01-15,completed
15657,4874,4,2,151,231,2025-01-07,completed
15658,3362,3,10,290,256,2023-10-09,cancelled
15659,2863,5,9,27,121,2025-02-13,completed
15660,4752,4,8,143,225,2025-07-08,completed
15661,1441,1,10,260,284,2025-08-31,cancelled
15662,3230,2,4,83,48,2023-04-10,completed
15663,2401,1,6,71,89,2026-04-01,completed
15664,520,3,6,261,57,2026-05-18,completed
15665,2963,7,6,28,67,2025-06-01,completed
15666,1309,6,1,270,102,2025-11-17,completed
15667,3961,2,8,254,73,2025-07-17,cancelled
15668,792,7,1,3,177,2023-04-25,completed
15669,3729,5,8,44,52,2023-12-27,completed
15670,132,6,1,18,202,2023-08-21,completed
15671,2837,2,8,155,142,2025-01-25,completed
15672,3531,3,2,35,167,2023-09-09,completed
15673,4618,1,2,268,291,2024-02-18,completed
15674,4569,3,5,63,211,2023-01-10,completed
15675,3912,9,10,289,90,2025-02-04,completed
15676,2064,3,7,136,114,2025-09-04,completed
15677,1952,4,9,148,126,2026-06-26,completed
15678,1823,4,5,159,119,2023-01-07,completed
15679,1797,5,6,79,228,2026-05-22,in_transit
15680,2651,8,1,85,250,2025-06-20,completed
15681,3637,2,3,200,31,2023-05-03,completed
15682,847,8,6,11,13,2024-11-25,completed
15683,920,6,8,176,285,2024-06-06,cancelled
15684,2892,1,10,175,256,2025-05-18,completed
15685,4880,4,5,270,21,2026-04-01,completed
15686,2695,7,6,134,171,2026-06-30,completed
15687,726,9,8,220,115,2026-05-12,completed
15688,3056,9,8,77,198,2023-01-23,cancelled
15689,1225,8,9,117,175,2023-04-24,completed
15690,2104,2,3,243,128,2023-01-16,in_transit
15691,306,2,1,11,146,2026-04-22,in_transit
15692,346,4,1,131,164,2026-05-23,in_transit
15693,693,4,9,37,120,2024-07-13,completed
15694,4072,10,3,116,195,2024-12-26,completed
15695,4178,4,3,55,289,2024-03-25,completed
15696,1612,8,3,24,60,2024-05-24,completed
15697,4361,9,1,74,184,2025-12-09,completed
15698,4773,3,9,154,174,2026-04-29,completed
15699,2902,9,4,61,41,2023-06-16,cancelled
15700,2616,3,6,277,66,2024-12-16,completed
15701,3753,2,4,260,64,2025-02-15,completed
15702,2720,3,5,266,178,2025-08-29,completed
15703,267,10,7,111,53,2023-02-09,completed
15704,2333,7,3,140,19,2023-03-25,completed
15705,746,8,4,219,87,2025-04-16,cancelled
15706,4639,1,9,264,258,2024-01-06,cancelled
15707,2689,8,6,165,65,2023-05-15,completed
15708,2218,7,5,267,45,2023-06-15,completed
15709,1234,4,9,54,215,2024-01-27,cancelled
15710,2908,6,9,14,33,2026-01-24,completed
15711,1654,4,2,186,113,2024-03-29,completed
15712,115,7,4,95,224,2025-01-18,completed
15713,849,7,9,192,28,2026-07-31,completed
15714,4499,9,6,188,63,2025-12-08,completed
15715,825,1,5,22,158,2026-07-20,cancelled
15716,2357,6,3,239,78,2024-06-03,in_transit
15717,3087,7,3,127,99,2023-12-21,completed
15718,100,6,2,259,293,2024-08-07,completed
15719,4749,9,3,233,134,2025-10-18,completed
15720,4795,5,7,32,273,2024-12-09,completed
15721,2239,6,8,248,84,2025-06-11,completed
15722,2776,6,8,241,249,2026-01-25,cancelled
15723,574,3,1,181,98,2023-08-26,completed
15724,2877,10,7,131,185,2025-06-11,completed
15725,2711,7,1,71,300,2025-07-25,completed
15726,1872,5,9,229,53,2023-06-25,completed
15727,3185,2,10,54,157,2025-06-16,completed
15728,249,2,9,127,102,2025-05-24,cancelled
15729,4239,5,1,174,57,2025-08-31,completed
15730,284,2,5,122,244,2023-08-27,completed
15731,4091,2,8,128,112,2025-03-14,in_transit
15732,4793,2,8,149,38,2025-04-28,completed
15733,2329,10,4,140,297,2025-12-24,completed
15734,211,7,6,9,115,2025-06-24,completed
15735,2923,10,2,137,127,2025-03-28,completed
15736,51,1,7,73,134,2023-08-15,completed
15737,642,4,8,181,141,2025-05-09,cancelled
15738,4359,10,1,53,125,2023-01-23,in_transit
15739,194,1,4,239,280,2024-04-13,completed
15740,4950,9,2,216,299,2024-11-02,cancelled
15741,1998,9,5,84,16,2023-03-12,completed
15742,4772,8,7,277,124,2023-08-15,completed
15743,2893,2,9,159,55,2025-07-24,completed
15744,2030,7,2,268,196,2025-08-01,cancelled
15745,3167,6,2,56,67,2025-12-30,completed
15746,4404,7,9,289,15,2023-07-23,completed
15747,2979,7,4,149,135,2023-05-18,completed
15748,2988,9,7,203,60,2023-12-28,completed
15749,3655,5,9,42,243,2023-04-21,completed
15750,3410,3,10,160,158,2024-04-03,completed
15751,2876,4,7,23,295,2025-12-31,completed
15752,62,2,9,116,90,2025-08-31,completed
15753,2898,10,7,166,190,2025-02-22,completed
15754,3946,4,2,134,237,2024-04-24,completed
15755,2622,6,2,61,113,2025-02-15,in_transit
15756,378,7,10,259,42,2025-02-28,completed
15757,4224,6,10,104,295,2023-06-19,completed
15758,2609,1,6,208,220,2025-06-13,completed
15759,3518,1,5,290,107,2025-12-01,completed
15760,137,6,2,31,13,2023-03-21,completed
15761,3997,9,6,254,260,2024-08-17,in_transit
15762,16,2,8,265,277,2024-09-27,in_transit
15763,3108,10,2,273,227,2025-07-17,completed
15764,3535,7,2,191,238,2024-03-11,completed
15765,1110,3,2,257,235,2025-01-28,completed
15766,3600,1,7,29,102,2023-03-17,completed
15767,3134,7,9,116,257,2024-01-27,completed
15768,2702,4,10,24,79,2026-05-06,completed
15769,3924,10,2,104,70,2025-10-02,completed
15770,708,6,3,50,194,2024-04-29,completed
15771,3260,10,3,138,282,2026-02-14,cancelled
15772,1280,10,5,60,72,2023-01-22,completed
15773,2232,9,8,149,193,2023-05-07,completed
15774,1556,8,10,225,278,2023-07-24,completed
15775,4607,6,7,15,245,2023-07-07,completed
15776,1662,9,10,141,128,2024-04-10,completed
15777,2859,9,1,288,171,2025-07-12,completed
15778,2868,3,7,223,154,2024-09-14,completed
15779,3449,8,5,134,124,2025-08-07,completed
15780,1869,2,1,123,263,2024-12-14,completed
15781,1732,3,2,148,150,2026-07-06,completed
15782,2116,3,9,50,26,2023-05-13,cancelled
15783,4347,8,2,263,136,2026-05-29,completed
15784,4074,8,3,47,294,2023-12-05,completed
15785,3212,5,9,100,291,2025-09-15,in_transit
15786,1827,1,2,217,300,2024-07-23,in_transit
15787,201,3,10,176,156,2025-02-23,completed
15788,1740,10,9,94,268,2026-02-24,completed
15789,1698,2,4,59,19,2023-05-19,completed
15790,4095,5,9,207,32,2024-09-13,completed
15791,2987,4,5,119,268,2023-02-25,completed
15792,4220,4,3,197,235,2023-03-08,cancelled
15793,696,5,8,92,13,2023-03-01,cancelled
15794,1566,10,8,157,219,2026-04-13,completed
15795,1116,4,1,269,274,2023-04-23,completed
15796,1124,1,3,248,250,2025-03-05,completed
15797,4958,5,2,153,57,2023-10-18,completed
15798,2125,1,9,154,259,2023-10-29,completed
15799,4852,6,2,231,168,2025-10-07,completed
15800,2112,8,10,41,234,2024-04-09,completed
15801,3022,4,7,154,177,2024-07-18,completed
15802,3981,5,2,160,175,2025-08-16,completed
15803,2046,8,6,200,127,2025-06-02,completed
15804,2699,5,1,227,72,2023-07-05,completed
15805,4011,2,8,82,34,2025-02-09,completed
15806,4398,1,6,141,227,2025-09-30,completed
15807,4240,3,9,53,120,2023-09-04,completed
15808,4268,8,2,193,166,2024-11-10,completed
15809,643,7,5,18,211,2025-12-30,completed
15810,2585,9,1,270,14,2024-08-15,completed
15811,4191,4,2,5,259,2024-12-22,completed
15812,3162,6,2,5,295,2026-06-06,completed
15813,1889,9,4,268,80,2025-11-02,cancelled
15814,4549,9,3,211,267,2023-02-22,completed
15815,4391,8,10,205,138,2026-05-18,cancelled
15816,4178,4,1,186,146,2025-07-23,completed
15817,3028,1,9,55,201,2025-06-02,completed
15818,4596,1,10,38,279,2026-05-29,completed
15819,1298,7,8,238,241,2026-06-21,completed
15820,2492,4,2,276,137,2026-07-31,completed
15821,535,6,8,225,249,2026-06-14,completed
15822,2391,1,9,102,110,2025-02-20,completed
15823,2746,8,9,136,284,2024-06-18,completed
15824,3171,10,3,251,85,2024-08-13,in_transit
15825,1752,10,3,131,63,2023-11-12,completed
15826,1945,9,1,212,277,2023-12-23,completed
15827,1840,1,2,160,220,2026-01-03,cancelled
15828,3825,10,3,51,32,2025-07-20,completed
15829,1117,10,7,257,36,2023-05-22,completed
15830,4856,1,6,219,14,2025-01-28,completed
15831,804,2,1,82,145,2026-05-17,in_transit
15832,3862,1,3,202,167,2023-08-20,completed
15833,4265,8,10,203,138,2024-11-30,completed
15834,329,9,4,283,292,2023-04-22,cancelled
15835,4861,8,2,125,199,2025-06-04,cancelled
15836,4306,7,3,254,163,2024-10-21,completed
15837,1090,9,3,132,256,2026-02-02,completed
15838,959,7,3,55,143,2026-05-06,completed
15839,508,10,2,123,22,2024-12-26,completed
15840,3217,10,2,105,44,2026-02-06,completed
15841,3159,1,8,82,59,2025-06-25,cancelled
15842,3508,1,4,35,195,2026-02-08,in_transit
15843,31,1,9,37,286,2025-11-10,completed
15844,1245,6,1,26,40,2023-02-08,completed
15845,2771,4,5,159,84,2023-08-09,in_transit
15846,4559,7,10,18,265,2026-07-03,completed
15847,2827,1,6,113,62,2025-09-22,completed
15848,670,9,3,88,209,2024-07-09,completed
15849,4103,9,7,268,288,2026-03-07,completed
15850,1720,1,8,150,140,2023-01-13,completed
15851,2953,2,7,104,79,2024-08-11,completed
15852,4417,7,3,271,23,2023-11-10,completed
15853,4769,7,10,39,201,2023-03-29,in_transit
15854,4559,8,4,237,123,2023-12-23,cancelled
15855,907,6,2,15,256,2025-05-18,completed
15856,4394,6,10,10,63,2025-09-22,completed
15857,1260,8,1,239,273,2025-03-13,completed
15858,1612,4,8,7,48,2023-02-08,completed
15859,4267,3,1,29,222,2023-08-10,completed
15860,3847,10,1,120,277,2025-08-10,completed
15861,2439,1,3,188,286,2025-12-05,completed
15862,343,7,2,19,127,2023-07-06,completed
15863,863,7,3,119,120,2023-06-24,completed
15864,2975,5,2,232,53,2024-02-06,in_transit
15865,1214,2,7,276,247,2026-03-13,in_transit
15866,4330,9,4,268,59,2025-12-30,completed
15867,1082,4,6,229,288,2024-01-07,completed
15868,1191,5,7,109,171,2023-09-02,completed
15869,2498,3,9,245,160,2023-12-06,completed
15870,4356,10,9,165,255,2024-05-03,completed
15871,3228,4,7,6,67,2025-08-20,completed
15872,3843,10,5,129,238,2024-03-26,completed
15873,1774,3,2,100,103,2023-11-04,completed
15874,3634,8,2,34,226,2026-05-21,completed
15875,4626,6,4,258,170,2024-07-12,completed
15876,85,2,7,268,159,2025-07-21,completed
15877,973,2,5,104,63,2024-02-08,completed
15878,2789,1,6,142,39,2026-02-12,completed
15879,3717,7,1,177,56,2023-04-19,completed
15880,4629,9,5,40,116,2024-01-02,completed
15881,3562,5,1,138,279,2023-07-18,completed
15882,4472,5,9,52,240,2025-11-12,completed
15883,1317,1,3,71,258,2026-05-13,completed
15884,3188,1,10,285,133,2026-07-24,completed
15885,1956,7,5,264,54,2024-11-11,cancelled
15886,1124,10,6,94,162,2023-07-13,completed
15887,393,2,9,179,235,2026-05-10,cancelled
15888,2267,8,1,157,241,2026-05-08,cancelled
15889,3287,6,9,144,189,2024-02-18,completed
15890,1185,3,5,266,86,2025-09-20,completed
15891,1883,7,10,166,56,2023-06-14,completed
15892,38,8,1,43,218,2023-01-26,completed
15893,1551,4,3,236,104,2023-02-25,completed
15894,2345,8,1,177,155,2023-12-12,completed
15895,4965,4,10,226,24,2024-11-04,completed
15896,3602,5,3,187,176,2023-08-09,completed
15897,3301,8,10,197,58,2025-07-29,in_transit
15898,2660,6,5,236,286,2023-11-09,completed
15899,4569,5,6,284,150,2024-09-07,completed
15900,309,8,7,190,26,2024-12-02,completed
15901,4679,6,9,108,139,2025-07-27,completed
15902,4566,7,8,272,156,2025-04-11,completed
15903,2398,7,4,35,178,2024-05-15,completed
15904,92,1,2,116,54,2023-08-16,completed
15905,1093,4,5,80,33,2025-07-21,completed
15906,2452,5,3,125,184,2024-11-20,in_transit
15907,4139,9,2,241,34,2025-02-10,completed
15908,4960,3,6,90,32,2025-01-31,completed
15909,4551,3,9,135,133,2024-06-16,cancelled
15910,341,9,1,269,160,2023-04-22,completed
15911,605,3,4,134,220,2026-03-22,completed
15912,2547,4,2,226,267,2024-04-28,completed
15913,4788,3,7,148,27,2023-01-04,completed
15914,1184,5,4,27,24,2023-01-14,cancelled
15915,1551,4,1,177,117,2023-11-28,completed
15916,987,10,7,97,278,2026-05-02,completed
15917,4235,9,5,44,214,2023-06-17,completed
15918,4379,1,2,38,176,2025-03-20,in_transit
15919,2944,10,1,148,81,2023-09-30,completed
15920,1153,7,8,123,22,2025-06-26,completed
15921,383,4,6,98,45,2025-01-30,completed
15922,652,3,9,160,143,2024-12-27,in_transit
15923,4336,7,5,101,88,2023-04-23,in_transit
15924,2076,4,9,298,58,2026-05-01,completed
15925,3357,8,9,253,13,2025-10-30,in_transit
15926,846,2,6,102,206,2025-07-17,completed
15927,2443,7,2,126,147,2026-02-20,cancelled
15928,2634,10,1,31,132,2025-11-25,completed
15929,3542,6,5,116,243,2023-02-18,completed
15930,617,5,9,134,272,2026-03-04,completed
15931,1872,1,8,155,203,2025-04-09,completed
15932,440,3,1,47,185,2024-03-13,completed
15933,2275,9,2,88,264,2024-09-17,completed
15934,3083,4,9,293,204,2023-09-04,cancelled
15935,428,2,5,198,138,2023-01-11,cancelled
15936,264,4,8,50,208,2025-01-02,completed
15937,3942,9,6,82,88,2026-02-17,completed
15938,3119,1,7,108,298,2025-01-04,completed
15939,3999,8,7,95,202,2025-03-24,completed
15940,3967,5,9,28,207,2024-08-17,in_transit
15941,2219,8,3,189,53,2024-09-09,completed
15942,2648,4,7,10,99,2025-11-01,completed
15943,1375,2,10,269,39,2024-05-28,completed
15944,3877,4,3,4,66,2024-02-28,completed
15945,2147,5,9,74,134,2025-09-08,in_transit
15946,3366,9,1,242,208,2024-08-12,completed
15947,1183,10,5,184,170,2023-09-21,completed
15948,3632,10,4,207,213,2025-10-10,completed
15949,949,10,5,9,157,2024-04-18,completed
15950,4139,3,1,151,255,2024-03-04,completed
15951,2558,9,4,115,75,2025-10-29,completed
15952,4234,8,1,216,261,2023-10-28,completed
15953,211,3,1,250,31,2025-04-17,completed
15954,2993,8,2,190,231,2023-06-25,completed
15955,1806,4,10,201,255,2024-01-26,completed
15956,2755,8,7,289,33,2023-02-27,completed
15957,4175,3,5,288,182,2023-12-14,completed
15958,3447,4,10,222,45,2025-06-27,completed
15959,4547,4,2,252,190,2024-01-11,cancelled
15960,1306,1,8,189,102,2024-11-16,completed
15961,1518,7,4,199,236,2025-11-01,in_transit
15962,2513,1,10,275,284,2026-07-08,completed
15963,1634,1,5,71,111,2025-04-08,completed
15964,3409,1,10,292,51,2024-01-03,in_transit
15965,1086,6,1,59,14,2026-07-30,completed
15966,4800,9,2,230,166,2023-07-08,in_transit
15967,3890,1,4,8,135,2023-05-06,completed
15968,432,3,6,22,102,2026-06-13,completed
15969,2905,10,4,32,249,2025-11-30,completed
15970,454,3,5,250,294,2023-05-24,cancelled
15971,3198,6,8,287,139,2025-08-13,completed
15972,4516,4,8,155,279,2026-02-07,completed
15973,3390,3,8,223,268,2023-07-05,completed
15974,2472,3,7,149,198,2023-08-26,completed
15975,3638,7,10,236,229,2026-03-26,completed
15976,4904,7,4,270,53,2025-05-06,completed
15977,3806,7,6,270,126,2024-09-14,in_transit
15978,2143,3,6,18,238,2024-11-01,completed
15979,1078,10,6,168,132,2026-03-28,completed
15980,1975,9,6,173,170,2026-06-13,completed
15981,4645,10,8,203,234,2024-05-22,completed
15982,687,7,9,55,252,2023-05-06,completed
15983,2644,4,8,116,264,2026-01-27,completed
15984,2921,9,3,290,23,2024-09-02,completed
15985,2922,5,2,188,27,2024-03-18,completed
15986,1893,3,4,42,40,2026-07-28,in_transit
15987,2902,4,8,212,193,2024-01-11,completed
15988,92,9,4,2,28,2025-03-06,completed
15989,2431,9,5,135,42,2024-10-21,completed
15990,3499,2,5,203,49,2025-05-15,in_transit
15991,1062,1,4,210,283,2025-04-06,completed
15992,1687,4,1,166,72,2025-04-13,completed
15993,3434,8,7,176,142,2024-09-22,completed
15994,4142,6,5,96,191,2023-03-25,completed
15995,4047,7,8,281,66,2024-12-09,completed
15996,3794,10,4,128,244,2026-02-19,in_transit
15997,668,9,1,196,66,2023-10-15,in_transit
15998,2114,8,4,117,31,2025-09-10,completed
15999,2358,6,10,205,201,2025-09-11,completed
16000,2122,4,8,217,284,2024-09-23,completed
16001,382,3,4,98,65,2024-09-21,completed
16002,4258,5,4,98,213,2023-12-14,completed
16003,737,6,1,37,188,2023-01-27,completed
16004,1399,1,5,225,204,2023-05-26,completed
16005,749,4,5,123,193,2024-07-28,completed
16006,4492,10,2,217,238,2024-06-30,cancelled
16007,1299,10,6,157,175,2026-04-17,completed
16008,3946,4,10,17,12,2026-03-28,completed
16009,4186,4,10,276,133,2025-06-23,completed
16010,2171,2,9,279,245,2026-04-26,completed
16011,2448,1,7,4,70,2025-09-20,in_transit
16012,4284,7,9,46,258,2024-06-01,completed
16013,4610,3,1,289,284,2025-11-11,completed
16014,1798,6,1,105,50,2025-08-09,completed
16015,4790,3,9,62,202,2023-12-01,completed
16016,3723,1,8,265,181,2024-10-16,completed
16017,4124,1,6,89,248,2026-02-03,completed
16018,1882,5,8,253,256,2025-05-03,completed
16019,832,4,2,272,244,2025-03-09,completed
16020,1270,2,8,229,169,2026-06-04,completed
16021,2687,3,7,112,52,2025-10-12,cancelled
16022,3874,7,6,256,149,2023-12-15,completed
16023,304,9,1,292,219,2025-02-08,cancelled
16024,2690,1,5,8,220,2025-07-19,completed
16025,4094,5,2,87,77,2023-04-01,completed
16026,4268,2,4,231,244,2024-04-08,completed
16027,3785,7,10,186,173,2025-09-26,completed
16028,2149,8,6,67,74,2024-07-28,completed
16029,2958,1,3,123,104,2023-06-18,completed
16030,4632,5,10,18,82,2023-03-17,completed
16031,1828,2,6,175,245,2026-01-16,completed
16032,2537,3,6,232,179,2023-05-02,completed
16033,4049,1,10,227,283,2024-11-28,completed
16034,3100,2,7,294,233,2025-12-12,completed
16035,2950,9,10,74,223,2023-10-29,in_transit
16036,777,2,1,263,135,2025-09-03,completed
16037,1029,9,3,47,205,2023-02-09,cancelled
16038,2194,3,5,214,218,2023-01-04,completed
16039,625,10,9,201,150,2025-10-07,completed
16040,1860,8,1,7,145,2025-08-29,completed
16041,4968,10,9,89,16,2024-06-29,cancelled
16042,4324,6,2,1,265,2026-04-01,completed
16043,3398,6,5,142,198,2026-01-10,completed
16044,2087,4,9,81,124,2026-06-19,completed
16045,3959,10,1,39,243,2025-11-24,completed
16046,2841,2,6,247,164,2025-03-06,in_transit
16047,2263,9,3,71,114,2023-06-05,completed
16048,1977,4,10,249,59,2025-03-05,completed
16049,1831,8,5,159,57,2023-12-01,completed
16050,3712,7,3,117,182,2023-06-04,completed
16051,614,4,9,148,148,2026-04-18,completed
16052,4371,2,4,124,118,2024-12-13,cancelled
16053,1880,6,8,96,146,2024-01-11,cancelled
16054,1658,2,6,87,210,2023-02-19,in_transit
16055,2242,10,6,93,79,2024-12-17,completed
16056,4709,10,3,94,193,2026-05-20,completed
16057,2710,8,7,71,210,2025-01-17,cancelled
16058,4449,1,9,214,201,2025-10-19,completed
16059,430,8,1,228,113,2026-01-01,completed
16060,185,10,5,243,143,2026-07-23,completed
16061,672,3,8,144,110,2026-05-26,cancelled
16062,1284,4,10,86,128,2025-01-04,completed
16063,1741,3,5,186,24,2025-02-26,cancelled
16064,2028,5,1,205,262,2025-02-07,completed
16065,4104,8,1,252,279,2025-01-08,completed
16066,2430,5,4,252,225,2025-07-12,completed
16067,671,8,2,285,118,2026-01-12,completed
16068,3848,1,4,49,252,2024-01-28,completed
16069,3054,4,2,10,16,2023-08-10,completed
16070,413,9,5,36,130,2024-01-03,completed
16071,4884,8,4,231,81,2025-03-30,cancelled
16072,203,5,4,192,139,2024-09-23,completed
16073,4543,2,8,256,267,2025-10-09,completed
16074,1729,4,5,118,13,2025-02-07,completed
16075,3413,3,10,8,182,2024-07-21,completed
16076,4214,10,1,79,131,2025-03-02,completed
16077,2262,8,5,3,159,2025-06-06,in_transit
16078,4464,5,9,133,44,2023-02-20,completed
16079,971,9,1,133,122,2024-09-17,completed
16080,3950,9,2,263,113,2025-08-13,completed
16081,2196,9,6,35,283,2025-05-10,completed
16082,3243,7,3,290,20,2024-02-02,completed
16083,3299,5,8,36,252,2025-04-19,completed
16084,3988,4,9,220,164,2025-02-03,completed
16085,519,9,10,182,300,2026-06-23,completed
16086,1700,8,6,205,40,2025-02-25,completed
16087,4735,9,2,57,255,2025-07-06,completed
16088,4308,4,10,238,114,2024-01-26,in_transit
16089,1537,10,6,49,45,2023-12-06,completed
16090,4439,10,3,79,225,2023-10-14,completed
16091,2221,1,8,91,128,2023-01-23,completed
16092,233,10,2,91,189,2025-10-14,completed
16093,2203,5,10,49,292,2025-11-25,completed
16094,2545,4,1,72,217,2023-11-30,completed
16095,3088,9,7,165,263,2025-01-19,completed
16096,2822,3,7,3,75,2025-11-13,in_transit
16097,4640,4,10,69,271,2025-08-19,completed
16098,4636,1,3,12,62,2023-06-08,completed
16099,4237,4,9,70,264,2026-03-13,completed
16100,1930,7,5,178,105,2024-11-24,completed
16101,467,10,8,3,189,2023-09-16,completed
16102,4187,9,2,222,187,2025-09-25,completed
16103,4185,3,5,219,56,2025-04-09,in_transit
16104,2466,6,3,196,253,2025-08-02,completed
16105,386,8,3,128,299,2025-06-10,completed
16106,4921,3,2,263,222,2025-06-02,completed
16107,4295,1,5,218,242,2025-10-05,completed
16108,2396,8,3,111,292,2025-09-06,cancelled
16109,2305,10,4,203,274,2024-07-25,completed
16110,253,5,6,266,251,2023-09-22,completed
16111,1345,5,6,82,190,2023-01-09,completed
16112,174,2,4,32,219,2026-04-25,completed
16113,40,9,1,78,210,2023-02-06,in_transit
16114,331,4,3,201,118,2026-03-02,completed
16115,3051,9,10,71,263,2025-09-11,in_transit
16116,2055,2,4,84,299,2023-12-28,in_transit
16117,2933,2,8,39,254,2025-01-23,completed
16118,2094,2,10,162,30,2025-11-20,completed
16119,3714,1,4,229,37,2024-08-23,completed
16120,1966,9,3,77,59,2023-09-21,completed
16121,35,5,4,257,202,2024-07-09,completed
16122,177,9,6,103,293,2025-12-16,in_transit
16123,1665,9,3,120,197,2023-05-30,completed
16124,2745,5,1,7,190,2026-04-04,completed
16125,2041,7,3,282,80,2025-12-27,completed
16126,1341,6,2,155,234,2023-10-16,completed
16127,2105,2,7,290,292,2025-05-27,completed
16128,4980,5,1,270,141,2025-12-26,cancelled
16129,1825,8,4,268,57,2024-12-12,completed
16130,1660,1,4,116,149,2023-10-19,completed
16131,3591,9,2,119,178,2024-01-29,cancelled
16132,1702,7,2,104,284,2023-11-23,completed
16133,479,7,6,284,128,2024-08-02,completed
16134,1348,9,8,2,162,2025-09-26,in_transit
16135,1824,10,9,143,147,2026-05-18,cancelled
16136,2040,4,1,281,135,2024-06-07,completed
16137,2356,6,4,92,295,2023-06-22,completed
16138,4833,7,2,173,278,2023-03-31,completed
16139,4496,10,9,180,29,2026-01-09,completed
16140,1527,9,5,118,270,2025-09-06,completed
16141,4034,5,9,195,222,2024-02-22,cancelled
16142,1935,4,2,124,291,2024-06-30,completed
16143,4807,7,6,59,233,2024-09-25,cancelled
16144,4519,3,10,109,229,2025-08-29,completed
16145,4218,7,10,190,176,2025-05-08,completed
16146,1396,1,5,194,237,2024-05-21,completed
16147,2731,9,8,73,162,2026-03-28,completed
16148,2199,1,2,105,208,2024-06-28,in_transit
16149,2255,4,1,88,196,2025-04-01,completed
16150,879,2,5,152,92,2026-01-19,completed
16151,4344,7,4,209,35,2024-11-16,completed
16152,3860,8,6,206,54,2026-04-13,completed
16153,1391,1,7,169,50,2026-05-03,completed
16154,2032,7,10,120,98,2024-04-25,completed
16155,3567,5,8,257,77,2025-08-07,completed
16156,1463,8,6,188,246,2025-08-05,completed
16157,342,3,5,55,51,2024-06-20,completed
16158,80,5,10,76,220,2024-07-15,cancelled
16159,2270,8,1,194,298,2026-04-01,completed
16160,1828,7,6,2,58,2023-11-08,in_transit
16161,793,10,6,251,298,2023-09-26,completed
16162,2227,9,6,5,104,2026-02-27,in_transit
16163,4739,2,10,283,246,2026-03-22,cancelled
16164,374,6,5,148,263,2024-12-13,completed
16165,4106,9,5,136,224,2025-08-02,completed
16166,3245,1,3,127,169,2025-12-09,completed
16167,3345,7,10,278,242,2023-10-28,completed
16168,4660,10,3,19,110,2023-08-10,completed
16169,382,1,9,253,174,2023-07-20,completed
16170,3537,7,9,14,294,2023-06-28,completed
16171,869,9,4,75,286,2023-08-28,completed
16172,1139,10,4,106,198,2023-09-08,completed
16173,2304,4,9,65,33,2023-11-18,completed
16174,498,1,10,142,113,2023-08-01,completed
16175,92,6,5,171,156,2023-02-07,completed
16176,225,6,9,288,249,2023-11-22,in_transit
16177,496,10,3,148,79,2024-07-11,completed
16178,3760,7,8,16,131,2026-07-15,completed
16179,3926,6,7,208,49,2024-12-29,completed
16180,1910,5,10,156,147,2025-01-18,in_transit
16181,1450,2,7,184,291,2023-07-28,completed
16182,1606,7,2,7,194,2025-12-22,completed
16183,2624,7,6,187,281,2026-04-15,cancelled
16184,1801,9,4,162,283,2025-05-21,completed
16185,1652,9,4,163,163,2023-11-09,in_transit
16186,3683,9,3,207,260,2025-02-02,completed
16187,3107,5,1,282,192,2024-03-10,completed
16188,4223,2,4,159,118,2026-01-02,completed
16189,562,1,2,57,205,2024-07-01,cancelled
16190,3645,4,10,53,10,2026-04-18,completed
16191,3055,7,2,94,121,2025-08-17,completed
16192,4850,5,1,213,129,2024-01-10,completed
16193,3316,10,6,181,182,2024-03-09,completed
16194,2219,10,3,244,164,2024-08-05,completed
16195,2992,6,1,300,248,2024-04-14,completed
16196,3252,1,4,209,163,2025-04-21,completed
16197,2083,10,3,124,275,2023-04-28,completed
16198,3062,1,3,199,260,2024-04-18,in_transit
16199,3167,6,5,14,13,2023-02-23,completed
16200,1831,3,9,39,172,2025-05-13,cancelled
16201,4687,6,3,221,213,2023-12-13,completed
16202,1982,4,6,120,228,2025-07-23,completed
16203,1212,6,8,182,271,2024-10-07,completed
16204,4727,9,3,199,139,2024-04-12,completed
16205,969,8,5,44,165,2024-01-09,completed
16206,4456,1,9,215,250,2026-01-26,completed
16207,4083,6,2,11,98,2024-01-13,cancelled
16208,833,6,10,41,32,2025-05-19,completed
16209,3242,6,1,121,175,2025-12-15,cancelled
16210,4901,4,2,255,55,2024-05-27,completed
16211,2774,8,5,222,234,2023-08-12,completed
16212,2482,2,7,55,252,2025-07-09,completed
16213,1014,2,9,197,238,2024-09-21,completed
16214,3306,1,10,71,215,2025-08-15,completed
16215,2616,6,9,87,134,2024-09-19,completed
16216,1970,7,10,284,90,2023-03-27,completed
16217,4816,5,6,167,56,2026-02-01,completed
16218,3173,2,9,269,192,2024-01-17,completed
16219,3665,9,8,187,253,2024-02-19,completed
16220,1632,6,3,213,290,2024-04-02,completed
16221,2582,10,1,72,62,2023-12-31,cancelled
16222,3363,4,5,263,147,2023-09-18,completed
16223,4737,9,7,249,245,2024-11-25,in_transit
16224,1421,6,1,264,206,2023-11-25,completed
16225,51,8,6,124,66,2025-02-15,completed
16226,3479,6,5,234,210,2023-10-01,in_transit
16227,1021,6,10,85,243,2023-09-27,completed
16228,4025,10,5,73,138,2023-09-27,completed
16229,2872,3,5,135,221,2025-01-17,cancelled
16230,2018,7,1,295,244,2026-01-18,completed
16231,2843,9,2,253,45,2023-02-21,completed
16232,2902,2,8,93,46,2026-07-15,completed
16233,2958,6,3,130,266,2024-12-14,completed
16234,3680,2,8,291,290,2024-10-14,completed
16235,2586,3,1,43,69,2024-02-20,in_transit
16236,2467,3,7,198,194,2024-12-29,completed
16237,1696,3,7,13,222,2024-09-24,completed
16238,2419,10,9,165,153,2024-01-09,completed
16239,1453,4,9,11,116,2024-09-11,completed
16240,43,10,2,286,178,2026-01-08,in_transit
16241,980,5,9,80,151,2024-12-04,completed
16242,588,10,8,73,253,2026-07-25,completed
16243,3113,6,2,17,65,2023-11-05,completed
16244,157,7,1,162,155,2024-07-08,cancelled
16245,3612,5,10,11,275,2026-02-18,completed
16246,4520,2,5,109,19,2024-12-24,completed
16247,2206,8,4,49,266,2025-05-02,completed
16248,3041,7,8,17,82,2024-09-24,completed
16249,4693,9,10,57,196,2023-11-24,completed
16250,1673,10,9,42,30,2025-05-23,cancelled
16251,3374,7,1,131,207,2026-02-27,completed
16252,148,8,7,266,249,2025-05-02,completed
16253,1046,10,7,289,240,2025-10-27,completed
16254,2346,4,7,83,174,2025-12-30,completed
16255,47,4,8,55,36,2025-05-25,completed
16256,660,7,4,80,83,2023-04-17,completed
16257,118,10,1,72,54,2023-09-13,completed
16258,4213,4,9,65,167,2023-04-29,completed
16259,4187,10,1,138,12,2025-05-22,completed
16260,1793,10,6,231,269,2024-09-29,completed
16261,578,9,1,274,224,2026-04-21,completed
16262,2533,9,3,172,14,2026-04-25,completed
16263,552,3,1,137,247,2025-08-18,completed
16264,4604,6,4,205,160,2025-03-13,completed
16265,4795,9,3,163,274,2023-02-28,completed
16266,1836,8,5,71,118,2025-08-23,cancelled
16267,1410,10,5,35,12,2024-11-25,completed
16268,1051,6,3,252,78,2025-02-22,completed
16269,2419,7,6,260,87,2025-06-16,completed
16270,3225,7,2,41,43,2023-04-23,completed
16271,2875,10,1,166,231,2024-05-03,completed
16272,1963,9,3,85,274,2023-08-10,completed
16273,59,7,4,157,29,2023-02-04,completed
16274,4322,6,5,229,201,2023-11-28,completed
16275,142,1,5,206,265,2023-06-15,completed
16276,437,10,8,280,102,2023-09-24,in_transit
16277,4507,7,1,103,46,2025-04-03,cancelled
16278,1248,9,6,25,166,2025-02-04,completed
16279,4582,8,4,211,297,2025-11-24,in_transit
16280,1158,5,10,130,150,2025-08-24,in_transit
16281,2094,5,1,208,24,2025-07-17,cancelled
16282,1792,2,3,284,117,2023-11-17,completed
16283,3786,3,7,65,251,2024-05-12,completed
16284,2773,5,4,190,18,2025-08-03,completed
16285,2633,9,7,173,110,2023-09-17,completed
16286,1748,3,2,288,61,2025-08-28,completed
16287,2214,4,1,279,240,2025-04-16,completed
16288,1351,4,3,140,62,2025-07-01,completed
16289,1089,9,1,182,177,2025-12-13,completed
16290,4908,10,6,208,208,2025-12-29,cancelled
16291,4504,10,3,222,292,2024-12-23,completed
16292,3838,5,7,155,210,2025-04-22,completed
16293,4324,8,10,33,246,2023-07-22,cancelled
16294,3514,4,1,72,41,2023-08-27,completed
16295,4398,1,8,82,112,2024-07-09,in_transit
16296,846,10,5,213,13,2026-07-26,completed
16297,3038,8,1,279,66,2023-05-18,completed
16298,632,6,9,194,213,2024-03-29,completed
16299,1388,7,8,11,68,2026-06-24,completed
16300,2727,7,4,284,252,2023-09-24,completed
16301,3889,5,1,115,118,2024-02-17,in_transit
16302,1851,9,1,20,189,2024-10-10,completed
16303,4541,4,2,159,297,2024-07-20,completed
16304,4340,6,8,182,218,2026-07-29,completed
16305,1833,7,5,92,142,2023-03-22,completed
16306,2438,8,10,247,29,2023-12-02,completed
16307,240,5,6,182,113,2024-09-24,in_transit
16308,529,3,5,187,189,2023-08-03,completed
16309,3443,1,6,231,293,2023-09-22,completed
16310,1306,2,9,194,103,2024-06-12,completed
16311,476,8,2,200,14,2025-06-06,completed
16312,1143,5,3,49,84,2024-10-27,in_transit
16313,62,10,9,61,297,2023-08-27,completed
16314,4467,7,5,250,95,2023-04-25,completed
16315,2514,6,10,158,15,2025-04-06,completed
16316,1218,6,10,178,27,2024-04-24,completed
16317,4785,9,4,141,243,2024-05-24,completed
16318,608,9,3,263,177,2025-04-14,completed
16319,3287,1,6,137,286,2025-02-07,completed
16320,3777,8,6,119,174,2024-10-07,completed
16321,3642,5,1,15,269,2026-07-04,completed
16322,680,3,1,207,66,2023-05-14,completed
16323,4586,8,4,10,115,2023-06-19,completed
16324,3734,8,2,289,245,2025-05-23,completed
16325,3700,10,1,294,67,2023-05-10,completed
16326,4477,9,10,272,54,2023-05-16,completed
16327,2556,4,2,118,260,2023-07-30,completed
16328,2613,4,7,157,27,2025-05-25,completed
16329,2139,9,10,156,142,2025-11-27,completed
16330,4104,9,2,37,205,2025-12-28,completed
16331,1709,6,4,222,228,2025-08-26,completed
16332,2654,5,4,144,27,2024-03-27,cancelled
16333,668,9,3,4,67,2023-02-23,completed
16334,4960,6,10,119,143,2026-06-21,completed
16335,2307,4,5,206,128,2023-04-04,completed
16336,482,9,3,57,145,2024-02-25,completed
16337,3810,10,3,89,17,2025-02-21,completed
16338,4176,3,10,145,295,2024-09-22,completed
16339,380,5,4,267,230,2024-03-11,completed
16340,2170,1,7,19,35,2023-06-12,completed
16341,3959,7,6,164,278,2025-07-12,completed
16342,4064,5,9,233,228,2024-01-14,completed
16343,3895,5,7,47,212,2024-09-07,completed
16344,500,3,5,23,95,2024-05-06,completed
16345,1245,9,1,35,281,2024-01-05,completed
16346,257,6,1,122,232,2023-05-21,completed
16347,254,9,6,203,103,2025-12-22,in_transit
16348,2606,1,9,298,182,2025-04-04,in_transit
16349,3568,9,3,76,270,2023-03-20,completed
16350,4075,1,5,153,18,2024-09-23,completed
16351,2950,4,2,3,210,2025-08-03,completed
16352,4246,4,5,233,217,2024-09-18,completed
16353,4605,6,5,179,140,2024-07-03,completed
16354,4773,7,2,193,57,2024-06-12,completed
16355,2474,2,7,204,225,2025-07-06,in_transit
16356,4176,9,2,59,89,2026-06-02,completed
16357,3598,9,4,14,299,2025-08-23,completed
16358,549,4,2,24,89,2024-04-22,completed
16359,4399,4,2,279,233,2023-05-10,in_transit
16360,2729,6,1,73,80,2023-12-19,completed
16361,4955,2,6,124,218,2024-05-12,completed
16362,3413,4,7,64,57,2023-10-29,completed
16363,3652,9,10,229,131,2026-07-30,completed
16364,3388,10,3,59,190,2023-06-24,completed
16365,2674,5,9,81,186,2026-04-12,completed
16366,264,10,3,70,241,2024-10-07,completed
16367,4229,9,10,60,256,2023-07-21,completed
16368,2090,8,7,22,10,2025-08-24,completed
16369,4741,2,3,200,267,2026-02-21,completed
16370,3187,9,3,61,122,2026-05-30,completed
16371,3261,3,10,128,167,2023-05-17,completed
16372,2146,7,9,174,167,2023-06-01,completed
16373,3783,5,1,150,34,2025-07-10,completed
16374,3541,2,8,166,48,2026-02-07,completed
16375,2469,1,7,127,49,2026-04-16,in_transit
16376,2620,2,8,257,218,2023-10-07,cancelled
16377,4444,3,7,147,15,2026-02-25,completed
16378,2020,1,3,89,44,2024-12-03,completed
16379,1094,10,7,220,120,2025-07-24,completed
16380,2384,7,2,9,118,2025-11-16,completed
16381,4003,9,5,168,40,2023-11-30,cancelled
16382,3049,4,1,185,68,2023-11-17,completed
16383,1462,7,10,57,129,2024-01-10,completed
16384,290,1,4,50,187,2026-05-07,cancelled
16385,951,3,8,90,234,2025-01-04,completed
16386,4076,3,2,207,282,2024-12-21,completed
16387,2604,5,6,17,292,2023-05-10,completed
16388,4766,5,4,83,269,2024-07-20,completed
16389,2111,8,7,214,201,2024-07-10,completed
16390,4094,7,10,223,63,2025-05-18,completed
16391,1678,5,7,135,285,2024-09-18,completed
16392,3945,9,3,59,119,2026-02-14,completed
16393,948,4,8,108,89,2026-06-10,completed
16394,4076,6,1,221,197,2025-06-02,in_transit
16395,4832,9,4,210,284,2025-08-27,in_transit
16396,2810,4,1,173,111,2024-06-01,completed
16397,1111,2,8,45,54,2024-07-18,completed
16398,1619,5,7,287,183,2024-09-19,completed
16399,3244,10,2,294,272,2025-09-13,cancelled
16400,1688,8,1,240,209,2023-06-23,in_transit
16401,849,8,9,196,139,2024-04-21,completed
16402,4792,2,9,148,169,2025-07-15,completed
16403,4570,6,5,61,120,2023-03-02,in_transit
16404,3351,9,2,135,123,2023-07-17,completed
16405,4767,5,1,296,243,2025-01-21,completed
16406,3103,1,8,234,281,2024-10-11,completed
16407,703,3,6,169,274,2025-12-03,completed
16408,1480,2,7,77,66,2023-04-23,completed
16409,1907,6,1,288,42,2026-03-02,completed
16410,316,3,4,228,129,2025-01-10,completed
16411,4597,5,3,277,139,2026-03-10,completed
16412,2182,8,9,176,292,2023-01-01,in_transit
16413,908,10,4,50,296,2026-03-17,completed
16414,171,7,1,108,127,2026-05-17,completed
16415,3544,8,7,103,298,2026-02-18,cancelled
16416,4323,1,6,77,228,2024-02-10,completed
16417,2284,9,1,267,245,2026-05-08,completed
16418,2584,3,10,95,28,2026-04-24,completed
16419,1065,9,3,56,187,2023-11-02,completed
16420,1303,2,8,161,173,2025-09-07,cancelled
16421,3555,4,9,288,179,2025-01-30,completed
16422,633,1,9,169,99,2023-01-17,cancelled
16423,188,10,1,260,127,2024-06-18,completed
16424,3818,5,9,5,150,2023-04-06,cancelled
16425,3023,10,9,209,82,2026-07-25,completed
16426,1444,7,9,139,250,2024-10-31,in_transit
16427,181,10,8,45,66,2023-04-26,completed
16428,749,7,9,44,277,2023-11-20,completed
16429,3432,8,3,108,299,2023-12-04,completed
16430,3861,6,7,43,69,2026-06-27,completed
16431,76,4,3,24,64,2025-06-30,completed
16432,2992,2,3,271,201,2026-07-18,cancelled
16433,1582,2,3,145,300,2023-06-05,completed
16434,4130,4,6,199,29,2023-05-03,completed
16435,1933,3,6,24,229,2024-11-29,completed
16436,3793,5,8,6,81,2026-07-21,completed
16437,4381,7,8,205,64,2025-08-03,in_transit
16438,3075,9,2,238,152,2025-09-05,completed
16439,4418,7,6,30,16,2024-11-11,in_transit
16440,402,1,3,258,236,2023-04-06,in_transit
16441,659,8,10,171,224,2025-08-29,completed
16442,1535,5,8,87,20,2023-03-27,completed
16443,1837,3,5,63,146,2025-10-13,completed
16444,2504,6,4,197,108,2023-11-04,completed
16445,19,10,5,4,129,2023-08-16,completed
16446,3964,4,6,217,119,2023-05-03,completed
16447,1762,7,6,195,33,2023-03-13,cancelled
16448,983,1,6,48,139,2025-04-07,completed
16449,3086,1,8,118,279,2025-08-07,completed
16450,4301,7,1,96,164,2026-05-10,completed
16451,4427,3,1,141,88,2024-06-04,completed
16452,4236,2,7,251,29,2025-11-09,completed
16453,4276,3,7,128,282,2026-06-25,completed
16454,2328,6,2,231,238,2023-08-17,in_transit
16455,1367,9,2,173,165,2025-08-03,completed
16456,3277,9,8,87,290,2025-11-30,completed
16457,1039,8,6,184,19,2023-03-21,completed
16458,2401,8,1,61,118,2026-04-02,completed
16459,4355,8,5,250,168,2023-07-24,completed
16460,336,6,4,170,80,2026-07-09,completed
16461,4485,8,6,49,33,2023-04-03,in_transit
16462,1615,10,5,41,118,2025-02-27,completed
16463,3949,5,10,259,256,2024-12-31,completed
16464,2857,7,1,43,178,2023-01-29,in_transit
16465,3927,2,10,17,32,2023-03-26,completed
16466,2885,5,6,271,164,2023-08-20,completed
16467,4236,6,7,40,49,2025-09-23,completed
16468,4451,9,10,43,208,2026-03-12,completed
16469,3158,9,2,194,210,2025-08-16,completed
16470,2149,7,5,165,158,2024-08-22,completed
16471,2051,1,7,58,151,2026-06-03,cancelled
16472,4378,9,8,105,191,2023-04-20,completed
16473,3760,2,6,197,180,2025-04-30,cancelled
16474,605,1,10,274,127,2023-06-04,cancelled
16475,4157,10,5,227,38,2023-02-14,cancelled
16476,4261,1,3,90,51,2023-10-07,completed
16477,117,8,2,284,90,2023-01-17,completed
16478,4972,10,1,272,155,2023-12-17,completed
16479,4505,3,1,47,297,2025-06-11,cancelled
16480,598,10,7,163,233,2023-01-29,completed
16481,128,2,5,22,198,2024-01-19,completed
16482,764,2,7,141,292,2023-10-21,completed
16483,792,5,10,96,273,2026-03-03,completed
16484,4149,6,1,97,196,2023-03-13,completed
16485,739,4,2,227,132,2024-01-06,completed
16486,1442,4,5,178,270,2025-07-20,in_transit
16487,1725,2,8,257,155,2025-01-26,completed
16488,1851,4,2,1,75,2023-08-16,completed
16489,1880,3,6,239,39,2023-03-10,in_transit
16490,1663,6,8,287,159,2023-10-17,completed
16491,2457,5,2,13,60,2024-10-12,completed
16492,4578,8,7,119,23,2024-05-07,completed
16493,77,6,2,4,225,2023-08-11,completed
16494,2741,4,3,238,74,2024-05-07,completed
16495,4795,6,1,46,15,2025-11-08,completed
16496,753,8,9,71,85,2025-08-06,completed
16497,2220,2,7,31,81,2026-06-22,completed
16498,4611,7,5,227,141,2025-10-02,completed
16499,1471,4,10,213,259,2023-01-15,completed
16500,1753,7,2,296,167,2025-11-04,completed
16501,4060,4,7,24,148,2024-01-06,cancelled
16502,1767,2,9,81,60,2024-03-12,completed
16503,4681,5,2,154,48,2024-12-29,completed
16504,1150,1,7,86,228,2025-07-25,completed
16505,2349,6,9,7,295,2026-05-28,completed
16506,2434,10,8,184,211,2025-10-06,completed
16507,3867,9,5,2,86,2026-04-16,completed
16508,340,4,8,200,286,2024-05-19,in_transit
16509,4160,10,4,13,182,2024-12-17,completed
16510,1439,3,6,114,276,2024-07-05,completed
16511,4831,4,1,233,76,2023-10-05,completed
16512,2085,4,5,26,268,2023-12-03,completed
16513,267,3,6,89,139,2024-09-27,completed
16514,3935,4,7,182,240,2025-02-10,completed
16515,2102,3,1,35,109,2023-03-09,completed
16516,2251,1,7,247,206,2025-12-02,cancelled
16517,2028,3,9,172,176,2024-11-22,completed
16518,4306,3,5,243,251,2024-03-12,cancelled
16519,4524,6,5,286,86,2024-03-27,cancelled
16520,4568,9,10,217,295,2024-08-27,completed
16521,533,2,5,207,286,2025-04-04,completed
16522,2315,8,6,259,258,2025-02-22,completed
16523,2997,1,6,89,10,2026-05-23,completed
16524,99,1,6,241,20,2024-04-20,in_transit
16525,1525,3,9,184,225,2025-05-14,cancelled
16526,3488,6,1,5,44,2023-06-28,in_transit
16527,3949,1,4,269,103,2024-06-08,cancelled
16528,3924,5,1,161,227,2026-06-15,in_transit
16529,302,8,5,190,170,2023-07-06,cancelled
16530,2074,8,7,108,120,2025-10-06,completed
16531,4171,9,2,59,208,2023-04-13,completed
16532,3554,8,4,110,232,2024-07-22,completed
16533,1341,1,2,50,57,2026-05-14,in_transit
16534,1519,10,9,83,265,2024-09-10,completed
16535,4915,4,5,2,23,2024-01-08,completed
16536,4318,3,4,32,195,2025-08-02,completed
16537,702,2,6,154,81,2025-09-03,completed
16538,4089,1,7,239,128,2023-09-11,completed
16539,1058,1,2,7,65,2023-06-18,completed
16540,3149,5,10,252,233,2023-12-21,completed
16541,1831,5,2,139,72,2023-11-26,completed
16542,4473,3,10,14,10,2024-04-13,completed
16543,2479,3,1,296,277,2025-10-28,cancelled
16544,1513,2,1,68,45,2024-02-02,in_transit
16545,4681,7,1,155,244,2023-02-02,completed
16546,4183,1,6,218,209,2024-09-06,completed
16547,35,4,9,233,182,2023-09-03,completed
16548,3393,2,4,298,191,2026-02-05,completed
16549,3275,10,6,190,43,2023-04-07,in_transit
16550,2071,8,5,167,35,2023-10-31,completed
16551,2159,8,10,215,124,2023-06-20,completed
16552,1067,2,4,251,190,2023-11-13,completed
16553,4884,3,6,204,83,2024-03-11,completed
16554,2371,3,7,52,274,2023-03-28,completed
16555,4886,5,1,128,52,2025-10-24,completed
16556,93,2,6,53,214,2026-05-12,completed
16557,2659,9,5,221,227,2026-01-24,completed
16558,3067,9,1,206,63,2023-06-05,completed
16559,2184,3,7,63,97,2023-07-12,completed
16560,3373,5,10,237,165,2023-11-22,completed
16561,997,7,5,187,16,2026-06-25,in_transit
16562,845,7,8,84,122,2023-08-03,cancelled
16563,2725,2,7,266,125,2025-11-06,completed
16564,4228,5,3,94,242,2023-11-10,completed
16565,45,5,3,182,98,2023-09-22,completed
16566,937,1,8,175,205,2026-06-24,completed
16567,4425,3,5,142,140,2025-02-23,completed
16568,2871,7,5,268,17,2023-09-05,completed
16569,3213,5,2,222,188,2025-03-19,completed
16570,2638,8,2,236,77,2025-06-10,completed
16571,3357,8,4,244,27,2023-11-17,completed
16572,2870,7,4,90,223,2024-12-17,completed
16573,4926,3,7,199,79,2026-04-12,in_transit
16574,3452,2,9,113,162,2024-07-31,completed
16575,3459,3,9,90,173,2026-02-26,completed
16576,2026,9,5,131,174,2024-02-02,completed
16577,4074,7,8,33,82,2024-08-17,completed
16578,1601,1,10,156,181,2023-04-07,completed
16579,65,6,9,289,287,2024-03-20,completed
16580,3575,7,2,72,205,2026-01-02,completed
16581,3510,2,5,196,124,2024-10-25,completed
16582,1098,5,1,215,101,2025-05-14,completed
16583,317,1,10,48,289,2023-03-18,completed
16584,4393,4,10,1,57,2025-08-26,completed
16585,856,1,8,33,121,2026-05-29,cancelled
16586,496,1,8,214,170,2024-11-01,in_transit
16587,4716,7,4,250,234,2024-10-07,completed
16588,1934,10,1,119,66,2023-10-31,completed
16589,4666,7,10,185,70,2026-06-22,completed
16590,3657,7,6,194,293,2023-04-04,completed
16591,969,4,2,113,269,2023-10-09,completed
16592,712,10,8,20,276,2025-09-30,in_transit
16593,3772,9,6,113,235,2025-02-16,completed
16594,4019,7,8,66,145,2023-10-23,completed
16595,987,9,5,190,14,2026-05-11,completed
16596,3172,3,8,67,147,2024-06-13,completed
16597,2030,1,4,63,141,2024-11-15,cancelled
16598,3976,6,5,210,32,2025-09-05,in_transit
16599,667,10,6,168,242,2023-09-21,completed
16600,4635,1,3,33,297,2025-05-25,completed
16601,4186,4,3,101,137,2024-08-17,in_transit
16602,4364,9,10,121,75,2026-07-26,in_transit
16603,1461,3,2,288,178,2024-03-10,completed
16604,2343,5,9,265,224,2025-12-26,completed
16605,2196,10,3,174,152,2023-03-30,completed
16606,1635,9,2,112,204,2023-12-28,completed
16607,3745,3,2,237,256,2026-03-09,completed
16608,1593,3,1,175,13,2025-01-25,completed
16609,693,6,10,196,238,2025-06-24,completed
16610,911,5,2,237,257,2023-11-22,completed
16611,164,7,9,268,137,2025-11-07,in_transit
16612,3243,9,10,162,50,2023-12-12,completed
16613,2808,2,1,64,177,2024-01-01,completed
16614,3262,3,10,255,49,2024-11-10,cancelled
16615,10,3,10,155,200,2023-02-12,in_transit
16616,59,5,1,72,65,2026-05-16,completed
16617,189,5,6,55,151,2024-08-06,completed
16618,3695,3,9,177,19,2026-07-21,cancelled
16619,3034,5,9,133,55,2023-06-18,completed
16620,4554,10,9,26,276,2024-09-11,completed
16621,3134,8,4,4,38,2023-01-11,in_transit
16622,2472,7,10,215,156,2024-01-06,cancelled
16623,2842,3,9,177,47,2026-02-16,completed
16624,1107,10,1,283,285,2025-02-22,cancelled
16625,3751,9,5,253,252,2026-03-15,in_transit
16626,3157,7,2,119,219,2023-07-08,in_transit
16627,2790,6,3,262,83,2023-05-02,completed
16628,3923,5,7,297,111,2025-11-23,completed
16629,3108,9,6,140,78,2026-03-19,completed
16630,3457,7,10,210,69,2025-11-06,completed
16631,4051,5,6,74,169,2025-06-02,in_transit
16632,858,8,1,14,224,2023-07-26,cancelled
16633,2614,5,7,249,227,2025-07-31,completed
16634,3841,4,5,128,217,2023-05-16,in_transit
16635,328,6,2,21,67,2024-02-21,cancelled
16636,2802,10,8,269,137,2023-02-25,completed
16637,1455,3,9,118,286,2025-06-14,completed
16638,493,8,2,282,209,2025-10-25,completed
16639,2488,3,10,285,171,2024-07-28,completed
16640,4007,8,9,200,143,2023-05-29,completed
16641,2437,1,2,260,280,2026-04-23,completed
16642,1491,8,3,223,154,2024-03-30,cancelled
16643,4218,2,6,106,241,2023-07-28,completed
16644,4666,2,10,156,80,2023-01-04,in_transit
16645,1386,6,3,226,294,2024-06-06,completed
16646,1220,7,8,172,161,2023-12-16,completed
16647,1316,6,7,58,288,2025-11-28,completed
16648,612,1,2,104,194,2025-05-08,completed
16649,1684,10,4,198,18,2024-02-13,in_transit
16650,2796,6,4,36,115,2026-06-27,cancelled
16651,459,3,7,111,216,2024-10-09,completed
16652,2835,4,10,69,16,2024-09-11,completed
16653,2827,5,6,103,34,2025-05-25,completed
16654,3979,3,7,238,99,2024-01-06,cancelled
16655,4453,4,8,292,233,2025-12-24,completed
16656,467,10,1,73,238,2026-06-06,completed
16657,2034,1,9,16,280,2025-01-02,completed
16658,3074,3,5,80,267,2023-11-28,completed
16659,2761,9,10,252,200,2024-08-29,completed
16660,2323,4,6,83,102,2023-08-27,cancelled
16661,20,5,2,170,123,2024-11-15,completed
16662,4697,9,2,55,226,2024-12-12,completed
16663,3592,6,4,3,186,2025-11-24,completed
16664,958,9,2,68,13,2024-10-02,completed
16665,458,7,2,268,250,2023-12-28,completed
16666,1286,1,5,252,132,2024-04-30,completed
16667,4300,4,5,230,234,2026-03-24,completed
16668,2186,3,2,273,120,2025-11-14,completed
16669,3949,1,5,24,158,2023-07-06,completed
16670,3219,9,4,117,217,2023-05-08,completed
16671,659,1,7,169,40,2024-12-10,cancelled
16672,3253,4,7,149,65,2025-03-13,in_transit
16673,2362,9,2,92,95,2025-09-14,in_transit
16674,3660,3,1,274,26,2026-05-23,completed
16675,1961,2,5,33,188,2026-06-08,cancelled
16676,643,7,5,187,103,2025-07-28,completed
16677,4491,8,2,218,67,2025-03-20,cancelled
16678,1936,7,3,183,37,2023-06-14,completed
16679,1619,5,10,44,128,2025-12-12,in_transit
16680,2815,10,2,133,36,2024-08-28,in_transit
16681,320,8,9,191,65,2025-11-12,completed
16682,959,9,5,70,26,2023-02-09,completed
16683,53,4,2,265,210,2024-01-05,in_transit
16684,870,1,3,150,238,2024-09-16,completed
16685,420,10,7,159,149,2023-10-19,completed
16686,4557,10,7,204,15,2023-02-06,cancelled
16687,1012,5,10,148,87,2023-05-06,cancelled
16688,1518,6,5,284,186,2025-11-20,completed
16689,3307,3,9,243,279,2023-04-27,completed
16690,584,2,7,297,42,2024-01-10,completed
16691,4525,4,9,170,22,2024-01-24,completed
16692,2170,9,1,18,92,2023-05-19,completed
16693,800,7,9,34,82,2023-09-19,cancelled
16694,1480,6,7,64,174,2023-01-18,completed
16695,3046,1,8,109,26,2026-02-17,completed
16696,3701,2,5,14,238,2024-02-08,completed
16697,609,6,5,13,173,2024-01-17,completed
16698,3875,7,1,260,113,2023-03-09,completed
16699,3463,4,7,122,50,2023-09-20,completed
16700,609,1,8,84,153,2026-06-24,completed
16701,2516,2,7,96,221,2025-09-10,completed
16702,4889,2,5,189,113,2026-07-06,completed
16703,1800,5,1,123,237,2023-10-01,completed
16704,4761,9,1,286,142,2023-09-18,completed
16705,4776,2,10,173,187,2024-11-29,completed
16706,3120,3,9,50,33,2025-12-26,completed
16707,674,8,7,89,141,2023-12-13,completed
16708,857,3,2,70,218,2024-10-28,completed
16709,3135,8,2,251,21,2026-04-14,completed
16710,2585,2,6,194,72,2025-05-24,completed
16711,2426,4,6,192,68,2026-05-08,completed
16712,4837,1,3,243,279,2026-01-29,in_transit
16713,465,5,6,129,16,2025-12-30,completed
16714,4692,8,4,135,184,2025-08-17,cancelled
16715,2540,10,6,181,151,2024-01-25,completed
16716,518,1,4,252,145,2025-12-29,in_transit
16717,2475,4,2,163,234,2023-04-08,completed
16718,1839,7,9,67,221,2025-05-12,completed
16719,2940,8,2,281,60,2024-07-31,completed
16720,2803,5,4,44,114,2024-12-09,completed
16721,4647,2,4,182,38,2026-04-27,completed
16722,4836,3,9,96,170,2023-08-27,completed
16723,196,9,6,92,298,2023-11-10,cancelled
16724,1852,9,4,30,272,2025-07-28,cancelled
16725,3021,7,10,151,207,2025-11-24,completed
16726,1747,1,5,14,100,2025-01-02,completed
16727,2138,8,1,253,83,2023-01-09,completed
16728,3541,9,1,42,193,2023-07-21,cancelled
16729,1132,10,9,152,172,2023-09-22,in_transit
16730,2866,1,6,223,164,2024-11-24,in_transit
16731,3286,8,2,50,196,2025-11-19,completed
16732,3579,8,6,241,251,2026-07-12,completed
16733,4106,1,3,96,35,2026-03-23,completed
16734,3210,5,10,97,104,2024-05-06,cancelled
16735,2472,4,8,239,299,2023-12-08,completed
16736,3106,10,5,132,275,2023-11-29,completed
16737,2373,4,3,255,160,2025-02-02,completed
16738,3053,8,7,95,199,2024-07-18,completed
16739,397,9,1,292,207,2025-06-09,completed
16740,3589,7,6,241,62,2023-01-15,completed
16741,1923,1,5,55,202,2023-10-21,completed
16742,4127,5,2,168,85,2025-05-04,completed
16743,4212,1,3,115,130,2023-09-18,completed
16744,3750,9,8,142,145,2023-07-30,completed
16745,4286,7,5,256,281,2024-02-16,completed
16746,1666,1,8,58,239,2023-10-03,cancelled
16747,701,4,9,232,50,2024-06-23,completed
16748,1544,10,7,122,222,2025-09-29,completed
16749,1873,4,1,56,95,2026-07-03,completed
16750,1415,8,1,169,124,2024-09-13,completed
16751,2491,6,3,236,159,2025-08-03,completed
16752,4039,5,2,9,282,2025-11-06,cancelled
16753,1216,4,6,165,44,2025-06-20,completed
16754,1972,5,2,10,240,2025-06-03,completed
16755,4492,1,8,178,25,2025-07-07,completed
16756,4581,4,8,137,243,2025-06-14,completed
16757,716,9,3,40,250,2023-05-01,in_transit
16758,447,10,5,223,26,2024-01-07,completed
16759,4391,6,8,282,229,2023-03-11,cancelled
16760,2245,3,1,199,273,2024-07-27,completed
16761,3409,4,1,61,109,2024-01-31,completed
16762,2713,4,10,41,101,2023-09-06,cancelled
16763,2158,4,7,200,165,2024-12-07,completed
16764,915,1,9,84,296,2023-12-22,cancelled
16765,3678,4,9,87,215,2025-05-13,completed
16766,2488,2,9,138,249,2025-07-23,completed
16767,1855,3,5,53,206,2026-03-18,completed
16768,1389,7,5,295,289,2024-08-02,cancelled
16769,4204,8,5,157,127,2024-08-05,completed
16770,2461,10,8,236,238,2024-01-09,completed
16771,4084,9,3,289,37,2024-06-04,in_transit
16772,4606,7,8,287,15,2023-10-01,completed
16773,2994,7,9,242,157,2026-02-13,completed
16774,4936,5,4,289,204,2025-04-10,completed
16775,3564,5,6,179,70,2025-07-12,completed
16776,4683,1,5,212,198,2023-12-21,completed
16777,2076,2,4,26,175,2025-09-01,completed
16778,1574,4,1,294,282,2026-05-07,completed
16779,191,8,9,288,266,2023-07-17,completed
16780,2002,6,5,290,214,2023-04-16,completed
16781,469,7,8,245,147,2025-06-28,completed
16782,3785,1,4,246,174,2026-03-05,completed
16783,2853,6,2,77,148,2023-03-22,completed
16784,2130,10,6,146,43,2024-04-06,completed
16785,3786,9,8,283,97,2024-01-12,in_transit
16786,431,3,6,171,217,2024-12-07,cancelled
16787,2619,10,9,195,48,2026-03-21,completed
16788,222,1,10,70,138,2025-03-08,completed
16789,1488,4,1,64,85,2025-05-19,completed
16790,2252,6,8,191,217,2023-11-22,completed
16791,4375,4,1,92,182,2024-05-16,cancelled
16792,3956,7,5,238,262,2023-08-01,completed
16793,560,9,10,112,27,2023-01-05,completed
16794,4129,9,6,36,20,2024-10-18,completed
16795,4338,3,7,21,268,2023-04-28,completed
16796,1419,1,2,138,144,2024-03-12,completed
16797,1070,1,6,89,20,2023-08-02,completed
16798,3389,2,1,52,241,2025-07-20,completed
16799,2091,2,6,152,142,2023-07-24,in_transit
16800,1643,6,3,207,31,2024-07-09,completed
16801,4224,4,8,115,94,2025-11-01,completed
16802,4782,8,3,164,25,2025-08-04,completed
16803,4448,8,5,2,97,2025-06-10,cancelled
16804,3338,5,3,1,176,2025-03-02,completed
16805,304,6,9,37,191,2024-09-05,in_transit
16806,1372,7,9,1,250,2025-09-06,completed
16807,2183,10,2,26,235,2025-08-16,completed
16808,4548,6,3,230,120,2025-11-27,cancelled
16809,3718,5,9,107,93,2025-03-23,completed
16810,198,10,1,85,24,2026-01-21,completed
16811,1798,8,3,245,150,2023-02-15,completed
16812,1200,10,5,287,240,2023-12-01,completed
16813,1835,2,1,101,231,2024-12-29,completed
16814,836,5,6,261,24,2026-03-22,completed
16815,4697,3,1,90,40,2026-06-03,in_transit
16816,920,10,8,13,112,2023-04-09,completed
16817,4158,8,6,102,139,2024-11-07,completed
16818,632,8,9,250,208,2023-03-08,cancelled
16819,2312,1,7,37,19,2023-02-18,cancelled
16820,61,1,6,216,226,2026-02-11,in_transit
16821,988,6,8,216,241,2026-04-29,completed
16822,3002,9,6,170,164,2023-08-31,completed
16823,964,9,5,246,185,2023-02-18,completed
16824,1989,5,2,225,53,2025-05-13,completed
16825,2416,7,2,173,137,2024-01-04,completed
16826,4380,2,6,152,249,2023-01-01,completed
16827,1260,3,9,220,36,2025-10-04,completed
16828,817,10,1,281,146,2024-09-07,completed
16829,3131,6,8,171,200,2023-02-06,completed
16830,3642,3,7,157,209,2023-02-13,completed
16831,2184,7,1,175,123,2023-05-02,completed
16832,4168,4,7,54,169,2023-06-08,in_transit
16833,3288,3,6,32,216,2026-01-30,completed
16834,1777,1,9,118,257,2026-05-15,completed
16835,3258,10,1,64,239,2024-10-23,completed
16836,4878,6,5,58,20,2026-06-10,completed
16837,3305,10,7,294,62,2025-12-16,in_transit
16838,2813,2,1,127,282,2024-11-15,completed
16839,448,8,7,278,146,2024-10-09,completed
16840,4794,4,8,263,111,2025-07-09,cancelled
16841,167,6,1,37,65,2024-05-18,completed
16842,4502,7,9,125,204,2026-04-08,completed
16843,156,4,1,212,40,2023-03-23,completed
16844,2525,8,4,66,276,2023-02-04,completed
16845,2953,7,2,262,292,2024-12-28,completed
16846,3614,5,10,5,103,2024-03-14,completed
16847,352,6,2,292,103,2026-01-16,completed
16848,519,7,10,288,174,2025-11-27,in_transit
16849,803,6,10,143,165,2024-04-06,completed
16850,949,10,4,197,55,2023-01-06,in_transit
16851,475,3,5,23,82,2023-04-03,completed
16852,93,10,9,24,146,2023-01-14,in_transit
16853,2833,2,1,47,68,2025-10-19,completed
16854,2425,7,3,260,288,2023-12-18,completed
16855,360,5,10,291,226,2023-12-11,in_transit
16856,3839,1,7,100,234,2025-04-08,completed
16857,1940,4,5,100,241,2023-11-07,cancelled
16858,3451,2,1,108,173,2026-02-18,cancelled
16859,653,2,3,16,252,2023-07-24,completed
16860,4019,7,8,140,269,2024-10-23,cancelled
16861,2397,10,3,113,25,2024-12-29,completed
16862,4576,7,4,213,294,2024-02-17,completed
16863,4368,2,7,249,238,2023-07-25,completed
16864,1077,5,2,300,138,2023-07-22,in_transit
16865,3637,2,4,284,219,2025-02-11,completed
16866,1817,6,1,16,121,2024-08-16,completed
16867,3905,8,1,102,12,2024-10-25,completed
16868,1057,7,6,260,39,2024-12-01,completed
16869,653,8,7,7,147,2023-07-02,completed
16870,1770,7,5,137,20,2025-01-21,completed
16871,3663,1,5,25,72,2025-10-16,cancelled
16872,3086,5,3,183,265,2023-05-28,in_transit
16873,168,2,6,183,143,2024-01-10,cancelled
16874,2346,10,1,70,300,2025-11-01,completed
16875,3288,7,9,86,209,2026-01-02,completed
16876,1399,7,1,157,67,2023-10-10,cancelled
16877,551,4,7,65,230,2026-04-22,completed
16878,612,7,10,238,210,2025-01-11,completed
16879,1277,4,8,142,51,2025-01-03,completed
16880,1149,6,9,263,162,2025-11-30,completed
16881,1682,5,9,152,265,2023-07-25,cancelled
16882,4059,9,10,102,72,2026-04-18,completed
16883,703,2,1,259,185,2026-01-18,completed
16884,3808,1,8,110,264,2024-10-31,completed
16885,2375,2,8,19,211,2024-02-09,completed
16886,2864,6,3,60,188,2026-05-10,completed
16887,270,1,4,100,28,2025-04-07,completed
16888,2039,5,3,178,254,2024-09-10,completed
16889,3552,7,8,216,292,2023-12-30,completed
16890,2197,6,5,43,94,2023-09-19,completed
16891,4485,6,5,254,163,2025-01-20,completed
16892,769,4,8,127,234,2023-11-08,completed
16893,3447,10,8,72,183,2024-01-31,in_transit
16894,4107,6,10,267,224,2024-10-12,completed
16895,1707,10,8,251,30,2023-06-26,completed
16896,3747,7,8,271,291,2025-07-17,in_transit
16897,2705,9,1,189,137,2024-12-11,completed
16898,3686,6,3,50,268,2025-11-04,completed
16899,1314,3,7,137,180,2026-01-06,completed
16900,750,3,4,5,66,2025-05-25,completed
16901,3361,9,10,93,35,2023-04-25,completed
16902,2945,3,7,210,54,2025-02-07,completed
16903,2979,7,10,13,17,2024-01-02,completed
16904,3213,6,9,124,17,2026-02-07,completed
16905,3963,6,8,174,79,2025-07-09,completed
16906,2903,7,9,31,250,2023-06-29,cancelled
16907,3404,7,1,286,38,2025-04-22,completed
16908,3165,4,10,4,117,2024-03-26,completed
16909,3574,5,1,73,15,2025-07-17,completed
16910,3845,2,8,261,19,2024-01-26,cancelled
16911,4228,2,3,182,251,2023-06-16,cancelled
16912,4468,2,3,181,61,2024-09-17,completed
16913,122,1,5,276,84,2026-01-06,completed
16914,3289,2,4,36,230,2025-05-04,in_transit
16915,3950,1,3,253,70,2024-12-24,in_transit
16916,3877,3,2,43,87,2023-04-13,completed
16917,4061,1,9,55,88,2025-08-01,completed
16918,239,2,10,101,225,2025-04-12,completed
16919,4074,8,3,298,109,2023-08-08,cancelled
16920,1132,9,10,59,232,2023-06-26,completed
16921,458,6,3,261,273,2023-07-13,in_transit
16922,791,3,8,182,67,2023-04-02,completed
16923,1889,2,1,207,35,2024-09-18,cancelled
16924,2513,6,7,245,173,2025-01-13,completed
16925,2961,10,9,49,258,2023-07-11,cancelled
16926,4906,3,10,188,289,2024-06-07,completed
16927,3242,10,7,139,253,2023-09-28,completed
16928,1389,8,6,128,54,2024-04-06,in_transit
16929,554,1,2,47,273,2024-08-25,completed
16930,2460,7,9,42,59,2024-08-10,completed
16931,1206,6,1,145,185,2025-11-01,completed
16932,1454,6,1,14,135,2023-12-29,completed
16933,3347,10,3,51,47,2026-06-03,completed
16934,572,5,4,140,148,2024-10-02,completed
16935,1239,3,8,27,47,2023-04-28,cancelled
16936,4183,3,10,127,14,2026-05-19,completed
16937,1137,1,9,135,133,2023-01-21,completed
16938,1148,3,9,134,247,2025-05-14,completed
16939,595,1,9,213,232,2025-09-24,completed
16940,2314,5,4,104,248,2023-09-03,completed
16941,605,10,9,109,234,2024-01-09,completed
16942,3478,9,4,39,220,2025-01-21,completed
16943,2242,2,4,6,183,2026-06-06,completed
16944,4259,9,1,132,170,2024-07-18,completed
16945,2704,3,2,259,42,2023-01-30,completed
16946,739,6,2,132,231,2024-07-21,completed
16947,2529,1,8,147,227,2025-04-16,completed
16948,4434,1,4,160,143,2023-09-27,completed
16949,291,10,3,137,128,2025-06-25,completed
16950,1068,5,10,104,280,2024-10-21,completed
16951,1415,6,7,18,84,2025-04-26,completed
16952,407,6,2,235,78,2026-06-16,completed
16953,1834,1,9,57,33,2023-10-20,completed
16954,652,8,10,72,23,2024-07-04,cancelled
16955,4427,7,6,259,277,2026-01-27,completed
16956,3198,5,2,194,221,2023-01-26,completed
16957,1473,8,1,274,100,2025-06-28,completed
16958,2308,5,8,294,177,2026-04-18,cancelled
16959,1427,6,10,288,249,2024-01-11,completed
16960,55,8,6,43,278,2024-04-26,completed
16961,2775,10,9,85,54,2023-05-26,completed
16962,341,9,5,28,229,2024-11-27,in_transit
16963,896,10,2,17,137,2024-01-08,completed
16964,1775,8,7,108,32,2024-07-13,completed
16965,3250,1,10,278,26,2026-05-07,in_transit
16966,4558,10,4,209,167,2024-10-20,completed
16967,2081,3,8,3,204,2023-10-03,completed
16968,1788,7,2,169,201,2024-05-17,completed
16969,3476,7,9,109,94,2025-07-29,in_transit
16970,2958,5,2,56,178,2024-08-12,completed
16971,784,10,2,20,200,2026-06-26,cancelled
16972,4253,1,7,280,39,2023-05-12,completed
16973,1534,9,7,128,296,2025-04-05,completed
16974,2776,5,8,259,63,2025-05-23,completed
16975,3774,8,4,98,85,2023-03-22,completed
16976,4858,8,9,140,232,2023-05-14,completed
16977,153,2,4,267,87,2025-01-25,completed
16978,2423,5,6,220,75,2025-02-24,completed
16979,3166,7,6,185,155,2023-01-13,completed
16980,2839,2,7,45,69,2023-06-23,completed
16981,1592,9,3,59,195,2024-12-25,completed
16982,3489,8,10,4,50,2025-11-29,completed
16983,2372,2,5,151,105,2026-03-14,completed
16984,3673,9,3,111,267,2025-06-04,completed
16985,3497,5,6,124,143,2025-06-01,completed
16986,4731,3,7,137,202,2025-03-10,completed
16987,2388,9,8,191,167,2023-02-15,completed
16988,1725,10,6,139,60,2023-01-10,completed
16989,596,1,2,103,188,2026-04-06,completed
16990,2993,5,3,248,113,2024-02-04,cancelled
16991,4319,4,6,48,109,2023-03-22,cancelled
16992,3025,8,6,193,85,2026-06-24,in_transit
16993,4881,3,7,160,249,2026-06-28,completed
16994,696,2,6,21,116,2025-08-07,in_transit
16995,2651,2,5,111,203,2025-06-29,completed
16996,2075,4,8,11,190,2023-06-27,completed
16997,96,6,7,57,73,2026-02-13,completed
16998,1473,8,4,281,296,2026-04-08,completed
16999,1071,3,7,73,105,2023-12-18,completed
17000,1693,8,4,104,205,2026-07-18,completed
17001,1305,3,2,294,106,2024-03-30,completed
17002,2730,3,6,259,164,2024-04-23,completed
17003,2298,2,8,221,289,2025-09-20,completed
17004,87,10,5,287,266,2024-07-21,completed
17005,783,4,2,286,170,2023-03-31,completed
17006,2626,1,9,225,230,2026-01-10,completed
17007,3679,9,6,1,212,2023-02-10,completed
17008,1511,3,6,100,57,2025-11-11,completed
17009,3353,10,7,237,45,2025-05-07,completed
17010,2476,8,1,25,130,2023-03-25,in_transit
17011,4986,1,4,13,86,2024-05-19,completed
17012,767,6,10,254,136,2024-02-03,completed
17013,4909,1,3,284,204,2025-12-27,in_transit
17014,629,7,9,164,150,2026-02-07,completed
17015,1717,3,1,99,229,2024-05-02,completed
17016,3962,7,1,160,123,2026-07-25,completed
17017,3624,2,5,268,76,2025-11-23,completed
17018,2481,8,9,42,231,2025-12-21,completed
17019,3582,1,6,165,34,2024-11-28,completed
17020,4732,3,8,182,70,2023-05-20,cancelled
17021,159,8,3,247,24,2023-05-30,completed
17022,293,2,5,144,180,2026-01-21,completed
17023,3934,9,4,63,60,2025-02-02,cancelled
17024,1123,1,2,113,235,2025-06-01,completed
17025,3858,3,1,210,251,2025-11-26,completed
17026,3385,8,7,247,32,2025-05-14,completed
17027,3270,1,10,238,83,2026-05-08,completed
17028,1008,2,1,20,52,2024-06-10,completed
17029,2382,6,9,213,43,2025-08-08,completed
17030,4100,6,7,16,187,2024-06-13,completed
17031,3110,10,6,185,300,2025-03-21,completed
17032,2687,4,6,15,295,2023-12-19,in_transit
17033,2486,8,10,165,174,2025-07-03,completed
17034,2620,7,1,117,153,2024-12-12,completed
17035,3194,7,10,47,51,2026-03-05,completed
17036,3939,4,8,279,96,2024-08-22,completed
17037,1614,8,1,285,223,2026-07-28,completed
17038,2931,1,8,281,140,2024-06-07,completed
17039,2335,1,2,221,213,2023-05-28,completed
17040,4813,4,7,259,73,2025-11-12,completed
17041,3753,4,3,57,208,2024-08-14,completed
17042,4628,9,8,199,161,2025-12-27,completed
17043,1417,7,3,297,173,2023-02-19,completed
17044,4253,8,9,143,99,2025-01-31,completed
17045,4448,2,8,191,88,2026-07-20,completed
17046,2563,6,1,223,105,2024-01-10,completed
17047,3881,3,1,236,133,2024-02-17,completed
17048,4908,5,4,31,290,2026-07-07,completed
17049,37,2,8,153,184,2024-04-05,completed
17050,4966,3,6,253,119,2025-12-15,completed
17051,1120,1,4,295,139,2023-02-17,cancelled
17052,3708,1,9,142,275,2024-07-30,completed
17053,884,9,3,84,272,2026-03-23,in_transit
17054,1705,6,9,40,240,2023-01-23,completed
17055,4133,7,1,186,141,2024-07-02,completed
17056,2212,4,5,283,37,2024-01-15,cancelled
17057,2717,9,8,45,78,2025-10-17,completed
17058,1238,3,5,118,124,2023-10-20,completed
17059,3589,5,7,208,268,2025-06-16,completed
17060,3463,4,6,284,179,2024-01-29,completed
17061,4301,10,9,123,255,2024-11-11,completed
17062,1608,6,10,293,262,2026-02-07,completed
17063,1131,3,7,97,139,2023-12-17,completed
17064,539,3,4,64,203,2025-06-17,completed
17065,2001,5,8,12,96,2025-10-08,in_transit
17066,1434,4,9,49,107,2023-09-09,completed
17067,4302,3,1,220,78,2023-11-07,in_transit
17068,2618,7,8,16,143,2025-11-08,completed
17069,4861,8,7,265,201,2023-02-26,completed
17070,673,8,6,20,70,2025-10-22,cancelled
17071,4808,8,6,229,145,2025-01-08,completed
17072,4617,2,7,298,161,2023-02-16,completed
17073,2277,4,7,247,25,2023-06-06,completed
17074,3669,8,5,35,32,2024-05-11,completed
17075,495,7,5,3,292,2024-03-19,in_transit
17076,2989,8,1,172,63,2026-07-25,completed
17077,4721,6,2,39,110,2025-02-11,completed
17078,829,7,10,142,231,2026-05-06,in_transit
17079,3102,10,5,192,282,2023-07-31,completed
17080,3217,4,5,252,163,2023-02-12,completed
17081,3054,1,5,140,230,2025-04-01,completed
17082,2267,4,8,268,277,2023-12-03,completed
17083,4195,9,2,58,86,2023-10-30,in_transit
17084,938,8,3,34,196,2024-01-21,completed
17085,2643,3,10,55,45,2023-06-19,completed
17086,3765,1,2,8,119,2024-02-23,cancelled
17087,463,7,2,9,67,2026-02-01,completed
17088,2811,5,7,284,72,2024-08-08,completed
17089,1147,8,2,105,154,2024-10-14,completed
17090,2170,10,4,205,107,2025-05-12,completed
17091,1264,1,6,36,169,2026-07-26,completed
17092,4563,3,7,215,200,2023-09-25,completed
17093,429,2,8,281,95,2026-06-07,completed
17094,4196,3,8,257,33,2025-07-09,in_transit
17095,813,5,6,297,199,2026-04-28,in_transit
17096,1897,8,1,208,204,2023-05-12,completed
17097,1606,10,1,201,123,2024-12-13,completed
17098,4644,6,7,287,300,2024-05-15,completed
17099,2994,8,9,127,135,2024-11-21,completed
17100,3800,1,10,6,203,2026-01-12,completed
17101,4286,5,8,280,255,2025-08-29,completed
17102,3140,2,1,299,146,2024-01-12,completed
17103,3996,8,10,38,259,2025-01-01,completed
17104,3977,5,8,249,127,2025-06-24,completed
17105,3712,5,8,246,176,2024-10-16,cancelled
17106,4163,3,8,254,13,2025-11-16,completed
17107,687,1,3,135,124,2025-10-15,cancelled
17108,4096,2,9,17,192,2024-09-10,completed
17109,1984,1,6,33,57,2024-05-09,completed
17110,3346,6,7,266,129,2024-11-17,in_transit
17111,3781,4,9,97,152,2023-07-31,completed
17112,1241,2,9,199,156,2026-03-13,completed
17113,2991,8,1,27,212,2026-04-06,completed
17114,4064,7,9,257,48,2025-05-28,cancelled
17115,4494,9,6,275,96,2026-01-13,completed
17116,3851,7,3,221,238,2025-01-26,completed
17117,1358,10,9,276,155,2024-09-13,completed
17118,3900,3,4,126,104,2025-02-04,in_transit
17119,585,6,7,194,243,2026-03-31,completed
17120,2876,1,8,281,134,2023-06-29,completed
17121,215,3,2,283,278,2024-04-24,completed
17122,4713,2,9,46,279,2026-06-30,completed
17123,2732,1,7,157,23,2025-02-27,completed
17124,2745,4,6,286,166,2026-07-14,completed
17125,2745,8,5,271,84,2023-12-15,completed
17126,498,9,2,94,126,2024-12-19,completed
17127,2229,3,4,225,237,2024-08-19,completed
17128,3297,4,8,180,267,2024-01-30,completed
17129,2132,7,1,50,240,2026-04-27,cancelled
17130,2792,2,10,148,294,2025-09-17,completed
17131,2036,1,5,86,289,2025-06-20,completed
17132,4369,8,3,118,93,2025-07-11,completed
17133,2302,10,9,210,234,2023-08-10,cancelled
17134,4491,6,2,139,254,2024-04-15,completed
17135,19,8,9,99,124,2024-12-10,completed
17136,1501,7,4,162,290,2025-01-19,completed
17137,2715,9,2,167,170,2024-01-29,completed
17138,1302,10,5,253,145,2025-07-11,completed
17139,364,8,2,177,58,2023-01-04,completed
17140,1074,2,6,210,11,2023-09-12,completed
17141,352,1,5,244,152,2025-01-14,cancelled
17142,561,5,2,220,73,2024-08-29,cancelled
17143,447,2,1,185,175,2025-03-05,completed
17144,1048,5,2,122,167,2026-03-26,completed
17145,4651,5,2,149,293,2025-03-14,in_transit
17146,1721,8,3,71,94,2026-04-19,completed
17147,780,10,9,266,268,2025-04-23,completed
17148,3310,3,7,29,166,2025-11-30,completed
17149,2309,8,10,32,49,2026-03-03,completed
17150,2168,8,4,157,271,2024-07-13,completed
17151,2174,9,1,147,51,2023-12-26,completed
17152,1286,9,10,253,145,2025-12-27,completed
17153,1469,8,10,299,66,2024-03-02,completed
17154,1034,5,3,230,203,2025-08-07,completed
17155,2926,1,2,37,123,2026-03-09,in_transit
17156,2427,6,8,277,243,2025-12-30,completed
17157,2469,8,6,93,297,2023-08-06,completed
17158,4210,1,4,288,71,2023-09-11,cancelled
17159,3801,2,8,269,27,2023-09-09,completed
17160,1705,4,8,212,182,2025-02-13,in_transit
17161,2146,3,7,194,198,2024-02-26,completed
17162,2046,4,7,227,112,2023-08-07,completed
17163,665,1,3,138,260,2023-09-25,completed
17164,328,7,8,111,104,2026-04-25,completed
17165,1011,5,4,23,264,2023-02-25,completed
17166,1599,3,9,298,275,2024-11-02,completed
17167,2941,8,10,202,184,2023-09-27,completed
17168,3297,8,10,181,265,2026-07-20,completed
17169,166,7,2,43,270,2025-11-14,cancelled
17170,234,8,3,92,89,2025-09-23,completed
17171,2098,10,8,46,213,2024-11-11,completed
17172,2792,7,10,284,247,2024-08-04,completed
17173,2795,6,10,62,232,2025-07-25,completed
17174,3293,7,1,125,145,2024-05-06,completed
17175,1025,5,1,53,114,2025-03-11,completed
17176,1179,2,7,225,164,2024-08-03,completed
17177,1939,3,1,110,62,2024-06-24,completed
17178,4036,1,10,124,191,2024-03-04,completed
17179,1449,7,6,58,158,2025-11-08,completed
17180,220,4,5,141,163,2023-09-06,cancelled
17181,3672,6,5,272,40,2024-07-11,completed
17182,2551,5,8,289,98,2026-06-28,completed
17183,2416,2,1,269,249,2023-10-12,completed
17184,756,10,3,113,274,2025-07-13,completed
17185,1389,2,5,169,50,2023-01-25,completed
17186,4550,4,5,257,286,2024-11-26,completed
17187,1928,3,2,151,115,2026-03-06,completed
17188,218,2,7,239,32,2024-03-22,in_transit
17189,4647,6,9,45,150,2024-02-18,in_transit
17190,3923,6,2,82,229,2026-03-16,completed
17191,4433,1,9,89,267,2025-07-07,completed
17192,4537,1,10,143,134,2023-07-16,completed
17193,4580,5,3,219,18,2025-02-10,completed
17194,3985,8,1,40,261,2026-03-15,cancelled
17195,515,7,10,105,226,2023-12-17,completed
17196,25,10,2,186,208,2023-12-13,cancelled
17197,1524,7,2,270,53,2023-06-21,completed
17198,4396,9,5,275,167,2025-07-24,completed
17199,3633,8,2,191,23,2025-07-19,completed
17200,2122,6,8,153,200,2026-02-13,completed
17201,275,9,6,49,89,2025-11-22,completed
17202,2936,10,6,233,255,2023-11-02,completed
17203,1513,6,5,240,76,2024-08-25,cancelled
17204,2657,5,3,102,262,2024-05-02,in_transit
17205,2360,2,7,19,81,2024-06-07,completed
17206,2937,4,6,60,299,2026-03-18,completed
17207,3038,4,1,196,29,2023-04-15,completed
17208,339,8,7,52,42,2024-05-22,completed
17209,642,10,7,212,80,2025-11-04,completed
17210,4269,2,10,153,197,2024-02-25,completed
17211,724,7,9,99,66,2023-09-26,completed
17212,1434,7,6,166,146,2025-08-21,completed
17213,3785,4,1,86,54,2023-10-27,completed
17214,1579,7,3,2,241,2024-05-23,completed
17215,1961,3,8,107,28,2025-12-18,completed
17216,1563,3,10,39,218,2024-05-14,completed
17217,437,6,9,95,34,2024-05-02,completed
17218,1581,5,4,162,154,2026-05-27,in_transit
17219,4280,2,6,245,112,2025-03-26,completed
17220,2468,5,1,226,144,2024-10-27,completed
17221,4736,9,8,264,36,2023-12-05,completed
17222,429,10,7,114,122,2026-04-04,completed
17223,3654,5,9,56,249,2024-04-11,completed
17224,4237,8,9,96,120,2024-06-02,completed
17225,3180,10,2,104,69,2025-10-05,completed
17226,3786,2,4,122,150,2026-04-11,completed
17227,3874,2,8,86,84,2023-09-05,completed
17228,4960,2,6,118,276,2023-07-25,completed
17229,165,6,3,49,31,2024-01-22,completed
17230,97,5,4,115,194,2023-09-12,completed
17231,859,7,1,258,252,2026-02-27,completed
17232,939,9,7,255,42,2024-05-15,completed
17233,4828,2,10,170,27,2023-09-05,completed
17234,3637,2,3,162,251,2025-12-07,completed
17235,4759,2,5,284,91,2026-03-22,completed
17236,4540,8,7,201,170,2025-06-16,completed
17237,4348,10,7,98,42,2025-01-01,completed
17238,1776,7,9,189,220,2025-09-13,completed
17239,3060,5,2,3,281,2024-03-03,completed
17240,2404,7,10,95,262,2025-05-04,completed
17241,2622,2,7,85,225,2025-10-03,completed
17242,4766,1,3,42,238,2024-06-07,completed
17243,4410,10,3,66,112,2024-05-31,completed
17244,2618,7,1,243,239,2025-12-09,completed
17245,962,8,4,1,39,2023-02-13,completed
17246,1271,8,10,206,96,2023-04-08,completed
17247,1634,6,4,74,281,2023-09-03,completed
17248,3839,1,4,190,46,2025-08-03,in_transit
17249,2184,6,5,34,279,2023-06-29,completed
17250,3836,1,5,228,214,2024-05-17,completed
17251,4403,10,3,289,193,2025-03-15,cancelled
17252,2178,6,2,219,51,2024-04-02,completed
17253,1778,4,2,246,25,2023-05-30,completed
17254,1702,8,4,75,211,2023-01-09,in_transit
17255,4261,5,4,180,38,2026-01-24,cancelled
17256,104,8,9,280,27,2023-08-01,completed
17257,2050,5,6,191,67,2026-04-09,completed
17258,1036,4,5,52,256,2026-02-10,completed
17259,4766,9,6,99,231,2026-06-13,completed
17260,4576,10,4,31,272,2025-10-03,completed
17261,2471,9,7,171,38,2024-02-02,completed
17262,2755,4,2,202,291,2025-03-07,completed
17263,4336,10,2,145,81,2024-07-26,completed
17264,585,2,5,238,49,2024-01-09,completed
17265,1209,8,4,243,204,2025-02-15,in_transit
17266,2155,10,4,24,68,2023-09-10,completed
17267,3991,10,2,107,44,2024-11-16,completed
17268,1058,6,3,269,181,2024-01-14,completed
17269,2982,10,5,74,74,2026-02-05,completed
17270,3617,10,1,69,204,2024-08-08,cancelled
17271,1111,2,4,27,73,2025-10-20,completed
17272,444,5,9,219,259,2026-02-02,completed
17273,717,8,9,21,295,2025-05-29,completed
17274,1092,3,8,15,70,2023-06-17,completed
17275,4805,6,7,191,59,2026-06-03,cancelled
17276,4673,2,10,113,208,2025-07-24,completed
17277,1692,4,10,182,121,2024-12-04,completed
17278,4487,6,5,156,231,2025-05-13,cancelled
17279,230,5,8,30,185,2025-03-29,completed
17280,3930,3,8,19,197,2023-02-21,completed
17281,18,1,8,14,12,2023-01-14,completed
17282,2199,9,3,208,231,2024-01-05,completed
17283,1809,6,9,13,17,2024-11-16,completed
17284,4649,9,3,97,207,2023-02-19,completed
17285,3353,9,8,181,290,2025-07-07,completed
17286,1348,8,7,139,259,2024-06-24,in_transit
17287,1769,3,4,220,173,2024-06-05,completed
17288,3951,3,1,14,137,2024-03-12,completed
17289,3759,2,10,242,141,2023-04-11,completed
17290,2234,8,2,240,30,2024-08-08,in_transit
17291,3309,7,4,64,165,2024-05-16,completed
17292,504,4,1,132,190,2025-07-19,completed
17293,501,9,5,77,163,2024-06-15,cancelled
17294,2318,9,7,189,231,2024-05-09,completed
17295,2212,2,10,97,49,2023-05-15,in_transit
17296,3088,4,7,204,133,2024-02-17,completed
17297,693,1,10,114,126,2026-06-06,completed
17298,3323,4,10,161,209,2025-11-03,completed
17299,106,4,1,8,25,2026-03-28,completed
17300,3766,7,8,217,159,2023-07-02,cancelled
17301,4829,5,2,3,201,2023-04-29,completed
17302,4085,10,8,106,28,2024-06-17,cancelled
17303,4788,6,2,147,230,2024-11-15,completed
17304,2440,3,5,225,221,2024-06-11,completed
17305,366,7,9,1,109,2024-05-12,cancelled
17306,3657,4,5,56,208,2023-11-22,completed
17307,1702,9,10,253,137,2025-01-12,completed
17308,3003,2,4,89,159,2025-01-10,cancelled
17309,3659,1,6,90,32,2026-07-10,in_transit
17310,3263,9,1,107,107,2024-05-30,cancelled
17311,3095,7,2,174,120,2024-08-09,cancelled
17312,2480,6,8,252,141,2026-06-29,completed
17313,2521,4,5,258,139,2025-11-12,completed
17314,3053,1,5,152,285,2025-04-10,completed
17315,2923,2,10,220,79,2023-07-03,completed
17316,3323,9,7,286,69,2023-06-06,completed
17317,1808,8,10,122,184,2024-08-04,completed
17318,2402,3,6,234,42,2026-05-10,completed
17319,1207,3,2,289,280,2024-07-18,completed
17320,2022,9,8,30,242,2026-01-18,in_transit
17321,1146,4,6,113,14,2026-01-02,completed
17322,2773,10,6,58,184,2026-06-27,completed
17323,2147,7,6,204,216,2025-06-13,completed
17324,4422,5,1,233,56,2023-08-30,cancelled
17325,1932,7,4,120,155,2026-07-11,completed
17326,3609,5,3,269,234,2024-03-14,completed
17327,1608,3,10,221,129,2025-10-21,completed
17328,3257,1,9,134,20,2024-01-23,completed
17329,4134,8,2,294,239,2025-04-11,completed
17330,4444,6,5,86,97,2024-05-12,completed
17331,1294,2,5,88,151,2024-09-29,completed
17332,1538,1,3,201,27,2023-09-27,completed
17333,3217,8,5,74,64,2025-01-12,completed
17334,4780,10,6,213,229,2025-09-30,completed
17335,575,7,3,14,227,2025-12-24,completed
17336,1569,9,8,1,185,2023-01-28,completed
17337,3913,1,10,271,256,2025-06-13,completed
17338,4756,2,3,33,163,2024-03-27,completed
17339,3225,3,4,17,219,2023-06-10,cancelled
17340,1718,3,10,23,10,2025-11-06,completed
17341,3200,6,3,21,187,2024-12-02,completed
17342,626,10,5,79,222,2025-07-05,completed
17343,409,4,3,259,251,2026-05-22,cancelled
17344,1405,1,2,168,271,2024-10-14,completed
17345,388,9,5,23,153,2024-07-26,in_transit
17346,3504,2,1,223,42,2025-12-04,completed
17347,2949,3,1,241,229,2026-07-30,completed
17348,878,4,2,175,155,2024-09-30,completed
17349,1041,6,10,110,89,2023-04-25,completed
17350,1093,5,8,174,300,2026-07-01,cancelled
17351,1270,6,1,50,77,2026-03-09,completed
17352,3399,2,1,90,154,2024-02-10,completed
17353,4459,8,10,238,117,2026-02-26,cancelled
17354,1185,9,10,147,110,2024-04-15,completed
17355,3659,3,4,96,211,2026-01-09,completed
17356,4499,8,6,173,295,2023-10-01,completed
17357,2735,6,4,251,49,2025-11-11,completed
17358,19,1,9,6,281,2026-02-22,completed
17359,1286,4,9,295,251,2024-06-15,completed
17360,3065,3,1,76,296,2024-12-14,completed
17361,4610,7,4,208,78,2024-06-13,completed
17362,1452,2,3,14,205,2024-08-05,completed
17363,2913,3,7,93,86,2026-04-25,in_transit
17364,2374,10,5,129,143,2025-04-29,completed
17365,1985,10,1,112,211,2023-11-12,completed
17366,303,2,7,80,278,2026-03-10,completed
17367,4046,10,1,11,144,2025-04-08,in_transit
17368,878,1,5,199,146,2024-05-17,completed
17369,3438,6,1,242,34,2025-03-11,completed
17370,4696,1,10,21,193,2024-04-22,completed
17371,3965,1,6,213,197,2025-09-16,in_transit
17372,3472,3,9,128,184,2023-11-30,completed
17373,567,4,1,40,196,2025-03-26,completed
17374,2967,10,8,184,245,2025-03-08,cancelled
17375,2523,1,3,175,166,2023-01-14,completed
17376,2453,3,1,16,134,2023-11-19,completed
17377,4931,2,7,186,270,2023-05-07,in_transit
17378,4960,4,6,238,237,2026-01-29,completed
17379,1342,8,1,7,98,2026-02-26,completed
17380,4637,5,9,94,29,2025-08-29,cancelled
17381,4971,7,6,116,144,2024-12-01,in_transit
17382,809,2,9,57,110,2023-01-27,completed
17383,162,3,6,299,156,2026-03-08,completed
17384,2479,2,8,252,252,2025-07-14,in_transit
17385,518,2,8,288,82,2024-11-06,completed
17386,3394,4,1,119,109,2025-10-28,completed
17387,1747,1,6,90,128,2024-07-04,completed
17388,183,5,2,121,131,2025-02-23,completed
17389,4114,3,1,105,176,2023-03-29,completed
17390,68,10,2,7,61,2023-01-03,completed
17391,2880,1,3,124,142,2023-12-22,completed
17392,1022,9,3,65,15,2024-01-18,in_transit
17393,4646,10,9,184,111,2024-02-06,completed
17394,968,5,8,118,177,2024-01-28,completed
17395,806,5,10,232,72,2024-04-23,cancelled
17396,1060,8,7,229,119,2024-09-10,completed
17397,1145,7,1,86,221,2023-09-27,in_transit
17398,3477,3,6,82,197,2023-04-30,completed
17399,2908,8,10,105,218,2024-03-06,completed
17400,2083,10,3,176,66,2024-04-15,cancelled
17401,1171,7,5,187,205,2025-11-28,cancelled
17402,4851,3,7,20,93,2026-07-09,in_transit
17403,481,8,3,171,216,2024-12-12,in_transit
17404,1782,3,2,159,72,2025-12-02,completed
17405,1538,6,10,204,101,2026-03-15,completed
17406,3978,4,6,255,239,2026-03-21,completed
17407,667,6,4,263,252,2023-07-18,in_transit
17408,1553,9,6,122,179,2024-07-07,completed
17409,3338,8,10,36,259,2026-03-07,completed
17410,4166,5,3,149,126,2023-02-21,completed
17411,3378,4,2,124,197,2023-02-09,completed
17412,1722,1,9,211,258,2026-07-06,completed
17413,2678,9,5,253,143,2023-02-07,in_transit
17414,1092,7,9,139,252,2023-01-30,completed
17415,3152,6,5,162,191,2023-11-07,completed
17416,1488,3,6,189,157,2026-07-27,completed
17417,3911,3,9,291,281,2023-02-17,completed
17418,3495,9,10,71,29,2023-05-15,cancelled
17419,4888,4,8,4,139,2026-04-02,completed
17420,4493,10,2,214,271,2025-12-16,in_transit
17421,457,5,2,65,142,2025-03-23,completed
17422,368,9,10,251,66,2025-08-04,completed
17423,4890,7,1,290,135,2025-08-04,in_transit
17424,664,6,10,287,60,2023-05-31,completed
17425,3190,6,8,68,59,2025-11-18,completed
17426,3126,9,1,204,42,2025-01-11,completed
17427,965,10,8,33,134,2026-02-10,cancelled
17428,1763,8,9,268,300,2023-03-22,completed
17429,1138,5,4,245,30,2023-08-02,cancelled
17430,680,4,9,118,98,2024-10-12,in_transit
17431,2709,7,8,190,143,2024-07-06,completed
17432,4535,9,8,22,26,2026-01-05,cancelled
17433,3585,5,10,76,199,2026-01-10,in_transit
17434,2170,1,6,269,197,2023-01-11,completed
17435,3035,4,1,72,85,2023-06-25,completed
17436,3074,5,10,83,132,2024-11-27,completed
17437,63,8,9,211,253,2026-07-23,completed
17438,4494,9,7,108,137,2024-09-23,cancelled
17439,4780,4,1,144,102,2023-04-03,cancelled
17440,2211,9,8,159,65,2023-02-01,completed
17441,3160,2,9,197,68,2025-06-07,completed
17442,470,7,9,80,88,2026-06-10,in_transit
17443,3997,3,9,57,104,2025-10-20,completed
17444,4052,6,10,130,148,2023-03-06,cancelled
17445,3948,1,10,160,290,2024-09-06,in_transit
17446,3050,2,1,12,121,2025-11-17,completed
17447,3598,4,5,84,150,2023-11-07,completed
17448,2846,4,10,67,42,2023-03-10,completed
17449,3945,1,9,100,113,2026-07-16,completed
17450,862,9,8,81,138,2025-08-08,completed
17451,3619,2,9,109,223,2025-04-26,completed
17452,565,9,3,239,205,2025-02-18,completed
17453,1391,7,2,143,145,2025-09-13,completed
17454,1804,10,5,77,162,2025-07-17,completed
17455,1214,2,6,107,185,2025-04-08,completed
17456,4005,10,3,286,109,2025-01-29,completed
17457,2743,7,1,166,210,2023-08-17,completed
17458,4629,3,9,284,97,2026-02-16,completed
17459,346,2,3,185,223,2026-03-17,completed
17460,24,3,10,279,54,2024-09-28,completed
17461,4183,4,7,146,140,2026-04-07,completed
17462,3009,5,8,172,270,2024-07-23,completed
17463,2867,8,6,49,251,2024-06-10,completed
17464,4917,7,10,133,252,2024-11-14,completed
17465,88,1,9,185,35,2023-10-08,completed
17466,2050,3,5,219,286,2023-06-03,completed
17467,2676,6,9,284,282,2023-05-29,completed
17468,1115,8,7,89,83,2024-05-07,completed
17469,2146,8,9,213,261,2024-01-23,completed
17470,922,6,2,289,69,2025-03-26,completed
17471,2672,9,8,282,233,2025-03-24,in_transit
17472,4902,10,5,171,145,2023-08-01,completed
17473,4829,1,2,31,226,2025-08-24,completed
17474,245,1,8,175,286,2023-12-13,cancelled
17475,1818,5,4,118,172,2025-09-27,completed
17476,2890,6,7,140,160,2026-04-03,completed
17477,692,3,9,13,58,2023-03-25,completed
17478,3679,9,6,20,298,2026-02-26,cancelled
17479,3307,4,2,85,87,2025-04-30,completed
17480,5,10,8,214,259,2023-09-01,completed
17481,2583,4,8,217,53,2025-04-13,completed
17482,4361,3,6,145,281,2023-02-28,completed
17483,903,10,9,182,237,2026-06-27,completed
17484,3455,10,9,106,107,2023-11-10,completed
17485,2194,2,9,118,283,2025-12-29,in_transit
17486,1103,3,7,156,187,2025-08-29,completed
17487,4393,9,3,173,223,2024-03-24,completed
17488,1758,5,3,261,260,2024-03-15,completed
17489,4876,1,7,24,203,2025-07-17,completed
17490,3508,10,3,294,83,2024-11-26,in_transit
17491,1512,6,5,199,281,2026-02-01,cancelled
17492,375,1,9,139,272,2024-08-25,completed
17493,2141,5,1,109,270,2023-11-07,completed
17494,846,10,9,247,217,2025-02-28,completed
17495,3696,5,2,72,194,2025-02-19,cancelled
17496,4643,2,3,116,26,2023-11-28,completed
17497,4704,9,4,103,298,2024-08-04,completed
17498,4953,10,8,39,71,2024-03-22,completed
17499,3083,8,7,82,255,2023-02-14,completed
17500,50,6,7,299,32,2026-03-20,completed
17501,961,8,4,198,171,2024-11-26,completed
17502,4348,6,8,101,177,2024-08-10,in_transit
17503,523,8,10,139,213,2023-05-03,completed
17504,4461,7,1,45,188,2025-05-31,completed
17505,1841,2,6,92,32,2024-08-01,completed
17506,135,7,8,263,215,2026-03-31,completed
17507,2085,9,10,225,251,2025-01-19,completed
17508,2537,6,9,172,116,2025-12-03,completed
17509,4202,6,3,143,97,2023-04-07,in_transit
17510,700,4,10,22,226,2025-05-26,completed
17511,980,6,4,123,179,2025-01-23,cancelled
17512,2718,9,1,21,267,2023-01-22,completed
17513,2525,9,1,80,113,2026-07-22,in_transit
17514,3905,4,9,71,193,2026-04-28,completed
17515,1522,10,3,167,77,2024-06-16,completed
17516,669,5,6,176,81,2024-09-06,completed
17517,2396,8,1,267,293,2025-03-28,cancelled
17518,647,2,10,185,110,2026-05-20,cancelled
17519,57,1,10,214,292,2023-05-23,completed
17520,3915,9,4,232,110,2024-07-03,in_transit
17521,2429,10,4,134,271,2026-01-02,completed
17522,2510,7,1,143,182,2025-05-07,completed
17523,2378,3,9,95,228,2026-05-26,completed
17524,2591,2,6,101,53,2025-07-31,completed
17525,1062,6,9,45,124,2026-01-21,completed
17526,3870,6,4,84,228,2025-12-31,completed
17527,3135,1,5,281,122,2025-12-06,in_transit
17528,4941,1,6,55,284,2025-12-12,in_transit
17529,4627,1,4,133,254,2023-10-07,completed
17530,903,9,5,79,257,2024-06-19,completed
17531,3384,10,3,169,27,2026-02-05,completed
17532,897,3,10,113,210,2024-06-17,in_transit
17533,4118,10,3,265,90,2024-04-28,completed
17534,3228,8,5,173,15,2023-09-17,completed
17535,1431,9,5,46,52,2024-10-21,completed
17536,2474,6,8,238,125,2023-10-09,completed
17537,1120,9,10,132,11,2026-07-19,cancelled
17538,65,3,6,251,60,2024-03-03,completed
17539,90,6,3,93,252,2023-11-22,completed
17540,4950,5,7,112,106,2023-04-23,completed
17541,167,6,5,84,160,2024-09-09,completed
17542,4997,4,9,279,292,2024-03-21,cancelled
17543,4442,5,7,20,207,2023-06-17,in_transit
17544,3369,10,2,26,235,2023-07-03,completed
17545,1023,3,8,15,49,2025-11-08,cancelled
17546,2547,9,7,235,88,2025-01-31,cancelled
17547,3468,5,3,195,127,2025-02-25,completed
17548,4982,7,6,5,58,2026-06-29,completed
17549,830,3,5,185,168,2026-07-26,cancelled
17550,4433,9,1,224,116,2025-08-01,completed
17551,1866,7,1,192,119,2025-08-12,completed
17552,171,4,3,90,228,2026-03-14,completed
17553,1566,5,1,112,147,2026-01-22,completed
17554,4763,7,3,40,178,2023-08-07,completed
17555,1880,3,7,257,70,2026-04-08,completed
17556,531,8,10,22,51,2024-08-25,completed
17557,326,6,3,119,143,2026-06-19,completed
17558,711,8,10,130,260,2023-01-06,completed
17559,4332,3,9,18,172,2025-08-08,completed
17560,4895,5,2,86,28,2023-10-17,completed
17561,3309,1,9,67,37,2025-09-12,in_transit
17562,259,9,2,257,127,2023-09-06,completed
17563,1980,8,7,165,261,2026-06-04,completed
17564,2827,6,7,68,123,2026-07-18,completed
17565,224,6,4,229,43,2025-07-25,completed
17566,502,3,9,33,204,2026-03-03,completed
17567,4124,7,8,174,240,2026-06-27,completed
17568,918,8,9,262,39,2024-10-12,completed
17569,455,5,2,299,264,2026-04-23,completed
17570,569,3,1,5,186,2024-05-11,completed
17571,1584,10,5,48,276,2024-09-05,completed
17572,1933,10,7,117,86,2024-08-23,completed
17573,1689,1,7,25,231,2025-05-26,completed
17574,1183,10,7,238,62,2026-04-01,cancelled
17575,606,10,2,72,280,2024-10-21,cancelled
17576,1443,10,4,2,26,2023-02-14,completed
17577,2509,2,4,164,267,2023-05-31,completed
17578,464,5,6,173,157,2026-06-08,completed
17579,825,1,6,109,181,2026-04-05,completed
17580,1769,2,8,52,132,2025-02-05,completed
17581,3689,4,10,192,64,2023-12-15,completed
17582,3436,2,6,170,216,2024-09-07,completed
17583,1179,7,1,147,56,2024-11-28,cancelled
17584,4760,1,10,136,126,2026-07-04,completed
17585,4667,9,7,116,140,2024-07-26,completed
17586,1185,10,1,18,197,2023-11-29,completed
17587,4020,2,7,97,88,2026-04-02,completed
17588,4974,4,10,40,221,2024-06-10,completed
17589,4197,2,6,118,110,2023-03-10,completed
17590,776,1,3,94,49,2024-09-01,completed
17591,871,5,7,237,206,2024-05-22,completed
17592,2415,3,7,219,165,2023-10-09,completed
17593,1073,2,8,283,243,2025-11-21,cancelled
17594,1309,5,3,133,270,2026-07-24,completed
17595,447,2,8,174,108,2026-01-01,completed
17596,3511,5,6,16,176,2023-08-13,completed
17597,848,1,4,66,183,2024-12-06,completed
17598,3140,10,6,16,79,2026-02-16,completed
17599,4240,7,4,113,235,2023-03-11,completed
17600,3646,6,8,198,214,2026-03-10,completed
17601,1792,3,5,209,57,2025-09-25,completed
17602,4305,2,7,220,223,2024-04-12,completed
17603,3251,6,3,239,108,2023-03-04,completed
17604,1852,7,6,150,224,2026-01-30,cancelled
17605,99,9,6,165,83,2023-12-25,cancelled
17606,3888,6,1,181,212,2024-10-06,cancelled
17607,2203,1,8,98,138,2024-08-08,completed
17608,2970,10,1,231,29,2023-10-22,in_transit
17609,4873,2,8,143,178,2026-06-14,completed
17610,2753,2,1,103,50,2025-06-18,completed
17611,1567,6,8,260,63,2025-09-12,completed
17612,202,8,4,34,156,2025-04-29,completed
17613,447,2,1,227,251,2025-11-04,cancelled
17614,3300,10,6,236,200,2025-08-06,completed
17615,594,9,3,186,79,2026-06-24,cancelled
17616,4587,8,5,300,69,2026-02-22,completed
17617,4189,8,7,108,198,2023-02-09,completed
17618,278,6,10,29,159,2023-11-16,completed
17619,1488,2,6,217,276,2023-08-25,completed
17620,594,6,2,74,300,2026-02-17,completed
17621,4255,1,3,81,205,2025-01-08,completed
17622,2982,4,10,270,109,2024-06-22,completed
17623,4888,1,10,253,280,2024-10-16,cancelled
17624,286,7,10,275,76,2023-07-09,completed
17625,1902,2,4,209,117,2023-04-26,completed
17626,1221,9,4,195,269,2025-11-12,in_transit
17627,420,4,3,83,184,2025-03-23,in_transit
17628,3024,8,4,123,288,2025-11-16,completed
17629,2600,6,1,156,116,2023-10-04,completed
17630,4893,1,9,5,155,2024-04-14,completed
17631,1199,2,10,80,120,2026-04-16,completed
17632,86,8,7,240,78,2024-08-05,completed
17633,460,6,8,51,92,2026-05-02,completed
17634,2677,8,7,119,165,2026-07-18,in_transit
17635,2170,10,6,168,131,2023-08-20,cancelled
17636,2003,10,9,184,114,2023-08-15,completed
17637,551,8,3,89,279,2023-07-07,completed
17638,3466,8,5,220,159,2023-06-12,cancelled
17639,2908,2,1,5,56,2025-05-08,cancelled
17640,2547,9,10,81,38,2025-04-17,completed
17641,4928,2,5,297,97,2026-07-18,completed
17642,4036,7,3,277,211,2024-12-18,completed
17643,2484,6,9,280,87,2024-01-31,completed
17644,3196,4,7,50,146,2025-01-08,completed
17645,755,2,4,79,117,2025-08-13,cancelled
17646,166,3,7,121,34,2024-03-25,completed
17647,555,6,4,190,34,2025-04-14,completed
17648,2175,2,9,281,54,2025-02-02,cancelled
17649,2434,6,9,9,215,2025-06-26,in_transit
17650,3414,3,1,23,96,2023-02-05,completed
17651,3728,1,4,64,56,2026-05-03,in_transit
17652,4767,9,6,161,196,2025-03-06,completed
17653,4303,1,2,274,16,2024-07-12,completed
17654,2640,3,5,86,55,2025-07-17,completed
17655,1884,9,4,267,148,2025-01-21,in_transit
17656,2703,10,4,269,209,2023-04-22,cancelled
17657,3263,6,3,144,45,2025-02-24,completed
17658,3215,7,8,230,190,2025-11-27,completed
17659,4347,2,10,147,69,2025-10-30,completed
17660,1662,8,6,18,31,2025-11-14,completed
17661,506,5,8,53,118,2023-06-08,completed
17662,724,6,9,87,280,2024-06-30,cancelled
17663,226,5,9,280,185,2023-06-18,cancelled
17664,513,1,6,87,69,2024-10-02,completed
17665,4257,10,3,101,288,2023-01-22,completed
17666,1767,5,6,200,247,2026-05-01,completed
17667,2723,5,9,69,94,2023-10-11,cancelled
17668,2635,5,1,172,228,2025-01-17,completed
17669,4333,3,6,274,243,2025-03-12,completed
17670,1921,5,9,223,119,2025-01-09,completed
17671,2704,6,8,4,275,2024-11-03,cancelled
17672,3860,1,4,142,183,2024-10-12,completed
17673,1421,1,2,237,183,2024-02-11,completed
17674,1672,7,1,153,141,2023-01-22,completed
17675,2084,5,6,245,275,2023-01-18,completed
17676,2968,4,5,279,204,2024-11-07,completed
17677,4190,5,3,51,27,2023-04-06,completed
17678,1869,10,8,101,99,2024-09-17,completed
17679,495,1,10,272,280,2024-11-04,completed
17680,199,10,3,67,134,2025-11-04,completed
17681,2243,7,1,130,186,2026-02-12,in_transit
17682,3075,10,8,26,61,2025-10-13,completed
17683,852,3,9,229,283,2023-01-19,completed
17684,4928,1,5,226,215,2025-04-05,completed
17685,3616,3,8,63,126,2024-12-20,cancelled
17686,3180,9,10,18,122,2024-11-06,completed
17687,4756,9,3,227,266,2026-07-13,cancelled
17688,3903,8,9,245,73,2023-11-01,cancelled
17689,1289,8,2,229,184,2024-05-05,completed
17690,142,4,6,298,279,2024-05-22,completed
17691,4426,2,9,171,92,2025-10-02,completed
17692,3031,4,2,112,80,2023-06-02,in_transit
17693,874,4,10,179,230,2023-05-19,completed
17694,4340,6,1,77,171,2023-03-08,completed
17695,2041,1,8,296,203,2023-06-24,cancelled
17696,2349,4,1,243,29,2023-05-31,completed
17697,1107,6,5,19,110,2023-08-01,in_transit
17698,2743,6,9,222,61,2026-06-14,completed
17699,435,1,8,105,172,2023-12-24,completed
17700,679,6,8,261,85,2023-10-18,completed
17701,3984,6,3,22,55,2025-09-16,completed
17702,3320,10,1,213,263,2025-04-14,completed
17703,3393,4,3,231,293,2026-01-07,completed
17704,388,1,6,116,40,2023-07-19,cancelled
17705,2523,5,3,12,253,2023-10-22,completed
17706,444,4,10,72,296,2023-10-12,completed
17707,1604,7,4,173,276,2023-04-14,in_transit
17708,1558,9,5,1,122,2023-02-25,completed
17709,4903,4,10,266,191,2024-10-25,completed
17710,2747,1,8,166,55,2026-05-02,completed
17711,575,9,7,156,196,2025-11-04,completed
17712,4227,9,10,102,63,2023-07-08,completed
17713,4604,6,8,139,220,2023-12-22,completed
17714,1557,5,10,152,278,2026-03-16,in_transit
17715,2561,8,5,224,221,2026-02-26,completed
17716,3435,3,8,32,197,2024-03-19,completed
17717,57,1,4,126,226,2025-07-06,cancelled
17718,4695,3,2,210,223,2024-07-11,cancelled
17719,3918,5,2,129,95,2024-10-15,completed
17720,2945,2,8,161,234,2025-01-23,completed
17721,3318,4,1,199,79,2024-11-13,completed
17722,2633,4,8,78,156,2025-01-15,completed
17723,3377,2,3,102,94,2025-10-26,completed
17724,1807,3,9,66,60,2026-02-15,completed
17725,1085,9,6,78,249,2024-04-02,completed
17726,1512,1,9,62,207,2024-01-29,completed
17727,2184,8,10,226,27,2023-09-14,completed
17728,1275,6,3,135,167,2023-06-26,completed
17729,1052,7,2,259,296,2025-02-16,completed
17730,4502,8,9,180,138,2024-05-10,completed
17731,2703,4,1,293,171,2024-04-30,completed
17732,1258,6,2,28,266,2024-02-09,completed
17733,4314,10,8,211,73,2024-03-14,completed
17734,4985,8,7,77,110,2025-06-13,cancelled
17735,3189,3,2,85,288,2026-04-05,completed
17736,4075,5,3,44,245,2024-06-08,completed
17737,792,6,10,266,210,2023-04-04,cancelled
17738,2059,6,3,74,31,2025-10-28,in_transit
17739,576,8,7,193,24,2025-11-11,completed
17740,97,1,9,153,35,2023-05-20,completed
17741,1035,5,7,230,270,2023-09-06,completed
17742,291,6,10,82,91,2024-05-21,cancelled
17743,2563,5,1,233,240,2023-04-09,completed
17744,4063,3,6,135,199,2024-02-04,completed
17745,2466,2,1,174,243,2024-02-03,completed
17746,68,9,3,159,158,2023-05-11,completed
17747,1629,8,5,6,262,2024-06-14,completed
17748,2032,3,9,74,125,2026-02-05,completed
17749,3636,7,5,120,232,2024-09-16,completed
17750,3650,1,5,143,253,2024-07-17,completed
17751,4552,9,1,36,11,2024-06-30,completed
17752,2016,5,10,131,224,2026-02-15,completed
17753,4857,9,7,27,178,2026-01-03,completed
17754,2617,1,6,283,217,2024-05-13,completed
17755,1300,7,3,298,272,2025-02-13,completed
17756,2041,10,2,19,32,2023-03-10,completed
17757,4523,9,4,99,120,2024-09-24,completed
17758,3633,1,3,221,261,2024-12-02,completed
17759,1329,6,3,42,107,2025-12-09,cancelled
17760,1263,1,2,189,57,2023-02-05,cancelled
17761,1919,9,8,177,11,2024-03-05,completed
17762,3269,4,9,209,124,2023-10-20,completed
17763,2379,10,1,300,112,2023-02-05,completed
17764,3268,5,8,111,202,2024-03-02,completed
17765,4717,9,5,242,123,2026-05-19,completed
17766,2630,2,7,273,23,2023-02-24,completed
17767,3043,8,6,261,107,2024-03-13,cancelled
17768,3005,9,3,264,119,2025-01-15,completed
17769,1183,9,8,100,176,2023-07-25,completed
17770,1618,10,4,236,164,2024-06-27,completed
17771,633,1,10,242,274,2023-03-11,completed
17772,2882,5,9,161,218,2023-04-28,completed
17773,4016,7,6,283,212,2026-04-12,completed
17774,4400,4,7,11,79,2024-09-20,completed
17775,3663,9,8,207,183,2023-12-10,completed
17776,1792,8,5,219,210,2026-01-20,completed
17777,3120,2,4,70,259,2026-01-04,in_transit
17778,1936,9,7,80,254,2023-10-16,completed
17779,4334,4,7,213,126,2024-07-29,completed
17780,4092,8,6,122,249,2023-04-14,completed
17781,1587,1,5,31,283,2024-12-05,completed
17782,3654,1,2,61,194,2026-03-11,completed
17783,1293,6,10,78,171,2024-08-27,completed
17784,39,9,2,63,134,2026-04-13,cancelled
17785,1193,3,1,89,248,2023-01-01,completed
17786,3251,6,4,59,106,2024-07-16,completed
17787,113,6,1,221,170,2025-10-03,completed
17788,4432,7,3,172,87,2024-11-03,completed
17789,3511,10,5,49,79,2026-01-17,completed
17790,2799,4,3,113,58,2024-11-23,completed
17791,664,7,3,277,93,2026-01-14,completed
17792,3749,2,4,11,118,2025-09-27,completed
17793,3827,5,1,17,163,2025-04-04,completed
17794,1081,7,6,143,147,2024-05-06,completed
17795,2105,8,2,174,88,2023-11-10,cancelled
17796,3593,7,2,196,16,2026-06-04,completed
17797,1922,4,8,226,178,2024-04-19,in_transit
17798,888,8,10,52,77,2025-11-16,in_transit
17799,3204,3,2,108,103,2024-03-25,completed
17800,291,5,10,80,51,2026-05-21,completed
17801,3695,4,10,266,182,2023-06-16,completed
17802,3118,4,5,236,217,2023-08-16,completed
17803,519,4,7,189,234,2026-03-18,completed
17804,3995,6,3,106,21,2023-01-21,completed
17805,2666,4,5,65,222,2024-12-03,in_transit
17806,4426,9,1,25,188,2025-07-15,completed
17807,531,6,9,111,91,2024-05-14,completed
17808,4839,8,7,193,273,2023-04-29,completed
17809,2810,2,5,157,291,2023-05-14,in_transit
17810,2908,2,5,192,60,2023-09-25,completed
17811,636,10,2,23,282,2023-11-06,completed
17812,349,5,7,115,112,2026-06-29,completed
17813,472,8,3,226,284,2025-04-07,completed
17814,4910,9,3,80,157,2024-01-10,cancelled
17815,1014,9,3,141,151,2023-06-03,completed
17816,4266,8,5,217,111,2023-08-24,cancelled
17817,800,6,9,180,257,2023-06-15,completed
17818,2792,1,7,164,26,2026-02-19,completed
17819,1996,5,8,39,92,2025-12-04,completed
17820,1306,3,1,133,104,2023-09-04,completed
17821,1494,2,3,134,155,2025-09-29,completed
17822,415,7,4,63,43,2024-07-21,completed
17823,351,10,2,149,192,2024-03-05,completed
17824,3431,5,2,48,226,2023-12-30,completed
17825,2785,1,9,233,251,2025-11-08,cancelled
17826,4462,2,9,104,48,2024-09-19,in_transit
17827,159,5,9,291,33,2023-04-30,completed
17828,3128,1,9,24,106,2025-11-08,completed
17829,1214,1,5,212,47,2024-11-21,completed
17830,289,7,5,59,76,2025-07-05,completed
17831,453,9,5,288,232,2024-02-01,in_transit
17832,2678,3,1,71,63,2025-03-15,completed
17833,2206,7,6,260,188,2025-03-17,completed
17834,756,3,2,129,111,2026-07-03,completed
17835,4073,6,9,152,204,2024-08-01,completed
17836,2051,7,6,174,269,2024-05-24,in_transit
17837,2199,4,1,292,280,2023-03-07,in_transit
17838,2691,4,9,197,40,2024-10-20,completed
17839,2914,3,9,176,232,2025-05-05,completed
17840,4789,8,1,125,224,2023-12-03,completed
17841,206,6,4,196,233,2024-05-27,completed
17842,1285,7,2,253,237,2024-05-02,completed
17843,3356,6,3,116,154,2026-03-19,completed
17844,3348,7,4,257,35,2024-11-07,completed
17845,225,2,10,194,93,2023-07-22,in_transit
17846,4856,6,2,266,176,2023-10-02,cancelled
17847,2141,3,7,225,179,2024-04-11,completed
17848,205,9,6,205,222,2025-12-29,completed
17849,4363,8,7,68,153,2024-02-23,completed
17850,3985,10,9,245,103,2025-03-02,completed
17851,4950,10,9,174,230,2026-02-25,completed
17852,3366,3,8,99,191,2023-02-19,cancelled
17853,2329,8,9,290,114,2023-06-15,completed
17854,2089,1,9,253,190,2024-07-16,completed
17855,4196,10,1,281,276,2026-02-03,in_transit
17856,3995,10,1,217,137,2024-02-04,completed
17857,3273,4,10,267,252,2023-01-22,completed
17858,2087,4,7,117,116,2023-02-20,completed
17859,4973,4,6,162,139,2026-03-14,completed
17860,2670,7,5,108,246,2026-02-16,completed
17861,888,4,5,272,33,2023-05-04,completed
17862,3108,10,2,11,279,2025-05-18,completed
17863,4155,9,7,296,132,2023-05-10,in_transit
17864,935,10,7,242,137,2026-07-13,completed
17865,2227,8,7,255,16,2026-07-09,completed
17866,231,6,9,126,284,2024-04-10,completed
17867,3499,8,1,214,223,2023-10-20,completed
17868,4070,6,7,57,112,2024-02-01,completed
17869,1509,9,7,172,214,2024-08-19,completed
17870,819,2,7,300,188,2024-09-08,in_transit
17871,2681,6,9,223,97,2023-10-06,completed
17872,3703,10,5,99,152,2024-05-27,completed
17873,3654,6,9,87,61,2025-09-30,in_transit
17874,412,10,6,171,29,2025-11-10,completed
17875,1204,6,5,50,110,2025-02-09,in_transit
17876,3253,6,7,147,276,2024-08-02,completed
17877,34,4,3,170,223,2024-04-17,completed
17878,3106,2,8,152,133,2024-11-13,completed
17879,3720,3,4,26,180,2024-05-05,cancelled
17880,3082,7,9,266,175,2025-08-15,completed
17881,978,5,6,267,168,2025-07-12,completed
17882,4749,2,5,171,21,2024-02-13,completed
17883,640,6,5,31,142,2024-11-29,completed
17884,989,4,6,17,92,2023-09-14,in_transit
17885,936,10,4,246,222,2025-08-21,completed
17886,4744,6,3,124,62,2025-10-21,completed
17887,2122,3,2,56,153,2024-05-29,completed
17888,3228,1,4,191,277,2024-05-24,completed
17889,3071,10,3,256,71,2025-05-13,completed
17890,798,5,4,25,136,2026-03-22,completed
17891,2694,7,1,241,150,2025-05-31,completed
17892,3931,1,6,253,51,2026-02-11,completed
17893,4083,6,10,8,145,2025-09-09,completed
17894,2840,6,3,154,113,2023-07-14,cancelled
17895,1096,1,5,149,79,2025-02-10,completed
17896,2154,4,2,289,224,2024-02-20,completed
17897,375,7,8,131,298,2024-03-12,completed
17898,3597,3,10,161,200,2023-08-24,cancelled
17899,130,4,3,126,228,2023-03-27,completed
17900,695,4,10,215,18,2026-01-25,completed
17901,3499,1,9,283,62,2023-07-29,in_transit
17902,4259,3,6,193,103,2025-10-24,completed
17903,2577,9,7,167,201,2023-10-07,completed
17904,3053,7,2,60,278,2025-03-15,cancelled
17905,1465,8,9,136,271,2024-05-05,completed
17906,4251,5,3,44,12,2026-01-27,completed
17907,1844,10,8,109,94,2025-04-17,completed
17908,453,2,1,208,44,2025-01-27,completed
17909,4168,3,7,298,297,2025-09-25,cancelled
17910,1522,8,10,74,116,2025-07-12,completed
17911,202,1,8,258,219,2024-06-23,completed
17912,3752,6,5,235,19,2025-04-18,completed
17913,4172,10,1,26,74,2023-11-30,completed
17914,3059,6,4,92,141,2025-11-11,completed
17915,3274,10,1,90,202,2023-11-09,completed
17916,655,3,2,128,202,2024-02-20,completed
17917,3540,7,6,99,231,2026-06-25,cancelled
17918,3482,2,9,175,113,2026-02-03,completed
17919,4606,10,2,109,17,2023-04-24,completed
17920,69,2,8,116,172,2023-08-24,cancelled
17921,2438,9,3,110,269,2023-04-15,cancelled
17922,18,9,10,120,229,2025-12-08,cancelled
17923,1525,9,6,113,205,2024-08-01,cancelled
17924,886,3,1,36,17,2025-09-24,cancelled
17925,3037,1,10,176,286,2024-01-25,completed
17926,2397,3,7,169,70,2025-01-26,cancelled
17927,4584,4,3,179,145,2024-03-22,completed
17928,1319,3,10,236,73,2023-04-22,completed
17929,4921,5,3,277,277,2023-10-24,cancelled
17930,2803,6,9,63,82,2025-11-30,completed
17931,1550,9,2,66,187,2026-04-25,in_transit
17932,2584,9,3,230,173,2025-12-09,in_transit
17933,2068,7,5,214,160,2023-05-13,cancelled
17934,2657,3,5,49,152,2023-10-22,completed
17935,3623,7,2,264,220,2024-06-02,completed
17936,1395,6,8,222,32,2023-09-14,completed
17937,3285,5,10,219,124,2023-07-15,completed
17938,1184,5,3,46,134,2023-02-15,completed
17939,4344,7,10,31,14,2026-07-05,completed
17940,2274,2,5,42,150,2024-04-20,completed
17941,3206,6,10,151,292,2023-11-17,completed
17942,3700,4,10,184,293,2024-02-03,completed
17943,89,10,2,228,31,2024-12-14,completed
17944,1298,3,2,208,105,2025-06-12,completed
17945,4367,10,9,158,72,2026-02-18,completed
17946,475,6,7,130,53,2025-05-10,completed
17947,4853,5,10,99,39,2023-01-26,completed
17948,566,6,4,167,130,2023-01-29,in_transit
17949,118,9,10,260,43,2025-06-20,completed
17950,1788,10,3,102,297,2026-03-18,cancelled
17951,2998,6,5,164,77,2025-10-28,in_transit
17952,2698,2,3,220,265,2024-01-29,completed
17953,3531,1,4,67,99,2024-10-13,completed
17954,2293,7,8,211,66,2024-04-30,in_transit
17955,1797,7,2,215,276,2025-05-22,completed
17956,831,2,7,123,73,2023-04-01,completed
17957,1695,3,10,121,237,2024-10-23,completed
17958,3762,3,5,51,196,2025-02-07,cancelled
17959,2156,10,8,200,48,2023-09-25,completed
17960,4455,8,6,147,232,2025-10-12,completed
17961,4739,10,7,121,174,2025-12-27,completed
17962,2206,4,7,27,82,2025-07-15,completed
17963,1141,7,4,252,109,2026-06-15,completed
17964,2218,4,2,117,257,2024-10-20,completed
17965,1341,9,1,10,227,2025-10-23,completed
17966,1089,1,4,107,57,2024-07-07,completed
17967,2161,7,2,125,225,2025-01-18,completed
17968,4179,6,2,47,235,2024-11-15,completed
17969,1098,1,7,291,280,2023-11-16,completed
17970,880,4,5,7,183,2025-05-11,cancelled
17971,3070,2,7,104,287,2025-07-23,completed
17972,440,8,2,300,109,2025-09-02,in_transit
17973,3611,6,8,226,259,2025-07-14,completed
17974,3601,7,1,122,231,2023-06-14,completed
17975,4328,9,6,17,113,2025-09-13,completed
17976,2297,9,10,212,56,2025-04-02,completed
17977,3266,8,6,43,165,2024-10-07,completed
17978,4964,3,10,258,73,2024-02-08,completed
17979,835,5,6,151,112,2026-06-18,completed
17980,4032,9,2,36,41,2025-09-16,completed
17981,3681,5,6,118,37,2023-05-29,completed
17982,3440,4,7,227,133,2025-10-10,completed
17983,2077,4,5,79,105,2025-02-26,in_transit
17984,3125,10,6,207,190,2023-05-16,cancelled
17985,1558,6,7,194,97,2026-04-12,in_transit
17986,4417,9,8,132,76,2026-06-08,completed
17987,4978,5,10,251,269,2023-11-04,completed
17988,2294,5,2,28,115,2023-06-05,cancelled
17989,2133,9,4,97,144,2024-12-22,completed
17990,4430,5,6,161,56,2024-12-07,completed
17991,1128,5,1,253,156,2023-05-17,completed
17992,4462,8,7,248,239,2026-02-25,completed
17993,1565,9,1,233,212,2024-02-02,completed
17994,1155,4,10,287,178,2024-07-12,completed
17995,2432,2,10,247,67,2023-12-04,completed
17996,4911,7,6,182,201,2024-01-01,completed
17997,4638,7,9,146,271,2023-11-09,completed
17998,1263,1,7,60,236,2025-08-17,completed
17999,4226,7,6,161,283,2023-12-18,completed
18000,4048,2,6,2,78,2024-06-04,completed
18001,1482,9,4,246,223,2025-12-10,completed
18002,1909,8,6,18,188,2026-04-04,completed
18003,3128,8,9,183,284,2023-08-21,in_transit
18004,214,2,4,16,46,2023-08-01,completed
18005,343,2,7,127,82,2024-04-15,completed
18006,4772,10,9,130,188,2025-06-24,completed
18007,1136,7,10,210,262,2025-08-06,completed
18008,1167,7,5,70,42,2025-05-21,completed
18009,1121,6,3,229,17,2024-01-13,in_transit
18010,2185,10,3,236,61,2025-06-19,cancelled
18011,3174,10,6,77,151,2025-05-27,completed
18012,1867,5,1,295,84,2023-09-13,completed
18013,207,6,7,25,16,2025-11-11,completed
18014,1327,8,2,276,133,2023-12-25,completed
18015,1259,4,5,251,117,2024-05-03,completed
18016,2772,1,10,116,86,2025-02-24,cancelled
18017,4897,8,5,247,51,2025-10-19,completed
18018,1380,4,2,124,288,2024-04-10,completed
18019,2339,4,6,196,104,2023-11-24,completed
18020,208,3,2,240,162,2025-11-12,completed
18021,4826,10,6,98,81,2024-07-12,completed
18022,1365,1,4,269,269,2023-05-18,completed
18023,1413,7,1,91,96,2025-10-31,completed
18024,2903,5,4,284,39,2025-03-16,completed
18025,3715,4,3,164,186,2023-07-07,completed
18026,4584,9,1,84,98,2023-05-12,cancelled
18027,1701,1,7,149,39,2023-06-22,completed
18028,3277,5,10,232,34,2025-05-31,completed
18029,4596,10,7,115,151,2025-04-17,cancelled
18030,1789,9,7,182,223,2024-05-04,completed
18031,2159,5,3,11,164,2024-03-22,cancelled
18032,1047,2,9,183,205,2023-08-20,completed
18033,3269,2,4,8,214,2023-05-02,completed
18034,2311,4,6,122,138,2026-03-10,completed
18035,3531,9,8,153,267,2025-02-20,in_transit
18036,4133,5,6,201,86,2026-05-14,completed
18037,2638,2,5,243,247,2024-12-26,completed
18038,2939,5,10,169,109,2023-04-04,completed
18039,3518,1,4,175,155,2024-05-06,completed
18040,1990,5,10,188,90,2024-07-06,completed
18041,956,10,9,148,258,2024-02-01,completed
18042,4379,6,8,9,71,2024-05-07,completed
18043,4463,2,7,167,79,2025-04-16,in_transit
18044,4824,10,9,104,275,2023-12-13,completed
18045,4670,4,1,31,197,2025-11-11,completed
18046,521,5,4,33,154,2025-11-23,completed
18047,2884,9,2,111,94,2025-12-24,completed
18048,3645,4,8,8,264,2024-03-04,completed
18049,2810,2,1,212,19,2024-03-24,completed
18050,82,4,5,175,56,2026-07-22,cancelled
18051,1285,5,1,76,193,2026-02-07,completed
18052,4150,3,8,89,41,2026-04-02,completed
18053,500,4,10,90,123,2024-06-07,in_transit
18054,447,10,4,249,170,2025-07-28,completed
18055,2717,10,5,75,11,2024-12-17,in_transit
18056,1987,7,2,234,259,2023-08-30,completed
18057,823,6,8,126,43,2023-09-03,completed
18058,4660,8,3,300,135,2024-09-24,completed
18059,803,10,7,266,83,2023-01-20,completed
18060,1784,9,3,122,19,2023-02-26,completed
18061,4006,4,6,196,55,2024-08-18,in_transit
18062,61,7,3,194,31,2026-04-04,completed
18063,2886,1,4,181,85,2026-01-02,completed
18064,2984,6,3,292,79,2025-10-30,completed
18065,1658,6,2,77,129,2024-08-24,cancelled
18066,3694,9,1,52,76,2023-04-04,completed
18067,3781,8,7,187,34,2026-05-14,completed
18068,3236,4,9,185,237,2023-07-11,completed
18069,4647,1,2,205,79,2025-05-03,in_transit
18070,1056,4,9,83,39,2024-08-02,completed
18071,4744,4,9,207,75,2024-06-21,completed
18072,4492,3,10,148,165,2025-10-24,completed
18073,1934,3,9,294,37,2025-06-16,in_transit
18074,2686,8,6,272,214,2026-04-20,completed
18075,3939,6,2,258,142,2024-05-25,in_transit
18076,1618,4,10,185,123,2024-10-20,completed
18077,768,3,4,56,267,2023-10-14,completed
18078,590,3,6,155,71,2023-01-11,completed
18079,2921,4,6,223,17,2023-05-14,cancelled
18080,4786,10,6,271,184,2026-06-27,completed
18081,2768,5,8,87,11,2024-11-19,completed
18082,2179,6,7,53,38,2024-10-04,completed
18083,313,1,7,172,208,2023-03-27,completed
18084,1234,9,3,69,260,2025-09-21,completed
18085,2895,4,8,21,44,2023-05-28,completed
18086,3108,8,7,296,252,2024-08-29,completed
18087,541,5,4,6,52,2024-09-11,completed
18088,2864,1,8,7,171,2025-01-10,completed
18089,493,3,2,217,132,2025-06-02,cancelled
18090,1144,7,2,272,218,2025-08-22,completed
18091,3039,9,5,291,246,2024-10-03,in_transit
18092,2547,4,5,191,180,2025-03-22,completed
18093,4487,2,7,141,88,2024-01-07,completed
18094,4118,2,6,68,265,2024-03-15,completed
18095,575,6,5,183,72,2025-01-06,completed
18096,2367,8,5,106,242,2025-01-24,completed
18097,195,7,9,152,37,2023-09-06,in_transit
18098,4788,5,9,124,261,2023-12-02,completed
18099,1176,2,1,121,230,2023-03-15,completed
18100,4582,5,8,143,160,2024-05-06,completed
18101,3166,3,8,240,65,2024-10-20,in_transit
18102,3748,6,9,94,221,2024-03-25,completed
18103,3208,1,8,228,188,2025-07-04,completed
18104,770,9,5,244,60,2025-11-16,completed
18105,2487,2,6,99,255,2024-07-27,completed
18106,485,4,7,178,51,2023-02-15,completed
18107,1600,6,9,249,61,2026-03-29,completed
18108,2370,9,7,119,13,2025-08-16,completed
18109,3267,3,1,156,130,2023-01-25,in_transit
18110,1526,6,4,181,42,2023-07-24,completed
18111,717,5,10,47,68,2025-05-05,completed
18112,2052,10,2,282,147,2024-11-26,completed
18113,1689,1,7,120,120,2023-10-29,completed
18114,947,4,1,3,132,2024-02-02,completed
18115,2096,7,6,33,155,2025-04-20,completed
18116,1636,4,8,30,240,2023-08-26,completed
18117,3824,10,1,46,20,2026-04-01,completed
18118,4020,10,1,16,105,2023-02-15,completed
18119,695,10,2,123,31,2025-12-19,completed
18120,2951,2,5,230,159,2024-12-15,completed
18121,3278,4,7,202,243,2024-04-05,completed
18122,3262,10,4,218,49,2026-05-02,cancelled
18123,4689,5,3,172,153,2024-07-14,cancelled
18124,3356,1,5,121,85,2023-12-05,completed
18125,4553,6,3,265,227,2026-06-15,completed
18126,3211,6,8,277,298,2023-09-05,completed
18127,1911,6,10,217,193,2025-05-03,completed
18128,4472,3,1,203,173,2024-10-13,in_transit
18129,3239,3,7,149,174,2026-03-31,completed
18130,1460,7,8,105,294,2024-02-20,completed
18131,2003,3,2,214,132,2024-07-23,completed
18132,2180,8,6,65,131,2025-09-04,cancelled
18133,3999,9,5,163,100,2024-01-14,in_transit
18134,1118,1,5,66,96,2024-01-11,cancelled
18135,960,8,5,248,40,2026-03-11,completed
18136,4487,7,5,83,206,2025-01-04,completed
18137,315,6,5,293,170,2025-10-11,completed
18138,1631,6,9,7,264,2025-07-22,completed
18139,2526,5,7,19,275,2023-01-29,completed
18140,4708,6,5,125,32,2025-01-28,completed
18141,1852,1,9,127,295,2023-08-31,cancelled
18142,1798,3,6,181,242,2025-06-06,completed
18143,1750,6,5,153,67,2024-10-05,completed
18144,974,7,6,198,208,2025-05-17,completed
18145,1366,9,5,29,36,2023-04-17,completed
18146,3461,6,5,45,114,2026-03-02,completed
18147,2015,2,4,251,145,2024-06-06,completed
18148,3010,9,8,237,213,2026-06-09,cancelled
18149,449,6,10,148,81,2025-11-10,completed
18150,2484,5,2,43,268,2023-06-15,completed
18151,396,5,9,142,211,2026-04-03,completed
18152,2299,2,4,218,136,2024-08-29,completed
18153,4608,9,5,4,35,2023-06-19,completed
18154,271,10,7,178,251,2024-07-11,completed
18155,814,2,9,126,211,2023-08-23,completed
18156,1392,7,9,43,174,2023-08-03,completed
18157,1089,5,7,189,104,2023-07-05,completed
18158,1792,6,2,177,76,2025-06-24,cancelled
18159,4861,4,3,77,283,2025-07-30,completed
18160,1931,7,10,132,183,2024-04-14,completed
18161,1727,7,4,279,219,2024-02-04,completed
18162,841,3,5,166,96,2026-02-12,completed
18163,2870,5,8,193,291,2024-11-04,completed
18164,1006,4,5,22,98,2024-04-05,completed
18165,1519,2,8,108,44,2026-02-09,completed
18166,4693,9,6,133,142,2024-04-26,completed
18167,3991,6,10,126,247,2026-06-26,in_transit
18168,2719,4,7,179,291,2025-06-16,completed
18169,2281,9,8,26,112,2024-04-27,cancelled
18170,3145,3,6,163,53,2023-11-18,completed
18171,3666,7,6,37,167,2024-05-22,completed
18172,4498,1,7,30,127,2025-01-06,completed
18173,1618,3,10,229,199,2024-01-31,in_transit
18174,155,8,10,133,255,2024-10-04,completed
18175,4146,10,7,75,273,2025-09-16,completed
18176,1570,6,1,33,246,2024-02-06,completed
18177,4821,9,10,85,140,2025-03-02,completed
18178,525,7,2,73,109,2023-08-05,in_transit
18179,2690,2,6,95,185,2023-07-31,completed
18180,3355,7,10,212,183,2026-06-28,completed
18181,2731,5,8,30,88,2023-12-21,completed
18182,971,10,8,132,207,2023-05-21,cancelled
18183,1932,6,8,63,263,2025-02-26,completed
18184,1425,8,1,45,121,2023-07-01,completed
18185,623,10,7,109,218,2023-05-28,completed
18186,1852,10,4,295,262,2023-06-24,completed
18187,2623,6,8,142,203,2024-02-17,completed
18188,1219,4,6,282,139,2025-01-18,cancelled
18189,1252,6,5,96,124,2024-12-07,completed
18190,2066,8,4,122,95,2026-04-11,in_transit
18191,2511,8,4,145,43,2025-01-12,completed
18192,3388,4,5,249,287,2024-10-29,completed
18193,1116,9,6,36,102,2025-09-05,completed
18194,4088,8,1,75,216,2025-06-08,in_transit
18195,2885,10,7,86,142,2024-10-18,completed
18196,547,8,3,277,121,2025-07-14,completed
18197,3026,1,8,20,102,2024-05-08,completed
18198,2129,2,6,296,54,2024-11-10,cancelled
18199,1785,10,4,174,229,2025-11-10,completed
18200,4413,1,3,124,219,2025-10-15,completed
18201,4682,9,5,164,263,2026-07-29,cancelled
18202,2564,1,8,236,142,2025-07-12,cancelled
18203,352,7,1,5,160,2025-12-14,completed
18204,2880,10,4,70,94,2023-01-29,completed
18205,4473,7,4,242,291,2024-07-10,completed
18206,493,7,8,37,176,2025-03-27,completed
18207,2403,2,1,148,224,2026-03-06,completed
18208,4848,1,5,16,154,2024-10-13,completed
18209,1164,5,8,91,92,2024-12-06,completed
18210,254,10,9,267,94,2023-05-06,completed
18211,4630,2,6,245,45,2023-11-06,completed
18212,1887,7,3,287,140,2024-07-14,completed
18213,2571,9,4,273,173,2026-06-17,completed
18214,1727,9,1,273,22,2023-06-25,completed
18215,2142,6,4,257,270,2024-09-07,completed
18216,155,5,8,22,117,2023-10-09,completed
18217,1303,1,7,34,57,2025-07-12,completed
18218,1219,9,3,214,11,2025-09-29,completed
18219,23,8,5,193,203,2024-06-28,completed
18220,4010,2,10,60,38,2023-01-11,in_transit
18221,4723,8,10,17,123,2025-04-07,completed
18222,3390,8,2,180,174,2023-08-15,in_transit
18223,3755,9,4,297,221,2025-08-21,completed
18224,3214,5,10,29,157,2023-10-02,completed
18225,2136,1,8,78,143,2023-02-28,completed
18226,4518,9,3,7,20,2023-01-03,in_transit
18227,3360,1,9,205,234,2024-03-04,cancelled
18228,1402,10,2,138,257,2023-07-07,completed
18229,4750,10,9,187,161,2026-01-27,completed
18230,3794,7,3,196,76,2024-03-27,completed
18231,29,6,4,284,300,2023-09-15,completed
18232,550,4,2,229,86,2023-03-17,completed
18233,1779,5,8,119,24,2024-11-25,completed
18234,3159,8,4,5,119,2025-01-06,completed
18235,2162,2,7,106,71,2024-08-19,completed
18236,3345,2,10,124,106,2026-01-24,completed
18237,422,6,1,198,146,2023-08-21,completed
18238,602,3,2,63,93,2026-02-03,completed
18239,3426,8,6,60,290,2026-03-09,completed
18240,458,10,4,58,163,2023-05-28,cancelled
18241,1904,1,4,283,71,2026-03-23,in_transit
18242,3653,3,9,178,235,2025-04-25,completed
18243,3910,2,3,202,54,2023-02-25,completed
18244,24,3,8,296,29,2023-02-18,completed
18245,2952,1,4,74,255,2025-04-17,completed
18246,4279,8,10,88,181,2024-11-17,in_transit
18247,90,7,10,34,94,2026-02-24,completed
18248,1163,5,10,89,285,2025-12-14,completed
18249,2129,7,3,233,290,2023-11-02,completed
18250,1473,6,10,85,86,2026-04-08,completed
18251,3975,4,8,18,12,2024-03-01,in_transit
18252,1906,9,10,66,289,2023-12-02,completed
18253,3674,10,9,46,16,2024-12-18,completed
18254,3787,9,2,260,103,2023-10-21,completed
18255,2160,3,6,11,237,2025-07-04,completed
18256,275,9,10,236,64,2025-10-11,cancelled
18257,1278,9,8,211,159,2023-12-05,completed
18258,3512,8,1,298,17,2024-02-19,completed
18259,1075,8,9,235,169,2025-12-26,cancelled
18260,2120,9,10,23,154,2025-04-20,completed
18261,2880,3,5,104,96,2023-10-30,completed
18262,3863,4,1,30,282,2025-09-01,completed
18263,2127,6,8,232,217,2023-12-27,completed
18264,3045,8,7,291,70,2023-06-01,cancelled
18265,2274,8,10,111,53,2025-03-20,completed
18266,2027,4,7,160,273,2026-02-20,completed
18267,3415,8,9,83,10,2024-04-26,completed
18268,3795,6,7,164,75,2025-09-05,completed
18269,3694,1,6,31,109,2025-09-26,completed
18270,2231,1,8,272,210,2023-12-19,completed
18271,4107,5,8,4,162,2026-05-19,completed
18272,2995,9,3,170,262,2023-05-26,completed
18273,3657,2,6,136,231,2026-07-22,completed
18274,1383,6,1,68,31,2025-09-09,completed
18275,4240,10,9,62,275,2023-10-17,completed
18276,2769,9,4,42,250,2025-11-21,completed
18277,3575,1,2,202,257,2026-06-16,completed
18278,2357,7,5,252,23,2023-12-03,cancelled
18279,1918,9,2,143,138,2024-06-03,completed
18280,2985,9,4,201,108,2026-02-11,cancelled
18281,2531,2,3,12,215,2024-08-23,completed
18282,3054,6,10,121,229,2023-12-09,completed
18283,3271,3,9,187,100,2026-02-21,completed
18284,494,9,5,264,14,2026-06-28,cancelled
18285,3512,10,6,106,52,2024-08-16,completed
18286,3885,10,2,153,122,2023-09-27,completed
18287,3324,7,1,90,52,2025-01-07,completed
18288,3812,7,9,74,166,2024-07-20,completed
18289,4405,10,2,207,97,2025-11-28,completed
18290,357,7,2,29,285,2026-01-22,completed
18291,745,10,7,69,71,2026-01-02,completed
18292,3730,6,1,137,20,2023-11-02,completed
18293,68,1,2,29,293,2023-10-06,completed
18294,3011,4,1,246,276,2025-08-03,cancelled
18295,1961,8,2,78,198,2025-02-08,in_transit
18296,4271,5,6,54,210,2024-03-04,completed
18297,2808,10,7,193,100,2026-01-04,completed
18298,1553,3,10,248,198,2026-06-21,in_transit
18299,890,5,2,242,27,2024-03-08,completed
18300,2698,2,6,267,204,2024-08-18,completed
18301,719,1,4,230,144,2025-06-19,completed
18302,4937,5,1,20,63,2023-03-13,completed
18303,3613,2,8,53,88,2025-11-13,completed
18304,3782,2,7,67,32,2026-03-09,completed
18305,1170,4,10,258,50,2025-07-01,completed
18306,2340,4,9,90,108,2024-01-14,completed
18307,3954,2,4,218,167,2023-04-19,completed
18308,4880,7,1,100,177,2023-09-28,completed
18309,2017,1,5,219,80,2024-06-07,completed
18310,3155,1,3,161,291,2023-01-29,completed
18311,4191,7,4,17,168,2023-01-05,in_transit
18312,1220,5,4,90,129,2023-03-20,completed
18313,1706,10,6,266,228,2025-02-04,completed
18314,846,2,1,204,213,2026-06-01,completed
18315,2858,3,9,128,242,2026-06-17,completed
18316,3436,10,3,33,138,2023-12-07,completed
18317,2929,4,9,242,108,2026-02-10,completed
18318,1217,1,4,269,37,2024-08-28,completed
18319,3545,3,10,103,123,2023-07-02,completed
18320,4413,10,9,145,250,2024-09-05,completed
18321,4986,9,2,181,298,2024-08-21,completed
18322,3502,4,2,228,36,2023-07-03,completed
18323,4191,3,7,8,119,2023-02-28,completed
18324,84,6,8,57,191,2023-05-03,completed
18325,1308,7,9,205,275,2024-10-05,completed
18326,1479,9,7,7,124,2025-03-25,completed
18327,127,10,7,32,218,2023-07-01,completed
18328,4714,3,6,41,54,2024-12-08,completed
18329,569,9,2,144,255,2023-06-08,completed
18330,3763,10,6,194,26,2025-07-09,completed
18331,353,6,9,92,272,2026-03-26,completed
18332,2609,5,3,14,80,2024-10-31,completed
18333,4021,2,7,223,286,2024-04-01,completed
18334,3241,6,10,287,35,2026-06-29,completed
18335,4809,8,1,262,151,2026-06-13,completed
18336,1653,4,10,191,172,2025-10-06,completed
18337,3588,6,10,235,156,2026-06-09,completed
18338,1417,6,5,235,257,2024-07-28,completed
18339,770,2,6,293,250,2026-02-23,completed
18340,1049,2,1,180,60,2023-10-16,completed
18341,350,7,6,224,79,2026-03-21,completed
18342,59,8,1,90,282,2025-05-04,completed
18343,3163,6,10,250,107,2024-07-27,completed
18344,4877,6,3,109,201,2025-10-07,in_transit
18345,1637,5,8,184,255,2023-02-14,completed
18346,1248,3,5,61,38,2026-07-07,completed
18347,4160,7,3,182,48,2024-08-20,completed
18348,762,9,2,30,251,2024-02-07,completed
18349,2921,2,10,294,35,2025-02-25,completed
18350,4110,2,7,20,62,2025-01-14,completed
18351,2294,1,6,182,106,2023-12-20,completed
18352,4358,9,2,102,219,2024-10-29,completed
18353,352,4,10,89,127,2025-08-28,completed
18354,203,5,2,272,162,2026-05-25,completed
18355,4198,4,8,41,176,2023-01-24,completed
18356,754,8,9,56,141,2023-12-05,completed
18357,4801,6,3,149,149,2024-05-22,completed
18358,2754,6,7,195,265,2026-07-15,completed
18359,4677,10,4,56,10,2024-06-21,completed
18360,4518,1,4,94,164,2023-07-08,completed
18361,3291,9,5,10,30,2026-03-08,cancelled
18362,4831,1,3,247,255,2025-10-14,completed
18363,3099,1,5,150,225,2024-11-12,completed
18364,2275,3,7,236,217,2024-08-14,completed
18365,2482,10,1,297,22,2025-06-12,completed
18366,4097,8,2,68,86,2024-04-07,completed
18367,1542,8,9,92,260,2024-07-21,completed
18368,1920,5,6,34,106,2025-04-01,completed
18369,2955,3,5,277,298,2023-08-17,completed
18370,3426,9,4,108,260,2024-01-21,completed
18371,356,2,6,181,155,2023-05-16,completed
18372,863,8,7,26,184,2025-01-22,completed
18373,4163,5,1,36,55,2024-09-03,completed
18374,4381,3,1,226,278,2024-05-22,completed
18375,2988,1,3,190,120,2026-07-12,completed
18376,4620,5,3,54,243,2026-01-11,completed
18377,1580,10,9,250,259,2023-04-30,in_transit
18378,4752,1,3,250,162,2023-12-06,completed
18379,490,2,9,9,127,2026-01-15,cancelled
18380,1286,6,2,185,196,2023-01-19,completed
18381,734,2,9,169,292,2025-08-19,completed
18382,3309,9,2,157,225,2025-10-05,completed
18383,3088,9,3,218,282,2025-09-23,completed
18384,3564,3,6,122,86,2024-04-07,completed
18385,2186,2,10,217,186,2025-03-22,cancelled
18386,4208,7,3,177,148,2026-03-10,completed
18387,391,6,1,58,188,2025-04-13,cancelled
18388,869,10,9,113,34,2025-08-14,completed
18389,2436,5,1,122,106,2025-08-15,completed
18390,4058,4,10,105,167,2025-10-27,completed
18391,3081,2,1,214,213,2025-03-11,completed
18392,616,4,9,100,219,2025-12-06,completed
18393,1982,7,5,104,63,2024-12-27,completed
18394,51,9,7,141,156,2023-11-03,in_transit
18395,3998,2,5,26,105,2026-06-21,completed
18396,2299,6,10,10,210,2025-11-19,in_transit
18397,4886,4,2,217,181,2026-06-04,completed
18398,4072,7,1,252,17,2025-03-25,completed
18399,2299,1,5,30,68,2025-12-21,completed
18400,1825,10,8,195,199,2025-09-12,completed
18401,3432,10,2,109,26,2025-07-28,completed
18402,1622,5,8,143,43,2023-07-27,completed
18403,2195,4,6,64,291,2025-06-07,completed
18404,813,9,10,73,171,2024-08-24,completed
18405,4517,3,1,153,90,2026-03-11,completed
18406,231,4,6,39,140,2025-10-08,completed
18407,4233,10,8,104,196,2026-02-09,completed
18408,3452,4,7,200,292,2024-06-30,completed
18409,2538,10,9,169,271,2026-06-06,completed
18410,2798,6,4,204,198,2026-03-20,completed
18411,208,4,2,18,210,2023-10-31,completed
18412,392,5,8,206,54,2024-11-18,completed
18413,3468,9,5,5,131,2024-07-25,completed
18414,936,8,3,195,24,2023-03-20,completed
18415,316,10,4,28,262,2024-11-23,completed
18416,3258,3,6,266,234,2026-07-04,completed
18417,3921,10,2,172,183,2025-07-21,completed
18418,3184,5,4,87,231,2023-12-21,completed
18419,2097,9,5,288,164,2026-01-09,completed
18420,1992,8,5,159,208,2025-03-27,completed
18421,1744,8,3,253,47,2024-05-17,completed
18422,1800,10,1,118,230,2024-04-25,completed
18423,2038,10,2,117,170,2025-04-06,completed
18424,2101,6,5,223,279,2026-06-29,completed
18425,408,5,2,200,282,2026-05-17,completed
18426,2542,1,7,112,228,2023-08-25,completed
18427,4853,9,6,38,297,2023-07-19,cancelled
18428,814,9,8,154,28,2025-12-05,cancelled
18429,912,10,7,2,159,2025-02-20,completed
18430,763,8,5,70,157,2024-03-10,in_transit
18431,1428,3,10,7,241,2026-07-22,completed
18432,2043,7,9,238,159,2023-04-12,completed
18433,4394,10,9,68,171,2023-12-15,completed
18434,2776,4,5,110,271,2026-06-20,completed
18435,4697,4,7,267,263,2025-04-10,completed
18436,1319,3,1,121,81,2025-05-31,completed
18437,1779,8,3,178,99,2024-08-29,completed
18438,2960,1,2,72,86,2025-06-19,completed
18439,1865,7,5,264,274,2024-07-29,completed
18440,1052,5,10,182,163,2025-11-20,completed
18441,579,5,1,296,107,2024-09-27,completed
18442,2396,2,9,3,83,2025-12-02,completed
18443,4656,9,5,175,88,2023-09-13,completed
18444,2278,6,7,291,52,2025-09-09,in_transit
18445,1978,7,2,239,297,2023-07-16,completed
18446,2391,10,7,245,28,2023-02-28,completed
18447,3192,6,4,144,291,2025-12-16,completed
18448,2062,1,5,265,131,2026-03-13,completed
18449,482,5,4,43,145,2025-04-20,completed
18450,549,4,2,52,281,2024-08-01,completed
18451,1100,3,2,271,53,2026-02-01,completed
18452,3833,7,3,177,191,2023-12-08,completed
18453,2789,8,5,61,108,2023-05-10,cancelled
18454,1361,10,5,267,266,2023-08-08,completed
18455,2571,4,1,169,272,2026-07-02,completed
18456,1156,8,4,58,265,2023-04-19,completed
18457,2814,8,5,220,268,2025-12-29,completed
18458,2488,6,4,95,237,2023-04-21,completed
18459,308,10,7,184,117,2025-09-09,completed
18460,951,9,5,262,132,2026-03-25,completed
18461,1162,1,10,22,73,2026-03-10,completed
18462,814,5,3,2,157,2025-02-17,completed
18463,3519,3,4,78,216,2026-01-04,cancelled
18464,2143,10,6,225,58,2025-07-24,completed
18465,1627,3,4,65,221,2024-12-10,completed
18466,810,2,3,263,88,2025-02-10,completed
18467,3836,10,6,18,93,2025-05-05,in_transit
18468,3056,2,5,67,226,2023-10-16,cancelled
18469,2781,4,1,153,287,2026-03-10,completed
18470,4368,7,3,130,160,2024-05-08,completed
18471,3916,9,1,33,24,2026-05-19,completed
18472,2828,6,7,5,220,2024-10-26,cancelled
18473,1477,4,6,118,263,2026-01-13,completed
18474,3522,3,2,170,98,2024-05-27,in_transit
18475,964,10,9,286,211,2023-08-17,completed
18476,4663,5,8,44,49,2024-05-21,in_transit
18477,1235,10,8,270,182,2023-08-08,completed
18478,4844,9,6,56,49,2025-03-31,completed
18479,2812,10,3,41,168,2024-12-03,completed
18480,2906,8,10,116,276,2026-01-24,completed
18481,1605,1,3,292,253,2024-11-15,completed
18482,1928,3,8,10,288,2025-08-10,cancelled
18483,3476,1,6,197,240,2025-04-11,completed
18484,2059,6,8,292,252,2024-09-20,completed
18485,845,2,8,129,288,2023-03-23,completed
18486,3247,8,4,58,39,2025-10-04,completed
18487,2238,1,4,101,44,2024-12-29,completed
18488,1850,2,1,70,239,2026-03-10,completed
18489,2097,4,3,249,105,2026-04-02,completed
18490,4825,5,3,259,14,2023-10-16,completed
18491,3292,5,9,76,209,2026-01-08,completed
18492,3276,1,4,154,61,2026-04-01,completed
18493,1402,3,5,121,12,2023-12-29,in_transit
18494,358,7,3,5,179,2024-03-01,completed
18495,2773,5,9,224,89,2023-12-27,completed
18496,3781,2,9,213,55,2023-11-26,completed
18497,2072,3,6,248,278,2023-08-17,completed
18498,3602,5,2,216,77,2024-04-30,in_transit
18499,293,4,2,24,296,2025-12-25,completed
18500,1679,3,2,7,242,2023-09-23,completed
18501,3535,5,7,197,46,2023-05-12,completed
18502,4381,10,3,69,275,2025-04-06,cancelled
18503,3298,3,10,202,243,2026-03-12,completed
18504,2524,6,1,111,119,2024-12-25,cancelled
18505,470,7,3,280,56,2024-10-26,cancelled
18506,600,9,8,205,260,2024-07-09,completed
18507,3188,2,5,22,189,2024-04-25,completed
18508,2921,10,2,102,234,2023-06-18,completed
18509,2063,7,9,85,251,2024-08-27,completed
18510,647,9,8,134,186,2024-08-21,completed
18511,2702,9,10,283,53,2024-12-01,completed
18512,4551,6,1,124,58,2025-11-24,in_transit
18513,3231,5,7,255,93,2023-03-31,cancelled
18514,297,1,3,256,117,2023-07-06,completed
18515,1669,1,5,161,125,2026-07-15,cancelled
18516,3438,2,7,138,273,2024-05-30,completed
18517,3075,5,2,198,59,2025-09-02,completed
18518,3052,9,3,53,19,2025-09-03,completed
18519,4679,2,5,237,125,2024-09-18,completed
18520,4693,4,6,238,40,2024-10-23,completed
18521,4413,2,8,205,27,2023-08-23,completed
18522,2159,2,6,273,29,2025-04-22,completed
18523,2973,10,9,85,76,2023-05-21,completed
18524,104,7,10,14,179,2024-10-08,completed
18525,512,4,7,126,168,2023-04-21,completed
18526,2429,5,10,269,223,2023-06-06,cancelled
18527,4551,4,3,8,45,2025-01-09,completed
18528,311,2,4,68,161,2026-01-16,completed
18529,4214,9,10,186,189,2024-03-13,completed
18530,519,7,5,173,205,2023-07-25,completed
18531,1969,1,8,148,217,2023-10-28,in_transit
18532,4506,10,8,129,111,2025-06-18,completed
18533,2839,1,4,173,141,2026-02-20,completed
18534,1506,3,7,125,210,2023-05-24,completed
18535,324,4,10,267,31,2025-05-25,in_transit
18536,2078,4,7,262,126,2023-08-09,cancelled
18537,686,5,3,214,183,2023-02-01,completed
18538,531,1,4,238,233,2024-06-06,completed
18539,3868,4,7,237,152,2024-12-02,cancelled
18540,2934,1,4,84,181,2026-06-02,completed
18541,3277,10,4,218,84,2025-07-04,completed
18542,797,6,5,208,220,2026-07-13,completed
18543,1163,6,10,220,209,2025-07-13,completed
18544,2452,1,7,47,287,2024-01-26,completed
18545,2231,10,1,132,206,2024-08-12,completed
18546,694,9,10,41,12,2023-12-09,completed
18547,2914,1,7,145,17,2024-02-16,completed
18548,3466,3,2,95,90,2025-03-16,completed
18549,733,5,3,132,264,2023-06-23,completed
18550,4817,9,1,187,254,2023-02-22,completed
18551,2081,8,5,85,140,2023-05-09,completed
18552,780,10,5,12,201,2024-03-13,completed
18553,1039,1,4,265,82,2026-03-07,in_transit
18554,3693,7,6,8,111,2025-10-25,completed
18555,4518,8,5,197,244,2024-05-21,completed
18556,1597,3,6,155,182,2024-05-15,completed
18557,3432,7,10,30,118,2023-07-01,in_transit
18558,3697,3,7,269,89,2023-05-27,completed
18559,94,7,5,119,62,2023-02-21,completed
18560,3932,10,7,181,240,2026-07-13,completed
18561,3942,1,5,168,74,2024-08-26,completed
18562,917,8,3,244,235,2024-09-16,completed
18563,4356,6,10,166,108,2025-11-16,completed
18564,4476,9,4,73,245,2026-03-31,completed
18565,1365,6,10,78,49,2023-10-26,completed
18566,4202,6,7,220,217,2025-12-13,completed
18567,3818,7,3,224,207,2025-01-26,completed
18568,2952,1,6,184,276,2024-07-15,completed
18569,2174,9,3,256,215,2026-01-12,cancelled
18570,1545,3,6,175,170,2025-06-16,completed
18571,387,8,7,174,249,2025-08-18,in_transit
18572,4505,6,4,9,140,2024-01-01,completed
18573,975,2,7,196,223,2023-08-15,cancelled
18574,4031,9,4,98,113,2024-10-30,completed
18575,1962,2,6,52,41,2025-10-26,in_transit
18576,57,9,8,220,238,2024-06-26,cancelled
18577,2609,2,3,251,213,2024-07-20,completed
18578,597,4,3,23,263,2023-09-23,completed
18579,4662,7,10,179,184,2026-05-19,completed
18580,590,10,1,237,143,2024-06-27,completed
18581,2595,4,2,268,86,2025-11-19,completed
18582,4874,8,2,21,15,2026-07-04,completed
18583,3635,2,7,300,132,2026-06-07,completed
18584,4324,4,3,3,193,2025-09-10,completed
18585,1351,10,4,114,225,2024-08-15,in_transit
18586,3536,7,9,215,298,2026-01-18,completed
18587,1630,4,8,76,53,2023-10-01,cancelled
18588,3305,1,3,272,243,2025-12-19,completed
18589,2992,1,10,115,142,2026-06-06,completed
18590,2199,6,5,212,35,2024-09-16,completed
18591,3146,5,9,201,161,2023-02-27,cancelled
18592,3326,5,7,107,298,2026-07-29,completed
18593,2215,7,4,147,228,2025-03-12,completed
18594,1508,1,10,129,42,2023-08-20,completed
18595,3771,7,3,72,291,2026-06-25,completed
18596,4065,6,5,167,111,2025-02-23,completed
18597,2479,4,2,141,102,2023-06-24,completed
18598,2664,1,10,21,232,2024-08-30,cancelled
18599,1986,2,10,236,89,2024-05-28,in_transit
18600,4272,1,10,62,38,2025-02-14,completed
18601,4370,4,10,293,276,2026-02-08,completed
18602,568,7,5,116,124,2025-07-07,completed
18603,4427,8,3,196,260,2024-03-17,in_transit
18604,2044,9,2,127,265,2024-08-07,cancelled
18605,805,2,1,297,145,2024-04-30,completed
18606,664,2,7,294,147,2023-06-06,completed
18607,561,9,7,94,126,2025-11-07,completed
18608,345,1,7,108,111,2023-08-19,completed
18609,2016,6,7,246,235,2026-04-28,completed
18610,322,1,2,172,270,2023-09-09,completed
18611,3715,2,9,261,252,2024-02-15,completed
18612,611,1,4,259,27,2024-11-13,completed
18613,3529,2,8,144,263,2023-12-10,cancelled
18614,1091,4,2,155,74,2025-11-14,completed
18615,2827,5,10,264,100,2023-04-24,completed
18616,2747,7,5,153,120,2024-06-11,completed
18617,2903,3,4,120,192,2023-01-12,completed
18618,2344,6,1,221,299,2024-04-17,cancelled
18619,1386,7,8,267,289,2026-06-12,cancelled
18620,891,2,4,102,86,2024-11-12,completed
18621,3356,3,2,66,265,2026-03-01,completed
18622,2171,6,7,292,33,2023-09-20,cancelled
18623,1478,8,4,147,157,2025-03-13,completed
18624,1128,5,4,108,294,2026-02-03,completed
18625,712,9,6,78,65,2025-10-14,in_transit
18626,4928,3,2,8,241,2024-10-29,completed
18627,1944,8,1,99,63,2023-09-25,completed
18628,3302,3,6,101,222,2025-03-07,cancelled
18629,2922,8,7,188,209,2024-05-26,in_transit
18630,4293,4,5,275,42,2026-03-21,cancelled
18631,648,7,9,211,36,2024-08-07,completed
18632,1120,7,5,269,121,2026-05-14,completed
18633,1217,9,8,204,249,2023-08-10,in_transit
18634,4950,4,2,71,64,2025-10-15,in_transit
18635,4158,8,5,162,216,2026-06-17,completed
18636,3961,7,2,18,237,2025-12-19,completed
18637,3064,6,3,256,85,2023-06-14,completed
18638,1935,2,1,188,89,2025-08-04,completed
18639,1797,2,8,38,261,2025-08-08,in_transit
18640,1197,7,8,184,247,2023-03-07,completed
18641,1363,2,10,14,226,2026-04-29,completed
18642,1068,4,7,290,208,2024-01-26,completed
18643,1258,7,2,76,217,2025-08-14,completed
18644,4390,7,2,166,173,2023-11-04,completed
18645,759,4,10,294,295,2023-03-09,completed
18646,2299,7,10,101,175,2023-04-11,completed
18647,2422,2,6,105,95,2025-06-27,completed
18648,3615,8,2,195,46,2024-06-04,completed
18649,4957,7,9,145,213,2023-02-23,cancelled
18650,3476,9,6,258,168,2026-07-26,completed
18651,1500,5,3,248,285,2023-09-02,completed
18652,2136,9,3,216,151,2023-11-19,completed
18653,2782,9,3,33,71,2024-08-19,completed
18654,4589,1,8,108,64,2026-01-23,cancelled
18655,3051,9,6,192,48,2023-09-21,completed
18656,1967,10,2,134,262,2024-09-26,completed
18657,704,10,7,268,14,2024-10-12,completed
18658,3260,8,7,167,42,2023-06-02,completed
18659,3423,4,8,48,204,2023-05-28,completed
18660,1303,5,1,88,279,2026-03-26,completed
18661,3234,2,8,236,186,2024-05-28,completed
18662,2879,8,10,161,180,2024-08-14,completed
18663,283,3,2,297,112,2023-06-30,in_transit
18664,2942,7,3,169,297,2026-07-09,completed
18665,3728,1,3,30,290,2025-05-07,in_transit
18666,412,4,5,219,274,2025-09-19,completed
18667,4905,2,3,153,32,2024-08-11,completed
18668,2436,1,6,162,266,2025-11-25,completed
18669,3567,10,3,40,125,2023-02-02,completed
18670,795,6,8,93,46,2023-04-08,completed
18671,4518,2,8,191,253,2026-04-07,completed
18672,3369,8,9,71,74,2026-03-02,completed
18673,4232,5,8,91,85,2025-04-21,completed
18674,368,8,6,4,146,2023-11-03,completed
18675,4540,6,3,255,182,2023-08-30,completed
18676,4921,10,8,93,65,2024-12-28,completed
18677,3455,9,4,246,255,2025-02-25,completed
18678,2227,10,7,126,184,2024-09-28,completed
18679,4021,2,8,265,254,2025-02-06,in_transit
18680,1964,9,2,3,139,2026-04-17,completed
18681,418,8,3,299,289,2025-11-01,completed
18682,3131,6,10,215,298,2025-12-14,completed
18683,1166,2,1,104,233,2023-01-17,cancelled
18684,944,2,9,42,132,2024-07-15,completed
18685,4516,1,2,37,192,2026-01-01,completed
18686,4848,5,8,50,239,2023-02-20,in_transit
18687,3566,2,9,294,174,2025-11-16,completed
18688,403,10,3,47,120,2024-07-23,completed
18689,4088,1,6,132,273,2024-08-03,cancelled
18690,3161,7,5,93,120,2024-09-14,in_transit
18691,2228,6,10,166,142,2026-05-10,completed
18692,285,8,6,110,224,2025-03-02,completed
18693,2771,3,6,240,171,2025-12-23,completed
18694,4400,7,4,220,264,2024-06-19,completed
18695,2518,3,1,83,116,2024-09-13,completed
18696,3675,1,5,82,62,2023-04-13,in_transit
18697,2992,2,9,259,18,2026-01-24,cancelled
18698,4047,10,8,34,156,2026-01-13,completed
18699,1850,9,6,52,244,2026-06-12,completed
18700,1021,4,3,96,22,2024-10-16,completed
18701,4027,10,8,239,240,2023-04-16,completed
18702,523,3,10,69,37,2024-05-12,completed
18703,2662,8,9,214,147,2026-06-27,completed
18704,3272,3,4,171,162,2024-07-12,completed
18705,2299,2,4,106,91,2023-06-21,completed
18706,1981,8,4,83,141,2023-01-09,cancelled
18707,3461,2,5,100,227,2024-04-09,completed
18708,1584,9,6,157,211,2023-01-03,completed
18709,157,10,1,55,95,2024-02-15,completed
18710,400,10,5,87,205,2023-02-03,cancelled
18711,478,5,10,107,245,2023-09-02,completed
18712,1909,10,7,294,108,2023-08-19,cancelled
18713,4012,9,8,238,108,2026-05-11,in_transit
18714,1298,9,10,124,280,2023-01-08,completed
18715,3292,8,3,52,27,2023-09-14,completed
18716,4238,7,2,272,40,2024-09-09,completed
18717,2143,6,1,184,268,2024-12-07,completed
18718,4942,5,8,30,292,2023-05-25,completed
18719,1290,10,2,173,79,2024-03-25,completed
18720,3680,9,8,55,234,2023-02-04,completed
18721,511,1,6,161,40,2023-04-25,completed
18722,2193,3,9,40,16,2024-01-10,in_transit
18723,4494,3,4,228,123,2023-06-10,completed
18724,143,2,10,212,45,2024-04-30,completed
18725,1543,10,8,46,99,2023-09-10,completed
18726,3009,10,5,9,121,2025-06-20,completed
18727,4355,6,9,223,64,2023-06-11,completed
18728,2040,10,8,14,16,2026-04-28,completed
18729,3931,10,1,43,15,2023-07-20,completed
18730,900,9,1,151,166,2023-12-31,completed
18731,1480,2,3,30,17,2023-07-17,completed
18732,1334,9,5,175,93,2026-05-02,completed
18733,4746,2,6,77,20,2024-04-20,in_transit
18734,4702,10,2,95,90,2023-10-27,completed
18735,3213,7,5,80,78,2023-08-07,cancelled
18736,534,4,7,90,183,2023-04-08,completed
18737,4320,7,3,294,248,2024-12-27,completed
18738,2818,1,7,107,289,2023-10-02,completed
18739,2405,4,6,28,246,2025-08-20,cancelled
18740,4770,10,7,204,140,2024-06-24,completed
18741,523,2,4,1,241,2025-06-14,completed
18742,819,7,3,23,100,2024-08-24,completed
18743,2578,10,4,58,112,2024-05-27,completed
18744,925,7,9,92,250,2024-01-03,completed
18745,4158,2,6,206,70,2025-05-08,completed
18746,4223,3,1,187,254,2025-06-19,cancelled
18747,1247,7,4,120,240,2024-11-27,cancelled
18748,2147,1,4,150,265,2025-04-20,completed
18749,3124,9,6,278,263,2026-05-08,completed
18750,439,1,7,163,210,2024-09-26,completed
18751,4696,2,1,216,142,2024-04-16,in_transit
18752,1390,1,7,163,90,2025-03-11,completed
18753,3238,7,1,64,249,2025-08-16,completed
18754,3992,2,4,101,174,2024-09-20,in_transit
18755,79,6,4,78,78,2023-06-02,completed
18756,4991,3,7,75,285,2023-05-12,completed
18757,4196,6,2,97,145,2024-06-23,completed
18758,2184,1,3,11,14,2025-07-10,completed
18759,1664,6,8,258,85,2023-06-08,completed
18760,3157,6,10,40,126,2023-09-17,in_transit
18761,373,8,4,239,294,2023-03-19,completed
18762,3582,5,2,103,64,2024-05-27,completed
18763,838,4,8,52,251,2025-11-03,in_transit
18764,3329,8,10,140,289,2024-08-31,completed
18765,679,8,5,37,152,2023-04-19,completed
18766,3344,10,7,278,115,2025-08-02,cancelled
18767,2842,3,9,135,203,2023-07-14,completed
18768,1796,9,1,132,273,2024-01-15,completed
18769,84,8,1,206,106,2024-04-19,completed
18770,1800,8,1,170,190,2024-02-04,completed
18771,3851,9,2,184,245,2025-08-26,completed
18772,1800,7,3,35,133,2025-07-10,completed
18773,2676,9,8,10,174,2025-10-08,completed
18774,841,7,2,259,296,2026-06-03,completed
18775,989,1,4,43,31,2024-11-26,completed
18776,3465,4,9,178,198,2023-10-19,completed
18777,1134,4,8,136,208,2023-09-01,completed
18778,2463,4,8,54,23,2025-03-18,completed
18779,3507,5,7,66,112,2025-05-03,completed
18780,4906,10,9,169,185,2025-10-19,completed
18781,700,5,6,179,295,2024-08-02,completed
18782,1085,3,7,203,70,2023-01-24,completed
18783,4638,3,2,291,269,2023-07-27,completed
18784,3756,4,6,74,68,2024-08-06,completed
18785,3533,10,7,117,61,2023-10-16,completed
18786,4253,3,9,66,228,2025-06-07,completed
18787,417,2,10,129,256,2025-10-21,in_transit
18788,2450,2,5,124,233,2024-06-18,completed
18789,1819,3,1,97,179,2023-02-16,completed
18790,2476,9,10,273,116,2025-09-03,completed
18791,3310,3,5,51,37,2024-03-15,completed
18792,943,5,9,278,56,2026-05-20,in_transit
18793,3482,10,3,276,266,2023-10-19,completed
18794,2147,4,1,244,158,2023-10-24,completed
18795,1155,5,6,67,88,2023-03-01,completed
18796,4869,1,3,244,221,2025-01-01,completed
18797,419,1,4,273,290,2023-01-22,completed
18798,1190,8,1,119,214,2026-01-22,cancelled
18799,4027,1,3,288,168,2025-12-07,completed
18800,662,9,6,74,230,2023-09-28,completed
18801,1819,4,9,240,197,2025-03-23,completed
18802,3873,6,7,171,37,2024-02-21,completed
18803,1492,3,1,154,238,2026-06-28,cancelled
18804,25,6,10,280,146,2025-12-28,completed
18805,4109,9,7,225,143,2025-07-11,in_transit
18806,2280,10,9,229,197,2024-06-21,completed
18807,1125,7,5,39,147,2023-12-18,in_transit
18808,81,6,2,245,63,2025-08-22,completed
18809,4823,7,3,284,55,2025-07-24,cancelled
18810,4032,9,7,230,288,2025-02-27,cancelled
18811,3863,7,5,75,295,2025-04-06,completed
18812,2316,1,8,296,79,2025-12-08,completed
18813,4942,1,5,229,190,2026-07-19,completed
18814,282,10,8,244,296,2023-11-01,completed
18815,2439,10,1,109,246,2026-05-19,completed
18816,4667,1,2,40,299,2024-08-23,completed
18817,3499,9,10,239,141,2026-02-14,completed
18818,375,3,5,236,132,2023-09-24,completed
18819,4886,5,6,95,87,2024-01-03,completed
18820,1984,1,10,157,287,2023-09-01,completed
18821,2686,1,8,272,220,2024-02-07,completed
18822,4228,4,5,227,179,2024-03-13,completed
18823,771,3,10,6,90,2023-10-16,completed
18824,505,4,10,296,78,2025-09-12,completed
18825,81,9,4,20,179,2026-05-08,completed
18826,2113,2,8,236,174,2024-08-22,completed
18827,3901,3,10,223,227,2023-12-31,completed
18828,2984,6,3,88,233,2025-12-22,in_transit
18829,4308,1,4,220,285,2026-06-29,completed
18830,903,4,7,116,255,2024-07-24,completed
18831,2673,10,8,156,137,2024-06-09,completed
18832,737,1,3,260,199,2023-07-06,completed
18833,3675,9,3,34,194,2024-02-27,completed
18834,2574,8,3,298,115,2024-09-12,completed
18835,3834,4,5,44,195,2024-10-06,completed
18836,1139,2,6,53,139,2024-06-20,in_transit
18837,1278,4,9,100,93,2025-10-30,completed
18838,3248,9,5,133,152,2024-10-22,cancelled
18839,1357,10,2,66,139,2025-08-13,completed
18840,3042,4,2,131,229,2024-05-10,completed
18841,4916,1,8,56,258,2025-02-07,in_transit
18842,2876,6,10,221,115,2023-04-15,completed
18843,1836,9,10,236,239,2025-04-03,completed
18844,1327,6,4,190,74,2025-09-08,completed
18845,494,9,3,54,224,2023-01-22,completed
18846,86,3,8,242,73,2026-04-19,completed
18847,2041,5,8,144,49,2023-01-14,completed
18848,261,7,2,299,183,2025-01-10,completed
18849,2873,1,6,243,296,2025-06-10,completed
18850,981,10,4,15,152,2025-01-19,completed
18851,3188,4,1,173,275,2023-11-22,completed
18852,825,6,7,255,134,2026-01-06,completed
18853,140,7,5,243,109,2025-11-25,completed
18854,1649,1,3,255,180,2024-05-05,completed
18855,3516,5,8,251,51,2026-04-30,completed
18856,4475,1,10,150,195,2025-02-09,completed
18857,3961,3,10,267,64,2025-04-14,completed
18858,754,5,6,181,120,2024-08-25,completed
18859,1999,1,3,64,165,2025-07-16,completed
18860,236,8,6,204,82,2024-11-22,cancelled
18861,793,5,1,202,80,2023-04-21,completed
18862,4363,8,7,174,219,2025-02-05,completed
18863,2519,8,5,43,153,2025-11-10,completed
18864,4103,9,2,40,287,2023-05-07,completed
18865,2613,9,3,58,53,2026-01-20,completed
18866,1972,1,5,147,195,2023-07-28,completed
18867,1781,10,4,271,135,2024-08-20,completed
18868,1748,9,8,271,238,2025-01-16,completed
18869,69,9,7,209,48,2024-10-14,cancelled
18870,4724,3,8,166,125,2023-12-22,completed
18871,1290,10,6,25,290,2023-12-03,completed
18872,380,1,4,296,235,2023-12-14,in_transit
18873,3647,7,10,40,198,2023-12-15,cancelled
18874,4897,8,5,140,127,2026-07-05,completed
18875,4432,3,7,266,263,2025-08-14,completed
18876,1220,1,7,40,56,2025-12-06,completed
18877,206,6,2,154,116,2023-02-16,completed
18878,1853,5,1,31,295,2024-02-26,completed
18879,4359,10,1,103,189,2023-03-14,completed
18880,3080,3,9,117,227,2023-12-05,cancelled
18881,1398,2,7,264,70,2026-03-27,completed
18882,274,10,6,110,232,2024-02-07,completed
18883,1888,4,7,53,275,2025-09-27,cancelled
18884,1443,3,4,256,203,2025-01-02,completed
18885,1258,4,2,103,177,2026-07-31,completed
18886,4473,5,6,51,197,2025-10-20,completed
18887,2034,10,7,93,64,2023-03-21,completed
18888,1841,6,3,74,78,2024-05-29,completed
18889,2406,1,5,88,210,2023-03-12,completed
18890,1161,3,4,262,82,2026-03-06,in_transit
18891,1730,1,3,158,133,2026-01-02,completed
18892,1481,3,2,35,110,2025-02-16,completed
18893,4607,9,2,237,129,2023-04-01,completed
18894,3924,7,3,167,23,2024-11-20,completed
18895,2933,6,1,282,54,2025-05-15,completed
18896,4720,4,10,198,44,2025-06-02,completed
18897,160,2,8,157,282,2025-08-25,completed
18898,2791,9,1,76,61,2026-07-18,completed
18899,3060,7,9,53,69,2026-02-20,completed
18900,3265,6,2,123,14,2023-07-12,completed
18901,3996,6,1,218,280,2024-11-18,completed
18902,4060,3,6,96,241,2023-10-09,completed
18903,2551,1,8,198,269,2026-01-31,in_transit
18904,2445,2,4,298,197,2024-11-20,completed
18905,2495,1,3,107,44,2024-09-28,completed
18906,839,2,3,247,64,2024-01-29,in_transit
18907,443,2,6,162,205,2025-10-02,completed
18908,1162,2,3,126,132,2025-08-06,completed
18909,1784,1,7,58,286,2024-09-30,completed
18910,258,2,9,255,250,2023-07-27,cancelled
18911,1912,8,7,12,211,2024-09-01,completed
18912,2831,6,10,97,251,2024-10-19,cancelled
18913,964,5,2,169,293,2023-02-05,completed
18914,1610,5,9,139,138,2023-06-07,completed
18915,1108,2,1,90,162,2023-05-01,in_transit
18916,2524,10,6,141,54,2025-07-21,completed
18917,3185,2,5,174,57,2024-12-19,cancelled
18918,3963,4,7,28,37,2023-01-23,completed
18919,4269,6,10,241,30,2023-05-19,completed
18920,18,9,3,21,78,2025-02-06,completed
18921,3103,9,3,281,246,2023-06-15,completed
18922,2428,6,10,52,20,2025-04-27,completed
18923,3799,10,5,121,298,2026-03-04,completed
18924,202,1,10,34,287,2025-04-14,in_transit
18925,3571,2,4,176,123,2024-10-31,completed
18926,3746,9,4,35,239,2025-10-31,completed
18927,1075,10,6,62,183,2023-03-02,completed
18928,884,8,6,243,274,2024-11-10,completed
18929,400,2,1,15,77,2026-02-14,completed
18930,4119,5,6,284,18,2023-11-08,cancelled
18931,118,5,10,64,131,2026-03-15,completed
18932,374,7,5,143,182,2023-12-12,in_transit
18933,1770,7,8,46,279,2024-09-27,completed
18934,3017,1,8,280,226,2024-01-07,completed
18935,409,2,8,242,100,2025-11-20,completed
18936,4372,3,2,234,188,2024-08-09,in_transit
18937,4308,8,7,255,63,2024-10-30,cancelled
18938,3722,7,3,151,203,2024-01-08,in_transit
18939,1136,2,8,184,168,2025-04-14,completed
18940,3867,3,1,26,271,2024-03-19,completed
18941,2481,3,5,160,223,2026-05-09,cancelled
18942,3714,1,9,17,292,2024-09-02,completed
18943,3560,7,2,141,190,2024-05-24,cancelled
18944,836,5,4,272,62,2023-05-11,completed
18945,889,5,8,198,86,2024-06-11,completed
18946,1620,4,8,17,170,2024-12-18,completed
18947,2590,3,2,92,10,2023-08-08,completed
18948,3673,6,5,5,80,2024-01-16,completed
18949,4843,7,4,31,243,2023-11-15,completed
18950,3156,1,6,160,41,2023-01-07,completed
18951,3199,8,7,207,116,2023-09-21,completed
18952,3971,5,1,273,49,2025-12-10,completed
18953,1441,8,1,152,37,2026-02-09,completed
18954,4544,4,3,193,256,2025-10-11,completed
18955,32,8,6,138,138,2025-07-31,completed
18956,4204,6,2,283,109,2023-08-08,completed
18957,723,8,7,185,15,2026-05-13,completed
18958,1749,9,4,87,25,2023-09-13,completed
18959,3568,2,1,270,93,2025-07-25,completed
18960,3613,3,9,66,169,2024-07-02,completed
18961,2060,6,5,136,92,2024-05-27,completed
18962,1104,8,5,270,283,2024-04-10,completed
18963,1832,1,5,219,287,2023-04-29,completed
18964,2707,7,6,51,115,2024-11-16,completed
18965,665,2,3,35,206,2026-01-17,completed
18966,482,5,10,195,242,2023-08-10,completed
18967,3972,6,2,97,87,2026-04-26,completed
18968,4912,1,5,101,35,2025-07-14,completed
18969,444,1,2,224,36,2025-03-05,completed
18970,2095,3,8,162,132,2023-06-27,completed
18971,935,2,1,40,180,2023-09-21,cancelled
18972,1239,3,5,198,55,2026-01-06,completed
18973,4155,8,9,124,180,2025-11-28,completed
18974,1677,2,6,7,117,2023-02-07,completed
18975,1866,9,6,265,211,2024-08-03,completed
18976,1560,10,7,168,66,2025-09-25,completed
18977,3141,5,7,287,163,2025-01-08,completed
18978,1762,5,2,50,206,2024-07-10,completed
18979,2681,7,3,225,134,2025-07-19,cancelled
18980,3111,5,7,89,139,2024-10-22,in_transit
18981,4744,1,8,170,81,2024-01-28,completed
18982,2357,7,2,32,263,2025-03-15,completed
18983,3263,6,10,207,164,2023-08-27,completed
18984,28,4,1,300,249,2023-01-02,in_transit
18985,3078,1,2,239,139,2023-01-20,completed
18986,839,1,5,44,220,2023-08-08,completed
18987,1316,9,7,75,168,2023-03-08,cancelled
18988,4727,2,3,177,161,2025-09-03,cancelled
18989,100,3,5,151,182,2025-07-29,completed
18990,4212,7,2,112,15,2023-11-30,completed
18991,4597,5,10,68,40,2023-10-20,cancelled
18992,4019,7,5,176,226,2023-06-25,completed
18993,780,9,8,239,250,2024-07-02,completed
18994,4204,8,6,183,259,2023-12-17,in_transit
18995,509,3,4,229,270,2023-12-22,completed
18996,4000,3,6,166,210,2024-06-18,completed
18997,1822,7,1,121,22,2024-05-27,completed
18998,2408,4,9,149,88,2023-09-21,completed
18999,3712,6,1,237,246,2023-11-18,completed
19000,2877,1,9,228,157,2026-07-14,in_transit
19001,1645,4,7,158,156,2025-09-26,completed
19002,1725,3,4,102,88,2024-02-05,completed
19003,4503,1,8,192,282,2023-10-18,completed
19004,2799,3,7,219,265,2026-02-14,completed
19005,4489,7,6,208,153,2023-01-05,completed
19006,2256,1,9,89,175,2025-04-07,completed
19007,1408,4,1,188,94,2026-05-16,completed
19008,1845,5,7,197,183,2025-08-09,completed
19009,1351,8,5,196,115,2023-05-01,completed
19010,2841,6,8,176,133,2026-06-24,completed
19011,1547,1,9,250,253,2025-11-28,completed
19012,1986,9,7,229,141,2023-09-06,completed
19013,4017,4,8,198,241,2024-10-08,completed
19014,4589,5,6,94,56,2025-03-19,completed
19015,4286,5,1,75,294,2024-03-10,completed
19016,3675,1,5,93,81,2023-01-19,completed
19017,821,9,4,26,33,2024-09-05,cancelled
19018,2691,2,10,110,63,2023-01-21,completed
19019,3318,4,1,13,170,2026-04-19,completed
19020,337,1,5,184,179,2024-05-14,completed
19021,3416,2,3,159,32,2024-04-19,in_transit
19022,3611,6,9,54,117,2023-02-05,cancelled
19023,1090,10,9,165,73,2024-06-08,completed
19024,3362,9,5,20,83,2026-06-08,completed
19025,2324,9,3,18,122,2026-04-02,completed
19026,937,4,8,64,68,2024-06-29,completed
19027,3014,7,5,282,297,2024-03-20,in_transit
19028,459,5,1,45,197,2023-04-17,completed
19029,4246,5,8,233,18,2024-08-10,completed
19030,1917,8,3,144,188,2023-07-04,cancelled
19031,765,8,2,197,83,2024-11-19,completed
19032,434,5,2,68,204,2025-05-01,completed
19033,4195,9,4,37,51,2023-02-25,completed
19034,3085,4,9,273,171,2026-04-16,completed
19035,1951,8,7,114,167,2026-04-27,cancelled
19036,1251,9,7,25,127,2025-11-25,completed
19037,1857,3,9,29,65,2023-11-10,completed
19038,502,1,5,112,220,2024-04-08,completed
19039,4978,2,5,113,231,2023-02-02,completed
19040,2071,3,8,30,263,2023-10-15,completed
19041,2864,4,5,129,149,2024-09-06,completed
19042,4155,5,1,192,76,2023-08-22,completed
19043,4229,9,8,259,40,2023-12-07,cancelled
19044,4562,9,6,19,96,2026-07-23,completed
19045,2555,8,7,177,12,2025-06-25,completed
19046,1393,3,4,107,40,2024-06-04,in_transit
19047,1488,8,10,50,203,2025-07-31,completed
19048,160,8,10,232,23,2023-03-30,completed
19049,1898,3,6,275,105,2025-05-09,completed
19050,4106,6,3,241,261,2023-03-08,cancelled
19051,1920,9,3,171,57,2025-04-17,completed
19052,3322,7,3,100,230,2023-12-09,completed
19053,4843,2,10,14,199,2025-05-25,completed
19054,2760,5,9,34,265,2026-06-04,completed
19055,3506,4,2,171,269,2024-11-15,cancelled
19056,3930,1,8,275,115,2025-01-31,in_transit
19057,3343,6,9,167,87,2023-08-26,in_transit
19058,4040,9,6,127,207,2025-12-01,completed
19059,3467,7,4,283,94,2024-06-04,completed
19060,454,3,2,252,98,2023-09-17,completed
19061,2634,2,6,32,176,2026-02-03,completed
19062,1004,8,4,203,65,2024-07-13,completed
19063,4853,2,1,67,16,2023-05-18,completed
19064,3140,1,2,162,235,2023-01-16,completed
19065,2388,10,8,49,30,2023-03-30,completed
19066,3324,2,8,223,222,2023-04-02,completed
19067,4523,4,1,134,220,2025-12-29,cancelled
19068,2353,7,3,170,91,2024-09-02,completed
19069,1021,10,8,93,276,2024-10-07,completed
19070,4044,2,6,221,127,2023-08-30,completed
19071,3073,5,1,288,31,2025-10-20,cancelled
19072,2237,3,10,182,75,2024-09-15,completed
19073,2358,4,7,61,284,2023-01-17,in_transit
19074,427,1,10,181,88,2024-12-05,completed
19075,2991,10,3,82,267,2024-10-09,completed
19076,3420,1,7,173,261,2025-03-31,completed
19077,787,4,10,148,226,2024-11-06,completed
19078,886,10,8,199,188,2023-11-25,completed
19079,3914,3,10,179,192,2023-04-30,completed
19080,3414,3,1,171,113,2025-11-29,cancelled
19081,4877,6,8,40,192,2026-05-01,completed
19082,470,1,5,230,267,2026-04-12,cancelled
19083,4400,4,1,80,138,2024-10-18,completed
19084,4123,7,10,133,197,2024-12-22,completed
19085,836,1,8,279,160,2024-04-18,in_transit
19086,448,6,7,143,64,2023-01-07,completed
19087,698,6,9,76,232,2026-06-17,cancelled
19088,4169,10,1,158,248,2025-12-12,completed
19089,4450,4,2,203,129,2025-11-22,in_transit
19090,4967,9,10,25,34,2023-06-07,cancelled
19091,2564,5,2,154,300,2026-04-03,completed
19092,741,2,3,113,42,2023-09-01,completed
19093,527,5,10,152,153,2026-05-27,completed
19094,2862,2,4,180,47,2023-04-06,completed
19095,246,6,7,101,190,2024-10-20,completed
19096,2669,8,3,208,10,2024-11-23,completed
19097,368,2,9,157,60,2025-03-02,completed
19098,213,7,1,278,230,2026-07-31,completed
19099,1079,4,8,123,90,2023-05-12,completed
19100,1111,9,1,164,70,2023-12-13,completed
19101,2409,4,7,63,41,2023-11-06,completed
19102,3738,10,6,80,60,2026-03-24,completed
19103,2093,10,1,150,280,2023-04-02,completed
19104,1706,8,4,153,269,2024-11-24,cancelled
19105,437,4,3,181,208,2026-06-17,completed
19106,3607,2,9,95,55,2025-05-10,completed
19107,2271,9,10,272,282,2026-04-12,in_transit
19108,3571,9,3,207,68,2026-03-28,completed
19109,1281,10,3,179,114,2024-11-26,completed
19110,1325,9,5,60,298,2024-08-22,in_transit
19111,4228,2,10,152,226,2023-02-16,completed
19112,4934,7,1,223,169,2024-12-08,in_transit
19113,426,7,3,61,261,2023-09-20,completed
19114,4028,3,6,87,207,2026-01-10,completed
19115,1982,8,7,12,41,2026-03-14,completed
19116,1777,10,4,187,199,2025-08-08,completed
19117,4175,1,3,91,149,2025-06-24,completed
19118,865,3,7,165,141,2024-07-25,completed
19119,4578,4,10,81,231,2024-05-16,completed
19120,3871,3,6,20,130,2024-10-02,completed
19121,759,10,6,238,33,2024-11-29,completed
19122,4529,2,8,280,52,2023-07-02,completed
19123,4865,4,2,102,23,2025-07-06,completed
19124,842,2,8,223,59,2025-03-18,completed
19125,2100,10,4,10,175,2023-04-05,in_transit
19126,2685,1,4,270,173,2024-11-25,in_transit
19127,497,2,6,187,257,2024-08-06,cancelled
19128,2907,1,6,116,10,2026-02-05,completed
19129,4223,5,6,109,245,2024-04-09,completed
19130,3403,2,9,227,98,2026-03-24,completed
19131,1098,6,2,282,158,2024-02-12,completed
19132,3574,2,9,168,135,2024-09-11,completed
19133,3641,1,10,294,97,2024-03-15,completed
19134,3460,7,10,300,110,2023-11-15,completed
19135,2252,2,3,57,51,2023-03-19,completed
19136,1409,7,10,267,298,2025-06-22,completed
19137,75,8,3,40,213,2025-02-11,completed
19138,1587,7,3,157,276,2025-02-04,in_transit
19139,4352,3,10,55,32,2023-09-12,completed
19140,4028,5,8,266,140,2023-11-04,completed
19141,105,7,2,6,161,2026-05-05,cancelled
19142,1844,2,10,66,95,2026-07-22,completed
19143,3170,6,4,17,149,2024-07-17,completed
19144,4887,6,1,21,196,2023-01-13,completed
19145,3292,6,3,56,123,2024-09-29,completed
19146,2957,10,5,176,136,2024-06-28,completed
19147,1027,6,4,144,269,2023-02-21,completed
19148,3054,5,3,106,77,2025-05-28,completed
19149,2314,5,4,170,286,2025-04-16,completed
19150,4019,7,1,174,115,2023-08-08,completed
19151,4538,3,1,205,244,2024-12-04,completed
19152,969,1,5,287,215,2026-07-19,completed
19153,392,8,1,98,269,2025-02-17,completed
19154,2166,2,8,283,115,2023-06-09,completed
19155,3783,7,5,237,127,2024-12-03,completed
19156,523,3,5,101,268,2023-11-28,completed
19157,1128,1,6,136,59,2023-04-05,completed
19158,1539,7,6,30,162,2024-02-12,completed
19159,269,1,8,65,50,2023-03-12,cancelled
19160,4275,1,10,24,184,2024-09-14,completed
19161,2456,5,10,219,143,2026-04-22,completed
19162,4548,4,7,103,80,2023-07-04,completed
19163,3189,9,4,21,88,2025-02-16,in_transit
19164,3446,2,7,240,157,2026-04-18,completed
19165,4223,7,1,84,206,2025-04-13,cancelled
19166,3656,2,10,13,253,2025-08-07,completed
19167,2131,8,9,24,192,2024-12-21,completed
19168,303,7,1,150,137,2026-07-25,completed
19169,4149,9,2,249,88,2026-04-05,cancelled
19170,3236,4,7,244,107,2025-07-05,completed
19171,4606,10,5,190,289,2026-01-24,completed
19172,1713,6,8,42,219,2025-10-11,in_transit
19173,2644,7,6,296,87,2024-12-25,completed
19174,298,2,4,178,198,2025-10-11,in_transit
19175,387,10,1,109,165,2024-11-13,completed
19176,3288,5,2,59,175,2023-08-10,in_transit
19177,2730,9,8,134,160,2024-03-20,cancelled
19178,2387,9,4,293,251,2024-05-30,in_transit
19179,1415,2,4,21,171,2024-05-31,in_transit
19180,809,3,1,139,64,2024-07-26,completed
19181,877,1,5,159,276,2023-02-14,completed
19182,2212,4,1,224,287,2026-05-07,completed
19183,1284,4,1,96,272,2026-01-28,in_transit
19184,29,6,2,80,154,2026-03-01,cancelled
19185,2288,1,8,39,128,2025-04-19,in_transit
19186,341,7,3,90,166,2023-06-30,completed
19187,2157,4,3,54,12,2026-03-29,in_transit
19188,1360,6,9,246,214,2025-06-28,completed
19189,893,8,2,15,113,2024-12-18,cancelled
19190,463,9,3,260,26,2024-08-19,completed
19191,1846,4,9,77,174,2024-12-10,completed
19192,2336,5,10,119,128,2025-04-03,completed
19193,2182,2,5,23,238,2024-12-21,completed
19194,2953,2,5,104,96,2024-09-08,completed
19195,712,8,2,71,155,2024-06-12,completed
19196,342,6,8,62,177,2025-05-13,completed
19197,4478,2,9,197,284,2024-03-27,completed
19198,2852,10,7,24,207,2025-10-08,cancelled
19199,3256,10,8,34,208,2025-03-14,completed
19200,1065,4,9,156,128,2023-12-18,completed
19201,3317,5,4,137,292,2023-04-06,completed
19202,448,8,10,169,234,2026-03-02,in_transit
19203,1150,6,3,83,167,2025-06-05,completed
19204,4964,4,7,242,60,2025-05-13,in_transit
19205,3814,10,9,164,141,2026-06-12,in_transit
19206,1393,6,4,244,113,2025-11-08,completed
19207,545,1,6,165,101,2023-06-17,completed
19208,4027,8,2,107,88,2026-06-16,cancelled
19209,1763,1,4,62,285,2023-02-18,in_transit
19210,4204,7,6,168,293,2023-12-09,completed
19211,650,8,7,182,153,2025-09-28,completed
19212,2892,5,8,14,273,2025-10-21,completed
19213,4984,2,6,202,93,2025-08-21,completed
19214,1616,5,4,295,149,2024-11-17,completed
19215,3054,3,6,156,63,2025-02-25,completed
19216,1740,7,3,248,117,2023-11-01,completed
19217,2517,3,1,32,214,2024-12-14,completed
19218,2459,7,10,154,28,2026-01-13,completed
19219,1981,3,1,123,49,2024-04-04,cancelled
19220,1502,3,10,87,29,2024-04-12,cancelled
19221,3410,4,3,67,144,2024-07-20,completed
19222,2985,6,8,48,26,2023-01-08,completed
19223,3572,7,3,145,181,2025-08-05,completed
19224,2786,6,2,179,222,2025-06-08,completed
19225,1222,5,10,275,207,2025-03-24,completed
19226,1428,10,5,147,300,2023-07-16,completed
19227,2928,6,9,210,180,2026-05-01,completed
19228,4355,3,2,268,298,2025-07-16,cancelled
19229,290,9,6,300,281,2026-01-29,completed
19230,2650,8,9,2,67,2023-04-01,completed
19231,4932,5,9,3,152,2024-06-06,completed
19232,75,3,9,224,57,2023-08-20,completed
19233,2065,1,8,222,225,2024-08-14,in_transit
19234,2149,6,4,63,290,2023-10-13,completed
19235,3871,3,5,95,168,2023-01-21,completed
19236,851,9,7,7,31,2026-07-25,completed
19237,4497,2,7,14,60,2023-05-07,completed
19238,2678,7,1,127,106,2024-10-09,completed
19239,2241,1,6,217,151,2024-09-15,completed
19240,480,6,10,244,19,2025-11-29,completed
19241,4601,4,1,145,233,2026-02-08,completed
19242,4635,3,5,95,257,2024-07-05,completed
19243,4512,6,7,161,164,2025-03-21,completed
19244,1074,3,4,271,37,2025-11-30,completed
19245,4593,6,9,230,74,2025-09-18,completed
19246,2651,4,3,33,21,2025-02-15,completed
19247,648,2,3,94,125,2023-10-12,in_transit
19248,1281,2,9,59,200,2026-04-23,completed
19249,2398,10,8,132,292,2024-08-12,completed
19250,4306,1,3,235,188,2023-05-01,completed
19251,1121,8,9,247,68,2026-04-03,completed
19252,1042,3,1,249,75,2023-11-02,completed
19253,71,8,5,237,44,2023-02-11,completed
19254,4032,8,3,75,128,2025-09-01,completed
19255,1809,3,9,58,33,2026-02-02,completed
19256,2405,8,3,272,19,2023-08-23,completed
19257,1184,4,2,235,182,2023-07-07,completed
19258,2598,9,5,166,289,2023-10-02,completed
19259,1606,1,2,35,205,2023-01-06,completed
19260,4310,5,10,133,183,2025-10-28,completed
19261,1440,8,6,154,130,2026-04-04,completed
19262,4871,6,7,18,262,2023-08-09,completed
19263,1267,7,3,251,211,2024-11-19,completed
19264,3675,1,6,268,231,2023-12-25,completed
19265,1462,4,7,17,173,2025-08-09,completed
19266,4617,1,10,290,220,2025-06-08,completed
19267,4504,9,3,125,299,2025-12-15,completed
19268,3007,4,1,286,134,2026-03-07,completed
19269,3861,2,6,159,290,2025-02-15,completed
19270,2715,5,7,255,198,2023-12-09,completed
19271,4694,3,4,15,212,2024-04-13,completed
19272,4069,6,10,273,264,2023-07-11,completed
19273,2279,2,1,248,49,2023-08-14,completed
19274,4478,8,9,166,165,2023-05-16,completed
19275,42,2,7,244,63,2025-01-04,completed
19276,3199,8,9,24,146,2024-03-28,cancelled
19277,800,3,9,94,61,2025-04-07,completed
19278,2722,6,4,149,278,2023-11-21,in_transit
19279,3103,2,6,189,294,2026-01-17,completed
19280,1249,7,2,6,18,2025-04-19,completed
19281,1132,6,2,114,52,2025-09-04,completed
19282,4979,6,10,294,298,2025-08-11,completed
19283,4469,9,1,239,45,2025-04-06,completed
19284,4566,4,2,16,249,2026-06-08,completed
19285,340,2,1,106,270,2025-04-26,completed
19286,3587,5,6,175,269,2025-11-13,in_transit
19287,2128,4,7,95,110,2024-12-26,completed
19288,1959,5,7,193,181,2024-01-17,completed
19289,3638,2,6,18,66,2023-05-31,completed
19290,2744,4,8,4,243,2025-01-23,completed
19291,4238,6,1,255,127,2024-06-21,completed
19292,3486,8,3,58,75,2026-02-16,in_transit
19293,2439,5,4,130,162,2023-04-14,completed
19294,57,9,2,210,68,2026-07-07,completed
19295,871,10,4,126,233,2023-03-31,completed
19296,99,9,4,178,81,2023-04-26,completed
19297,94,4,3,285,87,2025-02-04,completed
19298,224,7,5,274,279,2025-06-17,completed
19299,666,5,6,70,44,2026-03-24,in_transit
19300,2052,7,9,6,32,2024-04-16,completed
19301,624,4,6,266,151,2023-11-29,completed
19302,4099,4,3,136,52,2024-11-19,completed
19303,4971,2,7,211,40,2023-03-22,completed
19304,1793,8,9,61,262,2024-03-27,in_transit
19305,2319,5,6,35,85,2025-03-20,completed
19306,1643,4,7,192,155,2025-03-04,completed
19307,2975,7,6,13,224,2023-01-22,cancelled
19308,4381,8,6,105,273,2024-10-15,completed
19309,3702,7,3,270,299,2023-07-18,completed
19310,2038,3,2,218,183,2025-02-05,completed
19311,2459,2,8,29,66,2023-10-30,completed
19312,243,2,4,31,245,2026-02-07,completed
19313,2507,3,2,195,48,2025-11-26,completed
19314,1230,5,1,163,216,2023-12-07,completed
19315,1553,3,7,128,89,2025-01-20,completed
19316,3959,6,2,153,195,2023-12-13,completed
19317,719,9,5,8,226,2026-05-09,completed
19318,518,4,6,13,50,2024-01-28,completed
19319,3474,6,5,192,216,2026-06-22,completed
19320,3310,3,5,7,34,2026-06-23,completed
19321,336,6,4,288,117,2026-05-22,completed
19322,1607,9,7,90,176,2024-10-24,completed
19323,2978,9,6,163,145,2024-10-10,completed
19324,3188,1,6,268,195,2026-07-29,completed
19325,4266,2,7,118,49,2023-07-05,cancelled
19326,4980,9,7,70,203,2024-02-06,completed
19327,2313,10,3,238,109,2023-08-01,completed
19328,2716,6,8,192,10,2025-01-07,in_transit
19329,2193,10,9,166,48,2025-06-10,completed
19330,273,5,7,28,101,2023-05-02,completed
19331,3468,9,5,270,295,2024-05-31,cancelled
19332,621,7,4,13,231,2023-06-13,in_transit
19333,749,7,9,234,26,2025-02-08,completed
19334,1909,4,8,190,203,2024-01-09,completed
19335,4287,4,9,108,49,2023-01-19,completed
19336,4065,7,8,164,79,2025-07-14,completed
19337,3757,10,4,173,242,2025-08-28,completed
19338,1138,7,9,109,173,2024-07-11,completed
19339,240,4,5,223,248,2025-02-17,completed
19340,4602,6,1,119,215,2026-01-07,completed
19341,141,2,8,87,258,2023-05-31,cancelled
19342,171,2,10,119,248,2023-09-24,in_transit
19343,1422,5,6,296,201,2026-03-03,completed
19344,3389,1,10,283,119,2023-10-23,cancelled
19345,2753,5,10,112,40,2023-10-19,cancelled
19346,933,1,5,275,231,2025-06-11,completed
19347,838,3,5,46,102,2026-07-22,completed
19348,3618,2,7,132,235,2026-07-16,completed
19349,1900,2,1,8,257,2023-04-20,completed
19350,49,2,7,92,41,2023-01-12,completed
19351,1652,1,2,136,189,2024-07-28,completed
19352,3533,1,8,11,141,2024-10-25,completed
19353,1719,6,8,197,110,2023-06-11,completed
19354,120,6,3,101,223,2024-04-19,in_transit
19355,550,2,8,293,132,2025-08-16,completed
19356,2701,5,2,263,117,2025-01-26,completed
19357,17,2,6,299,294,2026-05-20,completed
19358,1399,4,8,208,68,2023-04-17,completed
19359,4574,10,2,267,232,2026-07-28,completed
19360,1396,10,9,58,216,2025-11-21,completed
19361,3359,7,10,45,148,2023-07-17,completed
19362,2918,5,1,35,297,2023-06-25,completed
19363,1987,9,3,27,220,2023-06-21,completed
19364,786,7,9,211,87,2024-01-18,cancelled
19365,2748,4,9,1,280,2023-10-13,completed
19366,4565,8,6,204,187,2026-01-31,completed
19367,134,5,9,232,127,2025-04-28,completed
19368,2863,4,7,84,222,2023-09-30,completed
19369,4015,5,2,181,171,2023-08-22,cancelled
19370,124,9,1,257,158,2023-04-27,completed
19371,3242,10,7,117,174,2023-03-29,completed
19372,1015,10,3,170,28,2025-06-09,in_transit
19373,425,4,3,273,190,2025-06-09,completed
19374,3826,10,6,264,116,2025-06-23,completed
19375,1082,8,4,14,157,2023-11-10,completed
19376,4020,10,4,20,297,2025-07-01,completed
19377,962,1,6,103,74,2025-04-06,cancelled
19378,3864,8,2,40,252,2023-12-04,completed
19379,1883,1,5,74,75,2024-01-09,in_transit
19380,2413,2,10,225,15,2023-03-13,completed
19381,2079,1,3,199,300,2023-12-10,completed
19382,4287,7,10,157,120,2024-07-20,completed
19383,2579,6,4,163,192,2024-04-09,completed
19384,852,3,7,108,13,2023-06-10,completed
19385,3217,7,5,143,177,2024-04-16,completed
19386,4872,6,9,232,244,2023-09-06,completed
19387,2683,7,10,220,189,2026-07-17,cancelled
19388,4389,1,3,103,300,2025-05-27,completed
19389,2754,8,3,275,206,2026-05-09,completed
19390,3956,9,5,288,229,2023-04-16,completed
19391,4021,2,5,291,68,2026-02-03,completed
19392,2541,3,2,9,180,2024-05-24,completed
19393,4674,8,6,37,69,2026-07-23,completed
19394,2753,7,2,240,300,2023-04-02,completed
19395,868,9,8,206,110,2024-05-03,completed
19396,4906,10,5,203,253,2025-08-29,completed
19397,2665,1,10,136,202,2023-04-22,completed
19398,3960,5,7,203,42,2026-01-24,cancelled
19399,44,9,10,187,207,2023-11-02,completed
19400,3096,7,9,152,53,2024-09-23,completed
19401,3552,8,7,136,271,2025-08-21,completed
19402,3461,5,7,14,223,2023-07-18,completed
19403,3140,9,8,91,53,2023-01-14,completed
19404,34,2,9,187,147,2024-08-08,completed
19405,2383,1,7,186,15,2023-10-08,completed
19406,1348,4,3,152,17,2026-01-29,completed
19407,458,6,1,79,235,2025-10-05,completed
19408,2797,9,6,112,41,2025-09-20,completed
19409,1577,8,1,135,142,2023-12-14,completed
19410,3568,2,4,74,174,2025-11-20,completed
19411,1423,9,4,259,266,2025-09-05,completed
19412,4963,4,7,173,218,2023-10-08,in_transit
19413,3943,6,2,173,224,2026-05-29,completed
19414,627,8,7,291,76,2023-05-30,completed
19415,49,9,1,64,296,2024-04-27,completed
19416,566,5,3,82,69,2024-02-22,in_transit
19417,4406,2,10,243,93,2025-12-10,completed
19418,257,6,4,196,224,2026-05-15,completed
19419,2655,2,1,96,142,2026-05-28,in_transit
19420,4374,6,8,173,225,2023-02-28,completed
19421,727,4,7,154,266,2023-07-07,in_transit
19422,2768,9,7,192,31,2025-11-15,completed
19423,1632,2,1,154,138,2023-05-15,completed
19424,119,10,5,182,192,2024-06-01,completed
19425,1747,3,10,139,96,2023-11-08,completed
19426,2559,5,6,136,187,2024-10-15,completed
19427,293,3,2,286,300,2025-06-09,completed
19428,1220,10,8,141,115,2026-01-22,completed
19429,4264,3,8,193,293,2023-12-25,completed
19430,214,10,7,66,264,2025-10-05,completed
19431,3998,3,6,268,10,2024-03-23,completed
19432,2985,7,4,240,250,2024-11-06,completed
19433,2629,2,4,194,173,2026-03-18,completed
19434,1170,4,10,239,271,2025-02-25,completed
19435,2714,4,9,148,139,2026-01-19,completed
19436,2561,9,10,260,158,2026-03-24,completed
19437,3037,10,9,199,229,2024-11-21,completed
19438,186,2,10,120,211,2023-10-22,completed
19439,644,3,2,138,144,2024-07-27,completed
19440,4756,7,9,41,248,2025-06-23,in_transit
19441,245,2,5,21,295,2025-02-23,completed
19442,3976,5,7,107,136,2023-01-24,completed
19443,2953,1,10,50,273,2026-01-24,cancelled
19444,2247,10,6,292,178,2024-01-04,completed
19445,4520,2,5,266,92,2024-10-22,completed
19446,1911,6,1,160,62,2025-06-06,completed
19447,4798,10,1,16,82,2023-10-30,completed
19448,2174,2,8,129,165,2023-10-02,completed
19449,2477,9,10,81,114,2024-04-14,in_transit
19450,854,8,6,266,171,2025-07-26,completed
19451,3041,8,3,164,51,2026-07-26,cancelled
19452,217,5,3,256,186,2025-07-21,completed
19453,1179,3,6,169,291,2023-03-21,completed
19454,825,10,9,133,141,2024-07-08,completed
19455,951,3,9,107,233,2024-08-19,completed
19456,542,6,8,274,211,2026-01-26,completed
19457,4424,4,1,162,262,2025-02-15,completed
19458,3669,2,1,34,207,2024-10-02,completed
19459,2237,7,6,153,189,2023-09-01,in_transit
19460,876,1,5,100,148,2025-10-07,in_transit
19461,3580,3,10,292,188,2025-01-10,completed
19462,2918,10,7,209,219,2025-02-02,completed
19463,1660,10,2,230,30,2025-04-28,cancelled
19464,1178,4,9,19,169,2023-09-18,completed
19465,122,8,1,91,102,2024-04-20,cancelled
19466,2199,2,7,243,51,2023-01-17,completed
19467,2988,3,7,48,24,2026-06-12,completed
19468,4835,8,10,259,211,2025-04-19,completed
19469,2263,3,5,95,27,2024-02-22,completed
19470,696,1,2,67,154,2023-07-25,completed
19471,170,3,10,96,130,2023-10-07,cancelled
19472,1476,9,8,232,206,2024-08-22,in_transit
19473,628,3,8,200,211,2026-06-08,completed
19474,3055,5,1,73,125,2025-04-22,completed
19475,3385,10,1,124,35,2024-11-09,cancelled
19476,1516,9,8,163,187,2025-06-20,completed
19477,2666,1,10,197,144,2025-12-28,cancelled
19478,2409,10,5,95,52,2026-04-28,completed
19479,110,5,4,261,215,2024-07-29,completed
19480,4360,5,2,124,116,2024-03-10,cancelled
19481,4557,4,5,26,224,2023-03-10,in_transit
19482,2137,7,8,8,168,2025-11-16,completed
19483,682,2,3,119,150,2024-07-23,completed
19484,2607,1,9,215,130,2024-08-14,cancelled
19485,1113,8,1,138,59,2023-05-27,completed
19486,3950,9,7,2,275,2023-08-30,completed
19487,3160,9,3,88,161,2024-09-14,completed
19488,2247,8,5,31,49,2025-02-25,completed
19489,4263,9,10,17,111,2023-06-14,completed
19490,1827,5,6,167,117,2024-09-11,completed
19491,298,2,1,154,232,2023-04-17,in_transit
19492,3394,6,9,24,23,2024-08-11,completed
19493,82,10,8,118,212,2025-10-14,completed
19494,1875,7,10,170,81,2023-02-19,completed
19495,4177,5,1,157,237,2023-04-13,completed
19496,3207,2,10,249,155,2024-08-28,completed
19497,4018,3,4,273,52,2025-05-12,completed
19498,4788,9,3,167,152,2023-06-01,completed
19499,3325,2,5,119,145,2023-09-16,in_transit
19500,4532,5,9,145,163,2024-01-22,completed
19501,2314,1,2,225,261,2025-11-28,completed
19502,3909,3,1,116,210,2024-02-26,completed
19503,1842,10,3,210,124,2023-12-18,completed
19504,1246,5,9,291,14,2023-12-15,completed
19505,215,8,1,23,252,2025-03-24,completed
19506,1131,4,1,199,47,2024-03-08,completed
19507,3948,6,2,231,69,2024-12-12,completed
19508,746,10,4,257,246,2023-03-22,completed
19509,1169,5,9,298,159,2023-01-04,completed
19510,755,7,9,155,237,2023-03-10,completed
19511,2726,6,10,297,235,2025-01-19,completed
19512,83,10,5,102,155,2026-01-17,completed
19513,2286,5,8,65,153,2026-02-27,completed
19514,884,2,9,264,264,2024-08-04,completed
19515,2598,10,5,253,157,2024-05-02,completed
19516,2776,4,1,21,106,2025-07-10,completed
19517,2002,6,3,10,54,2023-03-06,completed
19518,4723,10,9,41,28,2023-11-15,completed
19519,4282,8,1,163,146,2024-05-14,completed
19520,3917,6,7,84,214,2025-11-27,completed
19521,3455,6,1,194,246,2023-07-13,completed
19522,3168,2,10,268,41,2023-01-11,completed
19523,132,2,5,167,239,2023-04-26,completed
19524,1097,6,3,24,132,2024-04-27,completed
19525,2891,10,3,109,58,2026-07-12,in_transit
19526,1342,6,3,6,88,2026-01-29,completed
19527,1455,4,1,234,70,2026-06-28,cancelled
19528,4627,5,7,255,169,2023-06-15,cancelled
19529,549,10,9,205,136,2023-08-08,completed
19530,781,10,1,17,270,2023-06-04,completed
19531,2095,4,7,172,121,2025-08-25,completed
19532,922,9,10,48,136,2024-04-16,completed
19533,2453,3,10,62,259,2026-01-24,completed
19534,1067,8,1,72,169,2023-11-04,completed
19535,262,2,4,210,158,2025-01-03,cancelled
19536,3630,6,5,275,66,2025-08-07,completed
19537,2550,5,6,78,141,2025-01-01,completed
19538,869,2,8,267,262,2026-07-30,completed
19539,1703,6,1,240,100,2024-03-27,completed
19540,211,2,1,138,193,2025-10-01,completed
19541,4756,6,10,120,85,2025-02-03,completed
19542,1264,8,3,245,39,2026-07-29,completed
19543,108,7,3,36,210,2024-05-16,completed
19544,1459,1,5,262,295,2024-01-01,completed
19545,676,2,5,21,280,2025-04-09,cancelled
19546,591,8,7,176,212,2024-08-22,completed
19547,3973,4,9,50,203,2023-04-25,completed
19548,2016,7,8,277,137,2024-08-01,in_transit
19549,563,6,3,254,209,2023-11-06,completed
19550,4493,1,7,22,18,2025-05-09,cancelled
19551,1109,7,6,102,102,2024-02-10,cancelled
19552,4847,4,6,256,214,2023-06-22,completed
19553,3381,4,3,236,96,2024-03-23,in_transit
19554,4231,2,5,297,116,2023-05-13,completed
19555,2122,6,10,294,154,2023-02-07,in_transit
19556,3040,7,6,120,253,2024-07-24,cancelled
19557,4255,3,1,78,191,2024-12-25,completed
19558,1780,7,10,91,203,2023-08-28,completed
19559,540,3,9,237,177,2026-02-14,completed
19560,986,1,6,274,143,2024-08-27,completed
19561,4179,8,1,6,154,2025-12-26,completed
19562,2266,3,9,238,94,2026-03-06,completed
19563,1678,5,1,168,80,2023-09-15,cancelled
19564,2726,5,6,135,298,2025-11-15,completed
19565,3411,9,6,237,207,2023-03-08,completed
19566,219,2,9,73,276,2023-12-13,cancelled
19567,2936,2,4,78,181,2024-09-29,completed
19568,4822,1,5,74,161,2023-06-16,completed
19569,3903,3,8,98,183,2025-10-31,completed
19570,140,7,10,146,244,2025-04-20,in_transit
19571,1113,8,7,23,153,2024-03-31,completed
19572,4499,1,5,263,252,2026-02-09,completed
19573,3968,2,4,9,177,2025-06-01,completed
19574,3432,9,6,108,173,2024-11-16,completed
19575,2374,3,4,113,145,2024-09-06,completed
19576,1491,2,7,90,194,2024-02-10,completed
19577,1280,2,6,210,91,2023-02-22,completed
19578,3311,5,7,269,165,2023-10-10,completed
19579,3885,1,5,227,272,2025-09-27,completed
19580,4593,9,8,32,141,2024-12-01,completed
19581,2090,7,9,17,41,2025-02-15,cancelled
19582,228,3,6,287,16,2025-08-22,completed
19583,3508,5,4,217,238,2024-04-05,completed
19584,2492,4,6,167,129,2025-12-17,completed
19585,4269,6,5,279,175,2025-05-11,completed
19586,1163,6,4,224,267,2024-03-31,completed
19587,3130,7,1,89,157,2024-03-10,completed
19588,1841,8,10,100,181,2023-08-08,completed
19589,4537,1,9,107,162,2023-10-12,completed
19590,4204,9,8,122,140,2026-04-17,in_transit
19591,1066,1,9,97,72,2026-07-17,completed
19592,1044,6,1,261,259,2024-02-25,completed
19593,4159,5,6,278,257,2024-09-28,completed
19594,837,9,10,298,205,2025-06-11,in_transit
19595,2028,1,4,10,122,2025-10-11,cancelled
19596,883,5,10,255,125,2025-04-04,in_transit
19597,2278,4,9,11,186,2025-12-11,completed
19598,2570,1,2,33,57,2025-11-26,completed
19599,1990,10,1,120,279,2025-11-05,completed
19600,1547,10,6,291,55,2024-11-26,completed
19601,2793,7,5,234,68,2024-12-25,in_transit
19602,131,5,2,282,267,2024-09-26,completed
19603,1760,3,8,143,155,2024-04-16,completed
19604,4767,7,5,82,263,2025-09-22,completed
19605,2440,2,7,235,108,2025-05-13,completed
19606,1908,7,6,237,272,2023-03-06,completed
19607,1087,10,2,286,113,2024-09-13,completed
19608,1371,6,4,180,280,2025-05-05,completed
19609,4617,10,8,270,114,2025-11-12,completed
19610,163,6,1,63,268,2023-02-18,completed
19611,4383,7,3,55,70,2023-07-12,in_transit
19612,1413,9,10,101,144,2024-02-20,completed
19613,363,1,9,3,103,2024-06-28,completed
19614,2681,2,10,263,147,2025-07-22,completed
19615,3801,8,3,72,220,2026-06-13,completed
19616,3072,8,2,31,140,2024-10-07,completed
19617,4043,3,7,141,186,2023-07-02,completed
19618,107,8,10,164,216,2026-05-25,completed
19619,1543,6,9,235,119,2024-10-15,cancelled
19620,3923,10,4,84,120,2023-07-02,completed
19621,4472,3,7,201,172,2025-11-24,completed
19622,64,1,7,54,272,2024-01-21,cancelled
19623,4565,3,4,247,93,2023-08-31,completed
19624,318,1,5,147,105,2025-07-15,completed
19625,4509,8,1,145,299,2025-06-30,completed
19626,4064,9,6,204,228,2023-09-02,cancelled
19627,1513,6,8,293,193,2023-03-25,completed
19628,3170,4,1,45,247,2026-05-22,completed
19629,2889,3,4,50,33,2023-10-22,completed
19630,2581,2,8,124,205,2025-03-16,completed
19631,473,7,9,106,24,2026-01-29,completed
19632,3067,5,6,268,132,2023-05-04,completed
19633,4473,8,1,295,96,2024-07-09,completed
19634,2138,9,2,98,278,2023-02-25,cancelled
19635,2717,10,8,210,123,2026-03-05,completed
19636,642,8,5,219,12,2026-01-10,completed
19637,4798,10,4,93,121,2025-10-13,completed
19638,4631,5,3,271,126,2023-01-10,completed
19639,1639,2,9,120,67,2024-06-19,completed
19640,2495,10,5,85,217,2025-11-14,completed
19641,3990,2,6,157,292,2025-11-16,completed
19642,941,10,9,126,254,2025-12-06,completed
19643,4196,3,4,68,146,2024-02-22,completed
19644,4541,10,3,182,203,2026-04-25,completed
19645,473,7,8,68,64,2025-11-01,cancelled
19646,4926,5,2,34,269,2024-05-06,completed
19647,2547,7,8,247,174,2026-02-10,cancelled
19648,3565,3,9,208,38,2024-06-30,completed
19649,3770,6,3,28,215,2024-01-23,completed
19650,4336,1,7,288,298,2023-09-09,completed
19651,3187,6,9,166,114,2023-05-04,completed
19652,557,10,3,175,34,2026-04-05,completed
19653,2210,3,5,170,258,2026-06-25,completed
19654,1462,4,1,132,130,2023-05-30,completed
19655,654,9,6,104,106,2025-06-06,in_transit
19656,162,5,9,153,119,2023-02-23,cancelled
19657,3924,4,2,91,186,2023-12-10,completed
19658,4339,1,6,145,36,2025-12-18,completed
19659,3255,9,7,167,260,2023-07-11,cancelled
19660,3434,3,6,70,191,2023-03-02,completed
19661,3851,5,10,148,158,2025-12-28,completed
19662,2012,7,8,247,59,2024-01-06,completed
19663,343,1,5,36,237,2023-03-11,completed
19664,96,7,1,130,146,2025-01-18,completed
19665,2794,4,2,57,19,2025-08-22,completed
19666,1352,5,1,185,119,2025-02-25,cancelled
19667,2257,10,1,76,198,2026-07-14,in_transit
19668,2332,2,7,290,20,2025-11-08,in_transit
19669,1727,7,8,87,192,2025-01-02,cancelled
19670,2371,1,4,10,134,2025-08-02,in_transit
19671,4237,4,8,225,255,2025-11-03,completed
19672,3643,3,10,11,158,2023-03-01,completed
19673,4003,10,4,212,266,2025-09-10,completed
19674,1358,3,2,176,229,2026-04-04,completed
19675,909,4,9,63,12,2024-12-22,completed
19676,2372,9,3,151,112,2023-10-23,completed
19677,365,1,3,20,225,2025-04-05,completed
19678,60,5,3,75,206,2023-07-05,completed
19679,1533,3,1,198,108,2023-02-13,completed
19680,343,1,2,267,287,2023-11-08,in_transit
19681,3412,7,8,42,122,2024-12-26,completed
19682,4482,3,6,257,143,2023-06-15,completed
19683,2254,2,1,177,298,2024-05-09,completed
19684,2351,3,10,175,80,2024-12-23,completed
19685,3971,7,9,6,288,2023-11-18,completed
19686,4453,2,9,83,227,2025-10-05,cancelled
19687,1552,10,4,10,153,2025-02-12,completed
19688,1331,3,8,211,144,2024-05-15,completed
19689,1280,5,10,160,59,2024-06-09,completed
19690,111,1,8,110,21,2026-07-31,completed
19691,2970,6,8,76,132,2024-06-19,completed
19692,1400,6,9,230,125,2026-07-16,cancelled
19693,3754,5,4,158,277,2026-07-27,completed
19694,4610,3,9,100,103,2023-10-19,cancelled
19695,2731,6,3,139,15,2023-12-13,completed
19696,401,6,3,25,23,2025-06-10,completed
19697,4340,4,6,235,158,2024-09-03,completed
19698,178,10,4,115,117,2025-10-17,cancelled
19699,992,5,7,291,102,2023-05-30,completed
19700,2298,1,9,96,25,2023-09-17,completed
19701,3111,2,10,38,194,2023-07-01,completed
19702,3172,5,3,101,90,2025-12-02,completed
19703,3696,8,7,10,135,2026-01-09,completed
19704,797,8,1,22,288,2023-05-18,completed
19705,3107,5,2,190,186,2024-01-23,completed
19706,120,10,2,49,229,2024-08-16,completed
19707,637,8,10,13,108,2024-11-17,completed
19708,45,4,7,262,26,2025-09-09,in_transit
19709,2302,5,8,278,12,2023-03-28,completed
19710,3316,3,8,36,217,2025-09-13,in_transit
19711,3450,4,5,77,123,2026-05-04,completed
19712,3439,1,9,164,136,2024-01-03,completed
19713,584,3,1,199,224,2023-09-21,completed
19714,2397,5,7,20,250,2026-01-31,in_transit
19715,2197,5,3,248,172,2026-04-29,cancelled
19716,392,1,3,24,207,2024-12-24,completed
19717,4567,10,5,16,200,2026-01-16,completed
19718,2496,7,10,68,265,2025-01-25,completed
19719,3548,10,4,81,284,2024-06-07,completed
19720,4546,3,6,111,129,2024-05-23,completed
19721,4840,5,2,30,189,2025-04-03,completed
19722,4861,7,6,144,140,2023-08-09,completed
19723,1316,7,1,80,140,2024-08-25,cancelled
19724,2553,4,8,193,43,2026-02-15,completed
19725,228,7,9,75,94,2023-08-06,completed
19726,741,7,4,20,196,2023-08-05,completed
19727,4913,4,3,88,131,2024-05-05,completed
19728,2571,9,7,165,22,2025-05-27,completed
19729,719,2,8,106,136,2026-03-05,completed
19730,4550,10,8,13,264,2024-10-03,completed
19731,4397,4,1,59,232,2023-10-07,completed
19732,4056,2,7,72,150,2025-04-12,cancelled
19733,4181,6,10,40,46,2024-05-02,in_transit
19734,716,9,8,143,142,2026-06-22,completed
19735,509,9,3,262,297,2025-02-14,completed
19736,987,1,5,13,286,2025-08-31,completed
19737,683,5,10,179,231,2023-04-03,completed
19738,3475,7,6,83,244,2025-02-28,completed
19739,2041,5,7,74,75,2026-07-09,completed
19740,3689,10,3,156,224,2023-10-13,completed
19741,1233,2,6,6,170,2025-09-16,completed
19742,2998,8,9,134,78,2024-06-17,completed
19743,2697,8,10,15,54,2025-01-03,completed
19744,2279,4,6,237,183,2023-02-06,completed
19745,42,9,3,177,152,2023-11-12,completed
19746,966,5,8,78,299,2025-09-09,completed
19747,540,7,1,294,233,2024-01-29,completed
19748,3856,9,5,169,181,2024-03-12,completed
19749,4186,6,7,116,25,2023-01-02,completed
19750,933,5,10,256,189,2025-12-28,completed
19751,4708,1,4,94,278,2024-11-06,completed
19752,258,4,7,230,207,2023-07-15,completed
19753,732,3,5,35,263,2026-07-22,completed
19754,4789,4,9,36,128,2025-01-08,completed
19755,4059,10,3,287,149,2025-05-25,completed
19756,2372,2,1,161,260,2025-08-06,cancelled
19757,4216,5,1,61,280,2023-11-18,completed
19758,1887,9,3,205,162,2023-12-07,completed
19759,1256,9,6,188,238,2023-09-03,completed
19760,3144,5,6,105,285,2023-09-25,cancelled
19761,2165,7,2,219,249,2024-05-07,completed
19762,1341,7,2,107,290,2025-05-29,completed
19763,3210,9,7,209,44,2025-02-26,completed
19764,3883,6,7,229,131,2025-04-30,completed
19765,2218,3,2,110,53,2026-07-23,in_transit
19766,3563,3,8,65,65,2023-09-13,completed
19767,1131,10,5,117,257,2023-10-03,completed
19768,2020,6,2,111,198,2025-06-22,completed
19769,256,4,8,125,185,2024-07-14,completed
19770,3387,3,4,93,55,2025-09-07,completed
19771,4779,5,3,218,118,2026-06-29,completed
19772,4157,2,4,177,105,2023-08-18,completed
19773,4148,3,10,158,204,2023-08-19,completed
19774,4562,5,10,232,292,2024-04-29,completed
19775,2936,5,9,65,139,2025-06-05,completed
19776,4726,9,4,268,102,2026-04-15,completed
19777,1810,5,4,292,164,2024-09-24,completed
19778,4636,10,6,244,68,2024-02-16,completed
19779,1064,1,10,200,223,2023-11-27,in_transit
19780,2155,5,6,79,82,2026-01-02,in_transit
19781,1627,6,3,47,89,2023-07-19,completed
19782,4967,3,4,283,261,2024-05-24,completed
19783,2485,4,6,195,95,2025-07-17,completed
19784,4726,6,2,262,282,2023-10-14,completed
19785,4217,8,9,77,129,2025-01-27,completed
19786,3756,5,4,258,172,2023-02-01,completed
19787,3840,8,5,13,18,2025-03-20,completed
19788,2846,3,1,186,59,2024-03-12,completed
19789,2048,7,5,251,35,2023-02-07,completed
19790,3626,6,10,24,65,2024-02-28,cancelled
19791,246,9,3,129,227,2024-04-28,completed
19792,2826,5,9,144,248,2023-09-01,completed
19793,1521,8,6,115,77,2025-03-27,completed
19794,4516,1,5,5,131,2024-02-10,completed
19795,4061,9,2,274,102,2024-01-04,completed
19796,491,7,5,274,159,2023-05-09,completed
19797,4256,4,5,170,21,2025-12-21,completed
19798,2025,1,8,25,54,2026-02-08,completed
19799,2404,1,10,207,34,2025-01-24,completed
19800,3379,10,7,60,132,2025-02-25,completed
19801,2792,7,2,241,256,2026-02-15,completed
19802,1529,3,9,104,94,2023-08-09,in_transit
19803,3986,8,2,212,40,2024-03-25,cancelled
19804,2567,6,4,81,55,2024-04-08,completed
19805,2631,3,5,80,116,2024-02-26,completed
19806,3391,5,6,282,36,2025-10-14,completed
19807,2668,1,3,156,273,2024-09-25,completed
19808,4165,2,3,183,90,2026-06-26,completed
19809,3757,8,6,85,69,2024-04-18,completed
19810,957,5,7,223,92,2026-03-28,completed
19811,150,10,2,138,108,2025-06-28,in_transit
19812,3986,7,3,300,11,2023-06-06,completed
19813,3339,6,3,102,134,2025-12-30,completed
19814,3513,10,3,157,207,2024-06-13,completed
19815,2312,3,5,218,262,2024-04-10,completed
19816,2036,8,9,222,248,2024-01-07,completed
19817,834,8,2,272,208,2024-04-06,completed
19818,4573,6,3,214,140,2026-06-07,completed
19819,3636,7,10,69,228,2026-04-23,completed
19820,2845,4,9,173,242,2023-01-05,cancelled
19821,2134,3,10,281,219,2026-02-21,completed
19822,1567,6,1,106,128,2023-09-20,completed
19823,1537,7,4,134,34,2024-06-05,completed
19824,4745,2,3,161,106,2025-07-27,cancelled
19825,1092,10,1,131,261,2023-08-21,in_transit
19826,3333,8,10,300,262,2023-01-31,completed
19827,1098,7,2,92,92,2023-01-26,completed
19828,3556,8,2,201,290,2023-09-12,completed
19829,3318,9,2,211,277,2023-08-21,completed
19830,3731,2,3,16,141,2025-06-24,completed
19831,1926,2,10,81,226,2024-08-14,completed
19832,3176,2,5,239,56,2024-02-28,completed
19833,774,8,2,178,75,2023-08-22,completed
19834,1998,6,8,14,37,2024-06-22,completed
19835,2113,1,5,279,228,2025-01-03,completed
19836,1097,6,4,206,59,2025-04-17,cancelled
19837,744,10,2,181,76,2025-03-30,cancelled
19838,4477,7,1,122,115,2025-08-26,completed
19839,4807,10,9,276,140,2023-09-04,completed
19840,1903,8,1,172,200,2024-05-13,completed
19841,3131,3,6,121,89,2025-09-07,completed
19842,4960,4,10,56,202,2026-04-21,in_transit
19843,2642,7,6,108,17,2025-09-18,completed
19844,2184,9,5,90,30,2025-09-01,completed
19845,1349,4,9,226,162,2026-02-24,completed
19846,4206,5,6,289,221,2023-01-13,completed
19847,2745,10,6,165,65,2024-03-11,completed
19848,1574,2,5,84,203,2025-11-26,completed
19849,2252,9,5,141,81,2024-12-14,completed
19850,3993,10,8,199,34,2023-11-26,completed
19851,3388,10,6,228,139,2024-06-29,completed
19852,2136,9,2,79,180,2023-06-11,completed
19853,3550,7,8,253,94,2023-04-25,completed
19854,3607,3,6,267,103,2025-11-06,completed
19855,2630,10,7,228,43,2025-11-15,completed
19856,2934,1,2,296,106,2025-09-23,cancelled
19857,2346,1,3,177,282,2025-05-01,completed
19858,2594,1,9,143,273,2026-06-29,completed
19859,2623,6,10,251,241,2025-10-16,completed
19860,2134,6,9,212,71,2023-04-29,completed
19861,4828,3,1,206,135,2024-03-12,completed
19862,2228,8,2,11,57,2024-07-31,completed
19863,3842,5,1,117,173,2024-10-06,completed
19864,444,8,10,275,22,2023-06-13,completed
19865,958,1,8,135,277,2023-06-16,cancelled
19866,1156,5,7,181,220,2025-01-15,completed
19867,1767,4,9,53,286,2026-05-03,completed
19868,619,3,10,95,185,2026-07-14,completed
19869,4299,4,7,123,93,2026-02-09,completed
19870,69,2,8,180,285,2026-04-14,cancelled
19871,4619,1,2,114,244,2026-07-03,in_transit
19872,862,7,8,192,218,2025-11-15,completed
19873,624,2,5,162,257,2026-05-31,completed
19874,4100,6,8,169,32,2024-03-11,completed
19875,4114,9,5,88,220,2023-04-21,completed
19876,1523,3,6,91,98,2023-10-11,completed
19877,1085,4,7,239,36,2026-05-21,completed
19878,3721,8,6,100,144,2026-03-09,completed
19879,4368,3,5,216,243,2024-04-06,completed
19880,3160,1,9,278,123,2023-01-20,completed
19881,4477,9,8,84,259,2024-10-06,completed
19882,1260,10,4,188,153,2023-04-02,completed
19883,3095,7,1,154,83,2025-12-17,completed
19884,2175,7,2,120,28,2025-12-10,completed
19885,501,6,4,249,275,2025-12-30,completed
19886,778,7,9,40,139,2023-12-25,completed
19887,4815,7,10,136,128,2023-12-04,completed
19888,1398,3,8,174,142,2025-05-19,cancelled
19889,2114,3,9,79,41,2023-03-06,completed
19890,2817,8,7,51,46,2023-04-12,completed
19891,1733,8,7,46,150,2023-07-14,cancelled
19892,3489,2,7,222,123,2023-03-03,completed
19893,3971,9,10,270,295,2025-09-28,in_transit
19894,1468,5,7,256,95,2024-06-13,cancelled
19895,352,6,1,244,199,2023-01-08,in_transit
19896,4403,1,4,66,55,2024-05-07,completed
19897,3636,5,7,196,272,2025-10-10,completed
19898,2499,3,1,276,230,2023-07-17,completed
19899,509,8,10,167,279,2025-04-04,completed
19900,2447,10,7,240,296,2024-07-08,in_transit
19901,3493,8,9,129,154,2024-04-24,completed
19902,3733,1,10,207,261,2026-03-19,completed
19903,2902,9,4,171,263,2024-03-31,completed
19904,337,10,2,68,84,2023-02-06,in_transit
19905,4023,10,4,17,123,2026-04-15,in_transit
19906,3578,8,10,193,207,2025-05-29,completed
19907,3452,4,7,284,107,2026-03-03,completed
19908,476,8,4,32,181,2025-10-12,in_transit
19909,2124,7,1,198,113,2025-03-11,completed
19910,453,1,2,297,269,2025-08-30,completed
19911,3822,9,10,180,291,2023-03-02,completed
19912,3942,5,1,233,214,2025-09-11,completed
19913,2674,5,6,98,244,2026-03-30,completed
19914,4083,8,4,186,291,2024-12-23,completed
19915,1665,3,1,148,99,2023-08-18,cancelled
19916,666,3,10,267,219,2023-06-26,completed
19917,4979,2,10,172,296,2023-11-23,completed
19918,3405,5,7,289,288,2024-11-26,completed
19919,244,1,2,179,282,2023-06-29,completed
19920,4347,3,7,206,253,2024-04-09,completed
19921,2437,10,8,201,261,2023-09-02,completed
19922,630,6,5,85,125,2024-04-01,completed
19923,1890,9,2,46,13,2025-06-08,in_transit
19924,2531,10,7,64,152,2026-01-09,completed
19925,3202,2,4,238,45,2025-06-10,cancelled
19926,4979,4,8,94,17,2024-08-30,completed
19927,3250,1,5,74,74,2024-05-04,in_transit
19928,1565,3,4,80,210,2023-01-28,completed
19929,1032,1,10,153,220,2025-02-02,completed
19930,1128,7,6,297,91,2023-01-05,completed
19931,3114,2,5,70,254,2025-10-17,completed
19932,890,7,6,158,222,2024-11-10,completed
19933,3722,2,1,94,112,2025-07-03,completed
19934,3348,6,2,101,83,2024-08-17,completed
19935,1917,7,3,71,254,2025-11-25,completed
19936,1694,4,3,19,142,2026-02-24,completed
19937,4606,10,3,282,103,2026-07-14,completed
19938,337,4,3,8,234,2024-06-14,completed
19939,929,9,6,171,157,2024-01-24,completed
19940,1080,4,9,145,162,2025-09-04,in_transit
19941,4171,2,5,151,95,2023-03-29,cancelled
19942,2905,1,7,80,22,2023-09-02,completed
19943,2863,4,6,102,198,2024-01-28,completed
19944,2678,7,5,192,213,2023-07-26,completed
19945,3877,3,2,83,137,2025-08-29,completed
19946,837,10,9,55,154,2025-03-13,cancelled
19947,1716,1,10,109,13,2023-01-09,cancelled
19948,2605,8,1,263,115,2024-03-17,completed
19949,1456,7,10,294,230,2024-07-27,completed
19950,581,3,4,134,126,2023-04-01,completed
19951,2884,9,6,252,145,2023-11-05,completed
19952,2599,6,3,42,65,2024-12-14,completed
19953,1968,6,8,22,139,2024-07-05,in_transit
19954,2650,3,1,181,16,2026-02-01,cancelled
19955,4016,5,10,293,187,2023-04-11,in_transit
19956,1733,7,6,289,66,2024-10-05,completed
19957,2279,4,5,237,56,2025-04-09,completed
19958,1429,9,2,248,245,2023-07-16,completed
19959,2771,2,4,45,69,2024-09-24,completed
19960,2542,7,3,201,121,2025-12-20,completed
19961,4054,6,3,106,291,2024-12-25,in_transit
19962,433,5,4,290,190,2025-09-02,completed
19963,50,5,2,19,86,2024-11-27,completed
19964,494,5,4,102,289,2025-03-25,completed
19965,3346,3,10,33,132,2024-07-27,completed
19966,3849,2,7,75,50,2024-07-08,completed
19967,607,5,4,116,124,2024-09-28,completed
19968,652,1,9,79,230,2025-05-10,completed
19969,861,2,6,79,100,2024-03-25,completed
19970,2540,3,8,255,194,2023-02-25,completed
19971,1924,2,10,16,291,2025-11-19,completed
19972,1543,8,9,242,160,2026-07-03,completed
19973,133,1,9,35,242,2026-03-26,completed
19974,4983,6,10,76,88,2026-02-17,completed
19975,2027,8,10,31,161,2025-07-04,completed
19976,2256,6,5,217,48,2024-08-24,in_transit
19977,650,8,4,45,112,2026-02-21,completed
19978,4084,5,4,167,283,2023-04-05,completed
19979,1075,4,7,205,231,2023-03-27,completed
19980,483,10,1,131,74,2026-06-05,completed
19981,556,1,5,8,245,2023-07-15,completed
19982,4243,1,5,198,291,2023-07-23,completed
19983,3255,3,10,245,71,2024-06-18,completed
19984,4194,3,4,291,131,2025-09-22,completed
19985,1972,7,9,260,89,2023-02-21,completed
19986,1749,5,6,62,112,2023-05-08,completed
19987,3994,10,9,20,251,2023-11-25,cancelled
19988,799,1,9,135,229,2025-08-19,completed
19989,4719,4,3,29,20,2026-02-23,completed
19990,2783,5,1,219,44,2024-08-18,completed
19991,1808,6,2,195,53,2024-12-27,completed
19992,2595,7,4,211,33,2024-02-03,completed
19993,1189,9,4,45,180,2023-12-11,completed
19994,4383,8,3,8,94,2024-01-21,completed
19995,2783,10,1,85,128,2023-06-25,completed
19996,860,9,2,131,187,2024-05-24,completed
19997,1683,7,9,230,58,2025-06-09,completed
19998,4046,3,10,184,281,2024-05-24,in_transit
19999,4640,9,7,90,145,2024-01-16,completed
20000,271,9,7,43,83,2023-03-02,completed
